[{"id":"124_spider___1035200","fullName":"ChipTuning - Abarth 124 Spider 1.4 16v MultiAir Turbo - 170 HP ","desc":"Zvýšení výkonu motoru (chiptuning) vozidla Abarth 124 Spider 1.4 16v MultiAir Turbo - 170 HP je možné z původních 125 kW (170 HP) až na 164 kW (223 HP) a nárůst točivého momentu ze 250 Nm až na 341 Nm.,Maximální rychlost se po úpravě zvýší o + 7 KM/H a kombinovaná spotřeba se sníží v průměru o -0,60 L / 100 KM.","imgUrl":"./previews/124_spider___.png","fullDesc":"Níže naleznete parametry před a po úpravě Standard pro vozidlo: Abarth 124 Spider 1.4 16v MultiAir Turbo - 170 HP. Modelová řada vyráběná od roku 2016. Úprava tohoto modelu se provádí přes diagnostickou zásuvku. Řídící jednotka motoru od společnosti Magneti Marelli. Typ řídící jednotky 8GMK. Předpokládaná doba úpravy tohoto modelu je 1 - 2 hodiny.","numbers":["Výkon HP","170 HP","211 HP","Výkon kW","125 kW","155 kW","Točivý moment Nm","250 Nm","315 Nm","Maximální rychlost","","+ 4 KM/H","Spotřeba město","","-0,40 L / 100 KM","Kombinovaná spotřeba","","-0,35 L / 100 KM","Spotřeba mimo město","","-0,30 L / 100 KM"],"chartPower":"./chartPower/124_spider___1035200.png","chartTorque":"./chartTorque/124_spider___1035200.png"},{"id":"124_spider___1035194","fullName":"ChipTuning - Abarth 124 Spider 1.4 16v MultiAir Turbo Automat - 170 HP ","desc":"Zvýšení výkonu motoru (chiptuning) vozidla Abarth 124 Spider 1.4 16v MultiAir Turbo Automat - 170 HP je možné z původních 125 kW (170 HP) až na 161 kW (221 HP) a nárůst točivého momentu ze 250 Nm až na 328 Nm.,Maximální rychlost se po úpravě zvýší o + 7 KM/H a kombinovaná spotřeba se sníží v průměru o -0,60 L / 100 KM.","imgUrl":"./previews/124_spider___.png","fullDesc":"Níže naleznete parametry před a po úpravě Standard pro vozidlo: Abarth 124 Spider 1.4 16v MultiAir Turbo Automat - 170 HP. Modelová řada vyráběná od roku 2016. Úprava tohoto modelu se provádí přes diagnostickou zásuvku. Řídící jednotka motoru od společnosti Magneti Marelli. Typ řídící jednotky 8GMK. Tato úprava je přizpůsobena pro automatickou převodovku. Předpokládaná doba úpravy tohoto modelu je 1 - 2 hodiny.","numbers":["Výkon HP","170 HP","209 HP","Výkon kW","125 kW","153 kW","Točivý moment Nm","250 Nm","306 Nm","Maximální rychlost","","+ 4 KM/H","Spotřeba město","","-0,40 L / 100 KM","Kombinovaná spotřeba","","-0,35 L / 100 KM","Spotřeba mimo město","","-0,30 L / 100 KM"],"chartPower":"./chartPower/124_spider___1035194.png","chartTorque":"./chartTorque/124_spider___1035194.png"},{"id":"500___1035206","fullName":"ChipTuning - Abarth 500 1.4 16v T-Jet - 135 HP ","desc":"Zvýšení výkonu motoru (chiptuning) vozidla Abarth 500 1.4 16v T-Jet - 135 HP je možné z původních 99 kW (135 HP) až na 130 kW (177 HP) a nárůst točivého momentu ze 206 Nm až na 282 Nm.,Maximální rychlost se po úpravě zvýší o + 7 KM/H a kombinovaná spotřeba se sníží v průměru o -0,60 L / 100 KM.","imgUrl":"./previews/500___.png","fullDesc":"Níže naleznete parametry před a po úpravě Standard pro vozidlo: Abarth 500 1.4 16v T-Jet - 135 HP. Modelová řada vyráběná od roku 2008. Úprava tohoto modelu se provádí přes diagnostickou zásuvku. Řídící jednotka motoru od společnosti Bosch. Typ řídící jednotky ME7.9.10. Předpokládaná doba úpravy tohoto modelu je 1 - 2 hodiny.","numbers":["Výkon HP","135 HP","167 HP","Výkon kW","99 kW","123 kW","Točivý moment Nm","206 Nm","260 Nm","Maximální rychlost","","+ 4 KM/H","Spotřeba město","","-0,40 L / 100 KM","Kombinovaná spotřeba","","-0,35 L / 100 KM","Spotřeba mimo město","","-0,30 L / 100 KM"],"chartPower":"./chartPower/500___1035206.png","chartTorque":"./chartTorque/500___1035206.png"},{"id":"500_assetto corse___1035211","fullName":"ChipTuning - Abarth 500 Assetto Corse 1.4 16v T-Jet - 190 HP ","desc":"Zvýšení výkonu motoru (chiptuning) vozidla Abarth 500 Assetto Corse 1.4 16v T-Jet - 190 HP je možné z původních 140 kW (190 HP) až na 184 kW (250 HP) a nárůst točivého momentu ze 300 Nm až na 418 Nm.,Maximální rychlost se po úpravě zvýší o + 7 KM/H a kombinovaná spotřeba se sníží v průměru o -0,60 L / 100 KM.","imgUrl":"./previews/500_assetto corse___.png","fullDesc":"Níže naleznete parametry před a po úpravě Standard pro vozidlo: Abarth 500 Assetto Corse 1.4 16v T-Jet - 190 HP. Modelová řada vyráběná od roku 2010. Úprava tohoto modelu se provádí přes diagnostickou zásuvku. Řídící jednotka motoru od společnosti Bosch. Typ řídící jednotky ME7.9.10. Předpokládaná doba úpravy tohoto modelu je 1 - 2 hodiny.","numbers":["Výkon HP","190 HP","236 HP","Výkon kW","140 kW","174 kW","Točivý moment Nm","300 Nm","384 Nm","Maximální rychlost","","+ 4 KM/H","Spotřeba město","","-0,40 L / 100 KM","Kombinovaná spotřeba","","-0,35 L / 100 KM","Spotřeba mimo město","","-0,30 L / 100 KM"],"chartPower":"./chartPower/500_assetto corse___1035211.png","chartTorque":"./chartTorque/500_assetto corse___1035211.png"},{"id":"500_assetto corse___1035210","fullName":"ChipTuning - Abarth 500 Assetto Corse 1.4 16v T-Jet - 200 HP ","desc":"Zvýšení výkonu motoru (chiptuning) vozidla Abarth 500 Assetto Corse 1.4 16v T-Jet - 200 HP je možné z původních 147 kW (200 HP) až na 193 kW (262 HP) a nárůst točivého momentu ze 300 Nm až na 418 Nm.,Maximální rychlost se po úpravě zvýší o + 7 KM/H a kombinovaná spotřeba se sníží v průměru o -0,60 L / 100 KM.","imgUrl":"./previews/500_assetto corse___.png","fullDesc":"Níže naleznete parametry před a po úpravě Standard pro vozidlo: Abarth 500 Assetto Corse 1.4 16v T-Jet - 200 HP. Modelová řada vyráběná od roku 2009. Úprava tohoto modelu se provádí přes diagnostickou zásuvku. Řídící jednotka motoru od společnosti Bosch. Typ řídící jednotky ME7.9.10. Předpokládaná doba úpravy tohoto modelu je 1 - 2 hodiny.","numbers":["Výkon HP","200 HP","248 HP","Výkon kW","147 kW","182 kW","Točivý moment Nm","300 Nm","384 Nm","Maximální rychlost","","+ 4 KM/H","Spotřeba město","","-0,40 L / 100 KM","Kombinovaná spotřeba","","-0,35 L / 100 KM","Spotřeba mimo město","","-0,30 L / 100 KM"],"chartPower":"./chartPower/500_assetto corse___1035210.png","chartTorque":"./chartTorque/500_assetto corse___1035210.png"},{"id":"500_custom___1035213","fullName":"ChipTuning - Abarth 500 Custom 1.4 16v T-Jet MTA - 140 HP ","desc":"Zvýšení výkonu motoru (chiptuning) vozidla Abarth 500 Custom 1.4 16v T-Jet MTA - 140 HP je možné z původních 103 kW (140 HP) až na 136 kW (184 HP) a nárůst točivého momentu ze 206 Nm až na 282 Nm.,Maximální rychlost se po úpravě zvýší o + 5 KM/H a kombinovaná spotřeba se sníží v průměru o -0,50 L / 100 KM.","imgUrl":"./previews/500_custom___.png","fullDesc":"Níže naleznete parametry před a po úpravě Standard pro vozidlo: Abarth 500 Custom 1.4 16v T-Jet MTA - 140 HP. Modelová řada vyráběná od roku 2013. Úprava tohoto modelu se provádí připojením na konektory řídící jednotky bez rozebírání jednotky. Řídící jednotka motoru od společnosti Bosch. Typ řídící jednotky ME17.3.0. Předpokládaná doba úpravy tohoto modelu je 1.5 - 2.5 hodiny.","numbers":["Výkon HP","140 HP","174 HP","Výkon kW","103 kW","128 kW","Točivý moment Nm","206 Nm","260 Nm","Maximální rychlost","","+ 3 KM/H","Spotřeba město","","-0,30 L / 100 KM","Kombinovaná spotřeba","","-0,25 L / 100 KM","Spotřeba mimo město","","-0,20 L / 100 KM"],"chartPower":"./chartPower/500_custom___1035213.png","chartTorque":"./chartTorque/500_custom___1035213.png"},{"id":"500_esseesse___1035222","fullName":"ChipTuning - Abarth 500 Esseesse 1.4 16v MultiAir Turbo - 160 HP ","desc":"Zvýšení výkonu motoru (chiptuning) vozidla Abarth 500 Esseesse 1.4 16v MultiAir Turbo - 160 HP je možné z původních 118 kW (160 HP) až na 154 kW (209 HP) a nárůst točivého momentu ze 230 Nm až na 314 Nm.,Maximální rychlost se po úpravě zvýší o + 7 KM/H a kombinovaná spotřeba se sníží v průměru o -0,60 L / 100 KM.","imgUrl":"./previews/500_esseesse___.png","fullDesc":"Níže naleznete parametry před a po úpravě Standard pro vozidlo: Abarth 500 Esseesse 1.4 16v MultiAir Turbo - 160 HP. Modelová řada vyráběná od roku 2013. Úprava tohoto modelu se provádí připojením na konektory řídící jednotky bez rozebírání jednotky. Řídící jednotka motoru od společnosti Magneti Marelli. Typ řídící jednotky 8GMW. Předpokládaná doba úpravy tohoto modelu je 1.5 - 2.5 hodiny.","numbers":["Výkon HP","160 HP","198 HP","Výkon kW","118 kW","146 kW","Točivý moment Nm","230 Nm","290 Nm","Maximální rychlost","","+ 4 KM/H","Spotřeba město","","-0,40 L / 100 KM","Kombinovaná spotřeba","","-0,35 L / 100 KM","Spotřeba mimo město","","-0,30 L / 100 KM"],"chartPower":"./chartPower/500_esseesse___1035222.png","chartTorque":"./chartTorque/500_esseesse___1035222.png"},{"id":"500_esseesse___1035228","fullName":"ChipTuning - Abarth 500 Esseesse 1.4 16v T-Jet - 160 HP ","desc":"Zvýšení výkonu motoru (chiptuning) vozidla Abarth 500 Esseesse 1.4 16v T-Jet - 160 HP je možné z původních 118 kW (160 HP) až na 154 kW (209 HP) a nárůst točivého momentu ze 230 Nm až na 314 Nm.,Maximální rychlost se po úpravě zvýší o + 7 KM/H a kombinovaná spotřeba se sníží v průměru o -0,60 L / 100 KM.","imgUrl":"./previews/500_esseesse___.png","fullDesc":"Níže naleznete parametry před a po úpravě Standard pro vozidlo: Abarth 500 Esseesse 1.4 16v T-Jet - 160 HP. Modelová řada vyráběná od roku 2008. Úprava tohoto modelu se provádí přes diagnostickou zásuvku. Řídící jednotka motoru od společnosti Bosch. Typ řídící jednotky ME7.9.10. Předpokládaná doba úpravy tohoto modelu je 1 - 2 hodiny.","numbers":["Výkon HP","160 HP","198 HP","Výkon kW","118 kW","146 kW","Točivý moment Nm","230 Nm","290 Nm","Maximální rychlost","","+ 4 KM/H","Spotřeba město","","-0,40 L / 100 KM","Kombinovaná spotřeba","","-0,35 L / 100 KM","Spotřeba mimo město","","-0,30 L / 100 KM"],"chartPower":"./chartPower/500_esseesse___1035228.png","chartTorque":"./chartTorque/500_esseesse___1035228.png"},{"id":"500c___1035233","fullName":"ChipTuning - Abarth 500C 1.4 16v T-Jet - 140 HP ","desc":"Zvýšení výkonu motoru (chiptuning) vozidla Abarth 500C 1.4 16v T-Jet - 140 HP je možné z původních 103 kW (140 HP) až na 136 kW (184 HP) a nárůst točivého momentu ze 206 Nm až na 282 Nm.,Maximální rychlost se po úpravě zvýší o + 7 KM/H a kombinovaná spotřeba se sníží v průměru o -0,60 L / 100 KM.","imgUrl":"./previews/500c___.png","fullDesc":"Níže naleznete parametry před a po úpravě Standard pro vozidlo: Abarth 500C 1.4 16v T-Jet - 140 HP. Modelová řada vyráběná od roku 2010. Úprava tohoto modelu se provádí přes diagnostickou zásuvku. Řídící jednotka motoru od společnosti Bosch. Typ řídící jednotky ME7.9.10. Předpokládaná doba úpravy tohoto modelu je 1 - 2 hodiny.","numbers":["Výkon HP","140 HP","174 HP","Výkon kW","103 kW","128 kW","Točivý moment Nm","206 Nm","260 Nm","Maximální rychlost","","+ 4 KM/H","Spotřeba město","","-0,40 L / 100 KM","Kombinovaná spotřeba","","-0,35 L / 100 KM","Spotřeba mimo město","","-0,30 L / 100 KM"],"chartPower":"./chartPower/500c___1035233.png","chartTorque":"./chartTorque/500c___1035233.png"},{"id":"595_competizione___1035237","fullName":"ChipTuning - Abarth 595 Competizione 1.4 16v MultiAir Turbo - 180 HP ","desc":"Zvýšení výkonu motoru (chiptuning) vozidla Abarth 595 Competizione 1.4 16v MultiAir Turbo - 180 HP je možné z původních 132 kW (180 HP) až na 174 kW (236 HP) a nárůst točivého momentu ze 250 Nm až na 341 Nm.,Maximální rychlost se po úpravě zvýší o + 7 KM/H a kombinovaná spotřeba se sníží v průměru o -0,60 L / 100 KM.","imgUrl":"./previews/595_competizione___.png","fullDesc":"Níže naleznete parametry před a po úpravě Standard pro vozidlo: Abarth 595 Competizione 1.4 16v MultiAir Turbo - 180 HP. Modelová řada vyráběná od roku 2016. Úprava tohoto modelu se provádí přes diagnostickou zásuvku. Řídící jednotka motoru od společnosti Magneti Marelli. Typ řídící jednotky 8GMK. Předpokládaná doba úpravy tohoto modelu je 1 - 2 hodiny.","numbers":["Výkon HP","180 HP","223 HP","Výkon kW","132 kW","164 kW","Točivý moment Nm","250 Nm","315 Nm","Maximální rychlost","","+ 4 KM/H","Spotřeba město","","-0,40 L / 100 KM","Kombinovaná spotřeba","","-0,35 L / 100 KM","Spotřeba mimo město","","-0,30 L / 100 KM"],"chartPower":"./chartPower/595_competizione___1035237.png","chartTorque":"./chartTorque/595_competizione___1035237.png"},{"id":"595_competizione___1035246","fullName":"ChipTuning - Abarth 595 Competizione 1.4 16v T-Jet MT - 160 HP ","desc":"Zvýšení výkonu motoru (chiptuning) vozidla Abarth 595 Competizione 1.4 16v T-Jet MT - 160 HP je možné z původních 118 kW (160 HP) až na 154 kW (209 HP) a nárůst točivého momentu ze 230 Nm až na 314 Nm.,Maximální rychlost se po úpravě zvýší o + 5 KM/H a kombinovaná spotřeba se sníží v průměru o -0,50 L / 100 KM.","imgUrl":"./previews/595_competizione___.png","fullDesc":"Níže naleznete parametry před a po úpravě Standard pro vozidlo: Abarth 595 Competizione 1.4 16v T-Jet MT - 160 HP. Modelová řada vyráběná od roku 2012. Úprava tohoto modelu se provádí připojením na konektory řídící jednotky bez rozebírání jednotky. Řídící jednotka motoru od společnosti Bosch. Typ řídící jednotky ME17.3.0. Předpokládaná doba úpravy tohoto modelu je 1.5 - 2.5 hodiny.","numbers":["Výkon HP","160 HP","198 HP","Výkon kW","118 kW","146 kW","Točivý moment Nm","230 Nm","290 Nm","Maximální rychlost","","+ 3 KM/H","Spotřeba město","","-0,30 L / 100 KM","Kombinovaná spotřeba","","-0,25 L / 100 KM","Spotřeba mimo město","","-0,20 L / 100 KM"],"chartPower":"./chartPower/595_competizione___1035246.png","chartTorque":"./chartTorque/595_competizione___1035246.png"},{"id":"595_competizione___1035252","fullName":"ChipTuning - Abarth 595 Competizione 1.4 16v T-Jet MT - 180 HP ","desc":"Zvýšení výkonu motoru (chiptuning) vozidla Abarth 595 Competizione 1.4 16v T-Jet MT - 180 HP je možné z původních 132 kW (180 HP) až na 174 kW (236 HP) a nárůst točivého momentu ze 230 Nm až na 314 Nm.,Maximální rychlost se po úpravě zvýší o + 5 KM/H a kombinovaná spotřeba se sníží v průměru o -0,50 L / 100 KM.","imgUrl":"./previews/595_competizione___.png","fullDesc":"Níže naleznete parametry před a po úpravě Standard pro vozidlo: Abarth 595 Competizione 1.4 16v T-Jet MT - 180 HP. Modelová řada vyráběná od roku 2015. Úprava tohoto modelu se provádí připojením na konektory řídící jednotky bez rozebírání jednotky. Řídící jednotka motoru od společnosti Bosch. Typ řídící jednotky ME17.3.0. Předpokládaná doba úpravy tohoto modelu je 1.5 - 2.5 hodiny.","numbers":["Výkon HP","180 HP","223 HP","Výkon kW","132 kW","164 kW","Točivý moment Nm","230 Nm","290 Nm","Maximální rychlost","","+ 3 KM/H","Spotřeba město","","-0,30 L / 100 KM","Kombinovaná spotřeba","","-0,25 L / 100 KM","Spotřeba mimo město","","-0,20 L / 100 KM"],"chartPower":"./chartPower/595_competizione___1035252.png","chartTorque":"./chartTorque/595_competizione___1035252.png"},{"id":"595_competizione___1035256","fullName":"ChipTuning - Abarth 595 Competizione 1.4 16v T-Jet MTA - 160 HP ","desc":"Zvýšení výkonu motoru (chiptuning) vozidla Abarth 595 Competizione 1.4 16v T-Jet MTA - 160 HP je možné z původních 118 kW (160 HP) až na 154 kW (209 HP) a nárůst točivého momentu ze 230 Nm až na 314 Nm.,Maximální rychlost se po úpravě zvýší o + 5 KM/H a kombinovaná spotřeba se sníží v průměru o -0,50 L / 100 KM.","imgUrl":"./previews/595_competizione___.png","fullDesc":"Níže naleznete parametry před a po úpravě Standard pro vozidlo: Abarth 595 Competizione 1.4 16v T-Jet MTA - 160 HP. Modelová řada vyráběná od roku 2012. Úprava tohoto modelu se provádí připojením na konektory řídící jednotky bez rozebírání jednotky. Řídící jednotka motoru od společnosti Bosch. Typ řídící jednotky ME17.3.0. Předpokládaná doba úpravy tohoto modelu je 1.5 - 2.5 hodiny.","numbers":["Výkon HP","160 HP","198 HP","Výkon kW","118 kW","146 kW","Točivý moment Nm","230 Nm","290 Nm","Maximální rychlost","","+ 3 KM/H","Spotřeba město","","-0,30 L / 100 KM","Kombinovaná spotřeba","","-0,25 L / 100 KM","Spotřeba mimo město","","-0,20 L / 100 KM"],"chartPower":"./chartPower/595_competizione___1035256.png","chartTorque":"./chartTorque/595_competizione___1035256.png"},{"id":"595_competizione___1035265","fullName":"ChipTuning - Abarth 595 Competizione 1.4 16v T-Jet MTA - 180 HP ","desc":"Zvýšení výkonu motoru (chiptuning) vozidla Abarth 595 Competizione 1.4 16v T-Jet MTA - 180 HP je možné z původních 132 kW (180 HP) až na 174 kW (236 HP) a nárůst točivého momentu ze 230 Nm až na 314 Nm.,Maximální rychlost se po úpravě zvýší o + 5 KM/H a kombinovaná spotřeba se sníží v průměru o -0,50 L / 100 KM.","imgUrl":"./previews/595_competizione___.png","fullDesc":"Níže naleznete parametry před a po úpravě Standard pro vozidlo: Abarth 595 Competizione 1.4 16v T-Jet MTA - 180 HP. Modelová řada vyráběná od roku 2015. Úprava tohoto modelu se provádí připojením na konektory řídící jednotky bez rozebírání jednotky. Řídící jednotka motoru od společnosti Bosch. Typ řídící jednotky ME17.3.0. Předpokládaná doba úpravy tohoto modelu je 1.5 - 2.5 hodiny.","numbers":["Výkon HP","180 HP","223 HP","Výkon kW","132 kW","164 kW","Točivý moment Nm","230 Nm","290 Nm","Maximální rychlost","","+ 3 KM/H","Spotřeba město","","-0,30 L / 100 KM","Kombinovaná spotřeba","","-0,25 L / 100 KM","Spotřeba mimo město","","-0,20 L / 100 KM"],"chartPower":"./chartPower/595_competizione___1035265.png","chartTorque":"./chartTorque/595_competizione___1035265.png"},{"id":"595c_turismo___1035267","fullName":"ChipTuning - Abarth 595C Turismo 1.4 16v T-Jet MT - 160 HP ","desc":"Zvýšení výkonu motoru (chiptuning) vozidla Abarth 595C Turismo 1.4 16v T-Jet MT - 160 HP je možné z původních 118 kW (160 HP) až na 154 kW (209 HP) a nárůst točivého momentu ze 230 Nm až na 314 Nm.,Maximální rychlost se po úpravě zvýší o + 5 KM/H a kombinovaná spotřeba se sníží v průměru o -0,50 L / 100 KM.","imgUrl":"./previews/595c_turismo___.png","fullDesc":"Níže naleznete parametry před a po úpravě Standard pro vozidlo: Abarth 595C Turismo 1.4 16v T-Jet MT - 160 HP. Modelová řada vyráběná od roku 2013. Úprava tohoto modelu se provádí připojením na konektory řídící jednotky bez rozebírání jednotky. Řídící jednotka motoru od společnosti Bosch. Typ řídící jednotky ME17.3.0. Předpokládaná doba úpravy tohoto modelu je 1.5 - 2.5 hodiny.","numbers":["Výkon HP","160 HP","198 HP","Výkon kW","118 kW","146 kW","Točivý moment Nm","230 Nm","290 Nm","Maximální rychlost","","+ 3 KM/H","Spotřeba město","","-0,30 L / 100 KM","Kombinovaná spotřeba","","-0,25 L / 100 KM","Spotřeba mimo město","","-0,20 L / 100 KM"],"chartPower":"./chartPower/595c_turismo___1035267.png","chartTorque":"./chartTorque/595c_turismo___1035267.png"},{"id":"595c_turismo___1035274","fullName":"ChipTuning - Abarth 595C Turismo 1.4 16v T-Jet MTA - 160 HP ","desc":"Zvýšení výkonu motoru (chiptuning) vozidla Abarth 595C Turismo 1.4 16v T-Jet MTA - 160 HP je možné z původních 118 kW (160 HP) až na 154 kW (209 HP) a nárůst točivého momentu ze 230 Nm až na 314 Nm.,Maximální rychlost se po úpravě zvýší o + 5 KM/H a kombinovaná spotřeba se sníží v průměru o -0,50 L / 100 KM.","imgUrl":"./previews/595c_turismo___.png","fullDesc":"Níže naleznete parametry před a po úpravě Standard pro vozidlo: Abarth 595C Turismo 1.4 16v T-Jet MTA - 160 HP. Modelová řada vyráběná od roku 2013. Úprava tohoto modelu se provádí připojením na konektory řídící jednotky bez rozebírání jednotky. Řídící jednotka motoru od společnosti Bosch. Typ řídící jednotky ME17.3.0. Předpokládaná doba úpravy tohoto modelu je 1.5 - 2.5 hodiny.","numbers":["Výkon HP","160 HP","198 HP","Výkon kW","118 kW","146 kW","Točivý moment Nm","230 Nm","290 Nm","Maximální rychlost","","+ 3 KM/H","Spotřeba město","","-0,30 L / 100 KM","Kombinovaná spotřeba","","-0,25 L / 100 KM","Spotřeba mimo město","","-0,20 L / 100 KM"],"chartPower":"./chartPower/595c_turismo___1035274.png","chartTorque":"./chartTorque/595c_turismo___1035274.png"},{"id":"695_tributo ferrari___1035282","fullName":"ChipTuning - Abarth 695 Tributo Ferrari 1.4 16v T-Jet - 180 HP ","desc":"Zvýšení výkonu motoru (chiptuning) vozidla Abarth 695 Tributo Ferrari 1.4 16v T-Jet - 180 HP je možné z původních 132 kW (180 HP) až na 174 kW (236 HP) a nárůst točivého momentu ze 250 Nm až na 341 Nm.,Maximální rychlost se po úpravě zvýší o + 7 KM/H a kombinovaná spotřeba se sníží v průměru o -0,60 L / 100 KM.","imgUrl":"./previews/695_tributo ferrari___.png","fullDesc":"Níže naleznete parametry před a po úpravě Standard pro vozidlo: Abarth 695 Tributo Ferrari 1.4 16v T-Jet - 180 HP. Modelová řada vyráběná od roku 2010. Úprava tohoto modelu se provádí přes diagnostickou zásuvku. Řídící jednotka motoru od společnosti Bosch. Typ řídící jednotky ME7.9.10. Předpokládaná doba úpravy tohoto modelu je 1 - 2 hodiny.","numbers":["Výkon HP","180 HP","223 HP","Výkon kW","132 kW","164 kW","Točivý moment Nm","250 Nm","315 Nm","Maximální rychlost","","+ 4 KM/H","Spotřeba město","","-0,40 L / 100 KM","Kombinovaná spotřeba","","-0,35 L / 100 KM","Spotřeba mimo město","","-0,30 L / 100 KM"],"chartPower":"./chartPower/695_tributo ferrari___1035282.png","chartTorque":"./chartTorque/695_tributo ferrari___1035282.png"},{"id":"grande_punto___1035286","fullName":"ChipTuning - Abarth Grande Punto 1.4 16v T-Jet - 155 HP ","desc":"Zvýšení výkonu motoru (chiptuning) vozidla Abarth Grande Punto 1.4 16v T-Jet - 155 HP je možné z původních 114 kW (155 HP) až na 149 kW (203 HP) a nárůst točivého momentu ze 230 Nm až na 314 Nm.,Maximální rychlost se po úpravě zvýší o + 7 KM/H a kombinovaná spotřeba se sníží v průměru o -0,60 L / 100 KM.","imgUrl":"./previews/grande_punto___.png","fullDesc":"Níže naleznete parametry před a po úpravě Standard pro vozidlo: Abarth Grande Punto 1.4 16v T-Jet - 155 HP. Modelová řada vyráběná od roku 2007. Úprava tohoto modelu se provádí přes diagnostickou zásuvku. Řídící jednotka motoru od společnosti Bosch. Typ řídící jednotky ME7.9.10. Předpokládaná doba úpravy tohoto modelu je 1 - 2 hodiny.","numbers":["Výkon HP","155 HP","192 HP","Výkon kW","114 kW","141 kW","Točivý moment Nm","230 Nm","290 Nm","Maximální rychlost","","+ 4 KM/H","Spotřeba město","","-0,40 L / 100 KM","Kombinovaná spotřeba","","-0,35 L / 100 KM","Spotřeba mimo město","","-0,30 L / 100 KM"],"chartPower":"./chartPower/grande_punto___1035286.png","chartTorque":"./chartTorque/grande_punto___1035286.png"},{"id":"grande_punto esseesse___1035290","fullName":"ChipTuning - Abarth Grande Punto Esseesse 1.4 16v T-Jet - 180 HP ","desc":"Zvýšení výkonu motoru (chiptuning) vozidla Abarth Grande Punto Esseesse 1.4 16v T-Jet - 180 HP je možné z původních 132 kW (180 HP) až na 174 kW (236 HP) a nárůst točivého momentu ze 270 Nm až na 376 Nm.,Maximální rychlost se po úpravě zvýší o + 7 KM/H a kombinovaná spotřeba se sníží v průměru o -0,60 L / 100 KM.","imgUrl":"./previews/grande_punto esseesse___.png","fullDesc":"Níže naleznete parametry před a po úpravě Standard pro vozidlo: Abarth Grande Punto Esseesse 1.4 16v T-Jet - 180 HP. Modelová řada vyráběná od roku 2007. Úprava tohoto modelu se provádí přes diagnostickou zásuvku. Řídící jednotka motoru od společnosti Bosch. Typ řídící jednotky ME7.9.10. Předpokládaná doba úpravy tohoto modelu je 1 - 2 hodiny.","numbers":["Výkon HP","180 HP","223 HP","Výkon kW","132 kW","164 kW","Točivý moment Nm","270 Nm","346 Nm","Maximální rychlost","","+ 4 KM/H","Spotřeba město","","-0,40 L / 100 KM","Kombinovaná spotřeba","","-0,35 L / 100 KM","Spotřeba mimo město","","-0,30 L / 100 KM"],"chartPower":"./chartPower/grande_punto esseesse___1035290.png","chartTorque":"./chartTorque/grande_punto esseesse___1035290.png"},{"id":"punto_evo___1035294","fullName":"ChipTuning - Abarth Punto Evo 1.4 16v MultiAir Turbo - 163 HP ","desc":"Zvýšení výkonu motoru (chiptuning) vozidla Abarth Punto Evo 1.4 16v MultiAir Turbo - 163 HP je možné z původních 120 kW (163 HP) až na 158 kW (214 HP) a nárůst točivého momentu ze 250 Nm až na 341 Nm.,Maximální rychlost se po úpravě zvýší o + 7 KM/H a kombinovaná spotřeba se sníží v průměru o -0,60 L / 100 KM.","imgUrl":"./previews/punto_evo___.png","fullDesc":"Níže naleznete parametry před a po úpravě Standard pro vozidlo: Abarth Punto Evo 1.4 16v MultiAir Turbo - 163 HP. Modelová řada vyráběná od roku 2010. Úprava tohoto modelu se provádí přes diagnostickou zásuvku. Řídící jednotka motoru od společnosti Magneti Marelli. Typ řídící jednotky 8GMF. Předpokládaná doba úpravy tohoto modelu je 1 - 2 hodiny.","numbers":["Výkon HP","163 HP","202 HP","Výkon kW","120 kW","149 kW","Točivý moment Nm","250 Nm","315 Nm","Maximální rychlost","","+ 4 KM/H","Spotřeba město","","-0,40 L / 100 KM","Kombinovaná spotřeba","","-0,35 L / 100 KM","Spotřeba mimo město","","-0,30 L / 100 KM"],"chartPower":"./chartPower/punto_evo___1035294.png","chartTorque":"./chartTorque/punto_evo___1035294.png"},{"id":"punto_evo___1035296","fullName":"ChipTuning - Abarth Punto Evo 1.4 16v T-Jet MultiAir - 163 HP ","desc":"Zvýšení výkonu motoru (chiptuning) vozidla Abarth Punto Evo 1.4 16v T-Jet MultiAir - 163 HP je možné z původních 120 kW (163 HP) až na 158 kW (214 HP) a nárůst točivého momentu ze 250 Nm až na 341 Nm.,Maximální rychlost se po úpravě zvýší o + 7 KM/H a kombinovaná spotřeba se sníží v průměru o -0,60 L / 100 KM.","imgUrl":"./previews/punto_evo___.png","fullDesc":"Níže naleznete parametry před a po úpravě Standard pro vozidlo: Abarth Punto Evo 1.4 16v T-Jet MultiAir - 163 HP. Modelová řada vyráběná od roku 2010. Úprava tohoto modelu se provádí přes diagnostickou zásuvku. Řídící jednotka motoru od společnosti Magneti Marelli. Typ řídící jednotky 8GMF. Předpokládaná doba úpravy tohoto modelu je 1 - 2 hodiny.","numbers":["Výkon HP","163 HP","202 HP","Výkon kW","120 kW","149 kW","Točivý moment Nm","250 Nm","315 Nm","Maximální rychlost","","+ 4 KM/H","Spotřeba město","","-0,40 L / 100 KM","Kombinovaná spotřeba","","-0,35 L / 100 KM","Spotřeba mimo město","","-0,30 L / 100 KM"],"chartPower":"./chartPower/punto_evo___1035296.png","chartTorque":"./chartTorque/punto_evo___1035296.png"},{"id":"punto_evo esseesse___1035302","fullName":"ChipTuning - Abarth Punto Evo Esseesse 1.4 16v MultiAir Turbo - 180 HP ","desc":"Zvýšení výkonu motoru (chiptuning) vozidla Abarth Punto Evo Esseesse 1.4 16v MultiAir Turbo - 180 HP je možné z původních 132 kW (180 HP) až na 174 kW (236 HP) a nárůst točivého momentu ze 270 Nm až na 376 Nm.,Maximální rychlost se po úpravě zvýší o + 7 KM/H a kombinovaná spotřeba se sníží v průměru o -0,60 L / 100 KM.","imgUrl":"./previews/punto_evo esseesse___.png","fullDesc":"Níže naleznete parametry před a po úpravě Standard pro vozidlo: Abarth Punto Evo Esseesse 1.4 16v MultiAir Turbo - 180 HP. Modelová řada vyráběná od roku 2010. Úprava tohoto modelu se provádí přes diagnostickou zásuvku. Řídící jednotka motoru od společnosti Magneti Marelli. Typ řídící jednotky 8GMF. Předpokládaná doba úpravy tohoto modelu je 1 - 2 hodiny.","numbers":["Výkon HP","180 HP","223 HP","Výkon kW","132 kW","164 kW","Točivý moment Nm","270 Nm","346 Nm","Maximální rychlost","","+ 4 KM/H","Spotřeba město","","-0,40 L / 100 KM","Kombinovaná spotřeba","","-0,35 L / 100 KM","Spotřeba mimo město","","-0,30 L / 100 KM"],"chartPower":"./chartPower/punto_evo esseesse___1035302.png","chartTorque":"./chartTorque/punto_evo esseesse___1035302.png"},{"id":"punto_evo esseesse___1035306","fullName":"ChipTuning - Abarth Punto Evo Esseesse 1.4 16v T-Jet MultiAir - 180 HP ","desc":"Zvýšení výkonu motoru (chiptuning) vozidla Abarth Punto Evo Esseesse 1.4 16v T-Jet MultiAir - 180 HP je možné z původních 132 kW (180 HP) až na 174 kW (236 HP) a nárůst točivého momentu ze 270 Nm až na 376 Nm.,Maximální rychlost se po úpravě zvýší o + 7 KM/H a kombinovaná spotřeba se sníží v průměru o -0,60 L / 100 KM.","imgUrl":"./previews/punto_evo esseesse___.png","fullDesc":"Níže naleznete parametry před a po úpravě Standard pro vozidlo: Abarth Punto Evo Esseesse 1.4 16v T-Jet MultiAir - 180 HP. Modelová řada vyráběná od roku 2010. Úprava tohoto modelu se provádí přes diagnostickou zásuvku. Řídící jednotka motoru od společnosti Magneti Marelli. Typ řídící jednotky 8GMF. Předpokládaná doba úpravy tohoto modelu je 1 - 2 hodiny.","numbers":["Výkon HP","180 HP","223 HP","Výkon kW","132 kW","164 kW","Točivý moment Nm","270 Nm","346 Nm","Maximální rychlost","","+ 4 KM/H","Spotřeba město","","-0,40 L / 100 KM","Kombinovaná spotřeba","","-0,35 L / 100 KM","Spotřeba mimo město","","-0,30 L / 100 KM"],"chartPower":"./chartPower/punto_evo esseesse___1035306.png","chartTorque":"./chartTorque/punto_evo esseesse___1035306.png"}]