[{"id":"csx___1035310","fullName":"ChipTuning - Acura CSX 2.0 16v i-VTEC - 158 HP ","desc":"Zvýšení výkonu motoru (chiptuning) vozidla Acura CSX 2.0 16v i-VTEC - 158 HP je možné z původních 116 kW (158 HP) až na 128 kW (175 HP) a nárůst točivého momentu ze 188 Nm až na 211 Nm.,Maximální rychlost se po úpravě zvýší o + 2 KM/H a kombinovaná spotřeba se sníží v průměru o -0,50 L / 100 KM.","imgUrl":"./previews/csx___.png","fullDesc":"Níže naleznete parametry před a po úpravě Standard pro vozidlo: Acura CSX 2.0 16v i-VTEC - 158 HP. Modelová řada vyráběná od roku 2006. Úprava tohoto modelu se provádí přes diagnostickou zásuvku. Řídící jednotka motoru od společnosti Keihin. Typ řídící jednotky 37820-xxx-xxx. Předpokládaná doba úpravy tohoto modelu je 1 - 2 hodiny.","numbers":["Výkon HP","158 HP","175 HP","Výkon kW","116 kW","128 kW","Točivý moment Nm","188 Nm","211 Nm","Maximální rychlost","","+ 2 KM/H","Spotřeba město","","-0,30 L / 100 KM","Kombinovaná spotřeba","","-0,25 L / 100 KM","Spotřeba mimo město","","-0,20 L / 100 KM"],"chartPower":"./chartPower/csx___1035310.png","chartTorque":"./chartTorque/csx___1035310.png"},{"id":"csx_type-s___1035316","fullName":"ChipTuning - Acura CSX Type-S 2.0 16v i-VTEC - 200 HP ","desc":"Zvýšení výkonu motoru (chiptuning) vozidla Acura CSX Type-S 2.0 16v i-VTEC - 200 HP je možné z původních 147 kW (200 HP) až na 162 kW (222 HP) a nárůst točivého momentu ze 188 Nm až na 211 Nm.,Maximální rychlost se po úpravě zvýší o + 2 KM/H a kombinovaná spotřeba se sníží v průměru o -0,50 L / 100 KM.","imgUrl":"./previews/csx_type-s___.png","fullDesc":"Níže naleznete parametry před a po úpravě Standard pro vozidlo: Acura CSX Type-S 2.0 16v i-VTEC - 200 HP. Modelová řada vyráběná od roku 2007. Úprava tohoto modelu se provádí přes diagnostickou zásuvku. Řídící jednotka motoru od společnosti Keihin. Typ řídící jednotky 37820-Rxx-xxx nebo 37820-xxx-xxx. Předpokládaná doba úpravy tohoto modelu je 1 - 2 hodiny.","numbers":["Výkon HP","200 HP","222 HP","Výkon kW","147 kW","162 kW","Točivý moment Nm","188 Nm","211 Nm","Maximální rychlost","","+ 2 KM/H","Spotřeba město","","-0,30 L / 100 KM","Kombinovaná spotřeba","","-0,25 L / 100 KM","Spotřeba mimo město","","-0,20 L / 100 KM"],"chartPower":"./chartPower/csx_type-s___1035316.png","chartTorque":"./chartTorque/csx_type-s___1035316.png"},{"id":"ilx___1035324","fullName":"ChipTuning - Acura ILX 2.4 16v i-VTEC - 204 HP ","desc":"Zvýšení výkonu motoru (chiptuning) vozidla Acura ILX 2.4 16v i-VTEC - 204 HP je možné z původních 150 kW (204 HP) až na 165 kW (226 HP) a nárůst točivého momentu ze 230 Nm až na 258 Nm.,Maximální rychlost se po úpravě zvýší o + 3 KM/H a kombinovaná spotřeba se sníží v průměru o -0,60 L / 100 KM.","imgUrl":"./previews/ilx___.png","fullDesc":"Níže naleznete parametry před a po úpravě Standard pro vozidlo: Acura ILX 2.4 16v i-VTEC - 204 HP. Modelová řada vyráběná od roku 2013. Úprava tohoto modelu se provádí přes diagnostickou zásuvku. Řídící jednotka motoru od společnosti Keihin. Typ řídící jednotky 37820-Rxx-xxx. Předpokládaná doba úpravy tohoto modelu je 1 - 2 hodiny.","numbers":["Výkon HP","204 HP","226 HP","Výkon kW","150 kW","165 kW","Točivý moment Nm","230 Nm","258 Nm","Maximální rychlost","","+ 3 KM/H","Spotřeba město","","-0,40 L / 100 KM","Kombinovaná spotřeba","","-0,30 L / 100 KM","Spotřeba mimo město","","-0,20 L / 100 KM"],"chartPower":"./chartPower/ilx___1035324.png","chartTorque":"./chartTorque/ilx___1035324.png"},{"id":"mdx___1035334","fullName":"ChipTuning - Acura Mdx 3.5 V6 VTEC - 269 HP ","desc":"Zvýšení výkonu motoru (chiptuning) vozidla Acura Mdx 3.5 V6 VTEC - 269 HP je možné z původních 198 kW (269 HP) až na 218 kW (299 HP) a nárůst točivého momentu ze 340 Nm až na 381 Nm.,Maximální rychlost se po úpravě zvýší o + 5 KM/H a kombinovaná spotřeba se sníží v průměru o -0,70 L / 100 KM.","imgUrl":"./previews/mdx___.png","fullDesc":"Níže naleznete parametry před a po úpravě Standard pro vozidlo: Acura Mdx 3.5 V6 VTEC - 269 HP. Modelová řada vyráběná od roku 2003. Úprava tohoto modelu se provádí přes diagnostickou zásuvku. Řídící jednotka motoru od společnosti Continental. Typ řídící jednotky 37820-Rxx-xxx. Předpokládaná doba úpravy tohoto modelu je 1 - 2 hodiny.","numbers":["Výkon HP","269 HP","299 HP","Výkon kW","198 kW","218 kW","Točivý moment Nm","340 Nm","381 Nm","Maximální rychlost","","+ 5 KM/H","Spotřeba město","","-0,50 L / 100 KM","Kombinovaná spotřeba","","-0,40 L / 100 KM","Spotřeba mimo město","","-0,30 L / 100 KM"],"chartPower":"./chartPower/mdx___1035334.png","chartTorque":"./chartTorque/mdx___1035334.png"},{"id":"mdx___1035338","fullName":"ChipTuning - Acura Mdx 3.7 V6 VTEC - 299 HP ","desc":"Zvýšení výkonu motoru (chiptuning) vozidla Acura Mdx 3.7 V6 VTEC - 299 HP je možné z původních 220 kW (299 HP) až na 242 kW (329 HP) a nárůst točivého momentu ze 370 Nm až na 414 Nm.,Maximální rychlost se po úpravě zvýší o + 7 KM/H a kombinovaná spotřeba se sníží v průměru o -0,70 L / 100 KM.","imgUrl":"./previews/mdx___.png","fullDesc":"Níže naleznete parametry před a po úpravě Standard pro vozidlo: Acura Mdx 3.7 V6 VTEC - 299 HP. Modelová řada vyráběná od roku 2007. Úprava tohoto modelu se provádí přes diagnostickou zásuvku. Řídící jednotka motoru od společnosti Keihin. Typ řídící jednotky 37820-Rxx-xxx. Předpokládaná doba úpravy tohoto modelu je 1 - 2 hodiny.","numbers":["Výkon HP","299 HP","329 HP","Výkon kW","220 kW","242 kW","Točivý moment Nm","370 Nm","414 Nm","Maximální rychlost","","+ 7 KM/H","Spotřeba město","","-0,50 L / 100 KM","Kombinovaná spotřeba","","-0,40 L / 100 KM","Spotřeba mimo město","","-0,30 L / 100 KM"],"chartPower":"./chartPower/mdx___1035338.png","chartTorque":"./chartTorque/mdx___1035338.png"},{"id":"mdx__yd_1035327","fullName":"ChipTuning - Acura Mdx 3.7 24v V6 VTEC - 305 HP ","desc":"Zvýšení výkonu motoru (chiptuning) vozidla Acura Mdx 3.7 24v V6 VTEC - 305 HP je možné z původních 224 kW (305 HP) až na 246 kW (336 HP) a nárůst točivého momentu ze 370 Nm až na 414 Nm.,Maximální rychlost se po úpravě zvýší o + 7 KM/H a kombinovaná spotřeba se sníží v průměru o -0,70 L / 100 KM.","imgUrl":"./previews/mdx__yd_.png","fullDesc":"Níže naleznete parametry před a po úpravě Standard pro vozidlo: Acura Mdx 3.7 24v V6 VTEC - 305 HP. Modelová řada YD, vyráběná od roku 2007. Úprava tohoto modelu se provádí přes diagnostickou zásuvku. Řídící jednotka motoru od společnosti Keihin. Typ řídící jednotky 37820-xxx-xxx. Předpokládaná doba úpravy tohoto modelu je 1 - 2 hodiny.","numbers":["Výkon HP","305 HP","336 HP","Výkon kW","224 kW","246 kW","Točivý moment Nm","370 Nm","414 Nm","Maximální rychlost","","+ 7 KM/H","Spotřeba město","","-0,50 L / 100 KM","Kombinovaná spotřeba","","-0,40 L / 100 KM","Spotřeba mimo město","","-0,30 L / 100 KM"],"chartPower":"./chartPower/mdx__yd_1035327.png","chartTorque":"./chartTorque/mdx__yd_1035327.png"},{"id":"rdx___1035352","fullName":"ChipTuning - Acura Rdx 2.3 16v i-VTEC - 245 HP ","desc":"Zvýšení výkonu motoru (chiptuning) vozidla Acura Rdx 2.3 16v i-VTEC - 245 HP je možné z původních 180 kW (245 HP) až na 229 kW (311 HP) a nárůst točivého momentu ze 350 Nm až na 468 Nm.,Maximální rychlost se po úpravě zvýší o + 11 KM/H a kombinovaná spotřeba se sníží v průměru o -0,90 L / 100 KM.","imgUrl":"./previews/rdx___.png","fullDesc":"Níže naleznete parametry před a po úpravě Standard pro vozidlo: Acura Rdx 2.3 16v i-VTEC - 245 HP. Modelová řada vyráběná od roku 2007. Úprava tohoto modelu se provádí přes diagnostickou zásuvku. Řídící jednotka motoru od společnosti Keihin. Typ řídící jednotky 37820-Rxx-xxx. Předpokládaná doba úpravy tohoto modelu je 1 - 2 hodiny.","numbers":["Výkon HP","245 HP","296 HP","Výkon kW","180 kW","218 kW","Točivý moment Nm","350 Nm","434 Nm","Maximální rychlost","","+ 8 KM/H","Spotřeba město","","-0,60 L / 100 KM","Kombinovaná spotřeba","","-0,50 L / 100 KM","Spotřeba mimo město","","-0,40 L / 100 KM"],"chartPower":"./chartPower/rdx___1035352.png","chartTorque":"./chartTorque/rdx___1035352.png"},{"id":"rdx__tb_1035345","fullName":"ChipTuning - Acura Rdx 2.3 16v Turbo i-VTEC - 243 HP ","desc":"Zvýšení výkonu motoru (chiptuning) vozidla Acura Rdx 2.3 16v Turbo i-VTEC - 243 HP je možné z původních 179 kW (243 HP) až na 228 kW (309 HP) a nárůst točivého momentu ze 350 Nm až na 468 Nm.,Maximální rychlost se po úpravě zvýší o + 11 KM/H a kombinovaná spotřeba se sníží v průměru o -0,90 L / 100 KM.","imgUrl":"./previews/rdx__tb_.png","fullDesc":"Níže naleznete parametry před a po úpravě Standard pro vozidlo: Acura Rdx 2.3 16v Turbo i-VTEC - 243 HP. Modelová řada TB, vyráběná od roku 2006. Úprava tohoto modelu se provádí přes diagnostickou zásuvku. Řídící jednotka motoru od společnosti Keihin. Typ řídící jednotky 37820-xxx-xxx. Předpokládaná doba úpravy tohoto modelu je 1 - 2 hodiny.","numbers":["Výkon HP","243 HP","294 HP","Výkon kW","179 kW","217 kW","Točivý moment Nm","350 Nm","434 Nm","Maximální rychlost","","+ 8 KM/H","Spotřeba město","","-0,60 L / 100 KM","Kombinovaná spotřeba","","-0,50 L / 100 KM","Spotřeba mimo město","","-0,40 L / 100 KM"],"chartPower":"./chartPower/rdx__tb_1035345.png","chartTorque":"./chartTorque/rdx__tb_1035345.png"},{"id":"rl___1035362","fullName":"ChipTuning - Acura RL 3.5 V6 VTEC - 290 HP ","desc":"Zvýšení výkonu motoru (chiptuning) vozidla Acura RL 3.5 V6 VTEC - 290 HP je možné z původních 213 kW (290 HP) až na 234 kW (319 HP) a nárůst točivého momentu ze 347 Nm až na 389 Nm.,Maximální rychlost se po úpravě zvýší o + 5 KM/H a kombinovaná spotřeba se sníží v průměru o -0,70 L / 100 KM.","imgUrl":"./previews/rl___.png","fullDesc":"Níže naleznete parametry před a po úpravě Standard pro vozidlo: Acura RL 3.5 V6 VTEC - 290 HP. Modelová řada vyráběná od roku 2005. Úprava tohoto modelu se provádí přes diagnostickou zásuvku. Řídící jednotka motoru od společnosti Keihin. Typ řídící jednotky 37820-Rxx-xxx. Předpokládaná doba úpravy tohoto modelu je 1 - 2 hodiny.","numbers":["Výkon HP","290 HP","319 HP","Výkon kW","213 kW","234 kW","Točivý moment Nm","347 Nm","389 Nm","Maximální rychlost","","+ 5 KM/H","Spotřeba město","","-0,50 L / 100 KM","Kombinovaná spotřeba","","-0,40 L / 100 KM","Spotřeba mimo město","","-0,30 L / 100 KM"],"chartPower":"./chartPower/rl___1035362.png","chartTorque":"./chartTorque/rl___1035362.png"},{"id":"rl__kb_1035358","fullName":"ChipTuning - Acura RL 3.5 24v V6 VTEC - 290 HP ","desc":"Zvýšení výkonu motoru (chiptuning) vozidla Acura RL 3.5 24v V6 VTEC - 290 HP je možné z původních 213 kW (290 HP) až na 234 kW (319 HP) a nárůst točivého momentu ze 347 Nm až na 389 Nm.,Maximální rychlost se po úpravě zvýší o + 5 KM/H a kombinovaná spotřeba se sníží v průměru o -0,70 L / 100 KM.","imgUrl":"./previews/rl__kb_.png","fullDesc":"Níže naleznete parametry před a po úpravě Standard pro vozidlo: Acura RL 3.5 24v V6 VTEC - 290 HP. Modelová řada KB, vyráběná od roku 2005. Úprava tohoto modelu se provádí přes diagnostickou zásuvku. Řídící jednotka motoru od společnosti Keihin. Typ řídící jednotky 37820-xxx-xxx. Předpokládaná doba úpravy tohoto modelu je 1 - 2 hodiny.","numbers":["Výkon HP","290 HP","319 HP","Výkon kW","213 kW","234 kW","Točivý moment Nm","347 Nm","389 Nm","Maximální rychlost","","+ 5 KM/H","Spotřeba město","","-0,50 L / 100 KM","Kombinovaná spotřeba","","-0,40 L / 100 KM","Spotřeba mimo město","","-0,30 L / 100 KM"],"chartPower":"./chartPower/rl__kb_1035358.png","chartTorque":"./chartTorque/rl__kb_1035358.png"},{"id":"rlx___1035366","fullName":"ChipTuning - Acura RLX 3.5 24v V6 VTEC - 313 HP ","desc":"Zvýšení výkonu motoru (chiptuning) vozidla Acura RLX 3.5 24v V6 VTEC - 313 HP je možné z původních 230 kW (313 HP) až na 253 kW (344 HP) a nárůst točivého momentu ze 369 Nm až na 413 Nm.,Maximální rychlost se po úpravě zvýší o + 5 KM/H a kombinovaná spotřeba se sníží v průměru o -0,70 L / 100 KM.","imgUrl":"./previews/rlx___.png","fullDesc":"Níže naleznete parametry před a po úpravě Standard pro vozidlo: Acura RLX 3.5 24v V6 VTEC - 313 HP. Modelová řada vyráběná od roku 2014. Úprava tohoto modelu se provádí přes diagnostickou zásuvku. Řídící jednotka motoru od společnosti Keihin. Typ řídící jednotky 37820-Rxx-xxx. Předpokládaná doba úpravy tohoto modelu je 1 - 2 hodiny.","numbers":["Výkon HP","313 HP","344 HP","Výkon kW","230 kW","253 kW","Točivý moment Nm","369 Nm","413 Nm","Maximální rychlost","","+ 5 KM/H","Spotřeba město","","-0,50 L / 100 KM","Kombinovaná spotřeba","","-0,40 L / 100 KM","Spotřeba mimo město","","-0,30 L / 100 KM"],"chartPower":"./chartPower/rlx___1035366.png","chartTorque":"./chartTorque/rlx___1035366.png"},{"id":"tl_type-s___1035369","fullName":"ChipTuning - Acura TL Type-S 3.5 24v V6 VTEC - 290 HP ","desc":"Zvýšení výkonu motoru (chiptuning) vozidla Acura TL Type-S 3.5 24v V6 VTEC - 290 HP je možné z původních 213 kW (290 HP) až na 234 kW (319 HP) a nárůst točivého momentu ze 347 Nm až na 389 Nm.,Maximální rychlost se po úpravě zvýší o + 5 KM/H a kombinovaná spotřeba se sníží v průměru o -0,70 L / 100 KM.","imgUrl":"./previews/tl_type-s___.png","fullDesc":"Níže naleznete parametry před a po úpravě Standard pro vozidlo: Acura TL Type-S 3.5 24v V6 VTEC - 290 HP. Modelová řada vyráběná od roku 2007. Úprava tohoto modelu se provádí přes diagnostickou zásuvku. Řídící jednotka motoru od společnosti Keihin. Typ řídící jednotky 37820-xxx-xxx. Předpokládaná doba úpravy tohoto modelu je 1 - 2 hodiny.","numbers":["Výkon HP","290 HP","319 HP","Výkon kW","213 kW","234 kW","Točivý moment Nm","347 Nm","389 Nm","Maximální rychlost","","+ 5 KM/H","Spotřeba město","","-0,50 L / 100 KM","Kombinovaná spotřeba","","-0,40 L / 100 KM","Spotřeba mimo město","","-0,30 L / 100 KM"],"chartPower":"./chartPower/tl_type-s___1035369.png","chartTorque":"./chartTorque/tl_type-s___1035369.png"},{"id":"tl_type-s___1035371","fullName":"ChipTuning - Acura TL Type-S 3.5 V6 VTEC - 290 HP ","desc":"Zvýšení výkonu motoru (chiptuning) vozidla Acura TL Type-S 3.5 V6 VTEC - 290 HP je možné z původních 213 kW (290 HP) až na 234 kW (319 HP) a nárůst točivého momentu ze 347 Nm až na 389 Nm.,Maximální rychlost se po úpravě zvýší o + 5 KM/H a kombinovaná spotřeba se sníží v průměru o -0,70 L / 100 KM.","imgUrl":"./previews/tl_type-s___.png","fullDesc":"Níže naleznete parametry před a po úpravě Standard pro vozidlo: Acura TL Type-S 3.5 V6 VTEC - 290 HP. Modelová řada vyráběná od roku 2007. Úprava tohoto modelu se provádí přes diagnostickou zásuvku. Řídící jednotka motoru od společnosti Keihin. Typ řídící jednotky 37820-Rxx-xxx. Předpokládaná doba úpravy tohoto modelu je 1 - 2 hodiny.","numbers":["Výkon HP","290 HP","319 HP","Výkon kW","213 kW","234 kW","Točivý moment Nm","347 Nm","389 Nm","Maximální rychlost","","+ 5 KM/H","Spotřeba město","","-0,50 L / 100 KM","Kombinovaná spotřeba","","-0,40 L / 100 KM","Spotřeba mimo město","","-0,30 L / 100 KM"],"chartPower":"./chartPower/tl_type-s___1035371.png","chartTorque":"./chartTorque/tl_type-s___1035371.png"},{"id":"tsx___1035380","fullName":"ChipTuning - Acura Tsx 2.4 16v i-VTEC - 204 HP ","desc":"Zvýšení výkonu motoru (chiptuning) vozidla Acura Tsx 2.4 16v i-VTEC - 204 HP je možné z původních 150 kW (204 HP) až na 165 kW (226 HP) a nárůst točivého momentu ze 223 Nm až na 250 Nm.,Maximální rychlost se po úpravě zvýší o + 3 KM/H a kombinovaná spotřeba se sníží v průměru o -0,60 L / 100 KM.","imgUrl":"./previews/tsx___.png","fullDesc":"Níže naleznete parametry před a po úpravě Standard pro vozidlo: Acura Tsx 2.4 16v i-VTEC - 204 HP. Modelová řada vyráběná od roku 2009. Úprava tohoto modelu se provádí přes diagnostickou zásuvku. Řídící jednotka motoru od společnosti Keihin. Typ řídící jednotky 37820-Rxx-xxx. Předpokládaná doba úpravy tohoto modelu je 1 - 2 hodiny.","numbers":["Výkon HP","204 HP","226 HP","Výkon kW","150 kW","165 kW","Točivý moment Nm","223 Nm","250 Nm","Maximální rychlost","","+ 3 KM/H","Spotřeba město","","-0,40 L / 100 KM","Kombinovaná spotřeba","","-0,30 L / 100 KM","Spotřeba mimo město","","-0,20 L / 100 KM"],"chartPower":"./chartPower/tsx___1035380.png","chartTorque":"./chartTorque/tsx___1035380.png"},{"id":"tsx___1035378","fullName":"ChipTuning - Acura Tsx 2.4 16v i-VTEC - 204 HP ","desc":"Zvýšení výkonu motoru (chiptuning) vozidla Acura Tsx 2.4 16v i-VTEC - 204 HP je možné z původních 150 kW (204 HP) až na 165 kW (226 HP) a nárůst točivého momentu ze 225 Nm až na 252 Nm.,Maximální rychlost se po úpravě zvýší o + 3 KM/H a kombinovaná spotřeba se sníží v průměru o -0,60 L / 100 KM.","imgUrl":"./previews/tsx___.png","fullDesc":"Níže naleznete parametry před a po úpravě Standard pro vozidlo: Acura Tsx 2.4 16v i-VTEC - 204 HP. Modelová řada vyráběná od roku 2004. Úprava tohoto modelu se provádí přes diagnostickou zásuvku. Řídící jednotka motoru od společnosti Keihin. Typ řídící jednotky 37820-Rxx-xxx. Předpokládaná doba úpravy tohoto modelu je 1 - 2 hodiny.","numbers":["Výkon HP","204 HP","226 HP","Výkon kW","150 kW","165 kW","Točivý moment Nm","225 Nm","252 Nm","Maximální rychlost","","+ 3 KM/H","Spotřeba město","","-0,40 L / 100 KM","Kombinovaná spotřeba","","-0,30 L / 100 KM","Spotřeba mimo město","","-0,20 L / 100 KM"],"chartPower":"./chartPower/tsx___1035378.png","chartTorque":"./chartTorque/tsx___1035378.png"},{"id":"tsx__cl_1035373","fullName":"ChipTuning - Acura Tsx 2.4 16v i-VTEC - 204 HP ","desc":"Zvýšení výkonu motoru (chiptuning) vozidla Acura Tsx 2.4 16v i-VTEC - 204 HP je možné z původních 150 kW (204 HP) až na 165 kW (226 HP) a nárůst točivého momentu ze 225 Nm až na 252 Nm.,Maximální rychlost se po úpravě zvýší o + 3 KM/H a kombinovaná spotřeba se sníží v průměru o -0,60 L / 100 KM.","imgUrl":"./previews/tsx__cl_.png","fullDesc":"Níže naleznete parametry před a po úpravě Standard pro vozidlo: Acura Tsx 2.4 16v i-VTEC - 204 HP. Modelová řada CL, vyráběná od roku 2004. Úprava tohoto modelu se provádí přes diagnostickou zásuvku. Řídící jednotka motoru od společnosti Keihin. Typ řídící jednotky 37820-xxx-xxx. Předpokládaná doba úpravy tohoto modelu je 1 - 2 hodiny.","numbers":["Výkon HP","204 HP","226 HP","Výkon kW","150 kW","165 kW","Točivý moment Nm","225 Nm","252 Nm","Maximální rychlost","","+ 3 KM/H","Spotřeba město","","-0,40 L / 100 KM","Kombinovaná spotřeba","","-0,30 L / 100 KM","Spotřeba mimo město","","-0,20 L / 100 KM"],"chartPower":"./chartPower/tsx__cl_1035373.png","chartTorque":"./chartTorque/tsx__cl_1035373.png"},{"id":"tsx__cl_1035375","fullName":"ChipTuning - Acura Tsx 2.4 16v i-VTEC - 208 HP ","desc":"Zvýšení výkonu motoru (chiptuning) vozidla Acura Tsx 2.4 16v i-VTEC - 208 HP je možné z původních 153 kW (208 HP) až na 168 kW (231 HP) a nárůst točivého momentu ze 231 Nm až na 259 Nm.,Maximální rychlost se po úpravě zvýší o + 3 KM/H a kombinovaná spotřeba se sníží v průměru o -0,60 L / 100 KM.","imgUrl":"./previews/tsx__cl_.png","fullDesc":"Níže naleznete parametry před a po úpravě Standard pro vozidlo: Acura Tsx 2.4 16v i-VTEC - 208 HP. Modelová řada CL, vyráběná od roku 2006. Úprava tohoto modelu se provádí přes diagnostickou zásuvku. Řídící jednotka motoru od společnosti Keihin. Typ řídící jednotky 37820-xxx-xxx. Předpokládaná doba úpravy tohoto modelu je 1 - 2 hodiny.","numbers":["Výkon HP","208 HP","231 HP","Výkon kW","153 kW","168 kW","Točivý moment Nm","231 Nm","259 Nm","Maximální rychlost","","+ 3 KM/H","Spotřeba město","","-0,40 L / 100 KM","Kombinovaná spotřeba","","-0,30 L / 100 KM","Spotřeba mimo město","","-0,20 L / 100 KM"],"chartPower":"./chartPower/tsx__cl_1035375.png","chartTorque":"./chartTorque/tsx__cl_1035375.png"},{"id":"zdx___1035386","fullName":"ChipTuning - Acura ZDX 3.7 24v V6 VTEC - 299 HP ","desc":"Zvýšení výkonu motoru (chiptuning) vozidla Acura ZDX 3.7 24v V6 VTEC - 299 HP je možné z původních 220 kW (299 HP) až na 242 kW (329 HP) a nárůst točivého momentu ze 370 Nm až na 414 Nm.,Maximální rychlost se po úpravě zvýší o + 7 KM/H a kombinovaná spotřeba se sníží v průměru o -0,70 L / 100 KM.","imgUrl":"./previews/zdx___.png","fullDesc":"Níže naleznete parametry před a po úpravě Standard pro vozidlo: Acura ZDX 3.7 24v V6 VTEC - 299 HP. Modelová řada vyráběná od roku 2010. Úprava tohoto modelu se provádí přes diagnostickou zásuvku. Řídící jednotka motoru od společnosti Keihin. Typ řídící jednotky 37820-Rxx-xxx nebo 37820-xxx-xxx. Předpokládaná doba úpravy tohoto modelu je 1 - 2 hodiny.","numbers":["Výkon HP","299 HP","329 HP","Výkon kW","220 kW","242 kW","Točivý moment Nm","370 Nm","414 Nm","Maximální rychlost","","+ 7 KM/H","Spotřeba město","","-0,50 L / 100 KM","Kombinovaná spotřeba","","-0,40 L / 100 KM","Spotřeba mimo město","","-0,30 L / 100 KM"],"chartPower":"./chartPower/zdx___1035386.png","chartTorque":"./chartTorque/zdx___1035386.png"}]