[{"id":"cygnet___1036048","fullName":"ChipTuning - Aston Martin Cygnet 1.3 16v - 98 HP ","desc":"Zvýšení výkonu motoru (chiptuning) vozidla Aston Martin Cygnet 1.3 16v - 98 HP je možné z původních 72 kW (98 HP) až na 79 kW (109 HP) a nárůst točivého momentu ze 125 Nm až na 140 Nm.,Maximální rychlost se po úpravě zvýší o + 1 KM/H a kombinovaná spotřeba se sníží v průměru o -0,40 L / 100 KM.","imgUrl":"./previews/cygnet___.png","fullDesc":"Níže naleznete parametry před a po úpravě Standard pro vozidlo: Aston Martin Cygnet 1.3 16v - 98 HP. Modelová řada vyráběná od roku 2011. Úprava tohoto modelu se provádí přes diagnostickou zásuvku. Řídící jednotka motoru od společnosti Denso. Typ řídící jednotky 275036-5280. Předpokládaná doba úpravy tohoto modelu je 1 - 2 hodiny.","numbers":["Výkon HP","98 HP","109 HP","Výkon kW","72 kW","79 kW","Točivý moment Nm","125 Nm","140 Nm","Maximální rychlost","","+ 1 KM/H","Spotřeba město","","-0,20 L / 100 KM","Kombinovaná spotřeba","","-0,20 L / 100 KM","Spotřeba mimo město","","-0,10 L / 100 KM"],"chartPower":"./chartPower/cygnet___1036048.png","chartTorque":"./chartTorque/cygnet___1036048.png"},{"id":"cygnet___1036052","fullName":"ChipTuning - Aston Martin Cygnet 1.3 16v Collette Limited Edition - 98 HP ","desc":"Zvýšení výkonu motoru (chiptuning) vozidla Aston Martin Cygnet 1.3 16v Collette Limited Edition - 98 HP je možné z původních 72 kW (98 HP) až na 79 kW (109 HP) a nárůst točivého momentu ze 125 Nm až na 140 Nm.,Maximální rychlost se po úpravě zvýší o + 1 KM/H a kombinovaná spotřeba se sníží v průměru o -0,40 L / 100 KM.","imgUrl":"./previews/cygnet___.png","fullDesc":"Níže naleznete parametry před a po úpravě Standard pro vozidlo: Aston Martin Cygnet 1.3 16v Collette Limited Edition - 98 HP. Modelová řada vyráběná od roku 2011. Úprava tohoto modelu se provádí přes diagnostickou zásuvku. Řídící jednotka motoru od společnosti Denso. Typ řídící jednotky 275036-5280. Předpokládaná doba úpravy tohoto modelu je 1 - 2 hodiny.","numbers":["Výkon HP","98 HP","109 HP","Výkon kW","72 kW","79 kW","Točivý moment Nm","125 Nm","140 Nm","Maximální rychlost","","+ 1 KM/H","Spotřeba město","","-0,20 L / 100 KM","Kombinovaná spotřeba","","-0,20 L / 100 KM","Spotřeba mimo město","","-0,10 L / 100 KM"],"chartPower":"./chartPower/cygnet___1036052.png","chartTorque":"./chartTorque/cygnet___1036052.png"},{"id":"cygnet___1036053","fullName":"ChipTuning - Aston Martin Cygnet 1.3 16v Launch Edition - 98 HP ","desc":"Zvýšení výkonu motoru (chiptuning) vozidla Aston Martin Cygnet 1.3 16v Launch Edition - 98 HP je možné z původních 72 kW (98 HP) až na 79 kW (109 HP) a nárůst točivého momentu ze 125 Nm až na 140 Nm.,Maximální rychlost se po úpravě zvýší o + 1 KM/H a kombinovaná spotřeba se sníží v průměru o -0,40 L / 100 KM.","imgUrl":"./previews/cygnet___.png","fullDesc":"Níže naleznete parametry před a po úpravě Standard pro vozidlo: Aston Martin Cygnet 1.3 16v Launch Edition - 98 HP. Modelová řada vyráběná od roku 2011. Úprava tohoto modelu se provádí přes diagnostickou zásuvku. Řídící jednotka motoru od společnosti Denso. Typ řídící jednotky 275036-5280. Předpokládaná doba úpravy tohoto modelu je 1 - 2 hodiny.","numbers":["Výkon HP","98 HP","109 HP","Výkon kW","72 kW","79 kW","Točivý moment Nm","125 Nm","140 Nm","Maximální rychlost","","+ 1 KM/H","Spotřeba město","","-0,20 L / 100 KM","Kombinovaná spotřeba","","-0,20 L / 100 KM","Spotřeba mimo město","","-0,10 L / 100 KM"],"chartPower":"./chartPower/cygnet___1036053.png","chartTorque":"./chartTorque/cygnet___1036053.png"},{"id":"cygnet___1036054","fullName":"ChipTuning - Aston Martin Cygnet 1.3 16v Launch Edition Multidrive S - 98 HP ","desc":"Zvýšení výkonu motoru (chiptuning) vozidla Aston Martin Cygnet 1.3 16v Launch Edition Multidrive S - 98 HP je možné z původních 72 kW (98 HP) až na 94 kW (129 HP) a nárůst točivého momentu ze 125 Nm až na 164 Nm.,Maximální rychlost se po úpravě zvýší o + 7 KM/H a kombinovaná spotřeba se sníží v průměru o -0,60 L / 100 KM.","imgUrl":"./previews/cygnet___.png","fullDesc":"Níže naleznete parametry před a po úpravě Standard pro vozidlo: Aston Martin Cygnet 1.3 16v Launch Edition Multidrive S - 98 HP. Modelová řada vyráběná od roku 2011. Úprava tohoto modelu se provádí přes diagnostickou zásuvku. Řídící jednotka motoru od společnosti Denso. Typ řídící jednotky 275036-5280. Předpokládaná doba úpravy tohoto modelu je 1 - 2 hodiny.","numbers":["Výkon HP","98 HP","122 HP","Výkon kW","72 kW","89 kW","Točivý moment Nm","125 Nm","153 Nm","Maximální rychlost","","+ 4 KM/H","Spotřeba město","","-0,40 L / 100 KM","Kombinovaná spotřeba","","-0,35 L / 100 KM","Spotřeba mimo město","","-0,30 L / 100 KM"],"chartPower":"./chartPower/cygnet___1036054.png","chartTorque":"./chartTorque/cygnet___1036054.png"},{"id":"cygnet___1036055","fullName":"ChipTuning - Aston Martin Cygnet 1.3 16v Multidrive S - 98 HP ","desc":"Zvýšení výkonu motoru (chiptuning) vozidla Aston Martin Cygnet 1.3 16v Multidrive S - 98 HP je možné z původních 72 kW (98 HP) až na 94 kW (129 HP) a nárůst točivého momentu ze 125 Nm až na 164 Nm.,Maximální rychlost se po úpravě zvýší o + 7 KM/H a kombinovaná spotřeba se sníží v průměru o -0,60 L / 100 KM.","imgUrl":"./previews/cygnet___.png","fullDesc":"Níže naleznete parametry před a po úpravě Standard pro vozidlo: Aston Martin Cygnet 1.3 16v Multidrive S - 98 HP. Modelová řada vyráběná od roku 2011. Úprava tohoto modelu se provádí přes diagnostickou zásuvku. Řídící jednotka motoru od společnosti Denso. Typ řídící jednotky 275036-5280. Předpokládaná doba úpravy tohoto modelu je 1 - 2 hodiny.","numbers":["Výkon HP","98 HP","122 HP","Výkon kW","72 kW","89 kW","Točivý moment Nm","125 Nm","153 Nm","Maximální rychlost","","+ 4 KM/H","Spotřeba město","","-0,40 L / 100 KM","Kombinovaná spotřeba","","-0,35 L / 100 KM","Spotřeba mimo město","","-0,30 L / 100 KM"],"chartPower":"./chartPower/cygnet___1036055.png","chartTorque":"./chartTorque/cygnet___1036055.png"},{"id":"db9___1036059","fullName":"ChipTuning - Aston Martin DB9 6.0 V12 - 450 HP ","desc":"Zvýšení výkonu motoru (chiptuning) vozidla Aston Martin DB9 6.0 V12 - 450 HP je možné z původních 331 kW (450 HP) až na 364 kW (495 HP) a nárůst točivého momentu ze 570 Nm až na 633 Nm.,Maximální rychlost se po úpravě zvýší o + 7 KM/H a kombinovaná spotřeba se sníží v průměru o -0,70 L / 100 KM.","imgUrl":"./previews/db9___.png","fullDesc":"Níže naleznete parametry před a po úpravě Standard pro vozidlo: Aston Martin DB9 6.0 V12 - 450 HP. Modelová řada vyráběná od roku 2003. Úprava tohoto modelu se provádí přes diagnostickou zásuvku. Řídící jednotka motoru od společnosti Ford. Typ řídící jednotky EEC-VI. Předpokládaná doba úpravy tohoto modelu je 1 - 2 hodiny.","numbers":["Výkon HP","450 HP","495 HP","Výkon kW","331 kW","364 kW","Točivý moment Nm","570 Nm","633 Nm","Maximální rychlost","","+ 7 KM/H","Spotřeba město","","-0,50 L / 100 KM","Kombinovaná spotřeba","","-0,40 L / 100 KM","Spotřeba mimo město","","-0,30 L / 100 KM"],"chartPower":"./chartPower/db9___1036059.png","chartTorque":"./chartTorque/db9___1036059.png"},{"id":"db9___1036065","fullName":"ChipTuning - Aston Martin DB9 6.0 V12 - 476 HP ","desc":"Zvýšení výkonu motoru (chiptuning) vozidla Aston Martin DB9 6.0 V12 - 476 HP je možné z původních 350 kW (476 HP) až na 385 kW (524 HP) a nárůst točivého momentu ze 600 Nm až na 666 Nm.,Maximální rychlost se po úpravě zvýší o + 7 KM/H a kombinovaná spotřeba se sníží v průměru o -0,70 L / 100 KM.","imgUrl":"./previews/db9___.png","fullDesc":"Níže naleznete parametry před a po úpravě Standard pro vozidlo: Aston Martin DB9 6.0 V12 - 476 HP. Modelová řada vyráběná od roku 2009. Úprava tohoto modelu se provádí přes diagnostickou zásuvku. Řídící jednotka motoru od společnosti Ford. Typ řídící jednotky EEC-VI M&S. Předpokládaná doba úpravy tohoto modelu je 1 - 2 hodiny.","numbers":["Výkon HP","476 HP","524 HP","Výkon kW","350 kW","385 kW","Točivý moment Nm","600 Nm","666 Nm","Maximální rychlost","","+ 7 KM/H","Spotřeba město","","-0,50 L / 100 KM","Kombinovaná spotřeba","","-0,40 L / 100 KM","Spotřeba mimo město","","-0,30 L / 100 KM"],"chartPower":"./chartPower/db9___1036065.png","chartTorque":"./chartTorque/db9___1036065.png"},{"id":"db9___1036069","fullName":"ChipTuning - Aston Martin DB9 6.0 V12 - 517 HP ","desc":"Zvýšení výkonu motoru (chiptuning) vozidla Aston Martin DB9 6.0 V12 - 517 HP je možné z původních 380 kW (517 HP) až na 418 kW (569 HP) a nárůst točivého momentu ze 620 Nm až na 688 Nm.,Maximální rychlost se po úpravě zvýší o + 7 KM/H a kombinovaná spotřeba se sníží v průměru o -0,70 L / 100 KM.","imgUrl":"./previews/db9___.png","fullDesc":"Níže naleznete parametry před a po úpravě Standard pro vozidlo: Aston Martin DB9 6.0 V12 - 517 HP. Modelová řada vyráběná od roku 2013. Úprava tohoto modelu se provádí přes diagnostickou zásuvku. Řídící jednotka motoru od společnosti Ford. Typ řídící jednotky EEC-VI. Předpokládaná doba úpravy tohoto modelu je 1 - 2 hodiny.","numbers":["Výkon HP","517 HP","569 HP","Výkon kW","380 kW","418 kW","Točivý moment Nm","620 Nm","688 Nm","Maximální rychlost","","+ 7 KM/H","Spotřeba město","","-0,50 L / 100 KM","Kombinovaná spotřeba","","-0,40 L / 100 KM","Spotřeba mimo město","","-0,30 L / 100 KM"],"chartPower":"./chartPower/db9___1036069.png","chartTorque":"./chartTorque/db9___1036069.png"},{"id":"db9___1036072","fullName":"ChipTuning - Aston Martin DB9 6.0 V12 Carbon Black Edition - 476 HP ","desc":"Zvýšení výkonu motoru (chiptuning) vozidla Aston Martin DB9 6.0 V12 Carbon Black Edition - 476 HP je možné z původních 350 kW (476 HP) až na 385 kW (524 HP) a nárůst točivého momentu ze 600 Nm až na 666 Nm.,Maximální rychlost se po úpravě zvýší o + 7 KM/H a kombinovaná spotřeba se sníží v průměru o -0,70 L / 100 KM.","imgUrl":"./previews/db9___.png","fullDesc":"Níže naleznete parametry před a po úpravě Standard pro vozidlo: Aston Martin DB9 6.0 V12 Carbon Black Edition - 476 HP. Modelová řada vyráběná od roku 2011. Úprava tohoto modelu se provádí přes diagnostickou zásuvku. Řídící jednotka motoru od společnosti Ford. Typ řídící jednotky EEC-VI M&S. Předpokládaná doba úpravy tohoto modelu je 1 - 2 hodiny.","numbers":["Výkon HP","476 HP","524 HP","Výkon kW","350 kW","385 kW","Točivý moment Nm","600 Nm","666 Nm","Maximální rychlost","","+ 7 KM/H","Spotřeba město","","-0,50 L / 100 KM","Kombinovaná spotřeba","","-0,40 L / 100 KM","Spotřeba mimo město","","-0,30 L / 100 KM"],"chartPower":"./chartPower/db9___1036072.png","chartTorque":"./chartTorque/db9___1036072.png"},{"id":"db9___1036073","fullName":"ChipTuning - Aston Martin DB9 6.0 V12 GT - 517 HP ","desc":"Zvýšení výkonu motoru (chiptuning) vozidla Aston Martin DB9 6.0 V12 GT - 517 HP je možné z původních 380 kW (517 HP) až na 418 kW (569 HP) a nárůst točivého momentu ze 620 Nm až na 688 Nm.,Maximální rychlost se po úpravě zvýší o + 7 KM/H a kombinovaná spotřeba se sníží v průměru o -0,70 L / 100 KM.","imgUrl":"./previews/db9___.png","fullDesc":"Níže naleznete parametry před a po úpravě Standard pro vozidlo: Aston Martin DB9 6.0 V12 GT - 517 HP. Modelová řada vyráběná od roku 2015. Úprava tohoto modelu se provádí přes diagnostickou zásuvku. Řídící jednotka motoru od společnosti Ford. Typ řídící jednotky EEC-VI. Předpokládaná doba úpravy tohoto modelu je 1 - 2 hodiny.","numbers":["Výkon HP","517 HP","569 HP","Výkon kW","380 kW","418 kW","Točivý moment Nm","620 Nm","688 Nm","Maximální rychlost","","+ 7 KM/H","Spotřeba město","","-0,50 L / 100 KM","Kombinovaná spotřeba","","-0,40 L / 100 KM","Spotřeba mimo město","","-0,30 L / 100 KM"],"chartPower":"./chartPower/db9___1036073.png","chartTorque":"./chartTorque/db9___1036073.png"},{"id":"db9___1036075","fullName":"ChipTuning - Aston Martin DB9 6.0 V12 Lm - 450 HP ","desc":"Zvýšení výkonu motoru (chiptuning) vozidla Aston Martin DB9 6.0 V12 Lm - 450 HP je možné z původních 331 kW (450 HP) až na 364 kW (495 HP) a nárůst točivého momentu ze 570 Nm až na 633 Nm.,Maximální rychlost se po úpravě zvýší o + 7 KM/H a kombinovaná spotřeba se sníží v průměru o -0,70 L / 100 KM.","imgUrl":"./previews/db9___.png","fullDesc":"Níže naleznete parametry před a po úpravě Standard pro vozidlo: Aston Martin DB9 6.0 V12 Lm - 450 HP. Modelová řada vyráběná od roku 2007. Úprava tohoto modelu se provádí přes diagnostickou zásuvku. Řídící jednotka motoru od společnosti Ford. Typ řídící jednotky EEC-VI. Předpokládaná doba úpravy tohoto modelu je 1 - 2 hodiny.","numbers":["Výkon HP","450 HP","495 HP","Výkon kW","331 kW","364 kW","Točivý moment Nm","570 Nm","633 Nm","Maximální rychlost","","+ 7 KM/H","Spotřeba město","","-0,50 L / 100 KM","Kombinovaná spotřeba","","-0,40 L / 100 KM","Spotřeba mimo město","","-0,30 L / 100 KM"],"chartPower":"./chartPower/db9___1036075.png","chartTorque":"./chartTorque/db9___1036075.png"},{"id":"db9___1036076","fullName":"ChipTuning - Aston Martin DB9 6.0 V12 Touchtronic-2 - 450 HP ","desc":"Zvýšení výkonu motoru (chiptuning) vozidla Aston Martin DB9 6.0 V12 Touchtronic-2 - 450 HP je možné z původních 331 kW (450 HP) až na 364 kW (495 HP) a nárůst točivého momentu ze 570 Nm až na 633 Nm.,Maximální rychlost se po úpravě zvýší o + 7 KM/H a kombinovaná spotřeba se sníží v průměru o -0,70 L / 100 KM.","imgUrl":"./previews/db9___.png","fullDesc":"Níže naleznete parametry před a po úpravě Standard pro vozidlo: Aston Martin DB9 6.0 V12 Touchtronic-2 - 450 HP. Modelová řada vyráběná od roku 2003. Úprava tohoto modelu se provádí přes diagnostickou zásuvku. Řídící jednotka motoru od společnosti Ford. Typ řídící jednotky EEC-VI. Tato úprava je přizpůsobena pro automatickou převodovku. Předpokládaná doba úpravy tohoto modelu je 1 - 2 hodiny.","numbers":["Výkon HP","450 HP","495 HP","Výkon kW","331 kW","364 kW","Točivý moment Nm","570 Nm","633 Nm","Maximální rychlost","","+ 7 KM/H","Spotřeba město","","-0,50 L / 100 KM","Kombinovaná spotřeba","","-0,40 L / 100 KM","Spotřeba mimo město","","-0,30 L / 100 KM"],"chartPower":"./chartPower/db9___1036076.png","chartTorque":"./chartTorque/db9___1036076.png"},{"id":"db9___1036082","fullName":"ChipTuning - Aston Martin DB9 6.0 V12 Touchtronic-2 - 476 HP ","desc":"Zvýšení výkonu motoru (chiptuning) vozidla Aston Martin DB9 6.0 V12 Touchtronic-2 - 476 HP je možné z původních 350 kW (476 HP) až na 385 kW (524 HP) a nárůst točivého momentu ze 600 Nm až na 666 Nm.,Maximální rychlost se po úpravě zvýší o + 7 KM/H a kombinovaná spotřeba se sníží v průměru o -0,70 L / 100 KM.","imgUrl":"./previews/db9___.png","fullDesc":"Níže naleznete parametry před a po úpravě Standard pro vozidlo: Aston Martin DB9 6.0 V12 Touchtronic-2 - 476 HP. Modelová řada vyráběná od roku 2009. Úprava tohoto modelu se provádí přes diagnostickou zásuvku. Řídící jednotka motoru od společnosti Ford. Typ řídící jednotky EEC-VI M&S. Tato úprava je přizpůsobena pro automatickou převodovku. Předpokládaná doba úpravy tohoto modelu je 1 - 2 hodiny.","numbers":["Výkon HP","476 HP","524 HP","Výkon kW","350 kW","385 kW","Točivý moment Nm","600 Nm","666 Nm","Maximální rychlost","","+ 7 KM/H","Spotřeba město","","-0,50 L / 100 KM","Kombinovaná spotřeba","","-0,40 L / 100 KM","Spotřeba mimo město","","-0,30 L / 100 KM"],"chartPower":"./chartPower/db9___1036082.png","chartTorque":"./chartTorque/db9___1036082.png"},{"id":"db9_volante___1036086","fullName":"ChipTuning - Aston Martin DB9 Volante 6.0 V12 - 450 HP ","desc":"Zvýšení výkonu motoru (chiptuning) vozidla Aston Martin DB9 Volante 6.0 V12 - 450 HP je možné z původních 331 kW (450 HP) až na 364 kW (495 HP) a nárůst točivého momentu ze 570 Nm až na 633 Nm.,Maximální rychlost se po úpravě zvýší o + 7 KM/H a kombinovaná spotřeba se sníží v průměru o -0,70 L / 100 KM.","imgUrl":"./previews/db9_volante___.png","fullDesc":"Níže naleznete parametry před a po úpravě Standard pro vozidlo: Aston Martin DB9 Volante 6.0 V12 - 450 HP. Modelová řada vyráběná od roku 2004. Úprava tohoto modelu se provádí přes diagnostickou zásuvku. Řídící jednotka motoru od společnosti Ford. Typ řídící jednotky EEC-VI. Předpokládaná doba úpravy tohoto modelu je 1 - 2 hodiny.","numbers":["Výkon HP","450 HP","495 HP","Výkon kW","331 kW","364 kW","Točivý moment Nm","570 Nm","633 Nm","Maximální rychlost","","+ 7 KM/H","Spotřeba město","","-0,50 L / 100 KM","Kombinovaná spotřeba","","-0,40 L / 100 KM","Spotřeba mimo město","","-0,30 L / 100 KM"],"chartPower":"./chartPower/db9_volante___1036086.png","chartTorque":"./chartTorque/db9_volante___1036086.png"},{"id":"db9_volante___1036091","fullName":"ChipTuning - Aston Martin DB9 Volante 6.0 V12 - 476 HP ","desc":"Zvýšení výkonu motoru (chiptuning) vozidla Aston Martin DB9 Volante 6.0 V12 - 476 HP je možné z původních 350 kW (476 HP) až na 385 kW (524 HP) a nárůst točivého momentu ze 600 Nm až na 666 Nm.,Maximální rychlost se po úpravě zvýší o + 7 KM/H a kombinovaná spotřeba se sníží v průměru o -0,70 L / 100 KM.","imgUrl":"./previews/db9_volante___.png","fullDesc":"Níže naleznete parametry před a po úpravě Standard pro vozidlo: Aston Martin DB9 Volante 6.0 V12 - 476 HP. Modelová řada vyráběná od roku 2009. Úprava tohoto modelu se provádí přes diagnostickou zásuvku. Řídící jednotka motoru od společnosti Ford. Typ řídící jednotky EEC-VI M&S. Předpokládaná doba úpravy tohoto modelu je 1 - 2 hodiny.","numbers":["Výkon HP","476 HP","524 HP","Výkon kW","350 kW","385 kW","Točivý moment Nm","600 Nm","666 Nm","Maximální rychlost","","+ 7 KM/H","Spotřeba město","","-0,50 L / 100 KM","Kombinovaná spotřeba","","-0,40 L / 100 KM","Spotřeba mimo město","","-0,30 L / 100 KM"],"chartPower":"./chartPower/db9_volante___1036091.png","chartTorque":"./chartTorque/db9_volante___1036091.png"},{"id":"db9_volante___1036095","fullName":"ChipTuning - Aston Martin DB9 Volante 6.0 V12 - 517 HP ","desc":"Zvýšení výkonu motoru (chiptuning) vozidla Aston Martin DB9 Volante 6.0 V12 - 517 HP je možné z původních 380 kW (517 HP) až na 418 kW (569 HP) a nárůst točivého momentu ze 620 Nm až na 688 Nm.,Maximální rychlost se po úpravě zvýší o + 7 KM/H a kombinovaná spotřeba se sníží v průměru o -0,70 L / 100 KM.","imgUrl":"./previews/db9_volante___.png","fullDesc":"Níže naleznete parametry před a po úpravě Standard pro vozidlo: Aston Martin DB9 Volante 6.0 V12 - 517 HP. Modelová řada vyráběná od roku 2013. Úprava tohoto modelu se provádí přes diagnostickou zásuvku. Řídící jednotka motoru od společnosti Ford. Typ řídící jednotky EEC-VI. Předpokládaná doba úpravy tohoto modelu je 1 - 2 hodiny.","numbers":["Výkon HP","517 HP","569 HP","Výkon kW","380 kW","418 kW","Točivý moment Nm","620 Nm","688 Nm","Maximální rychlost","","+ 7 KM/H","Spotřeba město","","-0,50 L / 100 KM","Kombinovaná spotřeba","","-0,40 L / 100 KM","Spotřeba mimo město","","-0,30 L / 100 KM"],"chartPower":"./chartPower/db9_volante___1036095.png","chartTorque":"./chartTorque/db9_volante___1036095.png"},{"id":"db9_volante___1036098","fullName":"ChipTuning - Aston Martin DB9 Volante 6.0 V12 Morning Frost Edition - 476 HP ","desc":"Zvýšení výkonu motoru (chiptuning) vozidla Aston Martin DB9 Volante 6.0 V12 Morning Frost Edition - 476 HP je možné z původních 350 kW (476 HP) až na 385 kW (524 HP) a nárůst točivého momentu ze 600 Nm až na 666 Nm.,Maximální rychlost se po úpravě zvýší o + 7 KM/H a kombinovaná spotřeba se sníží v průměru o -0,70 L / 100 KM.","imgUrl":"./previews/db9_volante___.png","fullDesc":"Níže naleznete parametry před a po úpravě Standard pro vozidlo: Aston Martin DB9 Volante 6.0 V12 Morning Frost Edition - 476 HP. Modelová řada vyráběná od roku 2011. Úprava tohoto modelu se provádí přes diagnostickou zásuvku. Řídící jednotka motoru od společnosti Ford. Typ řídící jednotky EEC-VI M&S. Předpokládaná doba úpravy tohoto modelu je 1 - 2 hodiny.","numbers":["Výkon HP","476 HP","524 HP","Výkon kW","350 kW","385 kW","Točivý moment Nm","600 Nm","666 Nm","Maximální rychlost","","+ 7 KM/H","Spotřeba město","","-0,50 L / 100 KM","Kombinovaná spotřeba","","-0,40 L / 100 KM","Spotřeba mimo město","","-0,30 L / 100 KM"],"chartPower":"./chartPower/db9_volante___1036098.png","chartTorque":"./chartTorque/db9_volante___1036098.png"},{"id":"db9_volante___1036099","fullName":"ChipTuning - Aston Martin DB9 Volante 6.0 V12 Touchtronic-2 - 450 HP ","desc":"Zvýšení výkonu motoru (chiptuning) vozidla Aston Martin DB9 Volante 6.0 V12 Touchtronic-2 - 450 HP je možné z původních 331 kW (450 HP) až na 364 kW (495 HP) a nárůst točivého momentu ze 570 Nm až na 633 Nm.,Maximální rychlost se po úpravě zvýší o + 7 KM/H a kombinovaná spotřeba se sníží v průměru o -0,70 L / 100 KM.","imgUrl":"./previews/db9_volante___.png","fullDesc":"Níže naleznete parametry před a po úpravě Standard pro vozidlo: Aston Martin DB9 Volante 6.0 V12 Touchtronic-2 - 450 HP. Modelová řada vyráběná od roku 2004. Úprava tohoto modelu se provádí přes diagnostickou zásuvku. Řídící jednotka motoru od společnosti Ford. Typ řídící jednotky EEC-VI. Tato úprava je přizpůsobena pro automatickou převodovku. Předpokládaná doba úpravy tohoto modelu je 1 - 2 hodiny.","numbers":["Výkon HP","450 HP","495 HP","Výkon kW","331 kW","364 kW","Točivý moment Nm","570 Nm","633 Nm","Maximální rychlost","","+ 7 KM/H","Spotřeba město","","-0,50 L / 100 KM","Kombinovaná spotřeba","","-0,40 L / 100 KM","Spotřeba mimo město","","-0,30 L / 100 KM"],"chartPower":"./chartPower/db9_volante___1036099.png","chartTorque":"./chartTorque/db9_volante___1036099.png"},{"id":"db9_volante___1036104","fullName":"ChipTuning - Aston Martin DB9 Volante 6.0 V12 Touchtronic-2 - 476 HP ","desc":"Zvýšení výkonu motoru (chiptuning) vozidla Aston Martin DB9 Volante 6.0 V12 Touchtronic-2 - 476 HP je možné z původních 350 kW (476 HP) až na 385 kW (524 HP) a nárůst točivého momentu ze 600 Nm až na 666 Nm.,Maximální rychlost se po úpravě zvýší o + 7 KM/H a kombinovaná spotřeba se sníží v průměru o -0,70 L / 100 KM.","imgUrl":"./previews/db9_volante___.png","fullDesc":"Níže naleznete parametry před a po úpravě Standard pro vozidlo: Aston Martin DB9 Volante 6.0 V12 Touchtronic-2 - 476 HP. Modelová řada vyráběná od roku 2009. Úprava tohoto modelu se provádí přes diagnostickou zásuvku. Řídící jednotka motoru od společnosti Ford. Typ řídící jednotky EEC-VI M&S. Tato úprava je přizpůsobena pro automatickou převodovku. Předpokládaná doba úpravy tohoto modelu je 1 - 2 hodiny.","numbers":["Výkon HP","476 HP","524 HP","Výkon kW","350 kW","385 kW","Točivý moment Nm","600 Nm","666 Nm","Maximální rychlost","","+ 7 KM/H","Spotřeba město","","-0,50 L / 100 KM","Kombinovaná spotřeba","","-0,40 L / 100 KM","Spotřeba mimo město","","-0,30 L / 100 KM"],"chartPower":"./chartPower/db9_volante___1036104.png","chartTorque":"./chartTorque/db9_volante___1036104.png"},{"id":"dbs___1036108","fullName":"ChipTuning - Aston Martin DBS 6.0 V12 - 517 HP ","desc":"Zvýšení výkonu motoru (chiptuning) vozidla Aston Martin DBS 6.0 V12 - 517 HP je možné z původních 380 kW (517 HP) až na 418 kW (569 HP) a nárůst točivého momentu ze 570 Nm až na 633 Nm.,Maximální rychlost se po úpravě zvýší o + 7 KM/H a kombinovaná spotřeba se sníží v průměru o -0,70 L / 100 KM.","imgUrl":"./previews/dbs___.png","fullDesc":"Níže naleznete parametry před a po úpravě Standard pro vozidlo: Aston Martin DBS 6.0 V12 - 517 HP. Modelová řada vyráběná od roku 2007. Úprava tohoto modelu se provádí přes diagnostickou zásuvku. Řídící jednotka motoru od společnosti Ford. Typ řídící jednotky EEC-VI. Předpokládaná doba úpravy tohoto modelu je 1 - 2 hodiny.","numbers":["Výkon HP","517 HP","569 HP","Výkon kW","380 kW","418 kW","Točivý moment Nm","570 Nm","633 Nm","Maximální rychlost","","+ 7 KM/H","Spotřeba město","","-0,50 L / 100 KM","Kombinovaná spotřeba","","-0,40 L / 100 KM","Spotřeba mimo město","","-0,30 L / 100 KM"],"chartPower":"./chartPower/dbs___1036108.png","chartTorque":"./chartTorque/dbs___1036108.png"},{"id":"dbs___1036114","fullName":"ChipTuning - Aston Martin DBS 6.0 V12 Carbon Black Special Edition - 517 HP ","desc":"Zvýšení výkonu motoru (chiptuning) vozidla Aston Martin DBS 6.0 V12 Carbon Black Special Edition - 517 HP je možné z původních 380 kW (517 HP) až na 418 kW (569 HP) a nárůst točivého momentu ze 570 Nm až na 633 Nm.,Maximální rychlost se po úpravě zvýší o + 7 KM/H a kombinovaná spotřeba se sníží v průměru o -0,70 L / 100 KM.","imgUrl":"./previews/dbs___.png","fullDesc":"Níže naleznete parametry před a po úpravě Standard pro vozidlo: Aston Martin DBS 6.0 V12 Carbon Black Special Edition - 517 HP. Modelová řada vyráběná od roku 2009. Úprava tohoto modelu se provádí přes diagnostickou zásuvku. Řídící jednotka motoru od společnosti Ford. Typ řídící jednotky EEC-VI. Předpokládaná doba úpravy tohoto modelu je 1 - 2 hodiny.","numbers":["Výkon HP","517 HP","569 HP","Výkon kW","380 kW","418 kW","Točivý moment Nm","570 Nm","633 Nm","Maximální rychlost","","+ 7 KM/H","Spotřeba město","","-0,50 L / 100 KM","Kombinovaná spotřeba","","-0,40 L / 100 KM","Spotřeba mimo město","","-0,30 L / 100 KM"],"chartPower":"./chartPower/dbs___1036114.png","chartTorque":"./chartTorque/dbs___1036114.png"},{"id":"dbs___1036116","fullName":"ChipTuning - Aston Martin DBS 6.0 V12 Carbon Edition - 517 HP ","desc":"Zvýšení výkonu motoru (chiptuning) vozidla Aston Martin DBS 6.0 V12 Carbon Edition - 517 HP je možné z původních 380 kW (517 HP) až na 418 kW (569 HP) a nárůst točivého momentu ze 570 Nm až na 633 Nm.,Maximální rychlost se po úpravě zvýší o + 7 KM/H a kombinovaná spotřeba se sníží v průměru o -0,70 L / 100 KM.","imgUrl":"./previews/dbs___.png","fullDesc":"Níže naleznete parametry před a po úpravě Standard pro vozidlo: Aston Martin DBS 6.0 V12 Carbon Edition - 517 HP. Modelová řada vyráběná od roku 2011. Úprava tohoto modelu se provádí přes diagnostickou zásuvku. Řídící jednotka motoru od společnosti Ford. Typ řídící jednotky EEC-VI. Předpokládaná doba úpravy tohoto modelu je 1 - 2 hodiny.","numbers":["Výkon HP","517 HP","569 HP","Výkon kW","380 kW","418 kW","Točivý moment Nm","570 Nm","633 Nm","Maximální rychlost","","+ 7 KM/H","Spotřeba město","","-0,50 L / 100 KM","Kombinovaná spotřeba","","-0,40 L / 100 KM","Spotřeba mimo město","","-0,30 L / 100 KM"],"chartPower":"./chartPower/dbs___1036116.png","chartTorque":"./chartTorque/dbs___1036116.png"},{"id":"dbs___1036118","fullName":"ChipTuning - Aston Martin DBS 6.0 V12 Touchtronic-2 - 517 HP ","desc":"Zvýšení výkonu motoru (chiptuning) vozidla Aston Martin DBS 6.0 V12 Touchtronic-2 - 517 HP je možné z původních 380 kW (517 HP) až na 418 kW (569 HP) a nárůst točivého momentu ze 570 Nm až na 633 Nm.,Maximální rychlost se po úpravě zvýší o + 7 KM/H a kombinovaná spotřeba se sníží v průměru o -0,70 L / 100 KM.","imgUrl":"./previews/dbs___.png","fullDesc":"Níže naleznete parametry před a po úpravě Standard pro vozidlo: Aston Martin DBS 6.0 V12 Touchtronic-2 - 517 HP. Modelová řada vyráběná od roku 2009. Úprava tohoto modelu se provádí přes diagnostickou zásuvku. Řídící jednotka motoru od společnosti Ford. Typ řídící jednotky EEC-VI. Tato úprava je přizpůsobena pro automatickou převodovku. Předpokládaná doba úpravy tohoto modelu je 1 - 2 hodiny.","numbers":["Výkon HP","517 HP","569 HP","Výkon kW","380 kW","418 kW","Točivý moment Nm","570 Nm","633 Nm","Maximální rychlost","","+ 7 KM/H","Spotřeba město","","-0,50 L / 100 KM","Kombinovaná spotřeba","","-0,40 L / 100 KM","Spotřeba mimo město","","-0,30 L / 100 KM"],"chartPower":"./chartPower/dbs___1036118.png","chartTorque":"./chartTorque/dbs___1036118.png"},{"id":"dbs___1036122","fullName":"ChipTuning - Aston Martin DBS 6.0 V12 UB-2010 Limited Edition - 517 HP ","desc":"Zvýšení výkonu motoru (chiptuning) vozidla Aston Martin DBS 6.0 V12 UB-2010 Limited Edition - 517 HP je možné z původních 380 kW (517 HP) až na 418 kW (569 HP) a nárůst točivého momentu ze 570 Nm až na 633 Nm.,Maximální rychlost se po úpravě zvýší o + 7 KM/H a kombinovaná spotřeba se sníží v průměru o -0,70 L / 100 KM.","imgUrl":"./previews/dbs___.png","fullDesc":"Níže naleznete parametry před a po úpravě Standard pro vozidlo: Aston Martin DBS 6.0 V12 UB-2010 Limited Edition - 517 HP. Modelová řada vyráběná od roku 2010. Úprava tohoto modelu se provádí přes diagnostickou zásuvku. Řídící jednotka motoru od společnosti Ford. Typ řídící jednotky EEC-VI. Předpokládaná doba úpravy tohoto modelu je 1 - 2 hodiny.","numbers":["Výkon HP","517 HP","569 HP","Výkon kW","380 kW","418 kW","Točivý moment Nm","570 Nm","633 Nm","Maximální rychlost","","+ 7 KM/H","Spotřeba město","","-0,50 L / 100 KM","Kombinovaná spotřeba","","-0,40 L / 100 KM","Spotřeba mimo město","","-0,30 L / 100 KM"],"chartPower":"./chartPower/dbs___1036122.png","chartTorque":"./chartTorque/dbs___1036122.png"},{"id":"dbs___1036123","fullName":"ChipTuning - Aston Martin DBS 6.0 V12 Volante - 517 HP ","desc":"Zvýšení výkonu motoru (chiptuning) vozidla Aston Martin DBS 6.0 V12 Volante - 517 HP je možné z původních 380 kW (517 HP) až na 418 kW (569 HP) a nárůst točivého momentu ze 570 Nm až na 633 Nm.,Maximální rychlost se po úpravě zvýší o + 7 KM/H a kombinovaná spotřeba se sníží v průměru o -0,70 L / 100 KM.","imgUrl":"./previews/dbs___.png","fullDesc":"Níže naleznete parametry před a po úpravě Standard pro vozidlo: Aston Martin DBS 6.0 V12 Volante - 517 HP. Modelová řada vyráběná od roku 2009. Úprava tohoto modelu se provádí přes diagnostickou zásuvku. Řídící jednotka motoru od společnosti Ford. Typ řídící jednotky EEC-VI. Předpokládaná doba úpravy tohoto modelu je 1 - 2 hodiny.","numbers":["Výkon HP","517 HP","569 HP","Výkon kW","380 kW","418 kW","Točivý moment Nm","570 Nm","633 Nm","Maximální rychlost","","+ 7 KM/H","Spotřeba město","","-0,50 L / 100 KM","Kombinovaná spotřeba","","-0,40 L / 100 KM","Spotřeba mimo město","","-0,30 L / 100 KM"],"chartPower":"./chartPower/dbs___1036123.png","chartTorque":"./chartTorque/dbs___1036123.png"},{"id":"dbs___1036127","fullName":"ChipTuning - Aston Martin DBS 6.0 V12 Volante Carbon Black Special Edition - 517 HP ","desc":"Zvýšení výkonu motoru (chiptuning) vozidla Aston Martin DBS 6.0 V12 Volante Carbon Black Special Edition - 517 HP je možné z původních 380 kW (517 HP) až na 418 kW (569 HP) a nárůst točivého momentu ze 570 Nm až na 633 Nm.,Maximální rychlost se po úpravě zvýší o + 7 KM/H a kombinovaná spotřeba se sníží v průměru o -0,70 L / 100 KM.","imgUrl":"./previews/dbs___.png","fullDesc":"Níže naleznete parametry před a po úpravě Standard pro vozidlo: Aston Martin DBS 6.0 V12 Volante Carbon Black Special Edition - 517 HP. Modelová řada vyráběná od roku 2009. Úprava tohoto modelu se provádí přes diagnostickou zásuvku. Řídící jednotka motoru od společnosti Ford. Typ řídící jednotky EEC-VI. Předpokládaná doba úpravy tohoto modelu je 1 - 2 hodiny.","numbers":["Výkon HP","517 HP","569 HP","Výkon kW","380 kW","418 kW","Točivý moment Nm","570 Nm","633 Nm","Maximální rychlost","","+ 7 KM/H","Spotřeba město","","-0,50 L / 100 KM","Kombinovaná spotřeba","","-0,40 L / 100 KM","Spotřeba mimo město","","-0,30 L / 100 KM"],"chartPower":"./chartPower/dbs___1036127.png","chartTorque":"./chartTorque/dbs___1036127.png"},{"id":"dbs___1036129","fullName":"ChipTuning - Aston Martin DBS 6.0 V12 Volante Carbon Edition - 517 HP ","desc":"Zvýšení výkonu motoru (chiptuning) vozidla Aston Martin DBS 6.0 V12 Volante Carbon Edition - 517 HP je možné z původních 380 kW (517 HP) až na 418 kW (569 HP) a nárůst točivého momentu ze 570 Nm až na 633 Nm.,Maximální rychlost se po úpravě zvýší o + 7 KM/H a kombinovaná spotřeba se sníží v průměru o -0,70 L / 100 KM.","imgUrl":"./previews/dbs___.png","fullDesc":"Níže naleznete parametry před a po úpravě Standard pro vozidlo: Aston Martin DBS 6.0 V12 Volante Carbon Edition - 517 HP. Modelová řada vyráběná od roku 2011. Úprava tohoto modelu se provádí přes diagnostickou zásuvku. Řídící jednotka motoru od společnosti Ford. Typ řídící jednotky EEC-VI. Předpokládaná doba úpravy tohoto modelu je 1 - 2 hodiny.","numbers":["Výkon HP","517 HP","569 HP","Výkon kW","380 kW","418 kW","Točivý moment Nm","570 Nm","633 Nm","Maximální rychlost","","+ 7 KM/H","Spotřeba město","","-0,50 L / 100 KM","Kombinovaná spotřeba","","-0,40 L / 100 KM","Spotřeba mimo město","","-0,30 L / 100 KM"],"chartPower":"./chartPower/dbs___1036129.png","chartTorque":"./chartTorque/dbs___1036129.png"},{"id":"dbs___1036131","fullName":"ChipTuning - Aston Martin DBS 6.0 V12 Volante Touchtronic-2 - 517 HP ","desc":"Zvýšení výkonu motoru (chiptuning) vozidla Aston Martin DBS 6.0 V12 Volante Touchtronic-2 - 517 HP je možné z původních 380 kW (517 HP) až na 418 kW (569 HP) a nárůst točivého momentu ze 570 Nm až na 633 Nm.,Maximální rychlost se po úpravě zvýší o + 7 KM/H a kombinovaná spotřeba se sníží v průměru o -0,70 L / 100 KM.","imgUrl":"./previews/dbs___.png","fullDesc":"Níže naleznete parametry před a po úpravě Standard pro vozidlo: Aston Martin DBS 6.0 V12 Volante Touchtronic-2 - 517 HP. Modelová řada vyráběná od roku 2009. Úprava tohoto modelu se provádí přes diagnostickou zásuvku. Řídící jednotka motoru od společnosti Ford. Typ řídící jednotky EEC-VI. Tato úprava je přizpůsobena pro automatickou převodovku. Předpokládaná doba úpravy tohoto modelu je 1 - 2 hodiny.","numbers":["Výkon HP","517 HP","569 HP","Výkon kW","380 kW","418 kW","Točivý moment Nm","570 Nm","633 Nm","Maximální rychlost","","+ 7 KM/H","Spotřeba město","","-0,50 L / 100 KM","Kombinovaná spotřeba","","-0,40 L / 100 KM","Spotřeba mimo město","","-0,30 L / 100 KM"],"chartPower":"./chartPower/dbs___1036131.png","chartTorque":"./chartTorque/dbs___1036131.png"},{"id":"dbs___1036135","fullName":"ChipTuning - Aston Martin DBS 6.0 V12 Volante UB-2010 Limited Edition - 517 HP ","desc":"Zvýšení výkonu motoru (chiptuning) vozidla Aston Martin DBS 6.0 V12 Volante UB-2010 Limited Edition - 517 HP je možné z původních 380 kW (517 HP) až na 418 kW (569 HP) a nárůst točivého momentu ze 570 Nm až na 633 Nm.,Maximální rychlost se po úpravě zvýší o + 7 KM/H a kombinovaná spotřeba se sníží v průměru o -0,70 L / 100 KM.","imgUrl":"./previews/dbs___.png","fullDesc":"Níže naleznete parametry před a po úpravě Standard pro vozidlo: Aston Martin DBS 6.0 V12 Volante UB-2010 Limited Edition - 517 HP. Modelová řada vyráběná od roku 2010. Úprava tohoto modelu se provádí přes diagnostickou zásuvku. Řídící jednotka motoru od společnosti Ford. Typ řídící jednotky EEC-VI. Předpokládaná doba úpravy tohoto modelu je 1 - 2 hodiny.","numbers":["Výkon HP","517 HP","569 HP","Výkon kW","380 kW","418 kW","Točivý moment Nm","570 Nm","633 Nm","Maximální rychlost","","+ 7 KM/H","Spotřeba město","","-0,50 L / 100 KM","Kombinovaná spotřeba","","-0,40 L / 100 KM","Spotřeba mimo město","","-0,30 L / 100 KM"],"chartPower":"./chartPower/dbs___1036135.png","chartTorque":"./chartTorque/dbs___1036135.png"},{"id":"rapide___1036136","fullName":"ChipTuning - Aston Martin Rapide 6.0 V12 - 476 HP ","desc":"Zvýšení výkonu motoru (chiptuning) vozidla Aston Martin Rapide 6.0 V12 - 476 HP je možné z původních 350 kW (476 HP) až na 385 kW (524 HP) a nárůst točivého momentu ze 600 Nm až na 666 Nm.,Maximální rychlost se po úpravě zvýší o + 7 KM/H a kombinovaná spotřeba se sníží v průměru o -0,70 L / 100 KM.","imgUrl":"./previews/rapide___.png","fullDesc":"Níže naleznete parametry před a po úpravě Standard pro vozidlo: Aston Martin Rapide 6.0 V12 - 476 HP. Modelová řada vyráběná od roku 2010. Úprava tohoto modelu se provádí přes diagnostickou zásuvku. Řídící jednotka motoru od společnosti Ford. Typ řídící jednotky EEC-VI M&S. Předpokládaná doba úpravy tohoto modelu je 1 - 2 hodiny.","numbers":["Výkon HP","476 HP","524 HP","Výkon kW","350 kW","385 kW","Točivý moment Nm","600 Nm","666 Nm","Maximální rychlost","","+ 7 KM/H","Spotřeba město","","-0,50 L / 100 KM","Kombinovaná spotřeba","","-0,40 L / 100 KM","Spotřeba mimo město","","-0,30 L / 100 KM"],"chartPower":"./chartPower/rapide___1036136.png","chartTorque":"./chartTorque/rapide___1036136.png"},{"id":"v12_vantage___1036140","fullName":"ChipTuning - Aston Martin V12 Vantage 6.0 V12 - 517 HP ","desc":"Zvýšení výkonu motoru (chiptuning) vozidla Aston Martin V12 Vantage 6.0 V12 - 517 HP je možné z původních 380 kW (517 HP) až na 418 kW (569 HP) a nárůst točivého momentu ze 570 Nm až na 633 Nm.,Maximální rychlost se po úpravě zvýší o + 7 KM/H a kombinovaná spotřeba se sníží v průměru o -0,70 L / 100 KM.","imgUrl":"./previews/v12_vantage___.png","fullDesc":"Níže naleznete parametry před a po úpravě Standard pro vozidlo: Aston Martin V12 Vantage 6.0 V12 - 517 HP. Modelová řada vyráběná od roku 2009. Úprava tohoto modelu se provádí přes diagnostickou zásuvku. Řídící jednotka motoru od společnosti Ford. Typ řídící jednotky EEC-VI nebo PCM150x. Předpokládaná doba úpravy tohoto modelu je 1 - 2 hodiny.","numbers":["Výkon HP","517 HP","569 HP","Výkon kW","380 kW","418 kW","Točivý moment Nm","570 Nm","633 Nm","Maximální rychlost","","+ 7 KM/H","Spotřeba město","","-0,50 L / 100 KM","Kombinovaná spotřeba","","-0,40 L / 100 KM","Spotřeba mimo město","","-0,30 L / 100 KM"],"chartPower":"./chartPower/v12_vantage___1036140.png","chartTorque":"./chartTorque/v12_vantage___1036140.png"},{"id":"v12_vantage___1036150","fullName":"ChipTuning - Aston Martin V12 Vantage 6.0 V12 Carbon Black Special Edition - 517 HP ","desc":"Zvýšení výkonu motoru (chiptuning) vozidla Aston Martin V12 Vantage 6.0 V12 Carbon Black Special Edition - 517 HP je možné z původních 380 kW (517 HP) až na 418 kW (569 HP) a nárůst točivého momentu ze 570 Nm až na 633 Nm.,Maximální rychlost se po úpravě zvýší o + 7 KM/H a kombinovaná spotřeba se sníží v průměru o -0,70 L / 100 KM.","imgUrl":"./previews/v12_vantage___.png","fullDesc":"Níže naleznete parametry před a po úpravě Standard pro vozidlo: Aston Martin V12 Vantage 6.0 V12 Carbon Black Special Edition - 517 HP. Modelová řada vyráběná od roku 2009. Úprava tohoto modelu se provádí přes diagnostickou zásuvku. Řídící jednotka motoru od společnosti Ford. Typ řídící jednotky EEC-VI nebo PCM150x. Předpokládaná doba úpravy tohoto modelu je 1 - 2 hodiny.","numbers":["Výkon HP","517 HP","569 HP","Výkon kW","380 kW","418 kW","Točivý moment Nm","570 Nm","633 Nm","Maximální rychlost","","+ 7 KM/H","Spotřeba město","","-0,50 L / 100 KM","Kombinovaná spotřeba","","-0,40 L / 100 KM","Spotřeba mimo město","","-0,30 L / 100 KM"],"chartPower":"./chartPower/v12_vantage___1036150.png","chartTorque":"./chartTorque/v12_vantage___1036150.png"},{"id":"v12_vantage roadster___1036156","fullName":"ChipTuning - Aston Martin V12 Vantage Roadster 6.0 V12 - 517 HP ","desc":"Zvýšení výkonu motoru (chiptuning) vozidla Aston Martin V12 Vantage Roadster 6.0 V12 - 517 HP je možné z původních 380 kW (517 HP) až na 418 kW (569 HP) a nárůst točivého momentu ze 570 Nm až na 633 Nm.,Maximální rychlost se po úpravě zvýší o + 7 KM/H a kombinovaná spotřeba se sníží v průměru o -0,70 L / 100 KM.","imgUrl":"./previews/v12_vantage roadster___.png","fullDesc":"Níže naleznete parametry před a po úpravě Standard pro vozidlo: Aston Martin V12 Vantage Roadster 6.0 V12 - 517 HP. Modelová řada vyráběná od roku 2012. Úprava tohoto modelu se provádí přes diagnostickou zásuvku. Řídící jednotka motoru od společnosti Ford. Typ řídící jednotky EEC-VI. Předpokládaná doba úpravy tohoto modelu je 1 - 2 hodiny.","numbers":["Výkon HP","517 HP","569 HP","Výkon kW","380 kW","418 kW","Točivý moment Nm","570 Nm","633 Nm","Maximální rychlost","","+ 7 KM/H","Spotřeba město","","-0,50 L / 100 KM","Kombinovaná spotřeba","","-0,40 L / 100 KM","Spotřeba mimo město","","-0,30 L / 100 KM"],"chartPower":"./chartPower/v12_vantage roadster___1036156.png","chartTorque":"./chartTorque/v12_vantage roadster___1036156.png"},{"id":"v12_vantage s___1036159","fullName":"ChipTuning - Aston Martin V12 Vantage S 6.0 V12 - 573 HP ","desc":"Zvýšení výkonu motoru (chiptuning) vozidla Aston Martin V12 Vantage S 6.0 V12 - 573 HP je možné z původních 421 kW (573 HP) až na 459 kW (625 HP) a nárůst točivého momentu ze 570 Nm až na 633 Nm.,Maximální rychlost se po úpravě zvýší o + 7 KM/H a kombinovaná spotřeba se sníží v průměru o -0,70 L / 100 KM.","imgUrl":"./previews/v12_vantage s___.png","fullDesc":"Níže naleznete parametry před a po úpravě Standard pro vozidlo: Aston Martin V12 Vantage S 6.0 V12 - 573 HP. Modelová řada vyráběná od roku 2013. Úprava tohoto modelu se provádí připojením na konektory řídící jednotky bez rozebírání jednotky. Řídící jednotka motoru od společnosti Bosch. Typ řídící jednotky ME17.8.31. Předpokládaná doba úpravy tohoto modelu je 1.5 - 2.5 hodiny.","numbers":["Výkon HP","573 HP","625 HP","Výkon kW","421 kW","459 kW","Točivý moment Nm","570 Nm","633 Nm","Maximální rychlost","","+ 7 KM/H","Spotřeba město","","-0,50 L / 100 KM","Kombinovaná spotřeba","","-0,40 L / 100 KM","Spotřeba mimo město","","-0,30 L / 100 KM"],"chartPower":"./chartPower/v12_vantage s___1036159.png","chartTorque":"./chartTorque/v12_vantage s___1036159.png"},{"id":"v12_vantage s roadster___1036165","fullName":"ChipTuning - Aston Martin V12 Vantage S Roadster 6.0 V12 - 573 HP ","desc":"Zvýšení výkonu motoru (chiptuning) vozidla Aston Martin V12 Vantage S Roadster 6.0 V12 - 573 HP je možné z původních 421 kW (573 HP) až na 459 kW (625 HP) a nárůst točivého momentu ze 570 Nm až na 633 Nm.,Maximální rychlost se po úpravě zvýší o + 7 KM/H a kombinovaná spotřeba se sníží v průměru o -0,70 L / 100 KM.","imgUrl":"./previews/v12_vantage s roadster___.png","fullDesc":"Níže naleznete parametry před a po úpravě Standard pro vozidlo: Aston Martin V12 Vantage S Roadster 6.0 V12 - 573 HP. Modelová řada vyráběná od roku 2014. Úprava tohoto modelu se provádí připojením na konektory řídící jednotky bez rozebírání jednotky. Řídící jednotka motoru od společnosti Bosch. Typ řídící jednotky ME17.8.31. Předpokládaná doba úpravy tohoto modelu je 1.5 - 2.5 hodiny.","numbers":["Výkon HP","573 HP","625 HP","Výkon kW","421 kW","459 kW","Točivý moment Nm","570 Nm","633 Nm","Maximální rychlost","","+ 7 KM/H","Spotřeba město","","-0,50 L / 100 KM","Kombinovaná spotřeba","","-0,40 L / 100 KM","Spotřeba mimo město","","-0,30 L / 100 KM"],"chartPower":"./chartPower/v12_vantage s roadster___1036165.png","chartTorque":"./chartTorque/v12_vantage s roadster___1036165.png"},{"id":"v12_zagato___1036169","fullName":"ChipTuning - Aston Martin V12 Zagato 6.0 V12 S - 517 HP ","desc":"Zvýšení výkonu motoru (chiptuning) vozidla Aston Martin V12 Zagato 6.0 V12 S - 517 HP je možné z původních 380 kW (517 HP) až na 418 kW (569 HP) a nárůst točivého momentu ze 570 Nm až na 633 Nm.,Maximální rychlost se po úpravě zvýší o + 7 KM/H a kombinovaná spotřeba se sníží v průměru o -0,70 L / 100 KM.","imgUrl":"./previews/v12_zagato___.png","fullDesc":"Níže naleznete parametry před a po úpravě Standard pro vozidlo: Aston Martin V12 Zagato 6.0 V12 S - 517 HP. Modelová řada vyráběná od roku 2012. Úprava tohoto modelu se provádí přes diagnostickou zásuvku. Řídící jednotka motoru od společnosti Ford. Typ řídící jednotky EEC-VI. Předpokládaná doba úpravy tohoto modelu je 1 - 2 hodiny.","numbers":["Výkon HP","517 HP","569 HP","Výkon kW","380 kW","418 kW","Točivý moment Nm","570 Nm","633 Nm","Maximální rychlost","","+ 7 KM/H","Spotřeba město","","-0,50 L / 100 KM","Kombinovaná spotřeba","","-0,40 L / 100 KM","Spotřeba mimo město","","-0,30 L / 100 KM"],"chartPower":"./chartPower/v12_zagato___1036169.png","chartTorque":"./chartTorque/v12_zagato___1036169.png"},{"id":"v8_vantage___1036172","fullName":"ChipTuning - Aston Martin V8 Vantage 4.3 V8 - 385 HP ","desc":"Zvýšení výkonu motoru (chiptuning) vozidla Aston Martin V8 Vantage 4.3 V8 - 385 HP je možné z původních 283 kW (385 HP) až na 311 kW (424 HP) a nárůst točivého momentu ze 410 Nm až na 455 Nm.,Maximální rychlost se po úpravě zvýší o + 7 KM/H a kombinovaná spotřeba se sníží v průměru o -0,70 L / 100 KM.","imgUrl":"./previews/v8_vantage___.png","fullDesc":"Níže naleznete parametry před a po úpravě Standard pro vozidlo: Aston Martin V8 Vantage 4.3 V8 - 385 HP. Modelová řada vyráběná od roku 2005. Úprava tohoto modelu se provádí přes diagnostickou zásuvku. Řídící jednotka motoru od společnosti Ford. Typ řídící jednotky EEC-VI. Předpokládaná doba úpravy tohoto modelu je 1 - 2 hodiny.","numbers":["Výkon HP","385 HP","424 HP","Výkon kW","283 kW","311 kW","Točivý moment Nm","410 Nm","455 Nm","Maximální rychlost","","+ 7 KM/H","Spotřeba město","","-0,50 L / 100 KM","Kombinovaná spotřeba","","-0,40 L / 100 KM","Spotřeba mimo město","","-0,30 L / 100 KM"],"chartPower":"./chartPower/v8_vantage___1036172.png","chartTorque":"./chartTorque/v8_vantage___1036172.png"},{"id":"v8_vantage___1036176","fullName":"ChipTuning - Aston Martin V8 Vantage 4.3 V8 N24 - 415 HP ","desc":"Zvýšení výkonu motoru (chiptuning) vozidla Aston Martin V8 Vantage 4.3 V8 N24 - 415 HP je možné z původních 305 kW (415 HP) až na 336 kW (457 HP) a nárůst točivého momentu ze 425 Nm až na 472 Nm.,Maximální rychlost se po úpravě zvýší o + 7 KM/H a kombinovaná spotřeba se sníží v průměru o -0,70 L / 100 KM.","imgUrl":"./previews/v8_vantage___.png","fullDesc":"Níže naleznete parametry před a po úpravě Standard pro vozidlo: Aston Martin V8 Vantage 4.3 V8 N24 - 415 HP. Modelová řada vyráběná od roku 2007. Úprava tohoto modelu se provádí přes diagnostickou zásuvku. Řídící jednotka motoru od společnosti Ford. Typ řídící jednotky EEC-VI. Předpokládaná doba úpravy tohoto modelu je 1 - 2 hodiny.","numbers":["Výkon HP","415 HP","457 HP","Výkon kW","305 kW","336 kW","Točivý moment Nm","425 Nm","472 Nm","Maximální rychlost","","+ 7 KM/H","Spotřeba město","","-0,50 L / 100 KM","Kombinovaná spotřeba","","-0,40 L / 100 KM","Spotřeba mimo město","","-0,30 L / 100 KM"],"chartPower":"./chartPower/v8_vantage___1036176.png","chartTorque":"./chartTorque/v8_vantage___1036176.png"},{"id":"v8_vantage___1036178","fullName":"ChipTuning - Aston Martin V8 Vantage 4.3 V8 N400 - 405 HP ","desc":"Zvýšení výkonu motoru (chiptuning) vozidla Aston Martin V8 Vantage 4.3 V8 N400 - 405 HP je možné z původních 298 kW (405 HP) až na 328 kW (446 HP) a nárůst točivého momentu ze 410 Nm až na 455 Nm.,Maximální rychlost se po úpravě zvýší o + 7 KM/H a kombinovaná spotřeba se sníží v průměru o -0,70 L / 100 KM.","imgUrl":"./previews/v8_vantage___.png","fullDesc":"Níže naleznete parametry před a po úpravě Standard pro vozidlo: Aston Martin V8 Vantage 4.3 V8 N400 - 405 HP. Modelová řada vyráběná od roku 2007. Úprava tohoto modelu se provádí přes diagnostickou zásuvku. Řídící jednotka motoru od společnosti Ford. Typ řídící jednotky EEC-VI. Předpokládaná doba úpravy tohoto modelu je 1 - 2 hodiny.","numbers":["Výkon HP","405 HP","446 HP","Výkon kW","298 kW","328 kW","Točivý moment Nm","410 Nm","455 Nm","Maximální rychlost","","+ 7 KM/H","Spotřeba město","","-0,50 L / 100 KM","Kombinovaná spotřeba","","-0,40 L / 100 KM","Spotřeba mimo město","","-0,30 L / 100 KM"],"chartPower":"./chartPower/v8_vantage___1036178.png","chartTorque":"./chartTorque/v8_vantage___1036178.png"},{"id":"v8_vantage___1036180","fullName":"ChipTuning - Aston Martin V8 Vantage 4.3 V8 N400 Sportshift - 405 HP ","desc":"Zvýšení výkonu motoru (chiptuning) vozidla Aston Martin V8 Vantage 4.3 V8 N400 Sportshift - 405 HP je možné z původních 298 kW (405 HP) až na 328 kW (446 HP) a nárůst točivého momentu ze 410 Nm až na 455 Nm.,Maximální rychlost se po úpravě zvýší o + 7 KM/H a kombinovaná spotřeba se sníží v průměru o -0,70 L / 100 KM.","imgUrl":"./previews/v8_vantage___.png","fullDesc":"Níže naleznete parametry před a po úpravě Standard pro vozidlo: Aston Martin V8 Vantage 4.3 V8 N400 Sportshift - 405 HP. Modelová řada vyráběná od roku 2007. Úprava tohoto modelu se provádí přes diagnostickou zásuvku. Řídící jednotka motoru od společnosti Ford. Typ řídící jednotky EEC-VI. Předpokládaná doba úpravy tohoto modelu je 1 - 2 hodiny.","numbers":["Výkon HP","405 HP","446 HP","Výkon kW","298 kW","328 kW","Točivý moment Nm","410 Nm","455 Nm","Maximální rychlost","","+ 7 KM/H","Spotřeba město","","-0,50 L / 100 KM","Kombinovaná spotřeba","","-0,40 L / 100 KM","Spotřeba mimo město","","-0,30 L / 100 KM"],"chartPower":"./chartPower/v8_vantage___1036180.png","chartTorque":"./chartTorque/v8_vantage___1036180.png"},{"id":"v8_vantage___1036182","fullName":"ChipTuning - Aston Martin V8 Vantage 4.3 V8 N420 - 426 HP ","desc":"Zvýšení výkonu motoru (chiptuning) vozidla Aston Martin V8 Vantage 4.3 V8 N420 - 426 HP je možné z původních 313 kW (426 HP) až na 344 kW (469 HP) a nárůst točivého momentu ze 470 Nm až na 522 Nm.,Maximální rychlost se po úpravě zvýší o + 7 KM/H a kombinovaná spotřeba se sníží v průměru o -0,70 L / 100 KM.","imgUrl":"./previews/v8_vantage___.png","fullDesc":"Níže naleznete parametry před a po úpravě Standard pro vozidlo: Aston Martin V8 Vantage 4.3 V8 N420 - 426 HP. Modelová řada vyráběná od roku 2010. Úprava tohoto modelu se provádí přes diagnostickou zásuvku. Řídící jednotka motoru od společnosti Ford. Typ řídící jednotky EEC-VI. Předpokládaná doba úpravy tohoto modelu je 1 - 2 hodiny.","numbers":["Výkon HP","426 HP","469 HP","Výkon kW","313 kW","344 kW","Točivý moment Nm","470 Nm","522 Nm","Maximální rychlost","","+ 7 KM/H","Spotřeba město","","-0,50 L / 100 KM","Kombinovaná spotřeba","","-0,40 L / 100 KM","Spotřeba mimo město","","-0,30 L / 100 KM"],"chartPower":"./chartPower/v8_vantage___1036182.png","chartTorque":"./chartTorque/v8_vantage___1036182.png"},{"id":"v8_vantage___1036184","fullName":"ChipTuning - Aston Martin V8 Vantage 4.3 V8 N420 Sportshift3 - 426 HP ","desc":"Zvýšení výkonu motoru (chiptuning) vozidla Aston Martin V8 Vantage 4.3 V8 N420 Sportshift3 - 426 HP je možné z původních 313 kW (426 HP) až na 366 kW (498 HP) a nárůst točivého momentu ze 470 Nm až na 589 Nm.,Maximální rychlost se po úpravě zvýší o + 16 KM/H a kombinovaná spotřeba se sníží v průměru o -1,20 L / 100 KM.","imgUrl":"./previews/v8_vantage___.png","fullDesc":"Níže naleznete parametry před a po úpravě Standard pro vozidlo: Aston Martin V8 Vantage 4.3 V8 N420 Sportshift3 - 426 HP. Modelová řada vyráběná od roku 2010. Úprava tohoto modelu se provádí přes diagnostickou zásuvku. Řídící jednotka motoru od společnosti Ford. Typ řídící jednotky EEC-VI. Předpokládaná doba úpravy tohoto modelu je 1 - 2 hodiny.","numbers":["Výkon HP","426 HP","481 HP","Výkon kW","313 kW","354 kW","Točivý moment Nm","470 Nm","555 Nm","Maximální rychlost","","+ 12 KM/H","Spotřeba město","","-0,80 L / 100 KM","Kombinovaná spotřeba","","-0,70 L / 100 KM","Spotřeba mimo město","","-0,65 L / 100 KM"],"chartPower":"./chartPower/v8_vantage___1036184.png","chartTorque":"./chartTorque/v8_vantage___1036184.png"},{"id":"v8_vantage___1036186","fullName":"ChipTuning - Aston Martin V8 Vantage 4.3 V8 Sportshift - 385 HP ","desc":"Zvýšení výkonu motoru (chiptuning) vozidla Aston Martin V8 Vantage 4.3 V8 Sportshift - 385 HP je možné z původních 283 kW (385 HP) až na 311 kW (424 HP) a nárůst točivého momentu ze 410 Nm až na 455 Nm.,Maximální rychlost se po úpravě zvýší o + 7 KM/H a kombinovaná spotřeba se sníží v průměru o -0,70 L / 100 KM.","imgUrl":"./previews/v8_vantage___.png","fullDesc":"Níže naleznete parametry před a po úpravě Standard pro vozidlo: Aston Martin V8 Vantage 4.3 V8 Sportshift - 385 HP. Modelová řada vyráběná od roku 2006. Úprava tohoto modelu se provádí přes diagnostickou zásuvku. Řídící jednotka motoru od společnosti Ford. Typ řídící jednotky EEC-VI. Předpokládaná doba úpravy tohoto modelu je 1 - 2 hodiny.","numbers":["Výkon HP","385 HP","424 HP","Výkon kW","283 kW","311 kW","Točivý moment Nm","410 Nm","455 Nm","Maximální rychlost","","+ 7 KM/H","Spotřeba město","","-0,50 L / 100 KM","Kombinovaná spotřeba","","-0,40 L / 100 KM","Spotřeba mimo město","","-0,30 L / 100 KM"],"chartPower":"./chartPower/v8_vantage___1036186.png","chartTorque":"./chartTorque/v8_vantage___1036186.png"},{"id":"v8_vantage___1036189","fullName":"ChipTuning - Aston Martin V8 Vantage 4.7 V8 - 426 HP ","desc":"Zvýšení výkonu motoru (chiptuning) vozidla Aston Martin V8 Vantage 4.7 V8 - 426 HP je možné z původních 313 kW (426 HP) až na 344 kW (469 HP) a nárůst točivého momentu ze 470 Nm až na 522 Nm.,Maximální rychlost se po úpravě zvýší o + 7 KM/H a kombinovaná spotřeba se sníží v průměru o -0,70 L / 100 KM.","imgUrl":"./previews/v8_vantage___.png","fullDesc":"Níže naleznete parametry před a po úpravě Standard pro vozidlo: Aston Martin V8 Vantage 4.7 V8 - 426 HP. Modelová řada vyráběná od roku 2009. Úprava tohoto modelu se provádí přes diagnostickou zásuvku. Řídící jednotka motoru od společnosti Ford. Typ řídící jednotky EEC-VI. Předpokládaná doba úpravy tohoto modelu je 1 - 2 hodiny.","numbers":["Výkon HP","426 HP","469 HP","Výkon kW","313 kW","344 kW","Točivý moment Nm","470 Nm","522 Nm","Maximální rychlost","","+ 7 KM/H","Spotřeba město","","-0,50 L / 100 KM","Kombinovaná spotřeba","","-0,40 L / 100 KM","Spotřeba mimo město","","-0,30 L / 100 KM"],"chartPower":"./chartPower/v8_vantage___1036189.png","chartTorque":"./chartTorque/v8_vantage___1036189.png"},{"id":"v8_vantage___1036196","fullName":"ChipTuning - Aston Martin V8 Vantage 4.7 V8 N430 6-speed - 437 HP ","desc":"Zvýšení výkonu motoru (chiptuning) vozidla Aston Martin V8 Vantage 4.7 V8 N430 6-speed - 437 HP je možné z původních 321 kW (437 HP) až na 353 kW (481 HP) a nárůst točivého momentu ze 490 Nm až na 544 Nm.,Maximální rychlost se po úpravě zvýší o + 7 KM/H a kombinovaná spotřeba se sníží v průměru o -0,70 L / 100 KM.","imgUrl":"./previews/v8_vantage___.png","fullDesc":"Níže naleznete parametry před a po úpravě Standard pro vozidlo: Aston Martin V8 Vantage 4.7 V8 N430 6-speed - 437 HP. Modelová řada vyráběná od roku 2014. Úprava tohoto modelu se provádí přes diagnostickou zásuvku. Řídící jednotka motoru od společnosti Ford. Typ řídící jednotky EEC-VI. Předpokládaná doba úpravy tohoto modelu je 1 - 2 hodiny.","numbers":["Výkon HP","437 HP","481 HP","Výkon kW","321 kW","353 kW","Točivý moment Nm","490 Nm","544 Nm","Maximální rychlost","","+ 7 KM/H","Spotřeba město","","-0,50 L / 100 KM","Kombinovaná spotřeba","","-0,40 L / 100 KM","Spotřeba mimo město","","-0,30 L / 100 KM"],"chartPower":"./chartPower/v8_vantage___1036196.png","chartTorque":"./chartTorque/v8_vantage___1036196.png"},{"id":"v8_vantage___1036198","fullName":"ChipTuning - Aston Martin V8 Vantage 4.7 V8 N430 Sportshift - 437 HP ","desc":"Zvýšení výkonu motoru (chiptuning) vozidla Aston Martin V8 Vantage 4.7 V8 N430 Sportshift - 437 HP je možné z původních 321 kW (437 HP) až na 353 kW (481 HP) a nárůst točivého momentu ze 490 Nm až na 544 Nm.,Maximální rychlost se po úpravě zvýší o + 7 KM/H a kombinovaná spotřeba se sníží v průměru o -0,70 L / 100 KM.","imgUrl":"./previews/v8_vantage___.png","fullDesc":"Níže naleznete parametry před a po úpravě Standard pro vozidlo: Aston Martin V8 Vantage 4.7 V8 N430 Sportshift - 437 HP. Modelová řada vyráběná od roku 2014. Úprava tohoto modelu se provádí přes diagnostickou zásuvku. Řídící jednotka motoru od společnosti Ford. Typ řídící jednotky EEC-VI. Předpokládaná doba úpravy tohoto modelu je 1 - 2 hodiny.","numbers":["Výkon HP","437 HP","481 HP","Výkon kW","321 kW","353 kW","Točivý moment Nm","490 Nm","544 Nm","Maximální rychlost","","+ 7 KM/H","Spotřeba město","","-0,50 L / 100 KM","Kombinovaná spotřeba","","-0,40 L / 100 KM","Spotřeba mimo město","","-0,30 L / 100 KM"],"chartPower":"./chartPower/v8_vantage___1036198.png","chartTorque":"./chartTorque/v8_vantage___1036198.png"},{"id":"v8_vantage___1036200","fullName":"ChipTuning - Aston Martin V8 Vantage 4.7 V8 Sportshift - 426 HP ","desc":"Zvýšení výkonu motoru (chiptuning) vozidla Aston Martin V8 Vantage 4.7 V8 Sportshift - 426 HP je možné z původních 313 kW (426 HP) až na 344 kW (469 HP) a nárůst točivého momentu ze 470 Nm až na 522 Nm.,Maximální rychlost se po úpravě zvýší o + 7 KM/H a kombinovaná spotřeba se sníží v průměru o -0,70 L / 100 KM.","imgUrl":"./previews/v8_vantage___.png","fullDesc":"Níže naleznete parametry před a po úpravě Standard pro vozidlo: Aston Martin V8 Vantage 4.7 V8 Sportshift - 426 HP. Modelová řada vyráběná od roku 2009. Úprava tohoto modelu se provádí přes diagnostickou zásuvku. Řídící jednotka motoru od společnosti Ford. Typ řídící jednotky EEC-VI. Předpokládaná doba úpravy tohoto modelu je 1 - 2 hodiny.","numbers":["Výkon HP","426 HP","469 HP","Výkon kW","313 kW","344 kW","Točivý moment Nm","470 Nm","522 Nm","Maximální rychlost","","+ 7 KM/H","Spotřeba město","","-0,50 L / 100 KM","Kombinovaná spotřeba","","-0,40 L / 100 KM","Spotřeba mimo město","","-0,30 L / 100 KM"],"chartPower":"./chartPower/v8_vantage___1036200.png","chartTorque":"./chartTorque/v8_vantage___1036200.png"},{"id":"v8_vantage roadster___1036207","fullName":"ChipTuning - Aston Martin V8 Vantage Roadster 4.3 V8 - 385 HP ","desc":"Zvýšení výkonu motoru (chiptuning) vozidla Aston Martin V8 Vantage Roadster 4.3 V8 - 385 HP je možné z původních 283 kW (385 HP) až na 311 kW (424 HP) a nárůst točivého momentu ze 410 Nm až na 455 Nm.,Maximální rychlost se po úpravě zvýší o + 7 KM/H a kombinovaná spotřeba se sníží v průměru o -0,70 L / 100 KM.","imgUrl":"./previews/v8_vantage roadster___.png","fullDesc":"Níže naleznete parametry před a po úpravě Standard pro vozidlo: Aston Martin V8 Vantage Roadster 4.3 V8 - 385 HP. Modelová řada vyráběná od roku 2006. Úprava tohoto modelu se provádí přes diagnostickou zásuvku. Řídící jednotka motoru od společnosti Ford. Typ řídící jednotky EEC-VI. Předpokládaná doba úpravy tohoto modelu je 1 - 2 hodiny.","numbers":["Výkon HP","385 HP","424 HP","Výkon kW","283 kW","311 kW","Točivý moment Nm","410 Nm","455 Nm","Maximální rychlost","","+ 7 KM/H","Spotřeba město","","-0,50 L / 100 KM","Kombinovaná spotřeba","","-0,40 L / 100 KM","Spotřeba mimo město","","-0,30 L / 100 KM"],"chartPower":"./chartPower/v8_vantage roadster___1036207.png","chartTorque":"./chartTorque/v8_vantage roadster___1036207.png"},{"id":"v8_vantage roadster___1036210","fullName":"ChipTuning - Aston Martin V8 Vantage Roadster 4.3 V8 N400 - 405 HP ","desc":"Zvýšení výkonu motoru (chiptuning) vozidla Aston Martin V8 Vantage Roadster 4.3 V8 N400 - 405 HP je možné z původních 298 kW (405 HP) až na 328 kW (446 HP) a nárůst točivého momentu ze 410 Nm až na 455 Nm.,Maximální rychlost se po úpravě zvýší o + 7 KM/H a kombinovaná spotřeba se sníží v průměru o -0,70 L / 100 KM.","imgUrl":"./previews/v8_vantage roadster___.png","fullDesc":"Níže naleznete parametry před a po úpravě Standard pro vozidlo: Aston Martin V8 Vantage Roadster 4.3 V8 N400 - 405 HP. Modelová řada vyráběná od roku 2007. Úprava tohoto modelu se provádí přes diagnostickou zásuvku. Řídící jednotka motoru od společnosti Ford. Typ řídící jednotky EEC-VI. Předpokládaná doba úpravy tohoto modelu je 1 - 2 hodiny.","numbers":["Výkon HP","405 HP","446 HP","Výkon kW","298 kW","328 kW","Točivý moment Nm","410 Nm","455 Nm","Maximální rychlost","","+ 7 KM/H","Spotřeba město","","-0,50 L / 100 KM","Kombinovaná spotřeba","","-0,40 L / 100 KM","Spotřeba mimo město","","-0,30 L / 100 KM"],"chartPower":"./chartPower/v8_vantage roadster___1036210.png","chartTorque":"./chartTorque/v8_vantage roadster___1036210.png"},{"id":"v8_vantage roadster___1036212","fullName":"ChipTuning - Aston Martin V8 Vantage Roadster 4.3 V8 N400 Sportshift - 405 HP ","desc":"Zvýšení výkonu motoru (chiptuning) vozidla Aston Martin V8 Vantage Roadster 4.3 V8 N400 Sportshift - 405 HP je možné z původních 298 kW (405 HP) až na 328 kW (446 HP) a nárůst točivého momentu ze 410 Nm až na 455 Nm.,Maximální rychlost se po úpravě zvýší o + 7 KM/H a kombinovaná spotřeba se sníží v průměru o -0,70 L / 100 KM.","imgUrl":"./previews/v8_vantage roadster___.png","fullDesc":"Níže naleznete parametry před a po úpravě Standard pro vozidlo: Aston Martin V8 Vantage Roadster 4.3 V8 N400 Sportshift - 405 HP. Modelová řada vyráběná od roku 2007. Úprava tohoto modelu se provádí přes diagnostickou zásuvku. Řídící jednotka motoru od společnosti Ford. Typ řídící jednotky EEC-VI. Předpokládaná doba úpravy tohoto modelu je 1 - 2 hodiny.","numbers":["Výkon HP","405 HP","446 HP","Výkon kW","298 kW","328 kW","Točivý moment Nm","410 Nm","455 Nm","Maximální rychlost","","+ 7 KM/H","Spotřeba město","","-0,50 L / 100 KM","Kombinovaná spotřeba","","-0,40 L / 100 KM","Spotřeba mimo město","","-0,30 L / 100 KM"],"chartPower":"./chartPower/v8_vantage roadster___1036212.png","chartTorque":"./chartTorque/v8_vantage roadster___1036212.png"},{"id":"v8_vantage roadster___1036214","fullName":"ChipTuning - Aston Martin V8 Vantage Roadster 4.3 V8 N420 - 426 HP ","desc":"Zvýšení výkonu motoru (chiptuning) vozidla Aston Martin V8 Vantage Roadster 4.3 V8 N420 - 426 HP je možné z původních 313 kW (426 HP) až na 344 kW (469 HP) a nárůst točivého momentu ze 470 Nm až na 522 Nm.,Maximální rychlost se po úpravě zvýší o + 7 KM/H a kombinovaná spotřeba se sníží v průměru o -0,70 L / 100 KM.","imgUrl":"./previews/v8_vantage roadster___.png","fullDesc":"Níže naleznete parametry před a po úpravě Standard pro vozidlo: Aston Martin V8 Vantage Roadster 4.3 V8 N420 - 426 HP. Modelová řada vyráběná od roku 2010. Úprava tohoto modelu se provádí přes diagnostickou zásuvku. Řídící jednotka motoru od společnosti Ford. Typ řídící jednotky EEC-VI. Předpokládaná doba úpravy tohoto modelu je 1 - 2 hodiny.","numbers":["Výkon HP","426 HP","469 HP","Výkon kW","313 kW","344 kW","Točivý moment Nm","470 Nm","522 Nm","Maximální rychlost","","+ 7 KM/H","Spotřeba město","","-0,50 L / 100 KM","Kombinovaná spotřeba","","-0,40 L / 100 KM","Spotřeba mimo město","","-0,30 L / 100 KM"],"chartPower":"./chartPower/v8_vantage roadster___1036214.png","chartTorque":"./chartTorque/v8_vantage roadster___1036214.png"},{"id":"v8_vantage roadster___1036216","fullName":"ChipTuning - Aston Martin V8 Vantage Roadster 4.3 V8 N420 Sportshift3 - 426 HP ","desc":"Zvýšení výkonu motoru (chiptuning) vozidla Aston Martin V8 Vantage Roadster 4.3 V8 N420 Sportshift3 - 426 HP je možné z původních 313 kW (426 HP) až na 366 kW (498 HP) a nárůst točivého momentu ze 470 Nm až na 589 Nm.,Maximální rychlost se po úpravě zvýší o + 16 KM/H a kombinovaná spotřeba se sníží v průměru o -1,20 L / 100 KM.","imgUrl":"./previews/v8_vantage roadster___.png","fullDesc":"Níže naleznete parametry před a po úpravě Standard pro vozidlo: Aston Martin V8 Vantage Roadster 4.3 V8 N420 Sportshift3 - 426 HP. Modelová řada vyráběná od roku 2010. Úprava tohoto modelu se provádí přes diagnostickou zásuvku. Řídící jednotka motoru od společnosti Ford. Typ řídící jednotky EEC-VI. Předpokládaná doba úpravy tohoto modelu je 1 - 2 hodiny.","numbers":["Výkon HP","426 HP","481 HP","Výkon kW","313 kW","354 kW","Točivý moment Nm","470 Nm","555 Nm","Maximální rychlost","","+ 12 KM/H","Spotřeba město","","-0,80 L / 100 KM","Kombinovaná spotřeba","","-0,70 L / 100 KM","Spotřeba mimo město","","-0,65 L / 100 KM"],"chartPower":"./chartPower/v8_vantage roadster___1036216.png","chartTorque":"./chartTorque/v8_vantage roadster___1036216.png"},{"id":"v8_vantage roadster___1036218","fullName":"ChipTuning - Aston Martin V8 Vantage Roadster 4.3 V8 Sportshift - 385 HP ","desc":"Zvýšení výkonu motoru (chiptuning) vozidla Aston Martin V8 Vantage Roadster 4.3 V8 Sportshift - 385 HP je možné z původních 283 kW (385 HP) až na 311 kW (424 HP) a nárůst točivého momentu ze 410 Nm až na 455 Nm.,Maximální rychlost se po úpravě zvýší o + 7 KM/H a kombinovaná spotřeba se sníží v průměru o -0,70 L / 100 KM.","imgUrl":"./previews/v8_vantage roadster___.png","fullDesc":"Níže naleznete parametry před a po úpravě Standard pro vozidlo: Aston Martin V8 Vantage Roadster 4.3 V8 Sportshift - 385 HP. Modelová řada vyráběná od roku 2006. Úprava tohoto modelu se provádí přes diagnostickou zásuvku. Řídící jednotka motoru od společnosti Ford. Typ řídící jednotky EEC-VI. Předpokládaná doba úpravy tohoto modelu je 1 - 2 hodiny.","numbers":["Výkon HP","385 HP","424 HP","Výkon kW","283 kW","311 kW","Točivý moment Nm","410 Nm","455 Nm","Maximální rychlost","","+ 7 KM/H","Spotřeba město","","-0,50 L / 100 KM","Kombinovaná spotřeba","","-0,40 L / 100 KM","Spotřeba mimo město","","-0,30 L / 100 KM"],"chartPower":"./chartPower/v8_vantage roadster___1036218.png","chartTorque":"./chartTorque/v8_vantage roadster___1036218.png"},{"id":"v8_vantage roadster___1036221","fullName":"ChipTuning - Aston Martin V8 Vantage Roadster 4.7 V8 - 426 HP ","desc":"Zvýšení výkonu motoru (chiptuning) vozidla Aston Martin V8 Vantage Roadster 4.7 V8 - 426 HP je možné z původních 313 kW (426 HP) až na 344 kW (469 HP) a nárůst točivého momentu ze 470 Nm až na 522 Nm.,Maximální rychlost se po úpravě zvýší o + 7 KM/H a kombinovaná spotřeba se sníží v průměru o -0,70 L / 100 KM.","imgUrl":"./previews/v8_vantage roadster___.png","fullDesc":"Níže naleznete parametry před a po úpravě Standard pro vozidlo: Aston Martin V8 Vantage Roadster 4.7 V8 - 426 HP. Modelová řada vyráběná od roku 2009. Úprava tohoto modelu se provádí přes diagnostickou zásuvku. Řídící jednotka motoru od společnosti Ford. Typ řídící jednotky EEC-VI. Předpokládaná doba úpravy tohoto modelu je 1 - 2 hodiny.","numbers":["Výkon HP","426 HP","469 HP","Výkon kW","313 kW","344 kW","Točivý moment Nm","470 Nm","522 Nm","Maximální rychlost","","+ 7 KM/H","Spotřeba město","","-0,50 L / 100 KM","Kombinovaná spotřeba","","-0,40 L / 100 KM","Spotřeba mimo město","","-0,30 L / 100 KM"],"chartPower":"./chartPower/v8_vantage roadster___1036221.png","chartTorque":"./chartTorque/v8_vantage roadster___1036221.png"},{"id":"v8_vantage roadster___1036228","fullName":"ChipTuning - Aston Martin V8 Vantage Roadster 4.7 V8 N430 6-speed - 437 HP ","desc":"Zvýšení výkonu motoru (chiptuning) vozidla Aston Martin V8 Vantage Roadster 4.7 V8 N430 6-speed - 437 HP je možné z původních 321 kW (437 HP) až na 353 kW (481 HP) a nárůst točivého momentu ze 490 Nm až na 544 Nm.,Maximální rychlost se po úpravě zvýší o + 7 KM/H a kombinovaná spotřeba se sníží v průměru o -0,70 L / 100 KM.","imgUrl":"./previews/v8_vantage roadster___.png","fullDesc":"Níže naleznete parametry před a po úpravě Standard pro vozidlo: Aston Martin V8 Vantage Roadster 4.7 V8 N430 6-speed - 437 HP. Modelová řada vyráběná od roku 2014. Úprava tohoto modelu se provádí přes diagnostickou zásuvku. Řídící jednotka motoru od společnosti Ford. Typ řídící jednotky EEC-VI. Předpokládaná doba úpravy tohoto modelu je 1 - 2 hodiny.","numbers":["Výkon HP","437 HP","481 HP","Výkon kW","321 kW","353 kW","Točivý moment Nm","490 Nm","544 Nm","Maximální rychlost","","+ 7 KM/H","Spotřeba město","","-0,50 L / 100 KM","Kombinovaná spotřeba","","-0,40 L / 100 KM","Spotřeba mimo město","","-0,30 L / 100 KM"],"chartPower":"./chartPower/v8_vantage roadster___1036228.png","chartTorque":"./chartTorque/v8_vantage roadster___1036228.png"},{"id":"v8_vantage roadster___1036230","fullName":"ChipTuning - Aston Martin V8 Vantage Roadster 4.7 V8 N430 Sportshift - 437 HP ","desc":"Zvýšení výkonu motoru (chiptuning) vozidla Aston Martin V8 Vantage Roadster 4.7 V8 N430 Sportshift - 437 HP je možné z původních 321 kW (437 HP) až na 353 kW (481 HP) a nárůst točivého momentu ze 490 Nm až na 544 Nm.,Maximální rychlost se po úpravě zvýší o + 7 KM/H a kombinovaná spotřeba se sníží v průměru o -0,70 L / 100 KM.","imgUrl":"./previews/v8_vantage roadster___.png","fullDesc":"Níže naleznete parametry před a po úpravě Standard pro vozidlo: Aston Martin V8 Vantage Roadster 4.7 V8 N430 Sportshift - 437 HP. Modelová řada vyráběná od roku 2014. Úprava tohoto modelu se provádí přes diagnostickou zásuvku. Řídící jednotka motoru od společnosti Ford. Typ řídící jednotky EEC-VI. Předpokládaná doba úpravy tohoto modelu je 1 - 2 hodiny.","numbers":["Výkon HP","437 HP","481 HP","Výkon kW","321 kW","353 kW","Točivý moment Nm","490 Nm","544 Nm","Maximální rychlost","","+ 7 KM/H","Spotřeba město","","-0,50 L / 100 KM","Kombinovaná spotřeba","","-0,40 L / 100 KM","Spotřeba mimo město","","-0,30 L / 100 KM"],"chartPower":"./chartPower/v8_vantage roadster___1036230.png","chartTorque":"./chartTorque/v8_vantage roadster___1036230.png"},{"id":"v8_vantage roadster___1036232","fullName":"ChipTuning - Aston Martin V8 Vantage Roadster 4.7 V8 Sportshift - 426 HP ","desc":"Zvýšení výkonu motoru (chiptuning) vozidla Aston Martin V8 Vantage Roadster 4.7 V8 Sportshift - 426 HP je možné z původních 313 kW (426 HP) až na 344 kW (469 HP) a nárůst točivého momentu ze 470 Nm až na 522 Nm.,Maximální rychlost se po úpravě zvýší o + 7 KM/H a kombinovaná spotřeba se sníží v průměru o -0,70 L / 100 KM.","imgUrl":"./previews/v8_vantage roadster___.png","fullDesc":"Níže naleznete parametry před a po úpravě Standard pro vozidlo: Aston Martin V8 Vantage Roadster 4.7 V8 Sportshift - 426 HP. Modelová řada vyráběná od roku 2009. Úprava tohoto modelu se provádí přes diagnostickou zásuvku. Řídící jednotka motoru od společnosti Ford. Typ řídící jednotky EEC-VI. Předpokládaná doba úpravy tohoto modelu je 1 - 2 hodiny.","numbers":["Výkon HP","426 HP","469 HP","Výkon kW","313 kW","344 kW","Točivý moment Nm","470 Nm","522 Nm","Maximální rychlost","","+ 7 KM/H","Spotřeba město","","-0,50 L / 100 KM","Kombinovaná spotřeba","","-0,40 L / 100 KM","Spotřeba mimo město","","-0,30 L / 100 KM"],"chartPower":"./chartPower/v8_vantage roadster___1036232.png","chartTorque":"./chartTorque/v8_vantage roadster___1036232.png"},{"id":"v8_vantage s___1036239","fullName":"ChipTuning - Aston Martin V8 Vantage S 4.7 V8 - 426 HP ","desc":"Zvýšení výkonu motoru (chiptuning) vozidla Aston Martin V8 Vantage S 4.7 V8 - 426 HP je možné z původních 313 kW (426 HP) až na 344 kW (469 HP) a nárůst točivého momentu ze 470 Nm až na 522 Nm.,Maximální rychlost se po úpravě zvýší o + 7 KM/H a kombinovaná spotřeba se sníží v průměru o -0,70 L / 100 KM.","imgUrl":"./previews/v8_vantage s___.png","fullDesc":"Níže naleznete parametry před a po úpravě Standard pro vozidlo: Aston Martin V8 Vantage S 4.7 V8 - 426 HP. Modelová řada vyráběná od roku 2011. Úprava tohoto modelu se provádí přes diagnostickou zásuvku. Řídící jednotka motoru od společnosti Ford. Typ řídící jednotky EEC-VI. Předpokládaná doba úpravy tohoto modelu je 1 - 2 hodiny.","numbers":["Výkon HP","426 HP","469 HP","Výkon kW","313 kW","344 kW","Točivý moment Nm","470 Nm","522 Nm","Maximální rychlost","","+ 7 KM/H","Spotřeba město","","-0,50 L / 100 KM","Kombinovaná spotřeba","","-0,40 L / 100 KM","Spotřeba mimo město","","-0,30 L / 100 KM"],"chartPower":"./chartPower/v8_vantage s___1036239.png","chartTorque":"./chartTorque/v8_vantage s___1036239.png"},{"id":"v8_vantage s___1036240","fullName":"ChipTuning - Aston Martin V8 Vantage S 4.7 V8 - 437 HP ","desc":"Zvýšení výkonu motoru (chiptuning) vozidla Aston Martin V8 Vantage S 4.7 V8 - 437 HP je možné z původních 321 kW (437 HP) až na 353 kW (481 HP) a nárůst točivého momentu ze 490 Nm až na 544 Nm.,Maximální rychlost se po úpravě zvýší o + 7 KM/H a kombinovaná spotřeba se sníží v průměru o -0,70 L / 100 KM.","imgUrl":"./previews/v8_vantage s___.png","fullDesc":"Níže naleznete parametry před a po úpravě Standard pro vozidlo: Aston Martin V8 Vantage S 4.7 V8 - 437 HP. Modelová řada vyráběná od roku 2012. Úprava tohoto modelu se provádí přes diagnostickou zásuvku. Řídící jednotka motoru od společnosti Ford. Typ řídící jednotky EEC-VI. Předpokládaná doba úpravy tohoto modelu je 1 - 2 hodiny.","numbers":["Výkon HP","437 HP","481 HP","Výkon kW","321 kW","353 kW","Točivý moment Nm","490 Nm","544 Nm","Maximální rychlost","","+ 7 KM/H","Spotřeba město","","-0,50 L / 100 KM","Kombinovaná spotřeba","","-0,40 L / 100 KM","Spotřeba mimo město","","-0,30 L / 100 KM"],"chartPower":"./chartPower/v8_vantage s___1036240.png","chartTorque":"./chartTorque/v8_vantage s___1036240.png"},{"id":"v8_vantage s roadster___1036244","fullName":"ChipTuning - Aston Martin V8 Vantage S Roadster 4.7 V8 - 437 HP ","desc":"Zvýšení výkonu motoru (chiptuning) vozidla Aston Martin V8 Vantage S Roadster 4.7 V8 - 437 HP je možné z původních 321 kW (437 HP) až na 353 kW (481 HP) a nárůst točivého momentu ze 490 Nm až na 544 Nm.,Maximální rychlost se po úpravě zvýší o + 7 KM/H a kombinovaná spotřeba se sníží v průměru o -0,70 L / 100 KM.","imgUrl":"./previews/v8_vantage s roadster___.png","fullDesc":"Níže naleznete parametry před a po úpravě Standard pro vozidlo: Aston Martin V8 Vantage S Roadster 4.7 V8 - 437 HP. Modelová řada vyráběná od roku 2011. Úprava tohoto modelu se provádí přes diagnostickou zásuvku. Řídící jednotka motoru od společnosti Ford. Typ řídící jednotky EEC-VI. Předpokládaná doba úpravy tohoto modelu je 1 - 2 hodiny.","numbers":["Výkon HP","437 HP","481 HP","Výkon kW","321 kW","353 kW","Točivý moment Nm","490 Nm","544 Nm","Maximální rychlost","","+ 7 KM/H","Spotřeba město","","-0,50 L / 100 KM","Kombinovaná spotřeba","","-0,40 L / 100 KM","Spotřeba mimo město","","-0,30 L / 100 KM"],"chartPower":"./chartPower/v8_vantage s roadster___1036244.png","chartTorque":"./chartTorque/v8_vantage s roadster___1036244.png"},{"id":"vanquish_(_2nd)__1036249","fullName":"ChipTuning - Aston Martin Vanquish 6.0 V12 - 573 HP ","desc":"Zvýšení výkonu motoru (chiptuning) vozidla Aston Martin Vanquish 6.0 V12 - 573 HP je možné z původních 421 kW (573 HP) až na 459 kW (625 HP) a nárůst točivého momentu ze 573 Nm až na 636 Nm.,Maximální rychlost se po úpravě zvýší o + 7 KM/H a kombinovaná spotřeba se sníží v průměru o -0,70 L / 100 KM.","imgUrl":"./previews/vanquish_(_2nd)__.png","fullDesc":"Níže naleznete parametry před a po úpravě Standard pro vozidlo: Aston Martin Vanquish 6.0 V12 - 573 HP. Modelová řada vyráběná od roku 2013. Úprava tohoto modelu se provádí připojením na konektory řídící jednotky bez rozebírání jednotky. Řídící jednotka motoru od společnosti Bosch. Typ řídící jednotky ME17.8.31. Předpokládaná doba úpravy tohoto modelu je 1.5 - 2.5 hodiny.","numbers":["Výkon HP","573 HP","625 HP","Výkon kW","421 kW","459 kW","Točivý moment Nm","573 Nm","636 Nm","Maximální rychlost","","+ 7 KM/H","Spotřeba město","","-0,50 L / 100 KM","Kombinovaná spotřeba","","-0,40 L / 100 KM","Spotřeba mimo město","","-0,30 L / 100 KM"],"chartPower":"./chartPower/vanquish_(_2nd)__1036249.png","chartTorque":"./chartTorque/vanquish_(_2nd)__1036249.png"},{"id":"vanquish_(_2nd)__1036253","fullName":"ChipTuning - Aston Martin Vanquish 6.0 V12 - 575 HP ","desc":"Zvýšení výkonu motoru (chiptuning) vozidla Aston Martin Vanquish 6.0 V12 - 575 HP je možné z původních 423 kW (575 HP) až na 461 kW (627 HP) a nárůst točivého momentu ze 576 Nm až na 639 Nm.,Maximální rychlost se po úpravě zvýší o + 7 KM/H a kombinovaná spotřeba se sníží v průměru o -0,70 L / 100 KM.","imgUrl":"./previews/vanquish_(_2nd)__.png","fullDesc":"Níže naleznete parametry před a po úpravě Standard pro vozidlo: Aston Martin Vanquish 6.0 V12 - 575 HP. Modelová řada vyráběná od roku 2015. Úprava tohoto modelu se provádí připojením na konektory řídící jednotky bez rozebírání jednotky. Řídící jednotka motoru od společnosti Bosch. Typ řídící jednotky ME17.8.31. Předpokládaná doba úpravy tohoto modelu je 1.5 - 2.5 hodiny.","numbers":["Výkon HP","575 HP","627 HP","Výkon kW","423 kW","461 kW","Točivý moment Nm","576 Nm","639 Nm","Maximální rychlost","","+ 7 KM/H","Spotřeba město","","-0,50 L / 100 KM","Kombinovaná spotřeba","","-0,40 L / 100 KM","Spotřeba mimo město","","-0,30 L / 100 KM"],"chartPower":"./chartPower/vanquish_(_2nd)__1036253.png","chartTorque":"./chartTorque/vanquish_(_2nd)__1036253.png"},{"id":"vanquish_(_2nd)__1036257","fullName":"ChipTuning - Aston Martin Vanquish 6.0 V12 Volante - 573 HP ","desc":"Zvýšení výkonu motoru (chiptuning) vozidla Aston Martin Vanquish 6.0 V12 Volante - 573 HP je možné z původních 421 kW (573 HP) až na 459 kW (625 HP) a nárůst točivého momentu ze 573 Nm až na 636 Nm.,Maximální rychlost se po úpravě zvýší o + 7 KM/H a kombinovaná spotřeba se sníží v průměru o -0,70 L / 100 KM.","imgUrl":"./previews/vanquish_(_2nd)__.png","fullDesc":"Níže naleznete parametry před a po úpravě Standard pro vozidlo: Aston Martin Vanquish 6.0 V12 Volante - 573 HP. Modelová řada vyráběná od roku 2013. Úprava tohoto modelu se provádí připojením na konektory řídící jednotky bez rozebírání jednotky. Řídící jednotka motoru od společnosti Bosch. Typ řídící jednotky ME17.8.31. Předpokládaná doba úpravy tohoto modelu je 1.5 - 2.5 hodiny.","numbers":["Výkon HP","573 HP","625 HP","Výkon kW","421 kW","459 kW","Točivý moment Nm","573 Nm","636 Nm","Maximální rychlost","","+ 7 KM/H","Spotřeba město","","-0,50 L / 100 KM","Kombinovaná spotřeba","","-0,40 L / 100 KM","Spotřeba mimo město","","-0,30 L / 100 KM"],"chartPower":"./chartPower/vanquish_(_2nd)__1036257.png","chartTorque":"./chartTorque/vanquish_(_2nd)__1036257.png"},{"id":"vanquish_(_2nd)__1036261","fullName":"ChipTuning - Aston Martin Vanquish 6.0 V12 Volante - 575 HP ","desc":"Zvýšení výkonu motoru (chiptuning) vozidla Aston Martin Vanquish 6.0 V12 Volante - 575 HP je možné z původních 423 kW (575 HP) až na 461 kW (627 HP) a nárůst točivého momentu ze 576 Nm až na 639 Nm.,Maximální rychlost se po úpravě zvýší o + 7 KM/H a kombinovaná spotřeba se sníží v průměru o -0,70 L / 100 KM.","imgUrl":"./previews/vanquish_(_2nd)__.png","fullDesc":"Níže naleznete parametry před a po úpravě Standard pro vozidlo: Aston Martin Vanquish 6.0 V12 Volante - 575 HP. Modelová řada vyráběná od roku 2015. Úprava tohoto modelu se provádí připojením na konektory řídící jednotky bez rozebírání jednotky. Řídící jednotka motoru od společnosti Bosch. Typ řídící jednotky ME17.8.31. Předpokládaná doba úpravy tohoto modelu je 1.5 - 2.5 hodiny.","numbers":["Výkon HP","575 HP","627 HP","Výkon kW","423 kW","461 kW","Točivý moment Nm","576 Nm","639 Nm","Maximální rychlost","","+ 7 KM/H","Spotřeba město","","-0,50 L / 100 KM","Kombinovaná spotřeba","","-0,40 L / 100 KM","Spotřeba mimo město","","-0,30 L / 100 KM"],"chartPower":"./chartPower/vanquish_(_2nd)__1036261.png","chartTorque":"./chartTorque/vanquish_(_2nd)__1036261.png"}]