[{"id":"arnage_(_1st)__1045794","fullName":"ChipTuning - Bentley Arnage 6.8 V8 T - 457 HP ","desc":"Zvýšení výkonu motoru (chiptuning) vozidla Bentley Arnage 6.8 V8 T - 457 HP je možné z původních 334 kW (455 HP) až na 368 kW (501 HP) a nárůst točivého momentu ze 873 Nm až na 899 Nm.,Maximální rychlost se po úpravě zvýší o + 1 KM/H a kombinovaná spotřeba se sníží v průměru o -0,30 L / 100 KM.","imgUrl":"./previews/arnage_(_1st)__.png","fullDesc":"Níže naleznete parametry před a po úpravě Standard pro vozidlo: Bentley Arnage 6.8 V8 T - 457 HP. Modelová řada vyráběná od roku 2002. Úprava tohoto modelu se provádí přes diagnostickou zásuvku. Řídící jednotka motoru od společnosti Bosch. Typ řídící jednotky ME7.1.1. Předpokládaná doba úpravy tohoto modelu je 1 - 2 hodiny.","numbers":["Výkon HP","455 HP","501 HP","Výkon kW","334 kW","368 kW","Točivý moment Nm","873 Nm","899 Nm","Maximální rychlost","","+ 1 KM/H","Spotřeba město","","-0,20 L / 100 KM","Kombinovaná spotřeba","","-0,20 L / 100 KM","Spotřeba mimo město","","-0,10 L / 100 KM"],"chartPower":"./chartPower/arnage_(_1st)__1045794.png","chartTorque":"./chartTorque/arnage_(_1st)__1045794.png"},{"id":"arnage_(_1st)__1045797","fullName":"ChipTuning - Bentley Arnage 6.8 V8 T-24 - 457 HP ","desc":"Zvýšení výkonu motoru (chiptuning) vozidla Bentley Arnage 6.8 V8 T-24 - 457 HP je možné z původních 331 kW (452 HP) až na 365 kW (498 HP) a nárůst točivého momentu ze 870 Nm až na 896 Nm.,Maximální rychlost se po úpravě zvýší o + 1 KM/H a kombinovaná spotřeba se sníží v průměru o -0,30 L / 100 KM.","imgUrl":"./previews/arnage_(_1st)__.png","fullDesc":"Níže naleznete parametry před a po úpravě Standard pro vozidlo: Bentley Arnage 6.8 V8 T-24 - 457 HP. Modelová řada vyráběná od roku 2002. Úprava tohoto modelu se provádí přes diagnostickou zásuvku. Řídící jednotka motoru od společnosti Bosch. Typ řídící jednotky ME7.1.1. Předpokládaná doba úpravy tohoto modelu je 1 - 2 hodiny.","numbers":["Výkon HP","452 HP","498 HP","Výkon kW","331 kW","365 kW","Točivý moment Nm","870 Nm","896 Nm","Maximální rychlost","","+ 1 KM/H","Spotřeba město","","-0,20 L / 100 KM","Kombinovaná spotřeba","","-0,20 L / 100 KM","Spotřeba mimo město","","-0,10 L / 100 KM"],"chartPower":"./chartPower/arnage_(_1st)__1045797.png","chartTorque":"./chartTorque/arnage_(_1st)__1045797.png"},{"id":"arnage_(_2nd)__1045800","fullName":"ChipTuning - Bentley Arnage 6.8 V8 Final Series - 507 HP ","desc":"Zvýšení výkonu motoru (chiptuning) vozidla Bentley Arnage 6.8 V8 Final Series - 507 HP je možné z původních 375 kW (509 HP) až na 412 kW (560 HP) a nárůst točivého momentu ze 1002 Nm až na 1032 Nm.,Maximální rychlost se po úpravě zvýší o + 1 KM/H a kombinovaná spotřeba se sníží v průměru o -0,30 L / 100 KM.","imgUrl":"./previews/arnage_(_2nd)__.png","fullDesc":"Níže naleznete parametry před a po úpravě Standard pro vozidlo: Bentley Arnage 6.8 V8 Final Series - 507 HP. Modelová řada vyráběná od roku 2008. Úprava tohoto modelu se provádí přes diagnostickou zásuvku. Řídící jednotka motoru od společnosti Bosch. Typ řídící jednotky ME7.1.1. Předpokládaná doba úpravy tohoto modelu je 1 - 2 hodiny.","numbers":["Výkon HP","509 HP","560 HP","Výkon kW","375 kW","412 kW","Točivý moment Nm","1002 Nm","1032 Nm","Maximální rychlost","","+ 1 KM/H","Spotřeba město","","-0,20 L / 100 KM","Kombinovaná spotřeba","","-0,20 L / 100 KM","Spotřeba mimo město","","-0,10 L / 100 KM"],"chartPower":"./chartPower/arnage_(_2nd)__1045800.png","chartTorque":"./chartTorque/arnage_(_2nd)__1045800.png"},{"id":"arnage_(_2nd)__1045802","fullName":"ChipTuning - Bentley Arnage 6.8 V8 R - 457 HP ","desc":"Zvýšení výkonu motoru (chiptuning) vozidla Bentley Arnage 6.8 V8 R - 457 HP je možné z původních 335 kW (456 HP) až na 369 kW (502 HP) a nárůst točivého momentu ze 874 Nm až na 900 Nm.,Maximální rychlost se po úpravě zvýší o + 1 KM/H a kombinovaná spotřeba se sníží v průměru o -0,30 L / 100 KM.","imgUrl":"./previews/arnage_(_2nd)__.png","fullDesc":"Níže naleznete parametry před a po úpravě Standard pro vozidlo: Bentley Arnage 6.8 V8 R - 457 HP. Modelová řada vyráběná od roku 2007. Úprava tohoto modelu se provádí přes diagnostickou zásuvku. Řídící jednotka motoru od společnosti Bosch. Typ řídící jednotky ME7.1.1. Předpokládaná doba úpravy tohoto modelu je 1 - 2 hodiny.","numbers":["Výkon HP","456 HP","502 HP","Výkon kW","335 kW","369 kW","Točivý moment Nm","874 Nm","900 Nm","Maximální rychlost","","+ 1 KM/H","Spotřeba město","","-0,20 L / 100 KM","Kombinovaná spotřeba","","-0,20 L / 100 KM","Spotřeba mimo město","","-0,10 L / 100 KM"],"chartPower":"./chartPower/arnage_(_2nd)__1045802.png","chartTorque":"./chartTorque/arnage_(_2nd)__1045802.png"},{"id":"arnage_(_2nd)__1045805","fullName":"ChipTuning - Bentley Arnage 6.8 V8 RL - 457 HP ","desc":"Zvýšení výkonu motoru (chiptuning) vozidla Bentley Arnage 6.8 V8 RL - 457 HP je možné z původních 332 kW (453 HP) až na 366 kW (499 HP) a nárůst točivého momentu ze 871 Nm až na 897 Nm.,Maximální rychlost se po úpravě zvýší o + 1 KM/H a kombinovaná spotřeba se sníží v průměru o -0,30 L / 100 KM.","imgUrl":"./previews/arnage_(_2nd)__.png","fullDesc":"Níže naleznete parametry před a po úpravě Standard pro vozidlo: Bentley Arnage 6.8 V8 RL - 457 HP. Modelová řada vyráběná od roku 2007. Úprava tohoto modelu se provádí přes diagnostickou zásuvku. Řídící jednotka motoru od společnosti Bosch. Typ řídící jednotky ME7.1.1. Předpokládaná doba úpravy tohoto modelu je 1 - 2 hodiny.","numbers":["Výkon HP","453 HP","499 HP","Výkon kW","332 kW","366 kW","Točivý moment Nm","871 Nm","897 Nm","Maximální rychlost","","+ 1 KM/H","Spotřeba město","","-0,20 L / 100 KM","Kombinovaná spotřeba","","-0,20 L / 100 KM","Spotřeba mimo město","","-0,10 L / 100 KM"],"chartPower":"./chartPower/arnage_(_2nd)__1045805.png","chartTorque":"./chartTorque/arnage_(_2nd)__1045805.png"},{"id":"arnage_(_2nd)__1045808","fullName":"ChipTuning - Bentley Arnage 6.8 V8 T - 457 HP ","desc":"Zvýšení výkonu motoru (chiptuning) vozidla Bentley Arnage 6.8 V8 T - 457 HP je možné z původních 341 kW (462 HP) až na 375 kW (508 HP) a nárůst točivého momentu ze 880 Nm až na 906 Nm.,Maximální rychlost se po úpravě zvýší o + 1 KM/H a kombinovaná spotřeba se sníží v průměru o -0,30 L / 100 KM.","imgUrl":"./previews/arnage_(_2nd)__.png","fullDesc":"Níže naleznete parametry před a po úpravě Standard pro vozidlo: Bentley Arnage 6.8 V8 T - 457 HP. Modelová řada vyráběná od roku 2004. Úprava tohoto modelu se provádí přes diagnostickou zásuvku. Řídící jednotka motoru od společnosti Bosch. Typ řídící jednotky ME7.1.1. Předpokládaná doba úpravy tohoto modelu je 1 - 2 hodiny.","numbers":["Výkon HP","462 HP","508 HP","Výkon kW","341 kW","375 kW","Točivý moment Nm","880 Nm","906 Nm","Maximální rychlost","","+ 1 KM/H","Spotřeba město","","-0,20 L / 100 KM","Kombinovaná spotřeba","","-0,20 L / 100 KM","Spotřeba mimo město","","-0,10 L / 100 KM"],"chartPower":"./chartPower/arnage_(_2nd)__1045808.png","chartTorque":"./chartTorque/arnage_(_2nd)__1045808.png"},{"id":"arnage_(_2nd)__1045810","fullName":"ChipTuning - Bentley Arnage 6.8 V8 T - 507 HP ","desc":"Zvýšení výkonu motoru (chiptuning) vozidla Bentley Arnage 6.8 V8 T - 507 HP je možné z původních 372 kW (506 HP) až na 409 kW (557 HP) a nárůst točivého momentu ze 999 Nm až na 1029 Nm.,Maximální rychlost se po úpravě zvýší o + 1 KM/H a kombinovaná spotřeba se sníží v průměru o -0,30 L / 100 KM.","imgUrl":"./previews/arnage_(_2nd)__.png","fullDesc":"Níže naleznete parametry před a po úpravě Standard pro vozidlo: Bentley Arnage 6.8 V8 T - 507 HP. Modelová řada vyráběná od roku 2006. Úprava tohoto modelu se provádí přes diagnostickou zásuvku. Řídící jednotka motoru od společnosti Bosch. Typ řídící jednotky ME7.1.1. Předpokládaná doba úpravy tohoto modelu je 1 - 2 hodiny.","numbers":["Výkon HP","506 HP","557 HP","Výkon kW","372 kW","409 kW","Točivý moment Nm","999 Nm","1029 Nm","Maximální rychlost","","+ 1 KM/H","Spotřeba město","","-0,20 L / 100 KM","Kombinovaná spotřeba","","-0,20 L / 100 KM","Spotřeba mimo město","","-0,10 L / 100 KM"],"chartPower":"./chartPower/arnage_(_2nd)__1045810.png","chartTorque":"./chartTorque/arnage_(_2nd)__1045810.png"},{"id":"arnage_drophead coupe___1045815","fullName":"ChipTuning - Bentley Arnage Drophead Coupe 6.8 V8 - 457 HP ","desc":"Zvýšení výkonu motoru (chiptuning) vozidla Bentley Arnage Drophead Coupe 6.8 V8 - 457 HP je možné z původních 332 kW (453 HP) až na 366 kW (499 HP) a nárůst točivého momentu ze 871 Nm až na 897 Nm.,Maximální rychlost se po úpravě zvýší o + 1 KM/H a kombinovaná spotřeba se sníží v průměru o -0,30 L / 100 KM.","imgUrl":"./previews/arnage_drophead coupe___.png","fullDesc":"Níže naleznete parametry před a po úpravě Standard pro vozidlo: Bentley Arnage Drophead Coupe 6.8 V8 - 457 HP. Modelová řada vyráběná od roku 2005. Úprava tohoto modelu se provádí přes diagnostickou zásuvku. Řídící jednotka motoru od společnosti Bosch. Typ řídící jednotky ME7.1.1. Předpokládaná doba úpravy tohoto modelu je 1 - 2 hodiny.","numbers":["Výkon HP","453 HP","499 HP","Výkon kW","332 kW","366 kW","Točivý moment Nm","871 Nm","897 Nm","Maximální rychlost","","+ 1 KM/H","Spotřeba město","","-0,20 L / 100 KM","Kombinovaná spotřeba","","-0,20 L / 100 KM","Spotřeba mimo město","","-0,10 L / 100 KM"],"chartPower":"./chartPower/arnage_drophead coupe___1045815.png","chartTorque":"./chartTorque/arnage_drophead coupe___1045815.png"},{"id":"azure_(_2nd)__1045816","fullName":"ChipTuning - Bentley Azure 6.8 V8 - 457 HP ","desc":"Zvýšení výkonu motoru (chiptuning) vozidla Bentley Azure 6.8 V8 - 457 HP je možné z původních 338 kW (459 HP) až na 372 kW (505 HP) a nárůst točivého momentu ze 877 Nm až na 903 Nm.,Maximální rychlost se po úpravě zvýší o + 1 KM/H a kombinovaná spotřeba se sníží v průměru o -0,30 L / 100 KM.","imgUrl":"./previews/azure_(_2nd)__.png","fullDesc":"Níže naleznete parametry před a po úpravě Standard pro vozidlo: Bentley Azure 6.8 V8 - 457 HP. Modelová řada vyráběná od roku 2006. Úprava tohoto modelu se provádí přes diagnostickou zásuvku. Řídící jednotka motoru od společnosti Bosch. Typ řídící jednotky ME7.1.1. Předpokládaná doba úpravy tohoto modelu je 1 - 2 hodiny.","numbers":["Výkon HP","459 HP","505 HP","Výkon kW","338 kW","372 kW","Točivý moment Nm","877 Nm","903 Nm","Maximální rychlost","","+ 1 KM/H","Spotřeba město","","-0,20 L / 100 KM","Kombinovaná spotřeba","","-0,20 L / 100 KM","Spotřeba mimo město","","-0,10 L / 100 KM"],"chartPower":"./chartPower/azure_(_2nd)__1045816.png","chartTorque":"./chartTorque/azure_(_2nd)__1045816.png"},{"id":"azure_(_2nd)__1045819","fullName":"ChipTuning - Bentley Azure 6.8 V8 T - 507 HP ","desc":"Zvýšení výkonu motoru (chiptuning) vozidla Bentley Azure 6.8 V8 T - 507 HP je možné z původních 378 kW (512 HP) až na 415 kW (563 HP) a nárůst točivého momentu ze 1005 Nm až na 1035 Nm.,Maximální rychlost se po úpravě zvýší o + 1 KM/H a kombinovaná spotřeba se sníží v průměru o -0,30 L / 100 KM.","imgUrl":"./previews/azure_(_2nd)__.png","fullDesc":"Níže naleznete parametry před a po úpravě Standard pro vozidlo: Bentley Azure 6.8 V8 T - 507 HP. Modelová řada vyráběná od roku 2006. Úprava tohoto modelu se provádí přes diagnostickou zásuvku. Řídící jednotka motoru od společnosti Bosch. Typ řídící jednotky ME7.1.1. Předpokládaná doba úpravy tohoto modelu je 1 - 2 hodiny.","numbers":["Výkon HP","512 HP","563 HP","Výkon kW","378 kW","415 kW","Točivý moment Nm","1005 Nm","1035 Nm","Maximální rychlost","","+ 1 KM/H","Spotřeba město","","-0,20 L / 100 KM","Kombinovaná spotřeba","","-0,20 L / 100 KM","Spotřeba mimo město","","-0,10 L / 100 KM"],"chartPower":"./chartPower/azure_(_2nd)__1045819.png","chartTorque":"./chartTorque/azure_(_2nd)__1045819.png"},{"id":"bentayga___1045824","fullName":"ChipTuning - Bentley Bentayga 3.0 V6 24v Turbo Hybrid Automat - 462 HP ","desc":"Zvýšení výkonu motoru (chiptuning) vozidla Bentley Bentayga 3.0 V6 24v Turbo Hybrid Automat - 462 HP je možné z původních 337 kW (459 HP) až na 389 kW (531 HP) a nárůst točivého momentu ze 697 Nm až na 801 Nm.,Maximální rychlost se po úpravě zvýší o + 13 KM/H a kombinovaná spotřeba se sníží v průměru o -1,00 L / 100 KM.","imgUrl":"./previews/bentayga___.png","fullDesc":"Níže naleznete parametry před a po úpravě Standard pro vozidlo: Bentley Bentayga 3.0 V6 24v Turbo Hybrid Automat - 462 HP. Modelová řada vyráběná od roku 2019. Úprava tohoto modelu se provádí připojením na konektory řídící jednotky bez rozebírání jednotky. Řídící jednotka motoru od společnosti Bosch. Typ řídící jednotky MG1CS002. Tato úprava je přizpůsobena pro automatickou převodovku. Předpokládaná doba úpravy tohoto modelu je 1.5 - 2.5 hodiny.","numbers":["Výkon HP","459 HP","514 HP","Výkon kW","337 kW","377 kW","Točivý moment Nm","697 Nm","771 Nm","Maximální rychlost","","+ 10 KM/H","Spotřeba město","","-0,70 L / 100 KM","Kombinovaná spotřeba","","-0,60 L / 100 KM","Spotřeba mimo město","","-0,50 L / 100 KM"],"chartPower":"./chartPower/bentayga___1045824.png","chartTorque":"./chartTorque/bentayga___1045824.png"},{"id":"bentayga___1045822","fullName":"ChipTuning - Bentley Bentayga 4.0 V8 Automat - 435 HP ","desc":"Zvýšení výkonu motoru (chiptuning) vozidla Bentley Bentayga 4.0 V8 Automat - 435 HP je možné z původních 319 kW (434 HP) až na 384 kW (524 HP) a nárůst točivého momentu ze 899 Nm až na 1019 Nm.,Maximální rychlost se po úpravě zvýší o + 16 KM/H a kombinovaná spotřeba se sníží v průměru o -1,20 L / 100 KM.","imgUrl":"./previews/bentayga___.png","fullDesc":"Níže naleznete parametry před a po úpravě Standard pro vozidlo: Bentley Bentayga 4.0 V8 Automat - 435 HP. Modelová řada vyráběná od roku 2018. Úprava tohoto modelu se provádí připojením na konektory řídící jednotky bez rozebírání jednotky. Řídící jednotka motoru od společnosti Bosch. Typ řídící jednotky MD1CP014. Tato úprava je přizpůsobena pro automatickou převodovku. Předpokládaná doba úpravy tohoto modelu je 1.5 - 2.5 hodiny.","numbers":["Výkon HP","434 HP","503 HP","Výkon kW","319 kW","369 kW","Točivý moment Nm","899 Nm","985 Nm","Maximální rychlost","","+ 12 KM/H","Spotřeba město","","-0,80 L / 100 KM","Kombinovaná spotřeba","","-0,70 L / 100 KM","Spotřeba mimo město","","-0,65 L / 100 KM"],"chartPower":"./chartPower/bentayga___1045822.png","chartTorque":"./chartTorque/bentayga___1045822.png"},{"id":"bentayga___1045826","fullName":"ChipTuning - Bentley Bentayga 4.0 V8 Turbo Automat - 549 HP ","desc":"Zvýšení výkonu motoru (chiptuning) vozidla Bentley Bentayga 4.0 V8 Turbo Automat - 549 HP je možné z původních 406 kW (551 HP) až na 468 kW (636 HP) a nárůst točivého momentu ze 772 Nm až na 887 Nm.,Maximální rychlost se po úpravě zvýší o + 16 KM/H a kombinovaná spotřeba se sníží v průměru o -1,20 L / 100 KM.","imgUrl":"./previews/bentayga___.png","fullDesc":"Níže naleznete parametry před a po úpravě Standard pro vozidlo: Bentley Bentayga 4.0 V8 Turbo Automat - 549 HP. Modelová řada vyráběná od roku 2018. Úprava tohoto modelu se provádí připojením na konektory řídící jednotky bez rozebírání jednotky. Řídící jednotka motoru od společnosti Bosch. Typ řídící jednotky MG1CS008. Tato úprava je přizpůsobena pro automatickou převodovku. Předpokládaná doba úpravy tohoto modelu je 1.5 - 2.5 hodiny.","numbers":["Výkon HP","551 HP","616 HP","Výkon kW","406 kW","454 kW","Točivý moment Nm","772 Nm","854 Nm","Maximální rychlost","","+ 12 KM/H","Spotřeba město","","-0,80 L / 100 KM","Kombinovaná spotřeba","","-0,70 L / 100 KM","Spotřeba mimo město","","-0,65 L / 100 KM"],"chartPower":"./chartPower/bentayga___1045826.png","chartTorque":"./chartTorque/bentayga___1045826.png"},{"id":"brooklands___1045830","fullName":"ChipTuning - Bentley Brooklands 6.8 V8 T - 537 HP ","desc":"Zvýšení výkonu motoru (chiptuning) vozidla Bentley Brooklands 6.8 V8 T - 537 HP je možné z původních 393 kW (535 HP) až na 433 kW (589 HP) a nárůst točivého momentu ze 1048 Nm až na 1080 Nm.,Maximální rychlost se po úpravě zvýší o + 1 KM/H a kombinovaná spotřeba se sníží v průměru o -0,30 L / 100 KM.","imgUrl":"./previews/brooklands___.png","fullDesc":"Níže naleznete parametry před a po úpravě Standard pro vozidlo: Bentley Brooklands 6.8 V8 T - 537 HP. Modelová řada vyráběná od roku 2008. Úprava tohoto modelu se provádí přes diagnostickou zásuvku. Řídící jednotka motoru od společnosti Bosch. Typ řídící jednotky ME7.1.1. Předpokládaná doba úpravy tohoto modelu je 1 - 2 hodiny.","numbers":["Výkon HP","535 HP","589 HP","Výkon kW","393 kW","433 kW","Točivý moment Nm","1048 Nm","1080 Nm","Maximální rychlost","","+ 1 KM/H","Spotřeba město","","-0,20 L / 100 KM","Kombinovaná spotřeba","","-0,20 L / 100 KM","Spotřeba mimo město","","-0,10 L / 100 KM"],"chartPower":"./chartPower/brooklands___1045830.png","chartTorque":"./chartTorque/brooklands___1045830.png"},{"id":"continental_(_1st)__1045833","fullName":"ChipTuning - Bentley Continental 6.0 W12 GT - 560 HP ","desc":"Zvýšení výkonu motoru (chiptuning) vozidla Bentley Continental 6.0 W12 GT - 560 HP je možné z původních 412 kW (560 HP) až na 449 kW (610 HP) a nárůst točivého momentu ze 650 Nm až na 722 Nm.,Maximální rychlost se po úpravě zvýší o + 7 KM/H a kombinovaná spotřeba se sníží v průměru o -0,70 L / 100 KM.","imgUrl":"./previews/continental_(_1st)__.png","fullDesc":"Níže naleznete parametry před a po úpravě Standard pro vozidlo: Bentley Continental 6.0 W12 GT - 560 HP. Modelová řada vyráběná od roku 2003. Úprava tohoto modelu se provádí přes diagnostickou zásuvku. Řídící jednotka motoru od společnosti Bosch. Typ řídící jednotky ME7.1.1. Předpokládaná doba úpravy tohoto modelu je 1 - 2 hodiny.","numbers":["Výkon HP","560 HP","610 HP","Výkon kW","412 kW","449 kW","Točivý moment Nm","650 Nm","722 Nm","Maximální rychlost","","+ 7 KM/H","Spotřeba město","","-0,50 L / 100 KM","Kombinovaná spotřeba","","-0,40 L / 100 KM","Spotřeba mimo město","","-0,30 L / 100 KM"],"chartPower":"./chartPower/continental_(_1st)__1045833.png","chartTorque":"./chartTorque/continental_(_1st)__1045833.png"},{"id":"continental_(_1st)__1045841","fullName":"ChipTuning - Bentley Continental 6.0 W12 GT Mulliner - 560 HP ","desc":"Zvýšení výkonu motoru (chiptuning) vozidla Bentley Continental 6.0 W12 GT Mulliner - 560 HP je možné z původních 414 kW (562 HP) až na 451 kW (612 HP) a nárůst točivého momentu ze 652 Nm až na 724 Nm.,Maximální rychlost se po úpravě zvýší o + 1 KM/H a kombinovaná spotřeba se sníží v průměru o -0,30 L / 100 KM.","imgUrl":"./previews/continental_(_1st)__.png","fullDesc":"Níže naleznete parametry před a po úpravě Standard pro vozidlo: Bentley Continental 6.0 W12 GT Mulliner - 560 HP. Modelová řada vyráběná od roku 2004. Úprava tohoto modelu se provádí přes diagnostickou zásuvku. Řídící jednotka motoru od společnosti Bosch. Typ řídící jednotky ME7.1.1. Předpokládaná doba úpravy tohoto modelu je 1 - 2 hodiny.","numbers":["Výkon HP","562 HP","612 HP","Výkon kW","414 kW","451 kW","Točivý moment Nm","652 Nm","724 Nm","Maximální rychlost","","+ 1 KM/H","Spotřeba město","","-0,20 L / 100 KM","Kombinovaná spotřeba","","-0,20 L / 100 KM","Spotřeba mimo město","","-0,10 L / 100 KM"],"chartPower":"./chartPower/continental_(_1st)__1045841.png","chartTorque":"./chartTorque/continental_(_1st)__1045841.png"},{"id":"continental_(_1st)__1045843","fullName":"ChipTuning - Bentley Continental 6.0 W12 GT Series 51 - 560 HP ","desc":"Zvýšení výkonu motoru (chiptuning) vozidla Bentley Continental 6.0 W12 GT Series 51 - 560 HP je možné z původních 412 kW (560 HP) až na 449 kW (610 HP) a nárůst točivého momentu ze 650 Nm až na 722 Nm.,Maximální rychlost se po úpravě zvýší o + 1 KM/H a kombinovaná spotřeba se sníží v průměru o -0,30 L / 100 KM.","imgUrl":"./previews/continental_(_1st)__.png","fullDesc":"Níže naleznete parametry před a po úpravě Standard pro vozidlo: Bentley Continental 6.0 W12 GT Series 51 - 560 HP. Modelová řada vyráběná od roku 2009. Úprava tohoto modelu se provádí přes diagnostickou zásuvku. Řídící jednotka motoru od společnosti Bosch. Typ řídící jednotky ME7.1.1. Předpokládaná doba úpravy tohoto modelu je 1 - 2 hodiny.","numbers":["Výkon HP","560 HP","610 HP","Výkon kW","412 kW","449 kW","Točivý moment Nm","650 Nm","722 Nm","Maximální rychlost","","+ 1 KM/H","Spotřeba město","","-0,20 L / 100 KM","Kombinovaná spotřeba","","-0,20 L / 100 KM","Spotřeba mimo město","","-0,10 L / 100 KM"],"chartPower":"./chartPower/continental_(_1st)__1045843.png","chartTorque":"./chartTorque/continental_(_1st)__1045843.png"},{"id":"continental_(_1st)__1045845","fullName":"ChipTuning - Bentley Continental 6.0 W12 GT Speed - 609 HP ","desc":"Zvýšení výkonu motoru (chiptuning) vozidla Bentley Continental 6.0 W12 GT Speed - 609 HP je možné z původních 448 kW (609 HP) až na 488 kW (664 HP) a nárůst točivého momentu ze 750 Nm až na 833 Nm.,Maximální rychlost se po úpravě zvýší o + 1 KM/H a kombinovaná spotřeba se sníží v průměru o -0,30 L / 100 KM.","imgUrl":"./previews/continental_(_1st)__.png","fullDesc":"Níže naleznete parametry před a po úpravě Standard pro vozidlo: Bentley Continental 6.0 W12 GT Speed - 609 HP. Modelová řada vyráběná od roku 2007. Úprava tohoto modelu se provádí přes diagnostickou zásuvku. Řídící jednotka motoru od společnosti Bosch. Typ řídící jednotky ME7.1.1. Předpokládaná doba úpravy tohoto modelu je 1 - 2 hodiny.","numbers":["Výkon HP","609 HP","664 HP","Výkon kW","448 kW","488 kW","Točivý moment Nm","750 Nm","833 Nm","Maximální rychlost","","+ 1 KM/H","Spotřeba město","","-0,20 L / 100 KM","Kombinovaná spotřeba","","-0,20 L / 100 KM","Spotřeba mimo město","","-0,10 L / 100 KM"],"chartPower":"./chartPower/continental_(_1st)__1045845.png","chartTorque":"./chartTorque/continental_(_1st)__1045845.png"},{"id":"continental_(_1st)__1045849","fullName":"ChipTuning - Bentley Continental 6.0 W12 GT Speed Series 51 - 609 HP ","desc":"Zvýšení výkonu motoru (chiptuning) vozidla Bentley Continental 6.0 W12 GT Speed Series 51 - 609 HP je možné z původních 447 kW (608 HP) až na 487 kW (663 HP) a nárůst točivého momentu ze 749 Nm až na 832 Nm.,Maximální rychlost se po úpravě zvýší o + 1 KM/H a kombinovaná spotřeba se sníží v průměru o -0,30 L / 100 KM.","imgUrl":"./previews/continental_(_1st)__.png","fullDesc":"Níže naleznete parametry před a po úpravě Standard pro vozidlo: Bentley Continental 6.0 W12 GT Speed Series 51 - 609 HP. Modelová řada vyráběná od roku 2009. Úprava tohoto modelu se provádí přes diagnostickou zásuvku. Řídící jednotka motoru od společnosti Bosch. Typ řídící jednotky ME7.1.1. Předpokládaná doba úpravy tohoto modelu je 1 - 2 hodiny.","numbers":["Výkon HP","608 HP","663 HP","Výkon kW","447 kW","487 kW","Točivý moment Nm","749 Nm","832 Nm","Maximální rychlost","","+ 1 KM/H","Spotřeba město","","-0,20 L / 100 KM","Kombinovaná spotřeba","","-0,20 L / 100 KM","Spotřeba mimo město","","-0,10 L / 100 KM"],"chartPower":"./chartPower/continental_(_1st)__1045849.png","chartTorque":"./chartTorque/continental_(_1st)__1045849.png"},{"id":"continental_(_1st)__1045851","fullName":"ChipTuning - Bentley Continental 6.0 W12 GTC - 560 HP ","desc":"Zvýšení výkonu motoru (chiptuning) vozidla Bentley Continental 6.0 W12 GTC - 560 HP je možné z původních 412 kW (560 HP) až na 449 kW (610 HP) a nárůst točivého momentu ze 650 Nm až na 722 Nm.,Maximální rychlost se po úpravě zvýší o + 1 KM/H a kombinovaná spotřeba se sníží v průměru o -0,30 L / 100 KM.","imgUrl":"./previews/continental_(_1st)__.png","fullDesc":"Níže naleznete parametry před a po úpravě Standard pro vozidlo: Bentley Continental 6.0 W12 GTC - 560 HP. Modelová řada vyráběná od roku 2006. Úprava tohoto modelu se provádí přes diagnostickou zásuvku. Řídící jednotka motoru od společnosti Bosch. Typ řídící jednotky ME7.1.1. Předpokládaná doba úpravy tohoto modelu je 1 - 2 hodiny.","numbers":["Výkon HP","560 HP","610 HP","Výkon kW","412 kW","449 kW","Točivý moment Nm","650 Nm","722 Nm","Maximální rychlost","","+ 1 KM/H","Spotřeba město","","-0,20 L / 100 KM","Kombinovaná spotřeba","","-0,20 L / 100 KM","Spotřeba mimo město","","-0,10 L / 100 KM"],"chartPower":"./chartPower/continental_(_1st)__1045851.png","chartTorque":"./chartTorque/continental_(_1st)__1045851.png"},{"id":"continental_(_1st)__1045857","fullName":"ChipTuning - Bentley Continental 6.0 W12 GTC 80-11 Edition - 560 HP ","desc":"Zvýšení výkonu motoru (chiptuning) vozidla Bentley Continental 6.0 W12 GTC 80-11 Edition - 560 HP je možné z původních 410 kW (558 HP) až na 447 kW (608 HP) a nárůst točivého momentu ze 648 Nm až na 720 Nm.,Maximální rychlost se po úpravě zvýší o + 1 KM/H a kombinovaná spotřeba se sníží v průměru o -0,30 L / 100 KM.","imgUrl":"./previews/continental_(_1st)__.png","fullDesc":"Níže naleznete parametry před a po úpravě Standard pro vozidlo: Bentley Continental 6.0 W12 GTC 80-11 Edition - 560 HP. Modelová řada vyráběná od roku 2010. Úprava tohoto modelu se provádí přes diagnostickou zásuvku. Řídící jednotka motoru od společnosti Bosch. Typ řídící jednotky ME7.1.1. Předpokládaná doba úpravy tohoto modelu je 1 - 2 hodiny.","numbers":["Výkon HP","558 HP","608 HP","Výkon kW","410 kW","447 kW","Točivý moment Nm","648 Nm","720 Nm","Maximální rychlost","","+ 1 KM/H","Spotřeba město","","-0,20 L / 100 KM","Kombinovaná spotřeba","","-0,20 L / 100 KM","Spotřeba mimo město","","-0,10 L / 100 KM"],"chartPower":"./chartPower/continental_(_1st)__1045857.png","chartTorque":"./chartTorque/continental_(_1st)__1045857.png"},{"id":"continental_(_1st)__1045858","fullName":"ChipTuning - Bentley Continental 6.0 W12 GTC Series 51 - 560 HP ","desc":"Zvýšení výkonu motoru (chiptuning) vozidla Bentley Continental 6.0 W12 GTC Series 51 - 560 HP je možné z původních 411 kW (559 HP) až na 448 kW (609 HP) a nárůst točivého momentu ze 649 Nm až na 721 Nm.,Maximální rychlost se po úpravě zvýší o + 1 KM/H a kombinovaná spotřeba se sníží v průměru o -0,30 L / 100 KM.","imgUrl":"./previews/continental_(_1st)__.png","fullDesc":"Níže naleznete parametry před a po úpravě Standard pro vozidlo: Bentley Continental 6.0 W12 GTC Series 51 - 560 HP. Modelová řada vyráběná od roku 2009. Úprava tohoto modelu se provádí přes diagnostickou zásuvku. Řídící jednotka motoru od společnosti Bosch. Typ řídící jednotky ME7.1.1. Předpokládaná doba úpravy tohoto modelu je 1 - 2 hodiny.","numbers":["Výkon HP","559 HP","609 HP","Výkon kW","411 kW","448 kW","Točivý moment Nm","649 Nm","721 Nm","Maximální rychlost","","+ 1 KM/H","Spotřeba město","","-0,20 L / 100 KM","Kombinovaná spotřeba","","-0,20 L / 100 KM","Spotřeba mimo město","","-0,10 L / 100 KM"],"chartPower":"./chartPower/continental_(_1st)__1045858.png","chartTorque":"./chartTorque/continental_(_1st)__1045858.png"},{"id":"continental_(_1st)__1045860","fullName":"ChipTuning - Bentley Continental 6.0 W12 GTC Speed - 609 HP ","desc":"Zvýšení výkonu motoru (chiptuning) vozidla Bentley Continental 6.0 W12 GTC Speed - 609 HP je možné z původních 452 kW (613 HP) až na 492 kW (668 HP) a nárůst točivého momentu ze 754 Nm až na 837 Nm.,Maximální rychlost se po úpravě zvýší o + 1 KM/H a kombinovaná spotřeba se sníží v průměru o -0,30 L / 100 KM.","imgUrl":"./previews/continental_(_1st)__.png","fullDesc":"Níže naleznete parametry před a po úpravě Standard pro vozidlo: Bentley Continental 6.0 W12 GTC Speed - 609 HP. Modelová řada vyráběná od roku 2007. Úprava tohoto modelu se provádí přes diagnostickou zásuvku. Řídící jednotka motoru od společnosti Bosch. Typ řídící jednotky ME7.1.1. Předpokládaná doba úpravy tohoto modelu je 1 - 2 hodiny.","numbers":["Výkon HP","613 HP","668 HP","Výkon kW","452 kW","492 kW","Točivý moment Nm","754 Nm","837 Nm","Maximální rychlost","","+ 1 KM/H","Spotřeba město","","-0,20 L / 100 KM","Kombinovaná spotřeba","","-0,20 L / 100 KM","Spotřeba mimo město","","-0,10 L / 100 KM"],"chartPower":"./chartPower/continental_(_1st)__1045860.png","chartTorque":"./chartTorque/continental_(_1st)__1045860.png"},{"id":"continental_(_1st)__1045865","fullName":"ChipTuning - Bentley Continental 6.0 W12 GTC Speed Series 51 - 609 HP ","desc":"Zvýšení výkonu motoru (chiptuning) vozidla Bentley Continental 6.0 W12 GTC Speed Series 51 - 609 HP je možné z původních 449 kW (610 HP) až na 489 kW (665 HP) a nárůst točivého momentu ze 751 Nm až na 834 Nm.,Maximální rychlost se po úpravě zvýší o + 1 KM/H a kombinovaná spotřeba se sníží v průměru o -0,30 L / 100 KM.","imgUrl":"./previews/continental_(_1st)__.png","fullDesc":"Níže naleznete parametry před a po úpravě Standard pro vozidlo: Bentley Continental 6.0 W12 GTC Speed Series 51 - 609 HP. Modelová řada vyráběná od roku 2009. Úprava tohoto modelu se provádí přes diagnostickou zásuvku. Řídící jednotka motoru od společnosti Bosch. Typ řídící jednotky ME7.1.1. Předpokládaná doba úpravy tohoto modelu je 1 - 2 hodiny.","numbers":["Výkon HP","610 HP","665 HP","Výkon kW","449 kW","489 kW","Točivý moment Nm","751 Nm","834 Nm","Maximální rychlost","","+ 1 KM/H","Spotřeba město","","-0,20 L / 100 KM","Kombinovaná spotřeba","","-0,20 L / 100 KM","Spotřeba mimo město","","-0,10 L / 100 KM"],"chartPower":"./chartPower/continental_(_1st)__1045865.png","chartTorque":"./chartTorque/continental_(_1st)__1045865.png"},{"id":"continental_(_1st)__1045867","fullName":"ChipTuning - Bentley Continental 6.0 W12 Supersports - 630 HP ","desc":"Zvýšení výkonu motoru (chiptuning) vozidla Bentley Continental 6.0 W12 Supersports - 630 HP je možné z původních 465 kW (632 HP) až na 507 kW (689 HP) a nárůst točivého momentu ze 802 Nm až na 890 Nm.,Maximální rychlost se po úpravě zvýší o + 1 KM/H a kombinovaná spotřeba se sníží v průměru o -0,30 L / 100 KM.","imgUrl":"./previews/continental_(_1st)__.png","fullDesc":"Níže naleznete parametry před a po úpravě Standard pro vozidlo: Bentley Continental 6.0 W12 Supersports - 630 HP. Modelová řada vyráběná od roku 2010. Řídící jednotka motoru od společnosti Bosch. Typ řídící jednotky ME7.1.1. Předpokládaná doba úpravy tohoto modelu je 2 - 4 hodiny.","numbers":["Výkon HP","632 HP","689 HP","Výkon kW","465 kW","507 kW","Točivý moment Nm","802 Nm","890 Nm","Maximální rychlost","","+ 1 KM/H","Spotřeba město","","-0,20 L / 100 KM","Kombinovaná spotřeba","","-0,20 L / 100 KM","Spotřeba mimo město","","-0,10 L / 100 KM"],"chartPower":"./chartPower/continental_(_1st)__1045867.png","chartTorque":"./chartTorque/continental_(_1st)__1045867.png"},{"id":"continental_(_2nd)__1045870","fullName":"ChipTuning - Bentley Continental 4.0 V8 GT - 507 HP ","desc":"Zvýšení výkonu motoru (chiptuning) vozidla Bentley Continental 4.0 V8 GT - 507 HP je možné z původních 373 kW (507 HP) až na 410 kW (558 HP) a nárůst točivého momentu ze 660 Nm až na 733 Nm.,Maximální rychlost se po úpravě zvýší o + 7 KM/H a kombinovaná spotřeba se sníží v průměru o -0,70 L / 100 KM.","imgUrl":"./previews/continental_(_2nd)__.png","fullDesc":"Níže naleznete parametry před a po úpravě Standard pro vozidlo: Bentley Continental 4.0 V8 GT - 507 HP. Modelová řada vyráběná od roku 2012. Úprava tohoto modelu se provádí přes diagnostickou zásuvku. Řídící jednotka motoru od společnosti Bosch. Typ řídící jednotky MED17.1.1. Předpokládaná doba úpravy tohoto modelu je 1 - 2 hodiny.","numbers":["Výkon HP","507 HP","558 HP","Výkon kW","373 kW","410 kW","Točivý moment Nm","660 Nm","733 Nm","Maximální rychlost","","+ 7 KM/H","Spotřeba město","","-0,50 L / 100 KM","Kombinovaná spotřeba","","-0,40 L / 100 KM","Spotřeba mimo město","","-0,30 L / 100 KM"],"chartPower":"./chartPower/continental_(_2nd)__1045870.png","chartTorque":"./chartTorque/continental_(_2nd)__1045870.png"},{"id":"continental_(_2nd)__1045878","fullName":"ChipTuning - Bentley Continental 4.0 V8 GT S - 528 HP ","desc":"Zvýšení výkonu motoru (chiptuning) vozidla Bentley Continental 4.0 V8 GT S - 528 HP je možné z původních 386 kW (526 HP) až na 425 kW (579 HP) a nárůst točivého momentu ze 678 Nm až na 753 Nm.,Maximální rychlost se po úpravě zvýší o + 7 KM/H a kombinovaná spotřeba se sníží v průměru o -0,70 L / 100 KM.","imgUrl":"./previews/continental_(_2nd)__.png","fullDesc":"Níže naleznete parametry před a po úpravě Standard pro vozidlo: Bentley Continental 4.0 V8 GT S - 528 HP. Modelová řada vyráběná od roku 2014. Úprava tohoto modelu se provádí přes diagnostickou zásuvku. Řídící jednotka motoru od společnosti Bosch. Typ řídící jednotky MED17.1.1. Předpokládaná doba úpravy tohoto modelu je 1 - 2 hodiny.","numbers":["Výkon HP","526 HP","579 HP","Výkon kW","386 kW","425 kW","Točivý moment Nm","678 Nm","753 Nm","Maximální rychlost","","+ 7 KM/H","Spotřeba město","","-0,50 L / 100 KM","Kombinovaná spotřeba","","-0,40 L / 100 KM","Spotřeba mimo město","","-0,30 L / 100 KM"],"chartPower":"./chartPower/continental_(_2nd)__1045878.png","chartTorque":"./chartTorque/continental_(_2nd)__1045878.png"},{"id":"continental_(_2nd)__1045882","fullName":"ChipTuning - Bentley Continental 4.0 V8 GT3-R - 600 HP ","desc":"Zvýšení výkonu motoru (chiptuning) vozidla Bentley Continental 4.0 V8 GT3-R - 600 HP je možné z původních 437 kW (596 HP) až na 511 kW (697 HP) a nárůst točivého momentu ze 746 Nm až na 893 Nm.,Maximální rychlost se po úpravě zvýší o + 16 KM/H a kombinovaná spotřeba se sníží v průměru o -1,20 L / 100 KM.","imgUrl":"./previews/continental_(_2nd)__.png","fullDesc":"Níže naleznete parametry před a po úpravě Standard pro vozidlo: Bentley Continental 4.0 V8 GT3-R - 600 HP. Modelová řada vyráběná od roku 2014. Úprava tohoto modelu se provádí přes diagnostickou zásuvku. Řídící jednotka motoru od společnosti Bosch. Typ řídící jednotky MED17.1.1. Předpokládaná doba úpravy tohoto modelu je 1 - 2 hodiny.","numbers":["Výkon HP","596 HP","674 HP","Výkon kW","437 kW","494 kW","Točivý moment Nm","746 Nm","851 Nm","Maximální rychlost","","+ 12 KM/H","Spotřeba město","","-0,80 L / 100 KM","Kombinovaná spotřeba","","-0,70 L / 100 KM","Spotřeba mimo město","","-0,65 L / 100 KM"],"chartPower":"./chartPower/continental_(_2nd)__1045882.png","chartTorque":"./chartTorque/continental_(_2nd)__1045882.png"},{"id":"continental_(_2nd)__1045886","fullName":"ChipTuning - Bentley Continental 4.0 V8 GTC - 507 HP ","desc":"Zvýšení výkonu motoru (chiptuning) vozidla Bentley Continental 4.0 V8 GTC - 507 HP je možné z původních 377 kW (511 HP) až na 414 kW (562 HP) a nárůst točivého momentu ze 664 Nm až na 737 Nm.,Maximální rychlost se po úpravě zvýší o + 7 KM/H a kombinovaná spotřeba se sníží v průměru o -0,70 L / 100 KM.","imgUrl":"./previews/continental_(_2nd)__.png","fullDesc":"Níže naleznete parametry před a po úpravě Standard pro vozidlo: Bentley Continental 4.0 V8 GTC - 507 HP. Modelová řada vyráběná od roku 2012. Úprava tohoto modelu se provádí přes diagnostickou zásuvku. Řídící jednotka motoru od společnosti Bosch. Typ řídící jednotky MED17.1.1. Předpokládaná doba úpravy tohoto modelu je 1 - 2 hodiny.","numbers":["Výkon HP","511 HP","562 HP","Výkon kW","377 kW","414 kW","Točivý moment Nm","664 Nm","737 Nm","Maximální rychlost","","+ 7 KM/H","Spotřeba město","","-0,50 L / 100 KM","Kombinovaná spotřeba","","-0,40 L / 100 KM","Spotřeba mimo město","","-0,30 L / 100 KM"],"chartPower":"./chartPower/continental_(_2nd)__1045886.png","chartTorque":"./chartTorque/continental_(_2nd)__1045886.png"},{"id":"continental_(_2nd)__1045894","fullName":"ChipTuning - Bentley Continental 4.0 V8 GTC S - 528 HP ","desc":"Zvýšení výkonu motoru (chiptuning) vozidla Bentley Continental 4.0 V8 GTC S - 528 HP je možné z původních 385 kW (525 HP) až na 424 kW (578 HP) a nárůst točivého momentu ze 677 Nm až na 752 Nm.,Maximální rychlost se po úpravě zvýší o + 7 KM/H a kombinovaná spotřeba se sníží v průměru o -0,70 L / 100 KM.","imgUrl":"./previews/continental_(_2nd)__.png","fullDesc":"Níže naleznete parametry před a po úpravě Standard pro vozidlo: Bentley Continental 4.0 V8 GTC S - 528 HP. Modelová řada vyráběná od roku 2014. Úprava tohoto modelu se provádí přes diagnostickou zásuvku. Řídící jednotka motoru od společnosti Bosch. Typ řídící jednotky MED17.1.1. Předpokládaná doba úpravy tohoto modelu je 1 - 2 hodiny.","numbers":["Výkon HP","525 HP","578 HP","Výkon kW","385 kW","424 kW","Točivý moment Nm","677 Nm","752 Nm","Maximální rychlost","","+ 7 KM/H","Spotřeba město","","-0,50 L / 100 KM","Kombinovaná spotřeba","","-0,40 L / 100 KM","Spotřeba mimo město","","-0,30 L / 100 KM"],"chartPower":"./chartPower/continental_(_2nd)__1045894.png","chartTorque":"./chartTorque/continental_(_2nd)__1045894.png"},{"id":"continental_flying spur_( 1st)__1045898","fullName":"ChipTuning - Bentley Continental Flying Spur 6.0 W12 - 560 HP ","desc":"Zvýšení výkonu motoru (chiptuning) vozidla Bentley Continental Flying Spur 6.0 W12 - 560 HP je možné z původních 411 kW (559 HP) až na 448 kW (609 HP) a nárůst točivého momentu ze 649 Nm až na 721 Nm.,Maximální rychlost se po úpravě zvýší o + 1 KM/H a kombinovaná spotřeba se sníží v průměru o -0,30 L / 100 KM.","imgUrl":"./previews/continental_flying spur_( 1st)__.png","fullDesc":"Níže naleznete parametry před a po úpravě Standard pro vozidlo: Bentley Continental Flying Spur 6.0 W12 - 560 HP. Modelová řada vyráběná od roku 2005. Úprava tohoto modelu se provádí přes diagnostickou zásuvku. Řídící jednotka motoru od společnosti Bosch. Typ řídící jednotky ME7.1.1. Předpokládaná doba úpravy tohoto modelu je 1 - 2 hodiny.","numbers":["Výkon HP","559 HP","609 HP","Výkon kW","411 kW","448 kW","Točivý moment Nm","649 Nm","721 Nm","Maximální rychlost","","+ 1 KM/H","Spotřeba město","","-0,20 L / 100 KM","Kombinovaná spotřeba","","-0,20 L / 100 KM","Spotřeba mimo město","","-0,10 L / 100 KM"],"chartPower":"./chartPower/continental_flying spur_( 1st)__1045898.png","chartTorque":"./chartTorque/continental_flying spur_( 1st)__1045898.png"},{"id":"continental_flying spur_( 1st)__1045907","fullName":"ChipTuning - Bentley Continental Flying Spur 6.0 W12 Mulliner - 560 HP ","desc":"Zvýšení výkonu motoru (chiptuning) vozidla Bentley Continental Flying Spur 6.0 W12 Mulliner - 560 HP je možné z původních 416 kW (564 HP) až na 453 kW (614 HP) a nárůst točivého momentu ze 654 Nm až na 726 Nm.,Maximální rychlost se po úpravě zvýší o + 1 KM/H a kombinovaná spotřeba se sníží v průměru o -0,30 L / 100 KM.","imgUrl":"./previews/continental_flying spur_( 1st)__.png","fullDesc":"Níže naleznete parametry před a po úpravě Standard pro vozidlo: Bentley Continental Flying Spur 6.0 W12 Mulliner - 560 HP. Modelová řada vyráběná od roku 2005. Úprava tohoto modelu se provádí přes diagnostickou zásuvku. Řídící jednotka motoru od společnosti Bosch. Typ řídící jednotky ME7.1.1. Předpokládaná doba úpravy tohoto modelu je 1 - 2 hodiny.","numbers":["Výkon HP","564 HP","614 HP","Výkon kW","416 kW","453 kW","Točivý moment Nm","654 Nm","726 Nm","Maximální rychlost","","+ 1 KM/H","Spotřeba město","","-0,20 L / 100 KM","Kombinovaná spotřeba","","-0,20 L / 100 KM","Spotřeba mimo město","","-0,10 L / 100 KM"],"chartPower":"./chartPower/continental_flying spur_( 1st)__1045907.png","chartTorque":"./chartTorque/continental_flying spur_( 1st)__1045907.png"},{"id":"continental_flying spur_( 1st)__1045911","fullName":"ChipTuning - Bentley Continental Flying Spur 6.0 W12 Speed - 609 HP ","desc":"Zvýšení výkonu motoru (chiptuning) vozidla Bentley Continental Flying Spur 6.0 W12 Speed - 609 HP je možné z původních 451 kW (612 HP) až na 491 kW (667 HP) a nárůst točivého momentu ze 753 Nm až na 836 Nm.,Maximální rychlost se po úpravě zvýší o + 1 KM/H a kombinovaná spotřeba se sníží v průměru o -0,30 L / 100 KM.","imgUrl":"./previews/continental_flying spur_( 1st)__.png","fullDesc":"Níže naleznete parametry před a po úpravě Standard pro vozidlo: Bentley Continental Flying Spur 6.0 W12 Speed - 609 HP. Modelová řada vyráběná od roku 2009. Úprava tohoto modelu se provádí přes diagnostickou zásuvku. Řídící jednotka motoru od společnosti Bosch. Typ řídící jednotky ME7.1.1. Předpokládaná doba úpravy tohoto modelu je 1 - 2 hodiny.","numbers":["Výkon HP","612 HP","667 HP","Výkon kW","451 kW","491 kW","Točivý moment Nm","753 Nm","836 Nm","Maximální rychlost","","+ 1 KM/H","Spotřeba město","","-0,20 L / 100 KM","Kombinovaná spotřeba","","-0,20 L / 100 KM","Spotřeba mimo město","","-0,10 L / 100 KM"],"chartPower":"./chartPower/continental_flying spur_( 1st)__1045911.png","chartTorque":"./chartTorque/continental_flying spur_( 1st)__1045911.png"},{"id":"continental_flying spur_( 2nd)__1045916","fullName":"ChipTuning - Bentley Continental Flying Spur 4.0 V8 - 507 HP ","desc":"Zvýšení výkonu motoru (chiptuning) vozidla Bentley Continental Flying Spur 4.0 V8 - 507 HP je možné z původních 370 kW (504 HP) až na 407 kW (555 HP) a nárůst točivého momentu ze 657 Nm až na 730 Nm.,Maximální rychlost se po úpravě zvýší o + 7 KM/H a kombinovaná spotřeba se sníží v průměru o -0,70 L / 100 KM.","imgUrl":"./previews/continental_flying spur_( 2nd)__.png","fullDesc":"Níže naleznete parametry před a po úpravě Standard pro vozidlo: Bentley Continental Flying Spur 4.0 V8 - 507 HP. Modelová řada vyráběná od roku 2014. Úprava tohoto modelu se provádí přes diagnostickou zásuvku. Řídící jednotka motoru od společnosti Bosch. Typ řídící jednotky MED17.1.1. Předpokládaná doba úpravy tohoto modelu je 1 - 2 hodiny.","numbers":["Výkon HP","504 HP","555 HP","Výkon kW","370 kW","407 kW","Točivý moment Nm","657 Nm","730 Nm","Maximální rychlost","","+ 7 KM/H","Spotřeba město","","-0,50 L / 100 KM","Kombinovaná spotřeba","","-0,40 L / 100 KM","Spotřeba mimo město","","-0,30 L / 100 KM"],"chartPower":"./chartPower/continental_flying spur_( 2nd)__1045916.png","chartTorque":"./chartTorque/continental_flying spur_( 2nd)__1045916.png"},{"id":"continental_gt_( 2nd)__1045920","fullName":"ChipTuning - Bentley Continental Gt 6.0 W12 Speed TwinTurbo Automat - 625 HP ","desc":"Zvýšení výkonu motoru (chiptuning) vozidla Bentley Continental Gt 6.0 W12 Speed TwinTurbo Automat - 625 HP je možné z původních 462 kW (627 HP) až na 534 kW (723 HP) a nárůst točivého momentu ze 802 Nm až na 921 Nm.,Maximální rychlost se po úpravě zvýší o + 16 KM/H a kombinovaná spotřeba se sníží v průměru o -1,20 L / 100 KM.","imgUrl":"./previews/continental_gt_( 2nd)__.png","fullDesc":"Níže naleznete parametry před a po úpravě Standard pro vozidlo: Bentley Continental Gt 6.0 W12 Speed TwinTurbo Automat - 625 HP. Modelová řada vyráběná od roku 2012. Řídící jednotka motoru od společnosti Bosch. Typ řídící jednotky ME17.1.6. Tato úprava je přizpůsobena pro automatickou převodovku. Předpokládaná doba úpravy tohoto modelu je 2 - 4 hodiny.","numbers":["Výkon HP","627 HP","701 HP","Výkon kW","462 kW","517 kW","Točivý moment Nm","802 Nm","887 Nm","Maximální rychlost","","+ 12 KM/H","Spotřeba město","","-0,80 L / 100 KM","Kombinovaná spotřeba","","-0,70 L / 100 KM","Spotřeba mimo město","","-0,65 L / 100 KM"],"chartPower":"./chartPower/continental_gt_( 2nd)__1045920.png","chartTorque":"./chartTorque/continental_gt_( 2nd)__1045920.png"},{"id":"continental_gt_( 2nd)__1045927","fullName":"ChipTuning - Bentley Continental Gt 6.0 W12 TwinTurbo Automat - 575 HP ","desc":"Zvýšení výkonu motoru (chiptuning) vozidla Bentley Continental Gt 6.0 W12 TwinTurbo Automat - 575 HP je možné z původních 420 kW (572 HP) až na 485 kW (662 HP) a nárůst točivého momentu ze 697 Nm až na 801 Nm.,Maximální rychlost se po úpravě zvýší o + 16 KM/H a kombinovaná spotřeba se sníží v průměru o -1,20 L / 100 KM.","imgUrl":"./previews/continental_gt_( 2nd)__.png","fullDesc":"Níže naleznete parametry před a po úpravě Standard pro vozidlo: Bentley Continental Gt 6.0 W12 TwinTurbo Automat - 575 HP. Modelová řada vyráběná od roku 2011. Řídící jednotka motoru od společnosti Bosch. Typ řídící jednotky ME17.1.6. Tato úprava je přizpůsobena pro automatickou převodovku. Předpokládaná doba úpravy tohoto modelu je 2 - 4 hodiny.","numbers":["Výkon HP","572 HP","641 HP","Výkon kW","420 kW","470 kW","Točivý moment Nm","697 Nm","771 Nm","Maximální rychlost","","+ 12 KM/H","Spotřeba město","","-0,80 L / 100 KM","Kombinovaná spotřeba","","-0,70 L / 100 KM","Spotřeba mimo město","","-0,65 L / 100 KM"],"chartPower":"./chartPower/continental_gt_( 2nd)__1045927.png","chartTorque":"./chartTorque/continental_gt_( 2nd)__1045927.png"},{"id":"continental_gt_( 3rd)__1045935","fullName":"ChipTuning - Bentley Continental Gt 4.0 V8 Turbo Automat - 549 HP ","desc":"Zvýšení výkonu motoru (chiptuning) vozidla Bentley Continental Gt 4.0 V8 Turbo Automat - 549 HP je možné z původních 405 kW (550 HP) až na 467 kW (635 HP) a nárůst točivého momentu ze 771 Nm až na 886 Nm.,Maximální rychlost se po úpravě zvýší o + 16 KM/H a kombinovaná spotřeba se sníží v průměru o -1,20 L / 100 KM.","imgUrl":"./previews/continental_gt_( 3rd)__.png","fullDesc":"Níže naleznete parametry před a po úpravě Standard pro vozidlo: Bentley Continental Gt 4.0 V8 Turbo Automat - 549 HP. Modelová řada vyráběná od roku 2018. Úprava tohoto modelu se provádí připojením na konektory řídící jednotky bez rozebírání jednotky. Řídící jednotka motoru od společnosti Bosch. Typ řídící jednotky MG1CS008. Tato úprava je přizpůsobena pro automatickou převodovku. Předpokládaná doba úpravy tohoto modelu je 1.5 - 2.5 hodiny.","numbers":["Výkon HP","550 HP","615 HP","Výkon kW","405 kW","453 kW","Točivý moment Nm","771 Nm","853 Nm","Maximální rychlost","","+ 12 KM/H","Spotřeba město","","-0,80 L / 100 KM","Kombinovaná spotřeba","","-0,70 L / 100 KM","Spotřeba mimo město","","-0,65 L / 100 KM"],"chartPower":"./chartPower/continental_gt_( 3rd)__1045935.png","chartTorque":"./chartTorque/continental_gt_( 3rd)__1045935.png"},{"id":"mulsanne___1045939","fullName":"ChipTuning - Bentley Mulsanne 6.8 V8 - 513 HP ","desc":"Zvýšení výkonu motoru (chiptuning) vozidla Bentley Mulsanne 6.8 V8 - 513 HP je možné z původních 380 kW (516 HP) až na 444 kW (603 HP) a nárůst točivého momentu ze 1023 Nm až na 1209 Nm.,Maximální rychlost se po úpravě zvýší o + 16 KM/H a kombinovaná spotřeba se sníží v průměru o -1,20 L / 100 KM.","imgUrl":"./previews/mulsanne___.png","fullDesc":"Níže naleznete parametry před a po úpravě Standard pro vozidlo: Bentley Mulsanne 6.8 V8 - 513 HP. Modelová řada vyráběná od roku 2010. Úprava tohoto modelu se provádí připojením na konektory řídící jednotky bez rozebírání jednotky. Řídící jednotka motoru od společnosti Bosch. Typ řídící jednotky ME17.1.1. Předpokládaná doba úpravy tohoto modelu je 1.5 - 2.5 hodiny.","numbers":["Výkon HP","516 HP","583 HP","Výkon kW","380 kW","429 kW","Točivý moment Nm","1023 Nm","1156 Nm","Maximální rychlost","","+ 12 KM/H","Spotřeba město","","-0,80 L / 100 KM","Kombinovaná spotřeba","","-0,70 L / 100 KM","Spotřeba mimo město","","-0,65 L / 100 KM"],"chartPower":"./chartPower/mulsanne___1045939.png","chartTorque":"./chartTorque/mulsanne___1045939.png"},{"id":"mulsanne___1045951","fullName":"ChipTuning - Bentley Mulsanne 6.8 V8 Speed - 537 HP ","desc":"Zvýšení výkonu motoru (chiptuning) vozidla Bentley Mulsanne 6.8 V8 Speed - 537 HP je možné z původních 398 kW (540 HP) až na 464 kW (631 HP) a nárůst točivého momentu ze 1103 Nm až na 1303 Nm.,Maximální rychlost se po úpravě zvýší o + 16 KM/H a kombinovaná spotřeba se sníží v průměru o -1,20 L / 100 KM.","imgUrl":"./previews/mulsanne___.png","fullDesc":"Níže naleznete parametry před a po úpravě Standard pro vozidlo: Bentley Mulsanne 6.8 V8 Speed - 537 HP. Modelová řada vyráběná od roku 2015. Úprava tohoto modelu se provádí připojením na konektory řídící jednotky bez rozebírání jednotky. Řídící jednotka motoru od společnosti Bosch. Typ řídící jednotky ME17.1.1. Předpokládaná doba úpravy tohoto modelu je 1.5 - 2.5 hodiny.","numbers":["Výkon HP","540 HP","610 HP","Výkon kW","398 kW","449 kW","Točivý moment Nm","1103 Nm","1246 Nm","Maximální rychlost","","+ 12 KM/H","Spotřeba město","","-0,80 L / 100 KM","Kombinovaná spotřeba","","-0,70 L / 100 KM","Spotřeba mimo město","","-0,65 L / 100 KM"],"chartPower":"./chartPower/mulsanne___1045951.png","chartTorque":"./chartTorque/mulsanne___1045951.png"}]