[{"id":"ats___1168559","fullName":"ChipTuning - Cadillac ATS 3.6 V6 Automat - 340 HP ","desc":"Zvýšení výkonu motoru (chiptuning) vozidla Cadillac ATS 3.6 V6 Automat - 340 HP je možné z původních 255 kW (345 HP) až na 280 kW (379 HP) a nárůst točivého momentu ze 391 Nm až na 437 Nm.,Maximální rychlost se po úpravě zvýší o + 7 KM/H a kombinovaná spotřeba se sníží v průměru o -0,70 L / 100 KM.","imgUrl":"./previews/ats___.png","fullDesc":"Níže naleznete parametry před a po úpravě Standard pro vozidlo: Cadillac ATS 3.6 V6 Automat - 340 HP. Modelová řada vyráběná od roku 2016. Úprava tohoto modelu se provádí přes diagnostickou zásuvku. Řídící jednotka motoru od společnosti ACDelco. Typ řídící jednotky E82. Tato úprava je přizpůsobena pro automatickou převodovku. Předpokládaná doba úpravy tohoto modelu je 1 - 2 hodiny.","numbers":["Výkon HP","345 HP","379 HP","Výkon kW","255 kW","280 kW","Točivý moment Nm","391 Nm","437 Nm","Maximální rychlost","","+ 7 KM/H","Spotřeba město","","-0,50 L / 100 KM","Kombinovaná spotřeba","","-0,40 L / 100 KM","Spotřeba mimo město","","-0,30 L / 100 KM"],"chartPower":"./chartPower/ats___1168559.png","chartTorque":"./chartTorque/ats___1168559.png"},{"id":"bls___1168568","fullName":"ChipTuning - Cadillac BLS 2.8 V6 T - 256 HP ","desc":"Zvýšení výkonu motoru (chiptuning) vozidla Cadillac BLS 2.8 V6 T - 256 HP je možné z původních 184 kW (252 HP) až na 235 kW (322 HP) a nárůst točivého momentu ze 346 Nm až na 464 Nm.,Maximální rychlost se po úpravě zvýší o + 13 KM/H a kombinovaná spotřeba se sníží v průměru o -1,00 L / 100 KM.","imgUrl":"./previews/bls___.png","fullDesc":"Níže naleznete parametry před a po úpravě Standard pro vozidlo: Cadillac BLS 2.8 V6 T - 256 HP. Modelová řada vyráběná od roku 2006. Úprava tohoto modelu se provádí přes diagnostickou zásuvku. Řídící jednotka motoru od společnosti Bosch. Typ řídící jednotky ME9.1/ME9.5. Předpokládaná doba úpravy tohoto modelu je 1 - 2 hodiny.","numbers":["Výkon HP","252 HP","306 HP","Výkon kW","184 kW","223 kW","Točivý moment Nm","346 Nm","430 Nm","Maximální rychlost","","+ 10 KM/H","Spotřeba město","","-0,70 L / 100 KM","Kombinovaná spotřeba","","-0,60 L / 100 KM","Spotřeba mimo město","","-0,50 L / 100 KM"],"chartPower":"./chartPower/bls___1168568.png","chartTorque":"./chartTorque/bls___1168568.png"},{"id":"bls___1168563","fullName":"ChipTuning - Cadillac BLS 2.8 V6 T Automat - 256 HP ","desc":"Zvýšení výkonu motoru (chiptuning) vozidla Cadillac BLS 2.8 V6 T Automat - 256 HP je možné z původních 192 kW (260 HP) až na 240 kW (326 HP) a nárůst točivého momentu ze 354 Nm až na 453 Nm.,Maximální rychlost se po úpravě zvýší o + 13 KM/H a kombinovaná spotřeba se sníží v průměru o -1,00 L / 100 KM.","imgUrl":"./previews/bls___.png","fullDesc":"Níže naleznete parametry před a po úpravě Standard pro vozidlo: Cadillac BLS 2.8 V6 T Automat - 256 HP. Modelová řada vyráběná od roku 2006. Úprava tohoto modelu se provádí přes diagnostickou zásuvku. Řídící jednotka motoru od společnosti Bosch. Typ řídící jednotky ME9.1/ME9.5. Tato úprava je přizpůsobena pro automatickou převodovku. Předpokládaná doba úpravy tohoto modelu je 1 - 2 hodiny.","numbers":["Výkon HP","260 HP","311 HP","Výkon kW","192 kW","229 kW","Točivý moment Nm","354 Nm","425 Nm","Maximální rychlost","","+ 10 KM/H","Spotřeba město","","-0,70 L / 100 KM","Kombinovaná spotřeba","","-0,60 L / 100 KM","Spotřeba mimo město","","-0,50 L / 100 KM"],"chartPower":"./chartPower/bls___1168563.png","chartTorque":"./chartTorque/bls___1168563.png"},{"id":"ct6___1168573","fullName":"ChipTuning - Cadillac CT6 3.6 V6 Automat - 340 HP ","desc":"Zvýšení výkonu motoru (chiptuning) vozidla Cadillac CT6 3.6 V6 Automat - 340 HP je možné z původních 251 kW (341 HP) až na 276 kW (375 HP) a nárůst točivého momentu ze 387 Nm až na 433 Nm.,Maximální rychlost se po úpravě zvýší o + 7 KM/H a kombinovaná spotřeba se sníží v průměru o -0,70 L / 100 KM.","imgUrl":"./previews/ct6___.png","fullDesc":"Níže naleznete parametry před a po úpravě Standard pro vozidlo: Cadillac CT6 3.6 V6 Automat - 340 HP. Modelová řada vyráběná od roku 2016. Úprava tohoto modelu se provádí přes diagnostickou zásuvku. Řídící jednotka motoru od společnosti ACDelco. Typ řídící jednotky E82. Tato úprava je přizpůsobena pro automatickou převodovku. Předpokládaná doba úpravy tohoto modelu je 1 - 2 hodiny.","numbers":["Výkon HP","341 HP","375 HP","Výkon kW","251 kW","276 kW","Točivý moment Nm","387 Nm","433 Nm","Maximální rychlost","","+ 7 KM/H","Spotřeba město","","-0,50 L / 100 KM","Kombinovaná spotřeba","","-0,40 L / 100 KM","Spotřeba mimo město","","-0,30 L / 100 KM"],"chartPower":"./chartPower/ct6___1168573.png","chartTorque":"./chartTorque/ct6___1168573.png"},{"id":"cts___1168581","fullName":"ChipTuning - Cadillac CTS 3.6 V6 - 257 HP ","desc":"Zvýšení výkonu motoru (chiptuning) vozidla Cadillac CTS 3.6 V6 - 257 HP je možné z původních 190 kW (258 HP) až na 209 kW (286 HP) a nárůst točivého momentu ze 341 Nm až na 382 Nm.,Maximální rychlost se po úpravě zvýší o + 7 KM/H a kombinovaná spotřeba se sníží v průměru o -0,70 L / 100 KM.","imgUrl":"./previews/cts___.png","fullDesc":"Níže naleznete parametry před a po úpravě Standard pro vozidlo: Cadillac CTS 3.6 V6 - 257 HP. Modelová řada vyráběná od roku 2005. Úprava tohoto modelu se provádí přes diagnostickou zásuvku. Řídící jednotka motoru od společnosti Bosch. Typ řídící jednotky ME9.1/ME9.5. Předpokládaná doba úpravy tohoto modelu je 1 - 2 hodiny.","numbers":["Výkon HP","258 HP","286 HP","Výkon kW","190 kW","209 kW","Točivý moment Nm","341 Nm","382 Nm","Maximální rychlost","","+ 7 KM/H","Spotřeba město","","-0,50 L / 100 KM","Kombinovaná spotřeba","","-0,40 L / 100 KM","Spotřeba mimo město","","-0,30 L / 100 KM"],"chartPower":"./chartPower/cts___1168581.png","chartTorque":"./chartTorque/cts___1168581.png"},{"id":"cts___1168577","fullName":"ChipTuning - Cadillac CTS 3.6 V6 Automat - 257 HP ","desc":"Zvýšení výkonu motoru (chiptuning) vozidla Cadillac CTS 3.6 V6 Automat - 257 HP je možné z původních 187 kW (255 HP) až na 206 kW (283 HP) a nárůst točivého momentu ze 338 Nm až na 379 Nm.,Maximální rychlost se po úpravě zvýší o + 7 KM/H a kombinovaná spotřeba se sníží v průměru o -0,70 L / 100 KM.","imgUrl":"./previews/cts___.png","fullDesc":"Níže naleznete parametry před a po úpravě Standard pro vozidlo: Cadillac CTS 3.6 V6 Automat - 257 HP. Modelová řada vyráběná od roku 2005. Úprava tohoto modelu se provádí přes diagnostickou zásuvku. Řídící jednotka motoru od společnosti Bosch. Typ řídící jednotky ME9.1/ME9.5. Tato úprava je přizpůsobena pro automatickou převodovku. Předpokládaná doba úpravy tohoto modelu je 1 - 2 hodiny.","numbers":["Výkon HP","255 HP","283 HP","Výkon kW","187 kW","206 kW","Točivý moment Nm","338 Nm","379 Nm","Maximální rychlost","","+ 7 KM/H","Spotřeba město","","-0,50 L / 100 KM","Kombinovaná spotřeba","","-0,40 L / 100 KM","Spotřeba mimo město","","-0,30 L / 100 KM"],"chartPower":"./chartPower/cts___1168577.png","chartTorque":"./chartTorque/cts___1168577.png"},{"id":"cts___1168585","fullName":"ChipTuning - Cadillac CTS 3.6 V6 Automat - 340 HP ","desc":"Zvýšení výkonu motoru (chiptuning) vozidla Cadillac CTS 3.6 V6 Automat - 340 HP je možné z původních 253 kW (343 HP) až na 278 kW (377 HP) a nárůst točivého momentu ze 389 Nm až na 435 Nm.,Maximální rychlost se po úpravě zvýší o + 7 KM/H a kombinovaná spotřeba se sníží v průměru o -0,70 L / 100 KM.","imgUrl":"./previews/cts___.png","fullDesc":"Níže naleznete parametry před a po úpravě Standard pro vozidlo: Cadillac CTS 3.6 V6 Automat - 340 HP. Modelová řada vyráběná od roku 2016. Úprava tohoto modelu se provádí přes diagnostickou zásuvku. Řídící jednotka motoru od společnosti ACDelco. Typ řídící jednotky E82. Tato úprava je přizpůsobena pro automatickou převodovku. Předpokládaná doba úpravy tohoto modelu je 1 - 2 hodiny.","numbers":["Výkon HP","343 HP","377 HP","Výkon kW","253 kW","278 kW","Točivý moment Nm","389 Nm","435 Nm","Maximální rychlost","","+ 7 KM/H","Spotřeba město","","-0,50 L / 100 KM","Kombinovaná spotřeba","","-0,40 L / 100 KM","Spotřeba mimo město","","-0,30 L / 100 KM"],"chartPower":"./chartPower/cts___1168585.png","chartTorque":"./chartTorque/cts___1168585.png"},{"id":"cts-v___1168589","fullName":"ChipTuning - Cadillac CTS-V 6.0 V8 16v - 406 HP ","desc":"Zvýšení výkonu motoru (chiptuning) vozidla Cadillac CTS-V 6.0 V8 16v - 406 HP je možné z původních 295 kW (402 HP) až na 325 kW (443 HP) a nárůst točivého momentu ze 538 Nm až na 598 Nm.,Maximální rychlost se po úpravě zvýší o + 7 KM/H a kombinovaná spotřeba se sníží v průměru o -0,70 L / 100 KM.","imgUrl":"./previews/cts-v___.png","fullDesc":"Níže naleznete parametry před a po úpravě Standard pro vozidlo: Cadillac CTS-V 6.0 V8 16v - 406 HP. Modelová řada vyráběná od roku 2007. Řídící jednotka motoru od společnosti ACDelco. Typ řídící jednotky E67. Předpokládaná doba úpravy tohoto modelu je 2 - 4 hodiny.","numbers":["Výkon HP","402 HP","443 HP","Výkon kW","295 kW","325 kW","Točivý moment Nm","538 Nm","598 Nm","Maximální rychlost","","+ 7 KM/H","Spotřeba město","","-0,50 L / 100 KM","Kombinovaná spotřeba","","-0,40 L / 100 KM","Spotřeba mimo město","","-0,30 L / 100 KM"],"chartPower":"./chartPower/cts-v___1168589.png","chartTorque":"./chartTorque/cts-v___1168589.png"},{"id":"cts-v___1168594","fullName":"ChipTuning - Cadillac CTS-V 6.2 V8 - 588 HP ","desc":"Zvýšení výkonu motoru (chiptuning) vozidla Cadillac CTS-V 6.2 V8 - 588 HP je možné z původních 431 kW (587 HP) až na 470 kW (640 HP) a nárůst točivého momentu ze 579 Nm až na 643 Nm.,Maximální rychlost se po úpravě zvýší o + 7 KM/H a kombinovaná spotřeba se sníží v průměru o -0,70 L / 100 KM.","imgUrl":"./previews/cts-v___.png","fullDesc":"Níže naleznete parametry před a po úpravě Standard pro vozidlo: Cadillac CTS-V 6.2 V8 - 588 HP. Modelová řada vyráběná od roku 2012. Řídící jednotka motoru od společnosti ACDelco. Typ řídící jednotky E67. Předpokládaná doba úpravy tohoto modelu je 2 - 4 hodiny.","numbers":["Výkon HP","587 HP","640 HP","Výkon kW","431 kW","470 kW","Točivý moment Nm","579 Nm","643 Nm","Maximální rychlost","","+ 7 KM/H","Spotřeba město","","-0,50 L / 100 KM","Kombinovaná spotřeba","","-0,40 L / 100 KM","Spotřeba mimo město","","-0,30 L / 100 KM"],"chartPower":"./chartPower/cts-v___1168594.png","chartTorque":"./chartTorque/cts-v___1168594.png"},{"id":"cts-v___1168598","fullName":"ChipTuning - Cadillac CTS-V 6.2 V8 DI Supercharged - 649 HP ","desc":"Zvýšení výkonu motoru (chiptuning) vozidla Cadillac CTS-V 6.2 V8 DI Supercharged - 649 HP je možné z původních 481 kW (653 HP) až na 562 kW (762 HP) a nárůst točivého momentu ze 858 Nm až na 1013 Nm.,Maximální rychlost se po úpravě zvýší o + 16 KM/H a kombinovaná spotřeba se sníží v průměru o -1,20 L / 100 KM.","imgUrl":"./previews/cts-v___.png","fullDesc":"Níže naleznete parametry před a po úpravě Standard pro vozidlo: Cadillac CTS-V 6.2 V8 DI Supercharged - 649 HP. Modelová řada vyráběná od roku 2016. Úprava tohoto modelu se provádí přes diagnostickou zásuvku. Řídící jednotka motoru od společnosti ACDelco. Typ řídící jednotky E92. Předpokládaná doba úpravy tohoto modelu je 1 - 2 hodiny.","numbers":["Výkon HP","653 HP","737 HP","Výkon kW","481 kW","543 kW","Točivý moment Nm","858 Nm","969 Nm","Maximální rychlost","","+ 12 KM/H","Spotřeba město","","-0,80 L / 100 KM","Kombinovaná spotřeba","","-0,70 L / 100 KM","Spotřeba mimo město","","-0,65 L / 100 KM"],"chartPower":"./chartPower/cts-v___1168598.png","chartTorque":"./chartTorque/cts-v___1168598.png"},{"id":"dts___1168602","fullName":"ChipTuning - Cadillac DTS 4.6 V6 12v Automat - 278 HP ","desc":"Zvýšení výkonu motoru (chiptuning) vozidla Cadillac DTS 4.6 V6 12v Automat - 278 HP je možné z původních 207 kW (280 HP) až na 228 kW (308 HP) a nárůst točivého momentu ze 402 Nm až na 450 Nm.,Maximální rychlost se po úpravě zvýší o + 7 KM/H a kombinovaná spotřeba se sníží v průměru o -0,70 L / 100 KM.","imgUrl":"./previews/dts___.png","fullDesc":"Níže naleznete parametry před a po úpravě Standard pro vozidlo: Cadillac DTS 4.6 V6 12v Automat - 278 HP. Modelová řada vyráběná od roku 2007. Řídící jednotka motoru od společnosti ACDelco. Typ řídící jednotky E67. Tato úprava je přizpůsobena pro automatickou převodovku. Předpokládaná doba úpravy tohoto modelu je 2 - 4 hodiny.","numbers":["Výkon HP","280 HP","308 HP","Výkon kW","207 kW","228 kW","Točivý moment Nm","402 Nm","450 Nm","Maximální rychlost","","+ 7 KM/H","Spotřeba město","","-0,50 L / 100 KM","Kombinovaná spotřeba","","-0,40 L / 100 KM","Spotřeba mimo město","","-0,30 L / 100 KM"],"chartPower":"./chartPower/dts___1168602.png","chartTorque":"./chartTorque/dts___1168602.png"},{"id":"escalade_(_4th)__1168607","fullName":"ChipTuning - Cadillac Escalade 6.2 V8 EcoTec3 10AT - 409 HP ","desc":"Zvýšení výkonu motoru (chiptuning) vozidla Cadillac Escalade 6.2 V8 EcoTec3 10AT - 409 HP je možné z původních 302 kW (410 HP) až na 332 kW (451 HP) a nárůst točivého momentu ze 564 Nm až na 626 Nm.,Maximální rychlost se po úpravě zvýší o + 7 KM/H a kombinovaná spotřeba se sníží v průměru o -0,70 L / 100 KM.","imgUrl":"./previews/escalade_(_4th)__.png","fullDesc":"Níže naleznete parametry před a po úpravě Standard pro vozidlo: Cadillac Escalade 6.2 V8 EcoTec3 10AT - 409 HP. Modelová řada vyráběná od roku 2018. Úprava tohoto modelu se provádí přes diagnostickou zásuvku. Řídící jednotka motoru od společnosti ACDelco. Typ řídící jednotky E92. Předpokládaná doba úpravy tohoto modelu je 1 - 2 hodiny.","numbers":["Výkon HP","410 HP","451 HP","Výkon kW","302 kW","332 kW","Točivý moment Nm","564 Nm","626 Nm","Maximální rychlost","","+ 7 KM/H","Spotřeba město","","-0,50 L / 100 KM","Kombinovaná spotřeba","","-0,40 L / 100 KM","Spotřeba mimo město","","-0,30 L / 100 KM"],"chartPower":"./chartPower/escalade_(_4th)__1168607.png","chartTorque":"./chartTorque/escalade_(_4th)__1168607.png"},{"id":"escalade_(_4th)__1168610","fullName":"ChipTuning - Cadillac Escalade 6.2 V8 EcoTec3 Automat - 409 HP ","desc":"Zvýšení výkonu motoru (chiptuning) vozidla Cadillac Escalade 6.2 V8 EcoTec3 Automat - 409 HP je možné z původních 302 kW (410 HP) až na 332 kW (451 HP) a nárůst točivého momentu ze 564 Nm až na 626 Nm.,Maximální rychlost se po úpravě zvýší o + 7 KM/H a kombinovaná spotřeba se sníží v průměru o -0,70 L / 100 KM.","imgUrl":"./previews/escalade_(_4th)__.png","fullDesc":"Níže naleznete parametry před a po úpravě Standard pro vozidlo: Cadillac Escalade 6.2 V8 EcoTec3 Automat - 409 HP. Modelová řada vyráběná od roku 2015. Úprava tohoto modelu se provádí přes diagnostickou zásuvku. Řídící jednotka motoru od společnosti ACDelco. Typ řídící jednotky E92. Tato úprava je přizpůsobena pro automatickou převodovku. Předpokládaná doba úpravy tohoto modelu je 1 - 2 hodiny.","numbers":["Výkon HP","410 HP","451 HP","Výkon kW","302 kW","332 kW","Točivý moment Nm","564 Nm","626 Nm","Maximální rychlost","","+ 7 KM/H","Spotřeba město","","-0,50 L / 100 KM","Kombinovaná spotřeba","","-0,40 L / 100 KM","Spotřeba mimo město","","-0,30 L / 100 KM"],"chartPower":"./chartPower/escalade_(_4th)__1168610.png","chartTorque":"./chartTorque/escalade_(_4th)__1168610.png"},{"id":"escalade___1168617","fullName":"ChipTuning - Cadillac Escalade 6.2 V8 Automat - 409 HP ","desc":"Zvýšení výkonu motoru (chiptuning) vozidla Cadillac Escalade 6.2 V8 Automat - 409 HP je možné z původních 296 kW (404 HP) až na 326 kW (445 HP) a nárůst točivého momentu ze 454 Nm až na 504 Nm.,Maximální rychlost se po úpravě zvýší o + 7 KM/H a kombinovaná spotřeba se sníží v průměru o -0,70 L / 100 KM.","imgUrl":"./previews/escalade___.png","fullDesc":"Níže naleznete parametry před a po úpravě Standard pro vozidlo: Cadillac Escalade 6.2 V8 Automat - 409 HP. Modelová řada vyráběná od roku 2007. Úprava tohoto modelu se provádí přes diagnostickou zásuvku. Řídící jednotka motoru od společnosti ACDelco. Typ řídící jednotky E38. Tato úprava je přizpůsobena pro automatickou převodovku. Předpokládaná doba úpravy tohoto modelu je 1 - 2 hodiny.","numbers":["Výkon HP","404 HP","445 HP","Výkon kW","296 kW","326 kW","Točivý moment Nm","454 Nm","504 Nm","Maximální rychlost","","+ 7 KM/H","Spotřeba město","","-0,50 L / 100 KM","Kombinovaná spotřeba","","-0,40 L / 100 KM","Spotřeba mimo město","","-0,30 L / 100 KM"],"chartPower":"./chartPower/escalade___1168617.png","chartTorque":"./chartTorque/escalade___1168617.png"},{"id":"escalade___1168625","fullName":"ChipTuning - Cadillac Escalade 6.2 V8 EcoTec3 - 579 HP ","desc":"Zvýšení výkonu motoru (chiptuning) vozidla Cadillac Escalade 6.2 V8 EcoTec3 - 579 HP je možné z původních 427 kW (580 HP) až na 465 kW (632 HP) a nárůst točivého momentu ze 625 Nm až na 694 Nm.,Maximální rychlost se po úpravě zvýší o + 7 KM/H a kombinovaná spotřeba se sníží v průměru o -0,70 L / 100 KM.","imgUrl":"./previews/escalade___.png","fullDesc":"Níže naleznete parametry před a po úpravě Standard pro vozidlo: Cadillac Escalade 6.2 V8 EcoTec3 - 579 HP. Modelová řada vyráběná od roku 2015. Úprava tohoto modelu se provádí přes diagnostickou zásuvku. Řídící jednotka motoru od společnosti ACDelco. Typ řídící jednotky E92. Předpokládaná doba úpravy tohoto modelu je 1 - 2 hodiny.","numbers":["Výkon HP","580 HP","632 HP","Výkon kW","427 kW","465 kW","Točivý moment Nm","625 Nm","694 Nm","Maximální rychlost","","+ 7 KM/H","Spotřeba město","","-0,50 L / 100 KM","Kombinovaná spotřeba","","-0,40 L / 100 KM","Spotřeba mimo město","","-0,30 L / 100 KM"],"chartPower":"./chartPower/escalade___1168625.png","chartTorque":"./chartTorque/escalade___1168625.png"},{"id":"escalade_esv___1168630","fullName":"ChipTuning - Cadillac Escalade ESV 6.2 V8 EcoTec3 - 579 HP ","desc":"Zvýšení výkonu motoru (chiptuning) vozidla Cadillac Escalade ESV 6.2 V8 EcoTec3 - 579 HP je možné z původních 421 kW (574 HP) až na 459 kW (626 HP) a nárůst točivého momentu ze 619 Nm až na 688 Nm.,Maximální rychlost se po úpravě zvýší o + 7 KM/H a kombinovaná spotřeba se sníží v průměru o -0,70 L / 100 KM.","imgUrl":"./previews/escalade_esv___.png","fullDesc":"Níže naleznete parametry před a po úpravě Standard pro vozidlo: Cadillac Escalade ESV 6.2 V8 EcoTec3 - 579 HP. Modelová řada vyráběná od roku 2015. Úprava tohoto modelu se provádí přes diagnostickou zásuvku. Řídící jednotka motoru od společnosti ACDelco. Typ řídící jednotky E92. Předpokládaná doba úpravy tohoto modelu je 1 - 2 hodiny.","numbers":["Výkon HP","574 HP","626 HP","Výkon kW","421 kW","459 kW","Točivý moment Nm","619 Nm","688 Nm","Maximální rychlost","","+ 7 KM/H","Spotřeba město","","-0,50 L / 100 KM","Kombinovaná spotřeba","","-0,40 L / 100 KM","Spotřeba mimo město","","-0,30 L / 100 KM"],"chartPower":"./chartPower/escalade_esv___1168630.png","chartTorque":"./chartTorque/escalade_esv___1168630.png"},{"id":"srx___1168635","fullName":"ChipTuning - Cadillac SRX 4.6 V6 12v Automat - 278 HP ","desc":"Zvýšení výkonu motoru (chiptuning) vozidla Cadillac SRX 4.6 V6 12v Automat - 278 HP je možné z původních 201 kW (274 HP) až na 222 kW (302 HP) a nárůst točivého momentu ze 396 Nm až na 444 Nm.,Maximální rychlost se po úpravě zvýší o + 7 KM/H a kombinovaná spotřeba se sníží v průměru o -0,70 L / 100 KM.","imgUrl":"./previews/srx___.png","fullDesc":"Níže naleznete parametry před a po úpravě Standard pro vozidlo: Cadillac SRX 4.6 V6 12v Automat - 278 HP. Modelová řada vyráběná od roku 2007. Řídící jednotka motoru od společnosti ACDelco. Typ řídící jednotky E67. Tato úprava je přizpůsobena pro automatickou převodovku. Předpokládaná doba úpravy tohoto modelu je 2 - 4 hodiny.","numbers":["Výkon HP","274 HP","302 HP","Výkon kW","201 kW","222 kW","Točivý moment Nm","396 Nm","444 Nm","Maximální rychlost","","+ 7 KM/H","Spotřeba město","","-0,50 L / 100 KM","Kombinovaná spotřeba","","-0,40 L / 100 KM","Spotřeba mimo město","","-0,30 L / 100 KM"],"chartPower":"./chartPower/srx___1168635.png","chartTorque":"./chartTorque/srx___1168635.png"},{"id":"sts___1168640","fullName":"ChipTuning - Cadillac Sts 4.6 V6 12v Automat - 278 HP ","desc":"Zvýšení výkonu motoru (chiptuning) vozidla Cadillac Sts 4.6 V6 12v Automat - 278 HP je možné z původních 206 kW (279 HP) až na 227 kW (307 HP) a nárůst točivého momentu ze 401 Nm až na 449 Nm.,Maximální rychlost se po úpravě zvýší o + 7 KM/H a kombinovaná spotřeba se sníží v průměru o -0,70 L / 100 KM.","imgUrl":"./previews/sts___.png","fullDesc":"Níže naleznete parametry před a po úpravě Standard pro vozidlo: Cadillac Sts 4.6 V6 12v Automat - 278 HP. Modelová řada vyráběná od roku 2007. Řídící jednotka motoru od společnosti ACDelco. Typ řídící jednotky E67. Tato úprava je přizpůsobena pro automatickou převodovku. Předpokládaná doba úpravy tohoto modelu je 2 - 4 hodiny.","numbers":["Výkon HP","279 HP","307 HP","Výkon kW","206 kW","227 kW","Točivý moment Nm","401 Nm","449 Nm","Maximální rychlost","","+ 7 KM/H","Spotřeba město","","-0,50 L / 100 KM","Kombinovaná spotřeba","","-0,40 L / 100 KM","Spotřeba mimo město","","-0,30 L / 100 KM"],"chartPower":"./chartPower/sts___1168640.png","chartTorque":"./chartTorque/sts___1168640.png"},{"id":"xlr___1168645","fullName":"ChipTuning - Cadillac XLR 4.6 V6 12v Automat - 278 HP ","desc":"Zvýšení výkonu motoru (chiptuning) vozidla Cadillac XLR 4.6 V6 12v Automat - 278 HP je možné z původních 200 kW (273 HP) až na 221 kW (301 HP) a nárůst točivého momentu ze 395 Nm až na 443 Nm.,Maximální rychlost se po úpravě zvýší o + 7 KM/H a kombinovaná spotřeba se sníží v průměru o -0,70 L / 100 KM.","imgUrl":"./previews/xlr___.png","fullDesc":"Níže naleznete parametry před a po úpravě Standard pro vozidlo: Cadillac XLR 4.6 V6 12v Automat - 278 HP. Modelová řada vyráběná od roku 2007. Řídící jednotka motoru od společnosti ACDelco. Typ řídící jednotky E67. Tato úprava je přizpůsobena pro automatickou převodovku. Předpokládaná doba úpravy tohoto modelu je 2 - 4 hodiny.","numbers":["Výkon HP","273 HP","301 HP","Výkon kW","200 kW","221 kW","Točivý moment Nm","395 Nm","443 Nm","Maximální rychlost","","+ 7 KM/H","Spotřeba město","","-0,50 L / 100 KM","Kombinovaná spotřeba","","-0,40 L / 100 KM","Spotřeba mimo město","","-0,30 L / 100 KM"],"chartPower":"./chartPower/xlr___1168645.png","chartTorque":"./chartTorque/xlr___1168645.png"},{"id":"xt5___1168650","fullName":"ChipTuning - Cadillac Xt5 3.6 V6 Automat - 314 HP ","desc":"Zvýšení výkonu motoru (chiptuning) vozidla Cadillac Xt5 3.6 V6 Automat - 314 HP je možné z původních 226 kW (309 HP) až na 249 kW (340 HP) a nárůst točivého momentu ze 362 Nm až na 406 Nm.,Maximální rychlost se po úpravě zvýší o + 7 KM/H a kombinovaná spotřeba se sníží v průměru o -0,70 L / 100 KM.","imgUrl":"./previews/xt5___.png","fullDesc":"Níže naleznete parametry před a po úpravě Standard pro vozidlo: Cadillac Xt5 3.6 V6 Automat - 314 HP. Modelová řada vyráběná od roku 2017. Úprava tohoto modelu se provádí přes diagnostickou zásuvku. Řídící jednotka motoru od společnosti ACDelco. Typ řídící jednotky E82. Tato úprava je přizpůsobena pro automatickou převodovku. Předpokládaná doba úpravy tohoto modelu je 1 - 2 hodiny.","numbers":["Výkon HP","309 HP","340 HP","Výkon kW","226 kW","249 kW","Točivý moment Nm","362 Nm","406 Nm","Maximální rychlost","","+ 7 KM/H","Spotřeba město","","-0,50 L / 100 KM","Kombinovaná spotřeba","","-0,40 L / 100 KM","Spotřeba mimo město","","-0,30 L / 100 KM"],"chartPower":"./chartPower/xt5___1168650.png","chartTorque":"./chartTorque/xt5___1168650.png"},{"id":"xt6___1168654","fullName":"ChipTuning - Cadillac XT6 3.6 V6 Automat - 314 HP ","desc":"Zvýšení výkonu motoru (chiptuning) vozidla Cadillac XT6 3.6 V6 Automat - 314 HP je možné z původních 229 kW (312 HP) až na 252 kW (343 HP) a nárůst točivého momentu ze 365 Nm až na 409 Nm.,Maximální rychlost se po úpravě zvýší o + 7 KM/H a kombinovaná spotřeba se sníží v průměru o -0,70 L / 100 KM.","imgUrl":"./previews/xt6___.png","fullDesc":"Níže naleznete parametry před a po úpravě Standard pro vozidlo: Cadillac XT6 3.6 V6 Automat - 314 HP. Modelová řada vyráběná od roku 2019. Úprava tohoto modelu se provádí přes diagnostickou zásuvku. Řídící jednotka motoru od společnosti ACDelco. Typ řídící jednotky E82. Tato úprava je přizpůsobena pro automatickou převodovku. Předpokládaná doba úpravy tohoto modelu je 1 - 2 hodiny.","numbers":["Výkon HP","312 HP","343 HP","Výkon kW","229 kW","252 kW","Točivý moment Nm","365 Nm","409 Nm","Maximální rychlost","","+ 7 KM/H","Spotřeba město","","-0,50 L / 100 KM","Kombinovaná spotřeba","","-0,40 L / 100 KM","Spotřeba mimo město","","-0,30 L / 100 KM"],"chartPower":"./chartPower/xt6___1168654.png","chartTorque":"./chartTorque/xt6___1168654.png"},{"id":"xts___1168656","fullName":"ChipTuning - Cadillac XTS 3.6 V6 Automat - 340 HP ","desc":"Zvýšení výkonu motoru (chiptuning) vozidla Cadillac XTS 3.6 V6 Automat - 340 HP je možné z původních 255 kW (345 HP) až na 280 kW (379 HP) a nárůst točivého momentu ze 391 Nm až na 437 Nm.,Maximální rychlost se po úpravě zvýší o + 7 KM/H a kombinovaná spotřeba se sníží v průměru o -0,70 L / 100 KM.","imgUrl":"./previews/xts___.png","fullDesc":"Níže naleznete parametry před a po úpravě Standard pro vozidlo: Cadillac XTS 3.6 V6 Automat - 340 HP. Modelová řada vyráběná od roku 2016. Úprava tohoto modelu se provádí přes diagnostickou zásuvku. Řídící jednotka motoru od společnosti ACDelco. Typ řídící jednotky E82. Tato úprava je přizpůsobena pro automatickou převodovku. Předpokládaná doba úpravy tohoto modelu je 1 - 2 hodiny.","numbers":["Výkon HP","345 HP","379 HP","Výkon kW","255 kW","280 kW","Točivý moment Nm","391 Nm","437 Nm","Maximální rychlost","","+ 7 KM/H","Spotřeba město","","-0,50 L / 100 KM","Kombinovaná spotřeba","","-0,40 L / 100 KM","Spotřeba mimo město","","-0,30 L / 100 KM"],"chartPower":"./chartPower/xts___1168656.png","chartTorque":"./chartTorque/xts___1168656.png"}]