[{"id":"200___1169876","fullName":"ChipTuning - Chrysler 200 2.0L 16v Multiair II - 162 HP ","desc":"Zvýšení výkonu motoru (chiptuning) vozidla Chrysler 200 2.0L 16v Multiair II - 162 HP je možné z původních 114 kW (157 HP) až na 126 kW (175 HP) a nárůst točivého momentu ze 196 Nm až na 220 Nm.,Maximální rychlost se po úpravě zvýší o + 2 KM/H a kombinovaná spotřeba se sníží v průměru o -0,50 L / 100 KM.","imgUrl":"./previews/200___.png","fullDesc":"Níže naleznete parametry před a po úpravě Standard pro vozidlo: Chrysler 200 2.0L 16v Multiair II - 162 HP. Modelová řada vyráběná od roku 2015. Úprava tohoto modelu se provádí přes diagnostickou zásuvku. Řídící jednotka motoru od společnosti Continental. Typ řídící jednotky GPEC3. Předpokládaná doba úpravy tohoto modelu je 1 - 2 hodiny.","numbers":["Výkon HP","157 HP","175 HP","Výkon kW","114 kW","126 kW","Točivý moment Nm","196 Nm","220 Nm","Maximální rychlost","","+ 2 KM/H","Spotřeba město","","-0,30 L / 100 KM","Kombinovaná spotřeba","","-0,25 L / 100 KM","Spotřeba mimo město","","-0,20 L / 100 KM"],"chartPower":"./chartPower/200___1169876.png","chartTorque":"./chartTorque/200___1169876.png"},{"id":"200___1169881","fullName":"ChipTuning - Chrysler 200 2.4L 16v Multiair II - 186 HP ","desc":"Zvýšení výkonu motoru (chiptuning) vozidla Chrysler 200 2.4L 16v Multiair II - 186 HP je možné z původních 135 kW (184 HP) až na 149 kW (204 HP) a nárůst točivého momentu ze 230 Nm až na 258 Nm.,Maximální rychlost se po úpravě zvýší o + 3 KM/H a kombinovaná spotřeba se sníží v průměru o -0,60 L / 100 KM.","imgUrl":"./previews/200___.png","fullDesc":"Níže naleznete parametry před a po úpravě Standard pro vozidlo: Chrysler 200 2.4L 16v Multiair II - 186 HP. Modelová řada vyráběná od roku 2015. Úprava tohoto modelu se provádí přes diagnostickou zásuvku. Řídící jednotka motoru od společnosti Continental. Typ řídící jednotky GPEC3. Předpokládaná doba úpravy tohoto modelu je 1 - 2 hodiny.","numbers":["Výkon HP","184 HP","204 HP","Výkon kW","135 kW","149 kW","Točivý moment Nm","230 Nm","258 Nm","Maximální rychlost","","+ 3 KM/H","Spotřeba město","","-0,40 L / 100 KM","Kombinovaná spotřeba","","-0,30 L / 100 KM","Spotřeba mimo město","","-0,20 L / 100 KM"],"chartPower":"./chartPower/200___1169881.png","chartTorque":"./chartTorque/200___1169881.png"},{"id":"200c___1169886","fullName":"ChipTuning - Chrysler 200C 2.4 16v - 175 HP ","desc":"Zvýšení výkonu motoru (chiptuning) vozidla Chrysler 200C 2.4 16v - 175 HP je možné z původních 134 kW (180 HP) až na 147 kW (199 HP) a nárůst točivého momentu ze 230 Nm až na 257 Nm.,Maximální rychlost se po úpravě zvýší o + 3 KM/H a kombinovaná spotřeba se sníží v průměru o -0,60 L / 100 KM.","imgUrl":"./previews/200c___.png","fullDesc":"Níže naleznete parametry před a po úpravě Standard pro vozidlo: Chrysler 200C 2.4 16v - 175 HP. Modelová řada vyráběná od roku 2011. Úprava tohoto modelu se provádí přes diagnostickou zásuvku. Řídící jednotka motoru od společnosti Continental. Typ řídící jednotky GPEC2. Předpokládaná doba úpravy tohoto modelu je 1 - 2 hodiny.","numbers":["Výkon HP","180 HP","199 HP","Výkon kW","134 kW","147 kW","Točivý moment Nm","230 Nm","257 Nm","Maximální rychlost","","+ 3 KM/H","Spotřeba město","","-0,40 L / 100 KM","Kombinovaná spotřeba","","-0,30 L / 100 KM","Spotřeba mimo město","","-0,20 L / 100 KM"],"chartPower":"./chartPower/200c___1169886.png","chartTorque":"./chartTorque/200c___1169886.png"},{"id":"200c___1169890","fullName":"ChipTuning - Chrysler 200C 3.6 V6 - 280 HP ","desc":"Zvýšení výkonu motoru (chiptuning) vozidla Chrysler 200C 3.6 V6 - 280 HP je možné z původních 207 kW (281 HP) až na 228 kW (309 HP) a nárůst točivého momentu ze 343 Nm až na 384 Nm.,Maximální rychlost se po úpravě zvýší o + 7 KM/H a kombinovaná spotřeba se sníží v průměru o -0,70 L / 100 KM.","imgUrl":"./previews/200c___.png","fullDesc":"Níže naleznete parametry před a po úpravě Standard pro vozidlo: Chrysler 200C 3.6 V6 - 280 HP. Modelová řada vyráběná od roku 2011. Úprava tohoto modelu se provádí přes diagnostickou zásuvku. Řídící jednotka motoru od společnosti Continental. Typ řídící jednotky GPEC2. Předpokládaná doba úpravy tohoto modelu je 1 - 2 hodiny.","numbers":["Výkon HP","281 HP","309 HP","Výkon kW","207 kW","228 kW","Točivý moment Nm","343 Nm","384 Nm","Maximální rychlost","","+ 7 KM/H","Spotřeba město","","-0,50 L / 100 KM","Kombinovaná spotřeba","","-0,40 L / 100 KM","Spotřeba mimo město","","-0,30 L / 100 KM"],"chartPower":"./chartPower/200c___1169890.png","chartTorque":"./chartTorque/200c___1169890.png"},{"id":"300c___1169897","fullName":"ChipTuning - Chrysler 300C 3.0 V6 CRD - 114 HP ","desc":"Zvýšení výkonu motoru (chiptuning) vozidla Chrysler 300C 3.0 V6 CRD - 114 HP je možné z původních 143 kW (117 HP) až na 181 kW (148 HP) a nárůst točivého momentu ze 443 Nm až na 566 Nm.,Maximální rychlost se po úpravě zvýší o + 13 KM/H a kombinovaná spotřeba se sníží v průměru o -1,00 L / 100 KM.","imgUrl":"./previews/300c___.png","fullDesc":"Níže naleznete parametry před a po úpravě Standard pro vozidlo: Chrysler 300C 3.0 V6 CRD - 114 HP. Modelová řada vyráběná od roku 2011. Úprava tohoto modelu se provádí přes diagnostickou zásuvku. Řídící jednotka motoru od společnosti Bosch. Typ řídící jednotky EDC17C49. Předpokládaná doba úpravy tohoto modelu je 1 - 2 hodiny.","numbers":["Výkon HP","117 HP","141 HP","Výkon kW","143 kW","172 kW","Točivý moment Nm","443 Nm","531 Nm","Maximální rychlost","","+ 10 KM/H","Spotřeba město","","-0,70 L / 100 KM","Kombinovaná spotřeba","","-0,60 L / 100 KM","Spotřeba mimo město","","-0,50 L / 100 KM"],"chartPower":"./chartPower/300c___1169897.png","chartTorque":"./chartTorque/300c___1169897.png"},{"id":"300c___1169894","fullName":"ChipTuning - Chrysler 300C 3.0 V6 CRD - 218 HP ","desc":"Zvýšení výkonu motoru (chiptuning) vozidla Chrysler 300C 3.0 V6 CRD - 218 HP je možné z původních 158 kW (216 HP) až na 202 kW (276 HP) a nárůst točivého momentu až na 663 Nm.,Maximální rychlost se po úpravě zvýší o + 5 KM/H a kombinovaná spotřeba se sníží v průměru o -0,50 L / 100 KM.","imgUrl":"./previews/300c___.png","fullDesc":"Níže naleznete parametry před a po úpravě Standard pro vozidlo: Chrysler 300C 3.0 V6 CRD - 218 HP. Modelová řada vyráběná od roku 2005. Úprava tohoto modelu se provádí přes diagnostickou zásuvku. Řídící jednotka motoru od společnosti Bosch. Typ řídící jednotky EDC16CP31 nebo EDC16U31. Předpokládaná doba úpravy tohoto modelu je 1 - 2 hodiny.","numbers":["Výkon HP","216 HP","262 HP","Výkon kW","158 kW","192 kW","Točivý moment Nm","-","+104 Nm","Maximální rychlost","","+ 3 KM/H","Spotřeba město","","-0,30 L / 100 KM","Kombinovaná spotřeba","","-0,25 L / 100 KM","Spotřeba mimo město","","-0,20 L / 100 KM"],"chartPower":"./chartPower/300c___1169894.png","chartTorque":""},{"id":"300c___1169901","fullName":"ChipTuning - Chrysler 300C 3.6 V6 - 296 HP ","desc":"Zvýšení výkonu motoru (chiptuning) vozidla Chrysler 300C 3.6 V6 - 296 HP je možné z původních 216 kW (294 HP) až na 238 kW (324 HP) a nárůst točivého momentu ze 348 Nm až na 390 Nm.,Maximální rychlost se po úpravě zvýší o + 7 KM/H a kombinovaná spotřeba se sníží v průměru o -0,70 L / 100 KM.","imgUrl":"./previews/300c___.png","fullDesc":"Níže naleznete parametry před a po úpravě Standard pro vozidlo: Chrysler 300C 3.6 V6 - 296 HP. Modelová řada vyráběná od roku 2011. Úprava tohoto modelu se provádí přes diagnostickou zásuvku. Řídící jednotka motoru od společnosti Continental. Typ řídící jednotky GPEC2. Předpokládaná doba úpravy tohoto modelu je 1 - 2 hodiny.","numbers":["Výkon HP","294 HP","324 HP","Výkon kW","216 kW","238 kW","Točivý moment Nm","348 Nm","390 Nm","Maximální rychlost","","+ 7 KM/H","Spotřeba město","","-0,50 L / 100 KM","Kombinovaná spotřeba","","-0,40 L / 100 KM","Spotřeba mimo město","","-0,30 L / 100 KM"],"chartPower":"./chartPower/300c___1169901.png","chartTorque":"./chartTorque/300c___1169901.png"},{"id":"300c___1169909","fullName":"ChipTuning - Chrysler 300C 3.6 V6 - 296 HP ","desc":"Zvýšení výkonu motoru (chiptuning) vozidla Chrysler 300C 3.6 V6 - 296 HP je možné z původních 222 kW (300 HP) až na 244 kW (330 HP) a nárůst točivého momentu ze 369 Nm až na 413 Nm.,Maximální rychlost se po úpravě zvýší o + 7 KM/H a kombinovaná spotřeba se sníží v průměru o -0,70 L / 100 KM.","imgUrl":"./previews/300c___.png","fullDesc":"Níže naleznete parametry před a po úpravě Standard pro vozidlo: Chrysler 300C 3.6 V6 - 296 HP. Modelová řada vyráběná od roku 2015. Úprava tohoto modelu se provádí přes diagnostickou zásuvku. Řídící jednotka motoru od společnosti Continental. Typ řídící jednotky GPEC2A. Předpokládaná doba úpravy tohoto modelu je 1 - 2 hodiny.","numbers":["Výkon HP","300 HP","330 HP","Výkon kW","222 kW","244 kW","Točivý moment Nm","369 Nm","413 Nm","Maximální rychlost","","+ 7 KM/H","Spotřeba město","","-0,50 L / 100 KM","Kombinovaná spotřeba","","-0,40 L / 100 KM","Spotřeba mimo město","","-0,30 L / 100 KM"],"chartPower":"./chartPower/300c___1169909.png","chartTorque":"./chartTorque/300c___1169909.png"},{"id":"300c___1169902","fullName":"ChipTuning - Chrysler 300C 3.6 V6 - 305 HP ","desc":"Zvýšení výkonu motoru (chiptuning) vozidla Chrysler 300C 3.6 V6 - 305 HP je možné z původních 221 kW (302 HP) až na 243 kW (333 HP) a nárůst točivého momentu ze 347 Nm až na 389 Nm.,Maximální rychlost se po úpravě zvýší o + 7 KM/H a kombinovaná spotřeba se sníží v průměru o -0,70 L / 100 KM.","imgUrl":"./previews/300c___.png","fullDesc":"Níže naleznete parametry před a po úpravě Standard pro vozidlo: Chrysler 300C 3.6 V6 - 305 HP. Modelová řada vyráběná od roku 2011. Úprava tohoto modelu se provádí přes diagnostickou zásuvku. Řídící jednotka motoru od společnosti Continental. Typ řídící jednotky GPEC2. Předpokládaná doba úpravy tohoto modelu je 1 - 2 hodiny.","numbers":["Výkon HP","302 HP","333 HP","Výkon kW","221 kW","243 kW","Točivý moment Nm","347 Nm","389 Nm","Maximální rychlost","","+ 7 KM/H","Spotřeba město","","-0,50 L / 100 KM","Kombinovaná spotřeba","","-0,40 L / 100 KM","Spotřeba mimo město","","-0,30 L / 100 KM"],"chartPower":"./chartPower/300c___1169902.png","chartTorque":"./chartTorque/300c___1169902.png"},{"id":"300c___1169912","fullName":"ChipTuning - Chrysler 300C 5.7 V8 - 369 HP ","desc":"Zvýšení výkonu motoru (chiptuning) vozidla Chrysler 300C 5.7 V8 - 369 HP je možné z původních 272 kW (370 HP) až na 299 kW (407 HP) a nárůst točivého momentu ze 528 Nm až na 586 Nm.,Maximální rychlost se po úpravě zvýší o + 7 KM/H a kombinovaná spotřeba se sníží v průměru o -0,70 L / 100 KM.","imgUrl":"./previews/300c___.png","fullDesc":"Níže naleznete parametry před a po úpravě Standard pro vozidlo: Chrysler 300C 5.7 V8 - 369 HP. Modelová řada vyráběná od roku 2011. Úprava tohoto modelu se provádí přes diagnostickou zásuvku. Řídící jednotka motoru od společnosti Continental. Typ řídící jednotky GPEC2. Předpokládaná doba úpravy tohoto modelu je 1 - 2 hodiny.","numbers":["Výkon HP","370 HP","407 HP","Výkon kW","272 kW","299 kW","Točivý moment Nm","528 Nm","586 Nm","Maximální rychlost","","+ 7 KM/H","Spotřeba město","","-0,50 L / 100 KM","Kombinovaná spotřeba","","-0,40 L / 100 KM","Spotřeba mimo město","","-0,30 L / 100 KM"],"chartPower":"./chartPower/300c___1169912.png","chartTorque":"./chartTorque/300c___1169912.png"},{"id":"300c___1169916","fullName":"ChipTuning - Chrysler 300C 5.7 V8 Hemi - 340 HP ","desc":"Zvýšení výkonu motoru (chiptuning) vozidla Chrysler 300C 5.7 V8 Hemi - 340 HP je možné z původních 250 kW (340 HP) až na 275 kW (374 HP) a nárůst točivého momentu ze 525 Nm až na 583 Nm.,Maximální rychlost se po úpravě zvýší o + 7 KM/H a kombinovaná spotřeba se sníží v průměru o -0,70 L / 100 KM.","imgUrl":"./previews/300c___.png","fullDesc":"Níže naleznete parametry před a po úpravě Standard pro vozidlo: Chrysler 300C 5.7 V8 Hemi - 340 HP. Modelová řada vyráběná od roku 2004. Řídící jednotka motoru od společnosti Motorola. Typ řídící jednotky NGC3. Předpokládaná doba úpravy tohoto modelu je 2 - 4 hodiny.","numbers":["Výkon HP","340 HP","374 HP","Výkon kW","250 kW","275 kW","Točivý moment Nm","525 Nm","583 Nm","Maximální rychlost","","+ 7 KM/H","Spotřeba město","","-0,50 L / 100 KM","Kombinovaná spotřeba","","-0,40 L / 100 KM","Spotřeba mimo město","","-0,30 L / 100 KM"],"chartPower":"./chartPower/300c___1169916.png","chartTorque":"./chartTorque/300c___1169916.png"},{"id":"300c___1169919","fullName":"ChipTuning - Chrysler 300C 6.4 V8 SRT-8 - 477 HP ","desc":"Zvýšení výkonu motoru (chiptuning) vozidla Chrysler 300C 6.4 V8 SRT-8 - 477 HP je možné z původních 350 kW (476 HP) až na 385 kW (524 HP) a nárůst točivého momentu ze 636 Nm až na 706 Nm.,Maximální rychlost se po úpravě zvýší o + 7 KM/H a kombinovaná spotřeba se sníží v průměru o -0,70 L / 100 KM.","imgUrl":"./previews/300c___.png","fullDesc":"Níže naleznete parametry před a po úpravě Standard pro vozidlo: Chrysler 300C 6.4 V8 SRT-8 - 477 HP. Modelová řada vyráběná od roku 2012. Úprava tohoto modelu se provádí přes diagnostickou zásuvku. Řídící jednotka motoru od společnosti Continental. Typ řídící jednotky GPEC2. Předpokládaná doba úpravy tohoto modelu je 1 - 2 hodiny.","numbers":["Výkon HP","476 HP","524 HP","Výkon kW","350 kW","385 kW","Točivý moment Nm","636 Nm","706 Nm","Maximální rychlost","","+ 7 KM/H","Spotřeba město","","-0,50 L / 100 KM","Kombinovaná spotřeba","","-0,40 L / 100 KM","Spotřeba mimo město","","-0,30 L / 100 KM"],"chartPower":"./chartPower/300c___1169919.png","chartTorque":"./chartTorque/300c___1169919.png"},{"id":"crossfire___1169922","fullName":"ChipTuning - Chrysler Crossfire 3.2 V6 - 215 HP ","desc":"Zvýšení výkonu motoru (chiptuning) vozidla Chrysler Crossfire 3.2 V6 - 215 HP je možné z původních 157 kW (214 HP) až na 173 kW (238 HP) a nárůst točivého momentu až na 346 Nm.,Maximální rychlost se po úpravě zvýší o + 1 KM/H a kombinovaná spotřeba se sníží v průměru o -0,30 L / 100 KM.","imgUrl":"./previews/crossfire___.png","fullDesc":"Níže naleznete parametry před a po úpravě Standard pro vozidlo: Chrysler Crossfire 3.2 V6 - 215 HP. Modelová řada vyráběná od roku 2003. Řídící jednotka motoru od společnosti Bosch. Typ řídící jednotky ME2.8. Předpokládaná doba úpravy tohoto modelu je 2 - 4 hodiny.","numbers":["Výkon HP","214 HP","238 HP","Výkon kW","157 kW","173 kW","Točivý moment Nm","-","+37 Nm","Maximální rychlost","","+ 1 KM/H","Spotřeba město","","-0,20 L / 100 KM","Kombinovaná spotřeba","","-0,20 L / 100 KM","Spotřeba mimo město","","-0,10 L / 100 KM"],"chartPower":"./chartPower/crossfire___1169922.png","chartTorque":""},{"id":"crossfire___1169923","fullName":"ChipTuning - Chrysler Crossfire 3.2 V6 SRT6 - 330 HP ","desc":"Zvýšení výkonu motoru (chiptuning) vozidla Chrysler Crossfire 3.2 V6 SRT6 - 330 HP je možné z původních 242 kW (329 HP) až na 293 kW (398 HP) a nárůst točivého momentu až na 581 Nm.,Maximální rychlost se po úpravě zvýší o + 5 KM/H a kombinovaná spotřeba se sníží v průměru o -0,50 L / 100 KM.","imgUrl":"./previews/crossfire___.png","fullDesc":"Níže naleznete parametry před a po úpravě Standard pro vozidlo: Chrysler Crossfire 3.2 V6 SRT6 - 330 HP. Modelová řada vyráběná od roku 2004. Řídící jednotka motoru od společnosti Bosch. Typ řídící jednotky ME2.8. Předpokládaná doba úpravy tohoto modelu je 2 - 4 hodiny.","numbers":["Výkon HP","329 HP","382 HP","Výkon kW","242 kW","281 kW","Točivý moment Nm","-","+84 Nm","Maximální rychlost","","+ 3 KM/H","Spotřeba město","","-0,30 L / 100 KM","Kombinovaná spotřeba","","-0,25 L / 100 KM","Spotřeba mimo město","","-0,20 L / 100 KM"],"chartPower":"./chartPower/crossfire___1169923.png","chartTorque":""},{"id":"pacifica___1169924","fullName":"ChipTuning - Chrysler Pacifica 3.6 V6 - 299 HP ","desc":"Zvýšení výkonu motoru (chiptuning) vozidla Chrysler Pacifica 3.6 V6 - 299 HP je možné z původních 223 kW (302 HP) až na 245 kW (332 HP) a nárůst točivého momentu ze 356 Nm až na 398 Nm.,Maximální rychlost se po úpravě zvýší o + 7 KM/H a kombinovaná spotřeba se sníží v průměru o -0,70 L / 100 KM.","imgUrl":"./previews/pacifica___.png","fullDesc":"Níže naleznete parametry před a po úpravě Standard pro vozidlo: Chrysler Pacifica 3.6 V6 - 299 HP. Modelová řada vyráběná od roku 2016. Úprava tohoto modelu se provádí přes diagnostickou zásuvku. Řídící jednotka motoru od společnosti Continental. Typ řídící jednotky GPEC2A. Předpokládaná doba úpravy tohoto modelu je 1 - 2 hodiny.","numbers":["Výkon HP","302 HP","332 HP","Výkon kW","223 kW","245 kW","Točivý moment Nm","356 Nm","398 Nm","Maximální rychlost","","+ 7 KM/H","Spotřeba město","","-0,50 L / 100 KM","Kombinovaná spotřeba","","-0,40 L / 100 KM","Spotřeba mimo město","","-0,30 L / 100 KM"],"chartPower":"./chartPower/pacifica___1169924.png","chartTorque":"./chartTorque/pacifica___1169924.png"},{"id":"pt_cruiser___1169926","fullName":"ChipTuning - Chrysler Pt Cruiser 2.2 16v CRD - 121 HP ","desc":"Zvýšení výkonu motoru (chiptuning) vozidla Chrysler Pt Cruiser 2.2 16v CRD - 121 HP je možné z původních 84 kW (116 HP) až na 118 kW (162 HP) a nárůst točivého momentu až na 402 Nm.,Maximální rychlost se po úpravě zvýší o + 5 KM/H a kombinovaná spotřeba se sníží v průměru o -0,50 L / 100 KM.","imgUrl":"./previews/pt_cruiser___.png","fullDesc":"Níže naleznete parametry před a po úpravě Standard pro vozidlo: Chrysler Pt Cruiser 2.2 16v CRD - 121 HP. Modelová řada vyráběná od roku 2002. Úprava tohoto modelu se provádí přes diagnostickou zásuvku. Řídící jednotka motoru od společnosti Bosch. Typ řídící jednotky EDC15C2. Předpokládaná doba úpravy tohoto modelu je 1 - 2 hodiny.","numbers":["Výkon HP","116 HP","151 HP","Výkon kW","84 kW","110 kW","Točivý moment Nm","-","+84 Nm","Maximální rychlost","","+ 3 KM/H","Spotřeba město","","-0,30 L / 100 KM","Kombinovaná spotřeba","","-0,25 L / 100 KM","Spotřeba mimo město","","-0,20 L / 100 KM"],"chartPower":"./chartPower/pt_cruiser___1169926.png","chartTorque":""},{"id":"pt_cruiser___1169927","fullName":"ChipTuning - Chrysler Pt Cruiser 2.2 16v CRD - 150 HP ","desc":"Zvýšení výkonu motoru (chiptuning) vozidla Chrysler Pt Cruiser 2.2 16v CRD - 150 HP je možné z původních 113 kW (153 HP) až na 147 kW (200 HP) a nárůst točivého momentu až na 494 Nm.,Maximální rychlost se po úpravě zvýší o + 5 KM/H a kombinovaná spotřeba se sníží v průměru o -0,50 L / 100 KM.","imgUrl":"./previews/pt_cruiser___.png","fullDesc":"Níže naleznete parametry před a po úpravě Standard pro vozidlo: Chrysler Pt Cruiser 2.2 16v CRD - 150 HP. Modelová řada vyráběná od roku 2005. Řídící jednotka motoru od společnosti Bosch. Typ řídící jednotky EDC16C2. Předpokládaná doba úpravy tohoto modelu je 2 - 4 hodiny.","numbers":["Výkon HP","153 HP","189 HP","Výkon kW","113 kW","139 kW","Točivý moment Nm","-","+96 Nm","Maximální rychlost","","+ 3 KM/H","Spotřeba město","","-0,30 L / 100 KM","Kombinovaná spotřeba","","-0,25 L / 100 KM","Spotřeba mimo město","","-0,20 L / 100 KM"],"chartPower":"./chartPower/pt_cruiser___1169927.png","chartTorque":""},{"id":"pt_cruiser___1169928","fullName":"ChipTuning - Chrysler Pt Cruiser 2.4 16v Turbo GT - 208 HP ","desc":"Zvýšení výkonu motoru (chiptuning) vozidla Chrysler Pt Cruiser 2.4 16v Turbo GT - 208 HP je možné z původních 158 kW (213 HP) až na 200 kW (270 HP) a nárůst točivého momentu až na 412 Nm.,Maximální rychlost se po úpravě zvýší o + 5 KM/H a kombinovaná spotřeba se sníží v průměru o -0,50 L / 100 KM.","imgUrl":"./previews/pt_cruiser___.png","fullDesc":"Níže naleznete parametry před a po úpravě Standard pro vozidlo: Chrysler Pt Cruiser 2.4 16v Turbo GT - 208 HP. Modelová řada vyráběná od roku 2003. Řídící jednotka motoru od společnosti Siemens. Typ řídící jednotky SIM90T. Předpokládaná doba úpravy tohoto modelu je 2 - 4 hodiny.","numbers":["Výkon HP","213 HP","257 HP","Výkon kW","158 kW","190 kW","Točivý moment Nm","-","+82 Nm","Maximální rychlost","","+ 3 KM/H","Spotřeba město","","-0,30 L / 100 KM","Kombinovaná spotřeba","","-0,25 L / 100 KM","Spotřeba mimo město","","-0,20 L / 100 KM"],"chartPower":"./chartPower/pt_cruiser___1169928.png","chartTorque":""},{"id":"pt_cruiser___1169930","fullName":"ChipTuning - Chrysler Pt Cruiser 2.4 V6 - 143 HP ","desc":"Zvýšení výkonu motoru (chiptuning) vozidla Chrysler Pt Cruiser 2.4 V6 - 143 HP je možné z původních 106 kW (144 HP) až na 117 kW (160 HP) a nárůst točivého momentu až na 232 Nm.,Maximální rychlost se po úpravě zvýší o + 1 KM/H a kombinovaná spotřeba se sníží v průměru o -0,30 L / 100 KM.","imgUrl":"./previews/pt_cruiser___.png","fullDesc":"Níže naleznete parametry před a po úpravě Standard pro vozidlo: Chrysler Pt Cruiser 2.4 V6 - 143 HP. Modelová řada vyráběná od roku 2005. Úprava tohoto modelu se provádí přes diagnostickou zásuvku. Řídící jednotka motoru od společnosti Mitsubishi. Typ řídící jednotky MH8XXX. Předpokládaná doba úpravy tohoto modelu je 1 - 2 hodiny.","numbers":["Výkon HP","144 HP","160 HP","Výkon kW","106 kW","117 kW","Točivý moment Nm","-","+25 Nm","Maximální rychlost","","+ 1 KM/H","Spotřeba město","","-0,20 L / 100 KM","Kombinovaná spotřeba","","-0,20 L / 100 KM","Spotřeba mimo město","","-0,10 L / 100 KM"],"chartPower":"./chartPower/pt_cruiser___1169930.png","chartTorque":""},{"id":"pt_cruiser___1169929","fullName":"ChipTuning - Chrysler Pt Cruiser 2.4 V6 - 150 HP ","desc":"Zvýšení výkonu motoru (chiptuning) vozidla Chrysler Pt Cruiser 2.4 V6 - 150 HP je možné z původních 113 kW (153 HP) až na 124 kW (170 HP) a nárůst točivého momentu až na 245 Nm.,Maximální rychlost se po úpravě zvýší o + 1 KM/H a kombinovaná spotřeba se sníží v průměru o -0,30 L / 100 KM.","imgUrl":"./previews/pt_cruiser___.png","fullDesc":"Níže naleznete parametry před a po úpravě Standard pro vozidlo: Chrysler Pt Cruiser 2.4 V6 - 150 HP. Modelová řada vyráběná od roku 2000. Úprava tohoto modelu se provádí přes diagnostickou zásuvku. Řídící jednotka motoru od společnosti Mitsubishi. Typ řídící jednotky MH8XXX. Předpokládaná doba úpravy tohoto modelu je 1 - 2 hodiny.","numbers":["Výkon HP","153 HP","170 HP","Výkon kW","113 kW","124 kW","Točivý moment Nm","-","+26 Nm","Maximální rychlost","","+ 1 KM/H","Spotřeba město","","-0,20 L / 100 KM","Kombinovaná spotřeba","","-0,20 L / 100 KM","Spotřeba mimo město","","-0,10 L / 100 KM"],"chartPower":"./chartPower/pt_cruiser___1169929.png","chartTorque":""},{"id":"sebring___1169931","fullName":"ChipTuning - Chrysler Sebring 2.0 16v CRD - 140 HP ","desc":"Zvýšení výkonu motoru (chiptuning) vozidla Chrysler Sebring 2.0 16v CRD - 140 HP je možné z původních 100 kW (137 HP) až na 133 kW (181 HP) a nárůst točivého momentu ze 307 Nm až na 433 Nm.,Maximální rychlost se po úpravě zvýší o + 9 KM/H a kombinovaná spotřeba se sníží v průměru o -0,70 L / 100 KM.","imgUrl":"./previews/sebring___.png","fullDesc":"Níže naleznete parametry před a po úpravě Standard pro vozidlo: Chrysler Sebring 2.0 16v CRD - 140 HP. Modelová řada vyráběná od roku 2006. Úprava tohoto modelu se provádí přes diagnostickou zásuvku. Řídící jednotka motoru od společnosti Bosch. Typ řídící jednotky EDC16U31. Předpokládaná doba úpravy tohoto modelu je 1 - 2 hodiny.","numbers":["Výkon HP","137 HP","171 HP","Výkon kW","100 kW","125 kW","Točivý moment Nm","307 Nm","397 Nm","Maximální rychlost","","+ 6 KM/H","Spotřeba město","","-0,50 L / 100 KM","Kombinovaná spotřeba","","-0,40 L / 100 KM","Spotřeba mimo město","","-0,30 L / 100 KM"],"chartPower":"./chartPower/sebring___1169931.png","chartTorque":"./chartTorque/sebring___1169931.png"},{"id":"sebring___1169937","fullName":"ChipTuning - Chrysler Sebring 2.4 V6 - 143 HP ","desc":"Zvýšení výkonu motoru (chiptuning) vozidla Chrysler Sebring 2.4 V6 - 143 HP je možné z původních 100 kW (138 HP) až na 111 kW (154 HP) a nárůst točivého momentu až na 226 Nm.,Maximální rychlost se po úpravě zvýší o + 1 KM/H a kombinovaná spotřeba se sníží v průměru o -0,30 L / 100 KM.","imgUrl":"./previews/sebring___.png","fullDesc":"Níže naleznete parametry před a po úpravě Standard pro vozidlo: Chrysler Sebring 2.4 V6 - 143 HP. Modelová řada vyráběná od roku 2001. Úprava tohoto modelu se provádí přes diagnostickou zásuvku. Řídící jednotka motoru od společnosti Mitsubishi. Typ řídící jednotky MH8XXX. Předpokládaná doba úpravy tohoto modelu je 1 - 2 hodiny.","numbers":["Výkon HP","138 HP","154 HP","Výkon kW","100 kW","111 kW","Točivý moment Nm","-","+25 Nm","Maximální rychlost","","+ 1 KM/H","Spotřeba město","","-0,20 L / 100 KM","Kombinovaná spotřeba","","-0,20 L / 100 KM","Spotřeba mimo město","","-0,10 L / 100 KM"],"chartPower":"./chartPower/sebring___1169937.png","chartTorque":""},{"id":"sebring___1169938","fullName":"ChipTuning - Chrysler Sebring 2.4 V6 - 152 HP ","desc":"Zvýšení výkonu motoru (chiptuning) vozidla Chrysler Sebring 2.4 V6 - 152 HP je možné z původních 110 kW (150 HP) až na 121 kW (167 HP) a nárůst točivého momentu až na 243 Nm.,Maximální rychlost se po úpravě zvýší o + 1 KM/H a kombinovaná spotřeba se sníží v průměru o -0,30 L / 100 KM.","imgUrl":"./previews/sebring___.png","fullDesc":"Níže naleznete parametry před a po úpravě Standard pro vozidlo: Chrysler Sebring 2.4 V6 - 152 HP. Modelová řada vyráběná od roku 2001. Úprava tohoto modelu se provádí přes diagnostickou zásuvku. Řídící jednotka motoru od společnosti Mitsubishi. Typ řídící jednotky MH8XXX. Předpokládaná doba úpravy tohoto modelu je 1 - 2 hodiny.","numbers":["Výkon HP","150 HP","167 HP","Výkon kW","110 kW","121 kW","Točivý moment Nm","-","+26 Nm","Maximální rychlost","","+ 1 KM/H","Spotřeba město","","-0,20 L / 100 KM","Kombinovaná spotřeba","","-0,20 L / 100 KM","Spotřeba mimo město","","-0,10 L / 100 KM"],"chartPower":"./chartPower/sebring___1169938.png","chartTorque":""},{"id":"sebring___1169939","fullName":"ChipTuning - Chrysler Sebring 3.0 V6 - 209 HP ","desc":"Zvýšení výkonu motoru (chiptuning) vozidla Chrysler Sebring 3.0 V6 - 209 HP je možné z původních 156 kW (211 HP) až na 171 kW (234 HP) a nárůst točivého momentu až na 340 Nm.,Maximální rychlost se po úpravě zvýší o + 7 KM/H a kombinovaná spotřeba se sníží v průměru o -0,70 L / 100 KM.","imgUrl":"./previews/sebring___.png","fullDesc":"Níže naleznete parametry před a po úpravě Standard pro vozidlo: Chrysler Sebring 3.0 V6 - 209 HP. Modelová řada vyráběná od roku 2002. Úprava tohoto modelu se provádí přes diagnostickou zásuvku. Řídící jednotka motoru od společnosti Mitsubishi. Typ řídící jednotky MH8XXX. Předpokládaná doba úpravy tohoto modelu je 1 - 2 hodiny.","numbers":["Výkon HP","211 HP","234 HP","Výkon kW","156 kW","171 kW","Točivý moment Nm","-","+36 Nm","Maximální rychlost","","+ 7 KM/H","Spotřeba město","","-0,50 L / 100 KM","Kombinovaná spotřeba","","-0,40 L / 100 KM","Spotřeba mimo město","","-0,30 L / 100 KM"],"chartPower":"./chartPower/sebring___1169939.png","chartTorque":""},{"id":"sebring___1169940","fullName":"ChipTuning - Chrysler Sebring 3.6 V6 - 280 HP ","desc":"Zvýšení výkonu motoru (chiptuning) vozidla Chrysler Sebring 3.6 V6 - 280 HP je možné z původních 207 kW (281 HP) až na 228 kW (309 HP) a nárůst točivého momentu ze 343 Nm až na 384 Nm.,Maximální rychlost se po úpravě zvýší o + 7 KM/H a kombinovaná spotřeba se sníží v průměru o -0,70 L / 100 KM.","imgUrl":"./previews/sebring___.png","fullDesc":"Níže naleznete parametry před a po úpravě Standard pro vozidlo: Chrysler Sebring 3.6 V6 - 280 HP. Modelová řada vyráběná od roku 2011. Úprava tohoto modelu se provádí přes diagnostickou zásuvku. Řídící jednotka motoru od společnosti Continental. Typ řídící jednotky GPEC2. Předpokládaná doba úpravy tohoto modelu je 1 - 2 hodiny.","numbers":["Výkon HP","281 HP","309 HP","Výkon kW","207 kW","228 kW","Točivý moment Nm","343 Nm","384 Nm","Maximální rychlost","","+ 7 KM/H","Spotřeba město","","-0,50 L / 100 KM","Kombinovaná spotřeba","","-0,40 L / 100 KM","Spotřeba mimo město","","-0,30 L / 100 KM"],"chartPower":"./chartPower/sebring___1169940.png","chartTorque":"./chartTorque/sebring___1169940.png"},{"id":"voyager_(_4th)__1169952","fullName":"ChipTuning - Chrysler Voyager 2.4 V6 - 152 HP ","desc":"Zvýšení výkonu motoru (chiptuning) vozidla Chrysler Voyager 2.4 V6 - 152 HP je možné z původních 111 kW (151 HP) až na 122 kW (168 HP) a nárůst točivého momentu až na 244 Nm.,Maximální rychlost se po úpravě zvýší o + 1 KM/H a kombinovaná spotřeba se sníží v průměru o -0,30 L / 100 KM.","imgUrl":"./previews/voyager_(_4th)__.png","fullDesc":"Níže naleznete parametry před a po úpravě Standard pro vozidlo: Chrysler Voyager 2.4 V6 - 152 HP. Modelová řada vyráběná od roku 2000. Úprava tohoto modelu se provádí přes diagnostickou zásuvku. Řídící jednotka motoru od společnosti Mitsubishi. Typ řídící jednotky MH8XXX. Předpokládaná doba úpravy tohoto modelu je 1 - 2 hodiny.","numbers":["Výkon HP","151 HP","168 HP","Výkon kW","111 kW","122 kW","Točivý moment Nm","-","+26 Nm","Maximální rychlost","","+ 1 KM/H","Spotřeba město","","-0,20 L / 100 KM","Kombinovaná spotřeba","","-0,20 L / 100 KM","Spotřeba mimo město","","-0,10 L / 100 KM"],"chartPower":"./chartPower/voyager_(_4th)__1169952.png","chartTorque":""},{"id":"voyager_(_4th)__1169950","fullName":"ChipTuning - Chrysler Voyager 2.5 CRD - 141 HP ","desc":"Zvýšení výkonu motoru (chiptuning) vozidla Chrysler Voyager 2.5 CRD - 141 HP je možné z původních 105 kW (142 HP) až na 138 kW (186 HP) a nárůst točivého momentu až na 466 Nm.,Maximální rychlost se po úpravě zvýší o + 5 KM/H a kombinovaná spotřeba se sníží v průměru o -0,50 L / 100 KM.","imgUrl":"./previews/voyager_(_4th)__.png","fullDesc":"Níže naleznete parametry před a po úpravě Standard pro vozidlo: Chrysler Voyager 2.5 CRD - 141 HP. Modelová řada vyráběná od roku 2000. Úprava tohoto modelu se provádí přes diagnostickou zásuvku. Řídící jednotka motoru od společnosti Bosch. Typ řídící jednotky EDC15C2. Předpokládaná doba úpravy tohoto modelu je 1 - 2 hodiny.","numbers":["Výkon HP","142 HP","176 HP","Výkon kW","105 kW","130 kW","Točivý moment Nm","-","+91 Nm","Maximální rychlost","","+ 3 KM/H","Spotřeba město","","-0,30 L / 100 KM","Kombinovaná spotřeba","","-0,25 L / 100 KM","Spotřeba mimo město","","-0,20 L / 100 KM"],"chartPower":"./chartPower/voyager_(_4th)__1169950.png","chartTorque":""},{"id":"voyager_(_4th)__1169951","fullName":"ChipTuning - Chrysler Voyager 2.8 CRD - 150 HP ","desc":"Zvýšení výkonu motoru (chiptuning) vozidla Chrysler Voyager 2.8 CRD - 150 HP je možné z původních 109 kW (149 HP) až na 143 kW (196 HP) a nárůst točivého momentu až na 490 Nm.,Maximální rychlost se po úpravě zvýší o + 5 KM/H a kombinovaná spotřeba se sníží v průměru o -0,50 L / 100 KM.","imgUrl":"./previews/voyager_(_4th)__.png","fullDesc":"Níže naleznete parametry před a po úpravě Standard pro vozidlo: Chrysler Voyager 2.8 CRD - 150 HP. Modelová řada vyráběná od roku 2004. Úprava tohoto modelu se provádí přes diagnostickou zásuvku. Řídící jednotka motoru od společnosti Bosch. Typ řídící jednotky EDC15C2. Předpokládaná doba úpravy tohoto modelu je 1 - 2 hodiny.","numbers":["Výkon HP","149 HP","185 HP","Výkon kW","109 kW","135 kW","Točivý moment Nm","-","+96 Nm","Maximální rychlost","","+ 3 KM/H","Spotřeba město","","-0,30 L / 100 KM","Kombinovaná spotřeba","","-0,25 L / 100 KM","Spotřeba mimo město","","-0,20 L / 100 KM"],"chartPower":"./chartPower/voyager_(_4th)__1169951.png","chartTorque":""},{"id":"voyager_(_5th)__1169953","fullName":"ChipTuning - Chrysler Voyager 2.8 CRD - 163 HP ","desc":"Zvýšení výkonu motoru (chiptuning) vozidla Chrysler Voyager 2.8 CRD - 163 HP je možné z původních 124 kW (167 HP) až na 162 kW (218 HP) a nárůst točivého momentu až na 541 Nm.,Maximální rychlost se po úpravě zvýší o + 5 KM/H a kombinovaná spotřeba se sníží v průměru o -0,50 L / 100 KM.","imgUrl":"./previews/voyager_(_5th)__.png","fullDesc":"Níže naleznete parametry před a po úpravě Standard pro vozidlo: Chrysler Voyager 2.8 CRD - 163 HP. Modelová řada vyráběná od roku 2008. Úprava tohoto modelu se provádí přes diagnostickou zásuvku. Řídící jednotka motoru od společnosti Bosch. Typ řídící jednotky EDC16CP31 nebo EDC16U31. Předpokládaná doba úpravy tohoto modelu je 1 - 2 hodiny.","numbers":["Výkon HP","167 HP","206 HP","Výkon kW","124 kW","153 kW","Točivý moment Nm","-","+105 Nm","Maximální rychlost","","+ 3 KM/H","Spotřeba město","","-0,30 L / 100 KM","Kombinovaná spotřeba","","-0,25 L / 100 KM","Spotřeba mimo město","","-0,20 L / 100 KM"],"chartPower":"./chartPower/voyager_(_5th)__1169953.png","chartTorque":""}]