[{"id":"ateca__kh7_1170719","fullName":"ChipTuning - Cupra Ateca 2.0 TFSI Automat - 190 HP ","desc":"Zvýšení výkonu motoru (chiptuning) vozidla Cupra Ateca 2.0 TFSI Automat - 190 HP je možné z původních 142 kW (192 HP) až na 184 kW (249 HP) a nárůst točivého momentu ze 322 Nm až na 431 Nm.,Maximální rychlost se po úpravě zvýší o + 9 KM/H a kombinovaná spotřeba se sníží v průměru o -0,70 L / 100 KM.","imgUrl":"./previews/ateca__kh7_.png","fullDesc":"Níže naleznete parametry před a po úpravě Standard pro vozidlo: Cupra Ateca 2.0 TFSI Automat - 190 HP. Modelová řada KH7, vyráběná od roku 2018. Úprava tohoto modelu se provádí připojením na konektory řídící jednotky bez rozebírání jednotky. Řídící jednotka motoru od společnosti Bosch. Typ řídící jednotky MG1CS001. Tato úprava je přizpůsobena pro automatickou převodovku. Předpokládaná doba úpravy tohoto modelu je 1.5 - 2.5 hodiny.","numbers":["Výkon HP","192 HP","236 HP","Výkon kW","142 kW","174 kW","Točivý moment Nm","322 Nm","400 Nm","Maximální rychlost","","+ 6 KM/H","Spotřeba město","","-0,50 L / 100 KM","Kombinovaná spotřeba","","-0,40 L / 100 KM","Spotřeba mimo město","","-0,30 L / 100 KM"],"chartPower":"./chartPower/ateca__kh7_1170719.png","chartTorque":"./chartTorque/ateca__kh7_1170719.png"},{"id":"ateca__kh7_1170721","fullName":"ChipTuning - Cupra Ateca 2.0 TFSI Automat 4Drive - 300 HP ","desc":"Zvýšení výkonu motoru (chiptuning) vozidla Cupra Ateca 2.0 TFSI Automat 4Drive - 300 HP je možné z původních 226 kW (305 HP) až na 268 kW (364 HP) a nárůst točivého momentu ze 405 Nm až na 518 Nm.,Maximální rychlost se po úpravě zvýší o + 9 KM/H a kombinovaná spotřeba se sníží v průměru o -0,70 L / 100 KM.","imgUrl":"./previews/ateca__kh7_.png","fullDesc":"Níže naleznete parametry před a po úpravě Standard pro vozidlo: Cupra Ateca 2.0 TFSI Automat 4Drive - 300 HP. Modelová řada KH7, vyráběná od roku 2018. Úprava tohoto modelu se provádí přes diagnostickou zásuvku. Řídící jednotka motoru od společnosti Continental. Typ řídící jednotky Simos 18.10. Tato úprava je přizpůsobena pro automatickou převodovku. Předpokládaná doba úpravy tohoto modelu je 1 - 2 hodiny.","numbers":["Výkon HP","305 HP","350 HP","Výkon kW","226 kW","258 kW","Točivý moment Nm","405 Nm","486 Nm","Maximální rychlost","","+ 6 KM/H","Spotřeba město","","-0,50 L / 100 KM","Kombinovaná spotřeba","","-0,40 L / 100 KM","Spotřeba mimo město","","-0,30 L / 100 KM"],"chartPower":"./chartPower/ateca__kh7_1170721.png","chartTorque":"./chartTorque/ateca__kh7_1170721.png"}]