[{"id":"epica__v250_1171190","fullName":"ChipTuning - Daewoo Epica 2.0 16v VCDi - 150 HP ","desc":"Zvýšení výkonu motoru (chiptuning) vozidla Daewoo Epica 2.0 16v VCDi - 150 HP je možné z původních 112 kW (152 HP) až na 146 kW (199 HP) a nárůst točivého momentu ze 322 Nm až na 452 Nm.,Maximální rychlost se po úpravě zvýší o + 5 KM/H a kombinovaná spotřeba se sníží v průměru o -0,50 L / 100 KM.","imgUrl":"./previews/epica__v250_.png","fullDesc":"Níže naleznete parametry před a po úpravě Standard pro vozidlo: Daewoo Epica 2.0 16v VCDi - 150 HP. Modelová řada V250, vyráběná od roku 2007. Úprava tohoto modelu se provádí přes diagnostickou zásuvku. Řídící jednotka motoru od společnosti Bosch. Typ řídící jednotky EDC16C39. Předpokládaná doba úpravy tohoto modelu je 1 - 2 hodiny.","numbers":["Výkon HP","152 HP","188 HP","Výkon kW","112 kW","138 kW","Točivý moment Nm","322 Nm","415 Nm","Maximální rychlost","","+ 3 KM/H","Spotřeba město","","-0,30 L / 100 KM","Kombinovaná spotřeba","","-0,25 L / 100 KM","Spotřeba mimo město","","-0,20 L / 100 KM"],"chartPower":"./chartPower/epica__v250_1171190.png","chartTorque":"./chartTorque/epica__v250_1171190.png"},{"id":"epica__v250_1171198","fullName":"ChipTuning - Daewoo Epica 2.0 16v VCDi Automatic - 150 HP ","desc":"Zvýšení výkonu motoru (chiptuning) vozidla Daewoo Epica 2.0 16v VCDi Automatic - 150 HP je možné z původních 111 kW (151 HP) až na 144 kW (195 HP) a nárůst točivého momentu ze 321 Nm až na 434 Nm.,Maximální rychlost se po úpravě zvýší o + 5 KM/H a kombinovaná spotřeba se sníží v průměru o -0,50 L / 100 KM.","imgUrl":"./previews/epica__v250_.png","fullDesc":"Níže naleznete parametry před a po úpravě Standard pro vozidlo: Daewoo Epica 2.0 16v VCDi Automatic - 150 HP. Modelová řada V250, vyráběná od roku 2007. Úprava tohoto modelu se provádí přes diagnostickou zásuvku. Řídící jednotka motoru od společnosti Bosch. Typ řídící jednotky EDC16C39. Tato úprava je přizpůsobena pro automatickou převodovku. Předpokládaná doba úpravy tohoto modelu je 1 - 2 hodiny.","numbers":["Výkon HP","151 HP","185 HP","Výkon kW","111 kW","136 kW","Točivý moment Nm","321 Nm","402 Nm","Maximální rychlost","","+ 3 KM/H","Spotřeba město","","-0,30 L / 100 KM","Kombinovaná spotřeba","","-0,25 L / 100 KM","Spotřeba mimo město","","-0,20 L / 100 KM"],"chartPower":"./chartPower/epica__v250_1171198.png","chartTorque":"./chartTorque/epica__v250_1171198.png"},{"id":"epica__v250_1171206","fullName":"ChipTuning - Daewoo Epica 2.5 20v Automatic - 156 HP ","desc":"Zvýšení výkonu motoru (chiptuning) vozidla Daewoo Epica 2.5 20v Automatic - 156 HP je možné z původních 115 kW (156 HP) až na 127 kW (173 HP) a nárůst točivého momentu ze 237 Nm až na 265 Nm.,Maximální rychlost se po úpravě zvýší o + 1 KM/H a kombinovaná spotřeba se sníží v průměru o -0,30 L / 100 KM.","imgUrl":"./previews/epica__v250_.png","fullDesc":"Níže naleznete parametry před a po úpravě Standard pro vozidlo: Daewoo Epica 2.5 20v Automatic - 156 HP. Modelová řada V250, vyráběná od roku 2006. Řídící jednotka motoru od společnosti Continental. Typ řídící jednotky SIM2K. Tato úprava je přizpůsobena pro automatickou převodovku. Předpokládaná doba úpravy tohoto modelu je 2 - 4 hodiny.","numbers":["Výkon HP","156 HP","173 HP","Výkon kW","115 kW","127 kW","Točivý moment Nm","237 Nm","265 Nm","Maximální rychlost","","+ 1 KM/H","Spotřeba město","","-0,20 L / 100 KM","Kombinovaná spotřeba","","-0,20 L / 100 KM","Spotřeba mimo město","","-0,10 L / 100 KM"],"chartPower":"./chartPower/epica__v250_1171206.png","chartTorque":"./chartTorque/epica__v250_1171206.png"},{"id":"gentra__t200_1171211","fullName":"ChipTuning - Daewoo Gentra 1.2 16v - 84 HP ","desc":"Zvýšení výkonu motoru (chiptuning) vozidla Daewoo Gentra 1.2 16v - 84 HP je možné z původních 67 kW (89 HP) až na 73 kW (98 HP) a nárůst točivého momentu ze 119 Nm až na 133 Nm.,Maximální rychlost se po úpravě zvýší o + 1 KM/H a kombinovaná spotřeba se sníží v průměru o -0,30 L / 100 KM.","imgUrl":"./previews/gentra__t200_.png","fullDesc":"Níže naleznete parametry před a po úpravě Standard pro vozidlo: Daewoo Gentra 1.2 16v - 84 HP. Modelová řada T200, vyráběná od roku 2008. Řídící jednotka motoru od společnosti Continental. Typ řídící jednotky D42. Předpokládaná doba úpravy tohoto modelu je 2 - 4 hodiny.","numbers":["Výkon HP","89 HP","98 HP","Výkon kW","67 kW","73 kW","Točivý moment Nm","119 Nm","133 Nm","Maximální rychlost","","+ 1 KM/H","Spotřeba město","","-0,20 L / 100 KM","Kombinovaná spotřeba","","-0,20 L / 100 KM","Spotřeba mimo město","","-0,10 L / 100 KM"],"chartPower":"./chartPower/gentra__t200_1171211.png","chartTorque":"./chartTorque/gentra__t200_1171211.png"},{"id":"gentra__t200_1171215","fullName":"ChipTuning - Daewoo Gentra 1.2 16v Eco - 80 HP ","desc":"Zvýšení výkonu motoru (chiptuning) vozidla Daewoo Gentra 1.2 16v Eco - 80 HP je možné z původních 63 kW (84 HP) až na 69 kW (93 HP) a nárůst točivého momentu ze 118 Nm až na 132 Nm.,Maximální rychlost se po úpravě zvýší o + 1 KM/H a kombinovaná spotřeba se sníží v průměru o -0,30 L / 100 KM.","imgUrl":"./previews/gentra__t200_.png","fullDesc":"Níže naleznete parametry před a po úpravě Standard pro vozidlo: Daewoo Gentra 1.2 16v Eco - 80 HP. Modelová řada T200, vyráběná od roku 2009. Řídící jednotka motoru od společnosti Continental. Typ řídící jednotky D42. Předpokládaná doba úpravy tohoto modelu je 2 - 4 hodiny.","numbers":["Výkon HP","84 HP","93 HP","Výkon kW","63 kW","69 kW","Točivý moment Nm","118 Nm","132 Nm","Maximální rychlost","","+ 1 KM/H","Spotřeba město","","-0,20 L / 100 KM","Kombinovaná spotřeba","","-0,20 L / 100 KM","Spotřeba mimo město","","-0,10 L / 100 KM"],"chartPower":"./chartPower/gentra__t200_1171215.png","chartTorque":"./chartTorque/gentra__t200_1171215.png"},{"id":"gentra__t300_1171217","fullName":"ChipTuning - Daewoo Gentra 1.5 16v - 106 HP ","desc":"Zvýšení výkonu motoru (chiptuning) vozidla Daewoo Gentra 1.5 16v - 106 HP je možné z původních 79 kW (107 HP) až na 87 kW (119 HP) a nárůst točivého momentu až na 172 Nm.,Maximální rychlost se po úpravě zvýší o + 1 KM/H a kombinovaná spotřeba se sníží v průměru o -0,30 L / 100 KM.","imgUrl":"./previews/gentra__t300_.png","fullDesc":"Níže naleznete parametry před a po úpravě Standard pro vozidlo: Daewoo Gentra 1.5 16v - 106 HP. Modelová řada T300, vyráběná od roku 2014. Řídící jednotka motoru od společnosti Delphi. Typ řídící jednotky MT60. Předpokládaná doba úpravy tohoto modelu je 2 - 4 hodiny.","numbers":["Výkon HP","107 HP","119 HP","Výkon kW","79 kW","87 kW","Točivý moment Nm","-","+18 Nm","Maximální rychlost","","+ 1 KM/H","Spotřeba město","","-0,20 L / 100 KM","Kombinovaná spotřeba","","-0,20 L / 100 KM","Spotřeba mimo město","","-0,10 L / 100 KM"],"chartPower":"./chartPower/gentra__t300_1171217.png","chartTorque":""},{"id":"lacetti__j200_1171234","fullName":"ChipTuning - Daewoo Lacetti 1.4 16v - 95 HP ","desc":"Zvýšení výkonu motoru (chiptuning) vozidla Daewoo Lacetti 1.4 16v - 95 HP je možné z původních 68 kW (93 HP) až na 75 kW (103 HP) a nárůst točivého momentu ze 129 Nm až na 145 Nm.,Maximální rychlost se po úpravě zvýší o + 1 KM/H a kombinovaná spotřeba se sníží v průměru o -0,40 L / 100 KM.","imgUrl":"./previews/lacetti__j200_.png","fullDesc":"Níže naleznete parametry před a po úpravě Standard pro vozidlo: Daewoo Lacetti 1.4 16v - 95 HP. Modelová řada J200, vyráběná od roku 2005. Řídící jednotka motoru od společnosti Siemens. Typ řídící jednotky 4R. Předpokládaná doba úpravy tohoto modelu je 2 - 4 hodiny.","numbers":["Výkon HP","93 HP","103 HP","Výkon kW","68 kW","75 kW","Točivý moment Nm","129 Nm","145 Nm","Maximální rychlost","","+ 1 KM/H","Spotřeba město","","-0,20 L / 100 KM","Kombinovaná spotřeba","","-0,20 L / 100 KM","Spotřeba mimo město","","-0,10 L / 100 KM"],"chartPower":"./chartPower/lacetti__j200_1171234.png","chartTorque":"./chartTorque/lacetti__j200_1171234.png"},{"id":"lacetti__j200_1171240","fullName":"ChipTuning - Daewoo Lacetti 1.6 16v - 109 HP ","desc":"Zvýšení výkonu motoru (chiptuning) vozidla Daewoo Lacetti 1.6 16v - 109 HP je možné z původních 85 kW (114 HP) až na 93 kW (126 HP) a nárůst točivého momentu ze 155 Nm až na 173 Nm.,Maximální rychlost se po úpravě zvýší o + 2 KM/H a kombinovaná spotřeba se sníží v průměru o -0,50 L / 100 KM.","imgUrl":"./previews/lacetti__j200_.png","fullDesc":"Níže naleznete parametry před a po úpravě Standard pro vozidlo: Daewoo Lacetti 1.6 16v - 109 HP. Modelová řada J200, vyráběná od roku 2005. Řídící jednotka motoru od společnosti Siemens. Typ řídící jednotky 4R. Předpokládaná doba úpravy tohoto modelu je 2 - 4 hodiny.","numbers":["Výkon HP","114 HP","126 HP","Výkon kW","85 kW","93 kW","Točivý moment Nm","155 Nm","173 Nm","Maximální rychlost","","+ 2 KM/H","Spotřeba město","","-0,30 L / 100 KM","Kombinovaná spotřeba","","-0,25 L / 100 KM","Spotřeba mimo město","","-0,20 L / 100 KM"],"chartPower":"./chartPower/lacetti__j200_1171240.png","chartTorque":"./chartTorque/lacetti__j200_1171240.png"},{"id":"lacetti__j200_1171246","fullName":"ChipTuning - Daewoo Lacetti 1.6 16v Automatic - 109 HP ","desc":"Zvýšení výkonu motoru (chiptuning) vozidla Daewoo Lacetti 1.6 16v Automatic - 109 HP je možné z původních 77 kW (106 HP) až na 85 kW (118 HP) a nárůst točivého momentu ze 147 Nm až na 165 Nm.,Maximální rychlost se po úpravě zvýší o + 2 KM/H a kombinovaná spotřeba se sníží v průměru o -0,50 L / 100 KM.","imgUrl":"./previews/lacetti__j200_.png","fullDesc":"Níže naleznete parametry před a po úpravě Standard pro vozidlo: Daewoo Lacetti 1.6 16v Automatic - 109 HP. Modelová řada J200, vyráběná od roku 2005. Řídící jednotka motoru od společnosti Siemens. Typ řídící jednotky 4R. Tato úprava je přizpůsobena pro automatickou převodovku. Předpokládaná doba úpravy tohoto modelu je 2 - 4 hodiny.","numbers":["Výkon HP","106 HP","118 HP","Výkon kW","77 kW","85 kW","Točivý moment Nm","147 Nm","165 Nm","Maximální rychlost","","+ 2 KM/H","Spotřeba město","","-0,30 L / 100 KM","Kombinovaná spotřeba","","-0,25 L / 100 KM","Spotřeba mimo město","","-0,20 L / 100 KM"],"chartPower":"./chartPower/lacetti__j200_1171246.png","chartTorque":"./chartTorque/lacetti__j200_1171246.png"},{"id":"lacetti__j200_1171252","fullName":"ChipTuning - Daewoo Lacetti 1.8 16v - 121 HP ","desc":"Zvýšení výkonu motoru (chiptuning) vozidla Daewoo Lacetti 1.8 16v - 121 HP je možné z původních 86 kW (118 HP) až na 95 kW (131 HP) a nárůst točivého momentu ze 166 Nm až na 186 Nm.,Maximální rychlost se po úpravě zvýší o + 1 KM/H a kombinovaná spotřeba se sníží v průměru o -0,30 L / 100 KM.","imgUrl":"./previews/lacetti__j200_.png","fullDesc":"Níže naleznete parametry před a po úpravě Standard pro vozidlo: Daewoo Lacetti 1.8 16v - 121 HP. Modelová řada J200, vyráběná od roku 2006. Úprava tohoto modelu se provádí přes diagnostickou zásuvku. Řídící jednotka motoru od společnosti Siemens. Typ řídící jednotky SIMTEC 76. Předpokládaná doba úpravy tohoto modelu je 1 - 2 hodiny.","numbers":["Výkon HP","118 HP","131 HP","Výkon kW","86 kW","95 kW","Točivý moment Nm","166 Nm","186 Nm","Maximální rychlost","","+ 1 KM/H","Spotřeba město","","-0,20 L / 100 KM","Kombinovaná spotřeba","","-0,20 L / 100 KM","Spotřeba mimo město","","-0,10 L / 100 KM"],"chartPower":"./chartPower/lacetti__j200_1171252.png","chartTorque":"./chartTorque/lacetti__j200_1171252.png"},{"id":"lacetti__j200_1171257","fullName":"ChipTuning - Daewoo Lacetti 1.8 16v Automatic - 121 HP ","desc":"Zvýšení výkonu motoru (chiptuning) vozidla Daewoo Lacetti 1.8 16v Automatic - 121 HP je možné z původních 87 kW (119 HP) až na 96 kW (132 HP) a nárůst točivého momentu ze 167 Nm až na 187 Nm.,Maximální rychlost se po úpravě zvýší o + 1 KM/H a kombinovaná spotřeba se sníží v průměru o -0,30 L / 100 KM.","imgUrl":"./previews/lacetti__j200_.png","fullDesc":"Níže naleznete parametry před a po úpravě Standard pro vozidlo: Daewoo Lacetti 1.8 16v Automatic - 121 HP. Modelová řada J200, vyráběná od roku 2006. Úprava tohoto modelu se provádí přes diagnostickou zásuvku. Řídící jednotka motoru od společnosti Siemens. Typ řídící jednotky SIMTEC 76. Tato úprava je přizpůsobena pro automatickou převodovku. Předpokládaná doba úpravy tohoto modelu je 1 - 2 hodiny.","numbers":["Výkon HP","119 HP","132 HP","Výkon kW","87 kW","96 kW","Točivý moment Nm","167 Nm","187 Nm","Maximální rychlost","","+ 1 KM/H","Spotřeba město","","-0,20 L / 100 KM","Kombinovaná spotřeba","","-0,20 L / 100 KM","Spotřeba mimo město","","-0,10 L / 100 KM"],"chartPower":"./chartPower/lacetti__j200_1171257.png","chartTorque":"./chartTorque/lacetti__j200_1171257.png"},{"id":"lacetti__j200_1171218","fullName":"ChipTuning - Daewoo Lacetti 2.0 16v VCDi - 121 HP ","desc":"Zvýšení výkonu motoru (chiptuning) vozidla Daewoo Lacetti 2.0 16v VCDi - 121 HP je možné z původních 84 kW (116 HP) až na 118 kW (162 HP) a nárůst točivého momentu ze 275 Nm až na 388 Nm.,Maximální rychlost se po úpravě zvýší o + 5 KM/H a kombinovaná spotřeba se sníží v průměru o -0,50 L / 100 KM.","imgUrl":"./previews/lacetti__j200_.png","fullDesc":"Níže naleznete parametry před a po úpravě Standard pro vozidlo: Daewoo Lacetti 2.0 16v VCDi - 121 HP. Modelová řada J200, vyráběná od roku 2007. Úprava tohoto modelu se provádí přes diagnostickou zásuvku. Řídící jednotka motoru od společnosti Bosch. Typ řídící jednotky EDC16C39. Předpokládaná doba úpravy tohoto modelu je 1 - 2 hodiny.","numbers":["Výkon HP","116 HP","151 HP","Výkon kW","84 kW","110 kW","Točivý moment Nm","275 Nm","356 Nm","Maximální rychlost","","+ 3 KM/H","Spotřeba město","","-0,30 L / 100 KM","Kombinovaná spotřeba","","-0,25 L / 100 KM","Spotřeba mimo město","","-0,20 L / 100 KM"],"chartPower":"./chartPower/lacetti__j200_1171218.png","chartTorque":"./chartTorque/lacetti__j200_1171218.png"},{"id":"lacetti__j200_1171226","fullName":"ChipTuning - Daewoo Lacetti 2.0 16v VCDi Automatic - 121 HP ","desc":"Zvýšení výkonu motoru (chiptuning) vozidla Daewoo Lacetti 2.0 16v VCDi Automatic - 121 HP je možné z původních 87 kW (119 HP) až na 120 kW (162 HP) a nárůst točivého momentu ze 278 Nm až na 376 Nm.,Maximální rychlost se po úpravě zvýší o + 5 KM/H a kombinovaná spotřeba se sníží v průměru o -0,50 L / 100 KM.","imgUrl":"./previews/lacetti__j200_.png","fullDesc":"Níže naleznete parametry před a po úpravě Standard pro vozidlo: Daewoo Lacetti 2.0 16v VCDi Automatic - 121 HP. Modelová řada J200, vyráběná od roku 2007. Úprava tohoto modelu se provádí přes diagnostickou zásuvku. Řídící jednotka motoru od společnosti Bosch. Typ řídící jednotky EDC16C39. Tato úprava je přizpůsobena pro automatickou převodovku. Předpokládaná doba úpravy tohoto modelu je 1 - 2 hodiny.","numbers":["Výkon HP","119 HP","152 HP","Výkon kW","87 kW","112 kW","Točivý moment Nm","278 Nm","348 Nm","Maximální rychlost","","+ 3 KM/H","Spotřeba město","","-0,30 L / 100 KM","Kombinovaná spotřeba","","-0,25 L / 100 KM","Spotřeba mimo město","","-0,20 L / 100 KM"],"chartPower":"./chartPower/lacetti__j200_1171226.png","chartTorque":"./chartTorque/lacetti__j200_1171226.png"},{"id":"matiz_creative__m300_1171262","fullName":"ChipTuning - Daewoo Matiz Creative 1.0 16v - 68 HP ","desc":"Zvýšení výkonu motoru (chiptuning) vozidla Daewoo Matiz Creative 1.0 16v - 68 HP je možné z původních 53 kW (71 HP) až na 58 kW (78 HP) a nárůst točivého momentu ze 96 Nm až na 107 Nm.,Maximální rychlost se po úpravě zvýší o + 1 KM/H a kombinovaná spotřeba se sníží v průměru o -0,30 L / 100 KM.","imgUrl":"./previews/matiz_creative__m300_.png","fullDesc":"Níže naleznete parametry před a po úpravě Standard pro vozidlo: Daewoo Matiz Creative 1.0 16v - 68 HP. Modelová řada M300, vyráběná od roku 2010. Řídící jednotka motoru od společnosti Continental. Typ řídící jednotky D42. Předpokládaná doba úpravy tohoto modelu je 2 - 4 hodiny.","numbers":["Výkon HP","71 HP","78 HP","Výkon kW","53 kW","58 kW","Točivý moment Nm","96 Nm","107 Nm","Maximální rychlost","","+ 1 KM/H","Spotřeba město","","-0,20 L / 100 KM","Kombinovaná spotřeba","","-0,20 L / 100 KM","Spotřeba mimo město","","-0,10 L / 100 KM"],"chartPower":"./chartPower/matiz_creative__m300_1171262.png","chartTorque":"./chartTorque/matiz_creative__m300_1171262.png"},{"id":"matiz_creative__m300_1171268","fullName":"ChipTuning - Daewoo Matiz Creative 1.2 16v - 82 HP ","desc":"Zvýšení výkonu motoru (chiptuning) vozidla Daewoo Matiz Creative 1.2 16v - 82 HP je možné z původních 61 kW (83 HP) až na 67 kW (92 HP) a nárůst točivého momentu ze 112 Nm až na 125 Nm.,Maximální rychlost se po úpravě zvýší o + 1 KM/H a kombinovaná spotřeba se sníží v průměru o -0,30 L / 100 KM.","imgUrl":"./previews/matiz_creative__m300_.png","fullDesc":"Níže naleznete parametry před a po úpravě Standard pro vozidlo: Daewoo Matiz Creative 1.2 16v - 82 HP. Modelová řada M300, vyráběná od roku 2010. Řídící jednotka motoru od společnosti Continental. Typ řídící jednotky D52. Předpokládaná doba úpravy tohoto modelu je 2 - 4 hodiny.","numbers":["Výkon HP","83 HP","92 HP","Výkon kW","61 kW","67 kW","Točivý moment Nm","112 Nm","125 Nm","Maximální rychlost","","+ 1 KM/H","Spotřeba město","","-0,20 L / 100 KM","Kombinovaná spotřeba","","-0,20 L / 100 KM","Spotřeba mimo město","","-0,10 L / 100 KM"],"chartPower":"./chartPower/matiz_creative__m300_1171268.png","chartTorque":"./chartTorque/matiz_creative__m300_1171268.png"},{"id":"nubira__j200_1171290","fullName":"ChipTuning - Daewoo Nubira 1.4 16v - 95 HP ","desc":"Zvýšení výkonu motoru (chiptuning) vozidla Daewoo Nubira 1.4 16v - 95 HP je možné z původních 75 kW (100 HP) až na 82 kW (110 HP) a nárůst točivého momentu ze 136 Nm až na 152 Nm.,Maximální rychlost se po úpravě zvýší o + 1 KM/H a kombinovaná spotřeba se sníží v průměru o -0,40 L / 100 KM.","imgUrl":"./previews/nubira__j200_.png","fullDesc":"Níže naleznete parametry před a po úpravě Standard pro vozidlo: Daewoo Nubira 1.4 16v - 95 HP. Modelová řada J200, vyráběná od roku 2005. Řídící jednotka motoru od společnosti Siemens. Typ řídící jednotky 4R. Předpokládaná doba úpravy tohoto modelu je 2 - 4 hodiny.","numbers":["Výkon HP","100 HP","110 HP","Výkon kW","75 kW","82 kW","Točivý moment Nm","136 Nm","152 Nm","Maximální rychlost","","+ 1 KM/H","Spotřeba město","","-0,20 L / 100 KM","Kombinovaná spotřeba","","-0,20 L / 100 KM","Spotřeba mimo město","","-0,10 L / 100 KM"],"chartPower":"./chartPower/nubira__j200_1171290.png","chartTorque":"./chartTorque/nubira__j200_1171290.png"},{"id":"nubira__j200_1171296","fullName":"ChipTuning - Daewoo Nubira 1.6 16v - 109 HP ","desc":"Zvýšení výkonu motoru (chiptuning) vozidla Daewoo Nubira 1.6 16v - 109 HP je možné z původních 78 kW (107 HP) až na 86 kW (119 HP) a nárůst točivého momentu ze 148 Nm až na 166 Nm.,Maximální rychlost se po úpravě zvýší o + 2 KM/H a kombinovaná spotřeba se sníží v průměru o -0,50 L / 100 KM.","imgUrl":"./previews/nubira__j200_.png","fullDesc":"Níže naleznete parametry před a po úpravě Standard pro vozidlo: Daewoo Nubira 1.6 16v - 109 HP. Modelová řada J200, vyráběná od roku 2005. Řídící jednotka motoru od společnosti Siemens. Typ řídící jednotky 4R. Předpokládaná doba úpravy tohoto modelu je 2 - 4 hodiny.","numbers":["Výkon HP","107 HP","119 HP","Výkon kW","78 kW","86 kW","Točivý moment Nm","148 Nm","166 Nm","Maximální rychlost","","+ 2 KM/H","Spotřeba město","","-0,30 L / 100 KM","Kombinovaná spotřeba","","-0,25 L / 100 KM","Spotřeba mimo město","","-0,20 L / 100 KM"],"chartPower":"./chartPower/nubira__j200_1171296.png","chartTorque":"./chartTorque/nubira__j200_1171296.png"},{"id":"nubira__j200_1171302","fullName":"ChipTuning - Daewoo Nubira 1.6 16v Automatic - 109 HP ","desc":"Zvýšení výkonu motoru (chiptuning) vozidla Daewoo Nubira 1.6 16v Automatic - 109 HP je možné z původních 79 kW (108 HP) až na 87 kW (120 HP) a nárůst točivého momentu ze 149 Nm až na 167 Nm.,Maximální rychlost se po úpravě zvýší o + 2 KM/H a kombinovaná spotřeba se sníží v průměru o -0,50 L / 100 KM.","imgUrl":"./previews/nubira__j200_.png","fullDesc":"Níže naleznete parametry před a po úpravě Standard pro vozidlo: Daewoo Nubira 1.6 16v Automatic - 109 HP. Modelová řada J200, vyráběná od roku 2005. Řídící jednotka motoru od společnosti Siemens. Typ řídící jednotky 4R. Tato úprava je přizpůsobena pro automatickou převodovku. Předpokládaná doba úpravy tohoto modelu je 2 - 4 hodiny.","numbers":["Výkon HP","108 HP","120 HP","Výkon kW","79 kW","87 kW","Točivý moment Nm","149 Nm","167 Nm","Maximální rychlost","","+ 2 KM/H","Spotřeba město","","-0,30 L / 100 KM","Kombinovaná spotřeba","","-0,25 L / 100 KM","Spotřeba mimo město","","-0,20 L / 100 KM"],"chartPower":"./chartPower/nubira__j200_1171302.png","chartTorque":"./chartTorque/nubira__j200_1171302.png"},{"id":"nubira__j200_1171308","fullName":"ChipTuning - Daewoo Nubira 1.8 16v - 121 HP ","desc":"Zvýšení výkonu motoru (chiptuning) vozidla Daewoo Nubira 1.8 16v - 121 HP je možné z původních 94 kW (126 HP) až na 103 kW (139 HP) a nárůst točivého momentu ze 174 Nm až na 194 Nm.,Maximální rychlost se po úpravě zvýší o + 1 KM/H a kombinovaná spotřeba se sníží v průměru o -0,30 L / 100 KM.","imgUrl":"./previews/nubira__j200_.png","fullDesc":"Níže naleznete parametry před a po úpravě Standard pro vozidlo: Daewoo Nubira 1.8 16v - 121 HP. Modelová řada J200, vyráběná od roku 2006. Úprava tohoto modelu se provádí přes diagnostickou zásuvku. Řídící jednotka motoru od společnosti Siemens. Typ řídící jednotky SIMTEC 76. Předpokládaná doba úpravy tohoto modelu je 1 - 2 hodiny.","numbers":["Výkon HP","126 HP","139 HP","Výkon kW","94 kW","103 kW","Točivý moment Nm","174 Nm","194 Nm","Maximální rychlost","","+ 1 KM/H","Spotřeba město","","-0,20 L / 100 KM","Kombinovaná spotřeba","","-0,20 L / 100 KM","Spotřeba mimo město","","-0,10 L / 100 KM"],"chartPower":"./chartPower/nubira__j200_1171308.png","chartTorque":"./chartTorque/nubira__j200_1171308.png"},{"id":"nubira__j200_1171313","fullName":"ChipTuning - Daewoo Nubira 1.8 16v Automatic - 121 HP ","desc":"Zvýšení výkonu motoru (chiptuning) vozidla Daewoo Nubira 1.8 16v Automatic - 121 HP je možné z původních 93 kW (125 HP) až na 102 kW (138 HP) a nárůst točivého momentu ze 173 Nm až na 193 Nm.,Maximální rychlost se po úpravě zvýší o + 1 KM/H a kombinovaná spotřeba se sníží v průměru o -0,30 L / 100 KM.","imgUrl":"./previews/nubira__j200_.png","fullDesc":"Níže naleznete parametry před a po úpravě Standard pro vozidlo: Daewoo Nubira 1.8 16v Automatic - 121 HP. Modelová řada J200, vyráběná od roku 2006. Úprava tohoto modelu se provádí přes diagnostickou zásuvku. Řídící jednotka motoru od společnosti Siemens. Typ řídící jednotky SIMTEC 76. Tato úprava je přizpůsobena pro automatickou převodovku. Předpokládaná doba úpravy tohoto modelu je 1 - 2 hodiny.","numbers":["Výkon HP","125 HP","138 HP","Výkon kW","93 kW","102 kW","Točivý moment Nm","173 Nm","193 Nm","Maximální rychlost","","+ 1 KM/H","Spotřeba město","","-0,20 L / 100 KM","Kombinovaná spotřeba","","-0,20 L / 100 KM","Spotřeba mimo město","","-0,10 L / 100 KM"],"chartPower":"./chartPower/nubira__j200_1171313.png","chartTorque":"./chartTorque/nubira__j200_1171313.png"},{"id":"nubira__j200_1171274","fullName":"ChipTuning - Daewoo Nubira 2.0 16v VCDi - 121 HP ","desc":"Zvýšení výkonu motoru (chiptuning) vozidla Daewoo Nubira 2.0 16v VCDi - 121 HP je možné z původních 84 kW (116 HP) až na 118 kW (162 HP) a nárůst točivého momentu ze 275 Nm až na 388 Nm.,Maximální rychlost se po úpravě zvýší o + 5 KM/H a kombinovaná spotřeba se sníží v průměru o -0,50 L / 100 KM.","imgUrl":"./previews/nubira__j200_.png","fullDesc":"Níže naleznete parametry před a po úpravě Standard pro vozidlo: Daewoo Nubira 2.0 16v VCDi - 121 HP. Modelová řada J200, vyráběná od roku 2007. Úprava tohoto modelu se provádí přes diagnostickou zásuvku. Řídící jednotka motoru od společnosti Bosch. Typ řídící jednotky EDC16C39. Předpokládaná doba úpravy tohoto modelu je 1 - 2 hodiny.","numbers":["Výkon HP","116 HP","151 HP","Výkon kW","84 kW","110 kW","Točivý moment Nm","275 Nm","356 Nm","Maximální rychlost","","+ 3 KM/H","Spotřeba město","","-0,30 L / 100 KM","Kombinovaná spotřeba","","-0,25 L / 100 KM","Spotřeba mimo město","","-0,20 L / 100 KM"],"chartPower":"./chartPower/nubira__j200_1171274.png","chartTorque":"./chartTorque/nubira__j200_1171274.png"},{"id":"nubira__j200_1171282","fullName":"ChipTuning - Daewoo Nubira 2.0 16v VCDi Automatic - 121 HP ","desc":"Zvýšení výkonu motoru (chiptuning) vozidla Daewoo Nubira 2.0 16v VCDi Automatic - 121 HP je možné z původních 85 kW (117 HP) až na 118 kW (160 HP) a nárůst točivého momentu ze 276 Nm až na 374 Nm.,Maximální rychlost se po úpravě zvýší o + 5 KM/H a kombinovaná spotřeba se sníží v průměru o -0,50 L / 100 KM.","imgUrl":"./previews/nubira__j200_.png","fullDesc":"Níže naleznete parametry před a po úpravě Standard pro vozidlo: Daewoo Nubira 2.0 16v VCDi Automatic - 121 HP. Modelová řada J200, vyráběná od roku 2007. Úprava tohoto modelu se provádí přes diagnostickou zásuvku. Řídící jednotka motoru od společnosti Bosch. Typ řídící jednotky EDC16C39. Tato úprava je přizpůsobena pro automatickou převodovku. Předpokládaná doba úpravy tohoto modelu je 1 - 2 hodiny.","numbers":["Výkon HP","117 HP","150 HP","Výkon kW","85 kW","110 kW","Točivý moment Nm","276 Nm","346 Nm","Maximální rychlost","","+ 3 KM/H","Spotřeba město","","-0,30 L / 100 KM","Kombinovaná spotřeba","","-0,25 L / 100 KM","Spotřeba mimo město","","-0,20 L / 100 KM"],"chartPower":"./chartPower/nubira__j200_1171282.png","chartTorque":"./chartTorque/nubira__j200_1171282.png"},{"id":"tosca__v250_1171318","fullName":"ChipTuning - Daewoo Tosca 2.0 16v VCDi - 150 HP ","desc":"Zvýšení výkonu motoru (chiptuning) vozidla Daewoo Tosca 2.0 16v VCDi - 150 HP je možné z původních 108 kW (148 HP) až na 142 kW (195 HP) a nárůst točivého momentu ze 318 Nm až na 448 Nm.,Maximální rychlost se po úpravě zvýší o + 5 KM/H a kombinovaná spotřeba se sníží v průměru o -0,50 L / 100 KM.","imgUrl":"./previews/tosca__v250_.png","fullDesc":"Níže naleznete parametry před a po úpravě Standard pro vozidlo: Daewoo Tosca 2.0 16v VCDi - 150 HP. Modelová řada V250, vyráběná od roku 2007. Úprava tohoto modelu se provádí přes diagnostickou zásuvku. Řídící jednotka motoru od společnosti Bosch. Typ řídící jednotky EDC16C39. Předpokládaná doba úpravy tohoto modelu je 1 - 2 hodiny.","numbers":["Výkon HP","148 HP","184 HP","Výkon kW","108 kW","134 kW","Točivý moment Nm","318 Nm","411 Nm","Maximální rychlost","","+ 3 KM/H","Spotřeba město","","-0,30 L / 100 KM","Kombinovaná spotřeba","","-0,25 L / 100 KM","Spotřeba mimo město","","-0,20 L / 100 KM"],"chartPower":"./chartPower/tosca__v250_1171318.png","chartTorque":"./chartTorque/tosca__v250_1171318.png"},{"id":"tosca__v250_1171326","fullName":"ChipTuning - Daewoo Tosca 2.0 16v VCDi Automatic - 150 HP ","desc":"Zvýšení výkonu motoru (chiptuning) vozidla Daewoo Tosca 2.0 16v VCDi Automatic - 150 HP je možné z původních 113 kW (153 HP) až na 146 kW (197 HP) a nárůst točivého momentu ze 323 Nm až na 436 Nm.,Maximální rychlost se po úpravě zvýší o + 5 KM/H a kombinovaná spotřeba se sníží v průměru o -0,50 L / 100 KM.","imgUrl":"./previews/tosca__v250_.png","fullDesc":"Níže naleznete parametry před a po úpravě Standard pro vozidlo: Daewoo Tosca 2.0 16v VCDi Automatic - 150 HP. Modelová řada V250, vyráběná od roku 2007. Úprava tohoto modelu se provádí přes diagnostickou zásuvku. Řídící jednotka motoru od společnosti Bosch. Typ řídící jednotky EDC16C39. Tato úprava je přizpůsobena pro automatickou převodovku. Předpokládaná doba úpravy tohoto modelu je 1 - 2 hodiny.","numbers":["Výkon HP","153 HP","187 HP","Výkon kW","113 kW","138 kW","Točivý moment Nm","323 Nm","404 Nm","Maximální rychlost","","+ 3 KM/H","Spotřeba město","","-0,30 L / 100 KM","Kombinovaná spotřeba","","-0,25 L / 100 KM","Spotřeba mimo město","","-0,20 L / 100 KM"],"chartPower":"./chartPower/tosca__v250_1171326.png","chartTorque":"./chartTorque/tosca__v250_1171326.png"},{"id":"tosca__v250_1171334","fullName":"ChipTuning - Daewoo Tosca 2.5 20v Automatic - 156 HP ","desc":"Zvýšení výkonu motoru (chiptuning) vozidla Daewoo Tosca 2.5 20v Automatic - 156 HP je možné z původních 114 kW (155 HP) až na 126 kW (172 HP) a nárůst točivého momentu ze 236 Nm až na 264 Nm.,Maximální rychlost se po úpravě zvýší o + 1 KM/H a kombinovaná spotřeba se sníží v průměru o -0,30 L / 100 KM.","imgUrl":"./previews/tosca__v250_.png","fullDesc":"Níže naleznete parametry před a po úpravě Standard pro vozidlo: Daewoo Tosca 2.5 20v Automatic - 156 HP. Modelová řada V250, vyráběná od roku 2006. Řídící jednotka motoru od společnosti Continental. Typ řídící jednotky SIM2K. Tato úprava je přizpůsobena pro automatickou převodovku. Předpokládaná doba úpravy tohoto modelu je 2 - 4 hodiny.","numbers":["Výkon HP","155 HP","172 HP","Výkon kW","114 kW","126 kW","Točivý moment Nm","236 Nm","264 Nm","Maximální rychlost","","+ 1 KM/H","Spotřeba město","","-0,20 L / 100 KM","Kombinovaná spotřeba","","-0,20 L / 100 KM","Spotřeba mimo město","","-0,10 L / 100 KM"],"chartPower":"./chartPower/tosca__v250_1171334.png","chartTorque":"./chartTorque/tosca__v250_1171334.png"},{"id":"winstorm___1171339","fullName":"ChipTuning - Daewoo Winstorm 2.0 16v VCDi 125 2WD - 126 HP ","desc":"Zvýšení výkonu motoru (chiptuning) vozidla Daewoo Winstorm 2.0 16v VCDi 125 2WD - 126 HP je možné z původních 92 kW (125 HP) až na 127 kW (173 HP) a nárůst točivého momentu ze 294 Nm až na 414 Nm.,Maximální rychlost se po úpravě zvýší o + 5 KM/H a kombinovaná spotřeba se sníží v průměru o -0,50 L / 100 KM.","imgUrl":"./previews/winstorm___.png","fullDesc":"Níže naleznete parametry před a po úpravě Standard pro vozidlo: Daewoo Winstorm 2.0 16v VCDi 125 2WD - 126 HP. Modelová řada vyráběná od roku 2007. Úprava tohoto modelu se provádí přes diagnostickou zásuvku. Řídící jednotka motoru od společnosti Bosch. Typ řídící jednotky EDC16C39. Předpokládaná doba úpravy tohoto modelu je 1 - 2 hodiny.","numbers":["Výkon HP","125 HP","162 HP","Výkon kW","92 kW","119 kW","Točivý moment Nm","294 Nm","380 Nm","Maximální rychlost","","+ 3 KM/H","Spotřeba město","","-0,30 L / 100 KM","Kombinovaná spotřeba","","-0,25 L / 100 KM","Spotřeba mimo město","","-0,20 L / 100 KM"],"chartPower":"./chartPower/winstorm___1171339.png","chartTorque":"./chartTorque/winstorm___1171339.png"},{"id":"winstorm___1171347","fullName":"ChipTuning - Daewoo Winstorm 2.0 16v VCDi 150 2WD - 150 HP ","desc":"Zvýšení výkonu motoru (chiptuning) vozidla Daewoo Winstorm 2.0 16v VCDi 150 2WD - 150 HP je možné z původních 115 kW (155 HP) až na 149 kW (202 HP) a nárůst točivého momentu ze 325 Nm až na 455 Nm.,Maximální rychlost se po úpravě zvýší o + 5 KM/H a kombinovaná spotřeba se sníží v průměru o -0,50 L / 100 KM.","imgUrl":"./previews/winstorm___.png","fullDesc":"Níže naleznete parametry před a po úpravě Standard pro vozidlo: Daewoo Winstorm 2.0 16v VCDi 150 2WD - 150 HP. Modelová řada vyráběná od roku 2006. Úprava tohoto modelu se provádí přes diagnostickou zásuvku. Řídící jednotka motoru od společnosti Bosch. Typ řídící jednotky EDC16C39. Předpokládaná doba úpravy tohoto modelu je 1 - 2 hodiny.","numbers":["Výkon HP","155 HP","191 HP","Výkon kW","115 kW","141 kW","Točivý moment Nm","325 Nm","418 Nm","Maximální rychlost","","+ 3 KM/H","Spotřeba město","","-0,30 L / 100 KM","Kombinovaná spotřeba","","-0,25 L / 100 KM","Spotřeba mimo město","","-0,20 L / 100 KM"],"chartPower":"./chartPower/winstorm___1171347.png","chartTorque":"./chartTorque/winstorm___1171347.png"},{"id":"winstorm___1171349","fullName":"ChipTuning - Daewoo Winstorm 2.0 16v VCDi 150 4WD - 150 HP ","desc":"Zvýšení výkonu motoru (chiptuning) vozidla Daewoo Winstorm 2.0 16v VCDi 150 4WD - 150 HP je možné z původních 110 kW (150 HP) až na 144 kW (197 HP) a nárůst točivého momentu ze 320 Nm až na 450 Nm.,Maximální rychlost se po úpravě zvýší o + 5 KM/H a kombinovaná spotřeba se sníží v průměru o -0,50 L / 100 KM.","imgUrl":"./previews/winstorm___.png","fullDesc":"Níže naleznete parametry před a po úpravě Standard pro vozidlo: Daewoo Winstorm 2.0 16v VCDi 150 4WD - 150 HP. Modelová řada vyráběná od roku 2006. Úprava tohoto modelu se provádí přes diagnostickou zásuvku. Řídící jednotka motoru od společnosti Bosch. Typ řídící jednotky EDC16C39. Předpokládaná doba úpravy tohoto modelu je 1 - 2 hodiny.","numbers":["Výkon HP","150 HP","186 HP","Výkon kW","110 kW","136 kW","Točivý moment Nm","320 Nm","413 Nm","Maximální rychlost","","+ 3 KM/H","Spotřeba město","","-0,30 L / 100 KM","Kombinovaná spotřeba","","-0,25 L / 100 KM","Spotřeba mimo město","","-0,20 L / 100 KM"],"chartPower":"./chartPower/winstorm___1171349.png","chartTorque":"./chartTorque/winstorm___1171349.png"},{"id":"winstorm___1171359","fullName":"ChipTuning - Daewoo Winstorm 2.0 16v VCDi 150 4WD Automatic - 150 HP ","desc":"Zvýšení výkonu motoru (chiptuning) vozidla Daewoo Winstorm 2.0 16v VCDi 150 4WD Automatic - 150 HP je možné z původních 115 kW (155 HP) až na 148 kW (199 HP) a nárůst točivého momentu ze 325 Nm až na 438 Nm.,Maximální rychlost se po úpravě zvýší o + 5 KM/H a kombinovaná spotřeba se sníží v průměru o -0,50 L / 100 KM.","imgUrl":"./previews/winstorm___.png","fullDesc":"Níže naleznete parametry před a po úpravě Standard pro vozidlo: Daewoo Winstorm 2.0 16v VCDi 150 4WD Automatic - 150 HP. Modelová řada vyráběná od roku 2006. Úprava tohoto modelu se provádí přes diagnostickou zásuvku. Řídící jednotka motoru od společnosti Bosch. Typ řídící jednotky EDC16C39. Tato úprava je přizpůsobena pro automatickou převodovku. Předpokládaná doba úpravy tohoto modelu je 1 - 2 hodiny.","numbers":["Výkon HP","155 HP","189 HP","Výkon kW","115 kW","140 kW","Točivý moment Nm","325 Nm","406 Nm","Maximální rychlost","","+ 3 KM/H","Spotřeba město","","-0,30 L / 100 KM","Kombinovaná spotřeba","","-0,25 L / 100 KM","Spotřeba mimo město","","-0,20 L / 100 KM"],"chartPower":"./chartPower/winstorm___1171359.png","chartTorque":"./chartTorque/winstorm___1171359.png"},{"id":"winstorm___1171369","fullName":"ChipTuning - Daewoo Winstorm 2.4 16v 2WD - 136 HP ","desc":"Zvýšení výkonu motoru (chiptuning) vozidla Daewoo Winstorm 2.4 16v 2WD - 136 HP je možné z původních 98 kW (134 HP) až na 108 kW (149 HP) a nárůst točivého momentu ze 218 Nm až na 244 Nm.,Maximální rychlost se po úpravě zvýší o + 1 KM/H a kombinovaná spotřeba se sníží v průměru o -0,30 L / 100 KM.","imgUrl":"./previews/winstorm___.png","fullDesc":"Níže naleznete parametry před a po úpravě Standard pro vozidlo: Daewoo Winstorm 2.4 16v 2WD - 136 HP. Modelová řada vyráběná od roku 2006. Řídící jednotka motoru od společnosti Bosch. Typ řídící jednotky ME7.9.9. Předpokládaná doba úpravy tohoto modelu je 2 - 4 hodiny.","numbers":["Výkon HP","134 HP","149 HP","Výkon kW","98 kW","108 kW","Točivý moment Nm","218 Nm","244 Nm","Maximální rychlost","","+ 1 KM/H","Spotřeba město","","-0,20 L / 100 KM","Kombinovaná spotřeba","","-0,20 L / 100 KM","Spotřeba mimo město","","-0,10 L / 100 KM"],"chartPower":"./chartPower/winstorm___1171369.png","chartTorque":"./chartTorque/winstorm___1171369.png"},{"id":"winstorm___1171373","fullName":"ChipTuning - Daewoo Winstorm 2.4 16v 4WD - 136 HP ","desc":"Zvýšení výkonu motoru (chiptuning) vozidla Daewoo Winstorm 2.4 16v 4WD - 136 HP je možné z původních 104 kW (140 HP) až na 114 kW (155 HP) a nárůst točivého momentu ze 224 Nm až na 250 Nm.,Maximální rychlost se po úpravě zvýší o + 1 KM/H a kombinovaná spotřeba se sníží v průměru o -0,30 L / 100 KM.","imgUrl":"./previews/winstorm___.png","fullDesc":"Níže naleznete parametry před a po úpravě Standard pro vozidlo: Daewoo Winstorm 2.4 16v 4WD - 136 HP. Modelová řada vyráběná od roku 2006. Řídící jednotka motoru od společnosti Bosch. Typ řídící jednotky ME7.9.9. Předpokládaná doba úpravy tohoto modelu je 2 - 4 hodiny.","numbers":["Výkon HP","140 HP","155 HP","Výkon kW","104 kW","114 kW","Točivý moment Nm","224 Nm","250 Nm","Maximální rychlost","","+ 1 KM/H","Spotřeba město","","-0,20 L / 100 KM","Kombinovaná spotřeba","","-0,20 L / 100 KM","Spotřeba mimo město","","-0,10 L / 100 KM"],"chartPower":"./chartPower/winstorm___1171373.png","chartTorque":"./chartTorque/winstorm___1171373.png"},{"id":"winstorm___1171377","fullName":"ChipTuning - Daewoo Winstorm 2.4 16v 4WD Automatic - 136 HP ","desc":"Zvýšení výkonu motoru (chiptuning) vozidla Daewoo Winstorm 2.4 16v 4WD Automatic - 136 HP je možné z původních 98 kW (134 HP) až na 108 kW (149 HP) a nárůst točivého momentu ze 218 Nm až na 244 Nm.,Maximální rychlost se po úpravě zvýší o + 1 KM/H a kombinovaná spotřeba se sníží v průměru o -0,30 L / 100 KM.","imgUrl":"./previews/winstorm___.png","fullDesc":"Níže naleznete parametry před a po úpravě Standard pro vozidlo: Daewoo Winstorm 2.4 16v 4WD Automatic - 136 HP. Modelová řada vyráběná od roku 2006. Řídící jednotka motoru od společnosti Bosch. Typ řídící jednotky ME7.9.9. Tato úprava je přizpůsobena pro automatickou převodovku. Předpokládaná doba úpravy tohoto modelu je 2 - 4 hodiny.","numbers":["Výkon HP","134 HP","149 HP","Výkon kW","98 kW","108 kW","Točivý moment Nm","218 Nm","244 Nm","Maximální rychlost","","+ 1 KM/H","Spotřeba město","","-0,20 L / 100 KM","Kombinovaná spotřeba","","-0,20 L / 100 KM","Spotřeba mimo město","","-0,10 L / 100 KM"],"chartPower":"./chartPower/winstorm___1171377.png","chartTorque":"./chartTorque/winstorm___1171377.png"},{"id":"winstorm___1171381","fullName":"ChipTuning - Daewoo Winstorm 2.4 16v 4WD Automatic - 136 HP ","desc":"Zvýšení výkonu motoru (chiptuning) vozidla Daewoo Winstorm 2.4 16v 4WD Automatic - 136 HP je možné z původních 96 kW (132 HP) až na 106 kW (147 HP) a nárůst točivého momentu ze 216 Nm až na 242 Nm.,Maximální rychlost se po úpravě zvýší o + 1 KM/H a kombinovaná spotřeba se sníží v průměru o -0,30 L / 100 KM.","imgUrl":"./previews/winstorm___.png","fullDesc":"Níže naleznete parametry před a po úpravě Standard pro vozidlo: Daewoo Winstorm 2.4 16v 4WD Automatic - 136 HP. Modelová řada vyráběná od roku 2006. Řídící jednotka motoru od společnosti Bosch. Typ řídící jednotky ME7.9.9. Tato úprava je přizpůsobena pro automatickou převodovku. Předpokládaná doba úpravy tohoto modelu je 2 - 4 hodiny.","numbers":["Výkon HP","132 HP","147 HP","Výkon kW","96 kW","106 kW","Točivý moment Nm","216 Nm","242 Nm","Maximální rychlost","","+ 1 KM/H","Spotřeba město","","-0,20 L / 100 KM","Kombinovaná spotřeba","","-0,20 L / 100 KM","Spotřeba mimo město","","-0,10 L / 100 KM"],"chartPower":"./chartPower/winstorm___1171381.png","chartTorque":"./chartTorque/winstorm___1171381.png"}]