[{"id":"altis_sxv70__1171389","fullName":"ChipTuning - Daihatsu Altis 2.5 VVT-iE 16V CVT - 207 HP ","desc":"Zvýšení výkonu motoru (chiptuning) vozidla Daihatsu Altis 2.5 VVT-iE 16V CVT - 207 HP je možné z původních 148 kW (203 HP) až na 163 kW (226 HP) a nárůst točivého momentu ze 239 Nm až na 268 Nm.,Maximální rychlost se po úpravě zvýší o + 3 KM/H a kombinovaná spotřeba se sníží v průměru o -0,60 L / 100 KM.","imgUrl":"./previews/altis_sxv70__.png","fullDesc":"Níže naleznete parametry před a po úpravě Standard pro vozidlo: Daihatsu Altis 2.5 VVT-iE 16V CVT - 207 HP. Modelová řada vyráběná od roku 2018. Úprava tohoto modelu se provádí přes diagnostickou zásuvku. Řídící jednotka motoru od společnosti Denso. Typ řídící jednotky R7F701202. Předpokládaná doba úpravy tohoto modelu je 1 - 2 hodiny.","numbers":["Výkon HP","203 HP","226 HP","Výkon kW","148 kW","163 kW","Točivý moment Nm","239 Nm","268 Nm","Maximální rychlost","","+ 3 KM/H","Spotřeba město","","-0,40 L / 100 KM","Kombinovaná spotřeba","","-0,30 L / 100 KM","Spotřeba mimo město","","-0,20 L / 100 KM"],"chartPower":"./chartPower/altis_sxv70__1171389.png","chartTorque":"./chartTorque/altis_sxv70__1171389.png"},{"id":"altis_sxv70__1171392","fullName":"ChipTuning - Daihatsu Altis 2.5 VVT-iE Hybrid 16v E-CVT - 178 HP ","desc":"Zvýšení výkonu motoru (chiptuning) vozidla Daihatsu Altis 2.5 VVT-iE Hybrid 16v E-CVT - 178 HP je možné z původních 131 kW (178 HP) až na 144 kW (198 HP) a nárůst točivého momentu ze 221 Nm až na 248 Nm.,Maximální rychlost se po úpravě zvýší o + 3 KM/H a kombinovaná spotřeba se sníží v průměru o -0,60 L / 100 KM.","imgUrl":"./previews/altis_sxv70__.png","fullDesc":"Níže naleznete parametry před a po úpravě Standard pro vozidlo: Daihatsu Altis 2.5 VVT-iE Hybrid 16v E-CVT - 178 HP. Modelová řada vyráběná od roku 2018. Úprava tohoto modelu se provádí přes diagnostickou zásuvku. Řídící jednotka motoru od společnosti Denso. Typ řídící jednotky R7F701202. Předpokládaná doba úpravy tohoto modelu je 1 - 2 hodiny.","numbers":["Výkon HP","178 HP","198 HP","Výkon kW","131 kW","144 kW","Točivý moment Nm","221 Nm","248 Nm","Maximální rychlost","","+ 3 KM/H","Spotřeba město","","-0,40 L / 100 KM","Kombinovaná spotřeba","","-0,30 L / 100 KM","Spotřeba mimo město","","-0,20 L / 100 KM"],"chartPower":"./chartPower/altis_sxv70__1171392.png","chartTorque":"./chartTorque/altis_sxv70__1171392.png"},{"id":"altis_sxv70_axvh7x_1171386","fullName":"ChipTuning - Daihatsu Altis 2.5 VVT-iE Hybrid 16v E-CVT - 178 HP ","desc":"Zvýšení výkonu motoru (chiptuning) vozidla Daihatsu Altis 2.5 VVT-iE Hybrid 16v E-CVT - 178 HP je možné z původních 132 kW (179 HP) až na 145 kW (199 HP) a nárůst točivého momentu ze 222 Nm až na 249 Nm.,Maximální rychlost se po úpravě zvýší o + 3 KM/H a kombinovaná spotřeba se sníží v průměru o -0,60 L / 100 KM.","imgUrl":"./previews/altis_sxv70_axvh7x_.png","fullDesc":"Níže naleznete parametry před a po úpravě Standard pro vozidlo: Daihatsu Altis 2.5 VVT-iE Hybrid 16v E-CVT - 178 HP. Modelová řada AXVH7x, vyráběná od roku 2018. Úprava tohoto modelu se provádí přes diagnostickou zásuvku. Řídící jednotka motoru od společnosti Denso. Typ řídící jednotky R7F701202. Předpokládaná doba úpravy tohoto modelu je 1 - 2 hodiny.","numbers":["Výkon HP","179 HP","199 HP","Výkon kW","132 kW","145 kW","Točivý moment Nm","222 Nm","249 Nm","Maximální rychlost","","+ 3 KM/H","Spotřeba město","","-0,40 L / 100 KM","Kombinovaná spotřeba","","-0,30 L / 100 KM","Spotřeba mimo město","","-0,20 L / 100 KM"],"chartPower":"./chartPower/altis_sxv70_axvh7x_1171386.png","chartTorque":"./chartTorque/altis_sxv70_axvh7x_1171386.png"},{"id":"copen___1171395","fullName":"ChipTuning - Daihatsu Copen 660cc Turbo - 87 HP ","desc":"Zvýšení výkonu motoru (chiptuning) vozidla Daihatsu Copen 660cc Turbo - 87 HP je možné z původních 67 kW (90 HP) až na 89 kW (120 HP) a nárůst točivého momentu ze 123 Nm až na 159 Nm.,Maximální rychlost se po úpravě zvýší o + 5 KM/H a kombinovaná spotřeba se sníží v průměru o -0,50 L / 100 KM.","imgUrl":"./previews/copen___.png","fullDesc":"Níže naleznete parametry před a po úpravě Standard pro vozidlo: Daihatsu Copen 660cc Turbo - 87 HP. Modelová řada vyráběná od roku 2015. Řídící jednotka motoru od společnosti Delphi. Typ řídící jednotky DCM3.7. Předpokládaná doba úpravy tohoto modelu je 2 - 4 hodiny.","numbers":["Výkon HP","90 HP","113 HP","Výkon kW","67 kW","84 kW","Točivý moment Nm","123 Nm","149 Nm","Maximální rychlost","","+ 3 KM/H","Spotřeba město","","-0,30 L / 100 KM","Kombinovaná spotřeba","","-0,25 L / 100 KM","Spotřeba mimo město","","-0,20 L / 100 KM"],"chartPower":"./chartPower/copen___1171395.png","chartTorque":"./chartTorque/copen___1171395.png"}]