[{"id":"avenger___1171399","fullName":"ChipTuning - Dodge Avenger 2.0 16v CRD - 140 HP ","desc":"Zvýšení výkonu motoru (chiptuning) vozidla Dodge Avenger 2.0 16v CRD - 140 HP je možné z původních 100 kW (137 HP) až na 133 kW (181 HP) a nárůst točivého momentu ze 307 Nm až na 433 Nm.,Maximální rychlost se po úpravě zvýší o + 9 KM/H a kombinovaná spotřeba se sníží v průměru o -0,70 L / 100 KM.","imgUrl":"./previews/avenger___.png","fullDesc":"Níže naleznete parametry před a po úpravě Standard pro vozidlo: Dodge Avenger 2.0 16v CRD - 140 HP. Modelová řada vyráběná od roku 2006. Úprava tohoto modelu se provádí přes diagnostickou zásuvku. Řídící jednotka motoru od společnosti Bosch. Typ řídící jednotky EDC16U31. Předpokládaná doba úpravy tohoto modelu je 1 - 2 hodiny.","numbers":["Výkon HP","137 HP","171 HP","Výkon kW","100 kW","125 kW","Točivý moment Nm","307 Nm","397 Nm","Maximální rychlost","","+ 6 KM/H","Spotřeba město","","-0,50 L / 100 KM","Kombinovaná spotřeba","","-0,40 L / 100 KM","Spotřeba mimo město","","-0,30 L / 100 KM"],"chartPower":"./chartPower/avenger___1171399.png","chartTorque":"./chartTorque/avenger___1171399.png"},{"id":"caliber___1171405","fullName":"ChipTuning - Dodge Caliber 2.0 16v CRD - 140 HP ","desc":"Zvýšení výkonu motoru (chiptuning) vozidla Dodge Caliber 2.0 16v CRD - 140 HP je možné z původních 101 kW (138 HP) až na 134 kW (182 HP) a nárůst točivého momentu ze 308 Nm až na 434 Nm.,Maximální rychlost se po úpravě zvýší o + 9 KM/H a kombinovaná spotřeba se sníží v průměru o -0,70 L / 100 KM.","imgUrl":"./previews/caliber___.png","fullDesc":"Níže naleznete parametry před a po úpravě Standard pro vozidlo: Dodge Caliber 2.0 16v CRD - 140 HP. Modelová řada vyráběná od roku 2006. Úprava tohoto modelu se provádí přes diagnostickou zásuvku. Řídící jednotka motoru od společnosti Bosch. Typ řídící jednotky EDC16U31. Předpokládaná doba úpravy tohoto modelu je 1 - 2 hodiny.","numbers":["Výkon HP","138 HP","172 HP","Výkon kW","101 kW","126 kW","Točivý moment Nm","308 Nm","398 Nm","Maximální rychlost","","+ 6 KM/H","Spotřeba město","","-0,50 L / 100 KM","Kombinovaná spotřeba","","-0,40 L / 100 KM","Spotřeba mimo město","","-0,30 L / 100 KM"],"chartPower":"./chartPower/caliber___1171405.png","chartTorque":"./chartTorque/caliber___1171405.png"},{"id":"caravan___1171412","fullName":"ChipTuning - Dodge Caravan 3.6 V6 - 287 HP ","desc":"Zvýšení výkonu motoru (chiptuning) vozidla Dodge Caravan 3.6 V6 - 287 HP je možné z původních 210 kW (286 HP) až na 231 kW (315 HP) a nárůst točivého momentu ze 349 Nm až na 391 Nm.,Maximální rychlost se po úpravě zvýší o + 7 KM/H a kombinovaná spotřeba se sníží v průměru o -0,70 L / 100 KM.","imgUrl":"./previews/caravan___.png","fullDesc":"Níže naleznete parametry před a po úpravě Standard pro vozidlo: Dodge Caravan 3.6 V6 - 287 HP. Modelová řada vyráběná od roku 2012. Úprava tohoto modelu se provádí přes diagnostickou zásuvku. Řídící jednotka motoru od společnosti Continental. Typ řídící jednotky GPEC2. Předpokládaná doba úpravy tohoto modelu je 1 - 2 hodiny.","numbers":["Výkon HP","286 HP","315 HP","Výkon kW","210 kW","231 kW","Točivý moment Nm","349 Nm","391 Nm","Maximální rychlost","","+ 7 KM/H","Spotřeba město","","-0,50 L / 100 KM","Kombinovaná spotřeba","","-0,40 L / 100 KM","Spotřeba mimo město","","-0,30 L / 100 KM"],"chartPower":"./chartPower/caravan___1171412.png","chartTorque":"./chartTorque/caravan___1171412.png"},{"id":"challenger_(_3rd)__1171415","fullName":"ChipTuning - Dodge Challenger 3.6 V6 - 309 HP ","desc":"Zvýšení výkonu motoru (chiptuning) vozidla Dodge Challenger 3.6 V6 - 309 HP je možné z původních 226 kW (308 HP) až na 249 kW (339 HP) a nárůst točivého momentu ze 352 Nm až na 394 Nm.,Maximální rychlost se po úpravě zvýší o + 7 KM/H a kombinovaná spotřeba se sníží v průměru o -0,70 L / 100 KM.","imgUrl":"./previews/challenger_(_3rd)__.png","fullDesc":"Níže naleznete parametry před a po úpravě Standard pro vozidlo: Dodge Challenger 3.6 V6 - 309 HP. Modelová řada vyráběná od roku 2011. Úprava tohoto modelu se provádí přes diagnostickou zásuvku. Řídící jednotka motoru od společnosti Continental. Typ řídící jednotky GPEC2 nebo GPEC2A. Předpokládaná doba úpravy tohoto modelu je 1 - 2 hodiny.","numbers":["Výkon HP","308 HP","339 HP","Výkon kW","226 kW","249 kW","Točivý moment Nm","352 Nm","394 Nm","Maximální rychlost","","+ 7 KM/H","Spotřeba město","","-0,50 L / 100 KM","Kombinovaná spotřeba","","-0,40 L / 100 KM","Spotřeba mimo město","","-0,30 L / 100 KM"],"chartPower":"./chartPower/challenger_(_3rd)__1171415.png","chartTorque":"./chartTorque/challenger_(_3rd)__1171415.png"},{"id":"challenger_(_3rd)__1171422","fullName":"ChipTuning - Dodge Challenger 5.7 V8 - 370 HP ","desc":"Zvýšení výkonu motoru (chiptuning) vozidla Dodge Challenger 5.7 V8 - 370 HP je možné z původních 270 kW (368 HP) až na 297 kW (405 HP) a nárůst točivého momentu ze 527 Nm až na 585 Nm.,Maximální rychlost se po úpravě zvýší o + 7 KM/H a kombinovaná spotřeba se sníží v průměru o -0,70 L / 100 KM.","imgUrl":"./previews/challenger_(_3rd)__.png","fullDesc":"Níže naleznete parametry před a po úpravě Standard pro vozidlo: Dodge Challenger 5.7 V8 - 370 HP. Modelová řada vyráběná od roku 2011. Úprava tohoto modelu se provádí přes diagnostickou zásuvku. Řídící jednotka motoru od společnosti Continental. Typ řídící jednotky GPEC2. Předpokládaná doba úpravy tohoto modelu je 1 - 2 hodiny.","numbers":["Výkon HP","368 HP","405 HP","Výkon kW","270 kW","297 kW","Točivý moment Nm","527 Nm","585 Nm","Maximální rychlost","","+ 7 KM/H","Spotřeba město","","-0,50 L / 100 KM","Kombinovaná spotřeba","","-0,40 L / 100 KM","Spotřeba mimo město","","-0,30 L / 100 KM"],"chartPower":"./chartPower/challenger_(_3rd)__1171422.png","chartTorque":"./chartTorque/challenger_(_3rd)__1171422.png"},{"id":"challenger_(_3rd)__1171426","fullName":"ChipTuning - Dodge Challenger 6.1 V8 SRT8 - 431 HP ","desc":"Zvýšení výkonu motoru (chiptuning) vozidla Dodge Challenger 6.1 V8 SRT8 - 431 HP je možné z původních 316 kW (430 HP) až na 369 kW (503 HP) a nárůst točivého momentu ze 568 Nm až na 680 Nm.,Maximální rychlost se po úpravě zvýší o + 16 KM/H a kombinovaná spotřeba se sníží v průměru o -1,20 L / 100 KM.","imgUrl":"./previews/challenger_(_3rd)__.png","fullDesc":"Níže naleznete parametry před a po úpravě Standard pro vozidlo: Dodge Challenger 6.1 V8 SRT8 - 431 HP. Modelová řada vyráběná od roku 2008. Úprava tohoto modelu se provádí přes diagnostickou zásuvku. Řídící jednotka motoru od společnosti Motorola. Typ řídící jednotky NGC5. Předpokládaná doba úpravy tohoto modelu je 1 - 2 hodiny.","numbers":["Výkon HP","430 HP","486 HP","Výkon kW","316 kW","357 kW","Točivý moment Nm","568 Nm","648 Nm","Maximální rychlost","","+ 12 KM/H","Spotřeba město","","-0,80 L / 100 KM","Kombinovaná spotřeba","","-0,70 L / 100 KM","Spotřeba mimo město","","-0,65 L / 100 KM"],"chartPower":"./chartPower/challenger_(_3rd)__1171426.png","chartTorque":"./chartTorque/challenger_(_3rd)__1171426.png"},{"id":"challenger_(_3rd)__1171429","fullName":"ChipTuning - Dodge Challenger 6.2 V8 SRT Hellcat - 716 HP ","desc":"Zvýšení výkonu motoru (chiptuning) vozidla Dodge Challenger 6.2 V8 SRT Hellcat - 716 HP je možné z původních 529 kW (718 HP) až na 563 kW (765 HP) a nárůst točivého momentu ze 883 Nm až na 1044 Nm.,Maximální rychlost se po úpravě zvýší o + 16 KM/H a kombinovaná spotřeba se sníží v průměru o -1,20 L / 100 KM.","imgUrl":"./previews/challenger_(_3rd)__.png","fullDesc":"Níže naleznete parametry před a po úpravě Standard pro vozidlo: Dodge Challenger 6.2 V8 SRT Hellcat - 716 HP. Modelová řada vyráběná od roku 2015. Úprava tohoto modelu se provádí přes diagnostickou zásuvku. Řídící jednotka motoru od společnosti Continental. Typ řídící jednotky GPEC2A. Předpokládaná doba úpravy tohoto modelu je 1 - 2 hodiny.","numbers":["Výkon HP","718 HP","754 HP","Výkon kW","529 kW","555 kW","Točivý moment Nm","883 Nm","998 Nm","Maximální rychlost","","+ 12 KM/H","Spotřeba město","","-0,80 L / 100 KM","Kombinovaná spotřeba","","-0,70 L / 100 KM","Spotřeba mimo město","","-0,65 L / 100 KM"],"chartPower":"./chartPower/challenger_(_3rd)__1171429.png","chartTorque":"./chartTorque/challenger_(_3rd)__1171429.png"},{"id":"challenger_(_3rd)__1171433","fullName":"ChipTuning - Dodge Challenger 6.4 V8 - 477 HP ","desc":"Zvýšení výkonu motoru (chiptuning) vozidla Dodge Challenger 6.4 V8 - 477 HP je možné z původních 346 kW (472 HP) až na 381 kW (520 HP) a nárůst točivého momentu ze 632 Nm až na 702 Nm.,Maximální rychlost se po úpravě zvýší o + 7 KM/H a kombinovaná spotřeba se sníží v průměru o -0,70 L / 100 KM.","imgUrl":"./previews/challenger_(_3rd)__.png","fullDesc":"Níže naleznete parametry před a po úpravě Standard pro vozidlo: Dodge Challenger 6.4 V8 - 477 HP. Modelová řada vyráběná od roku 2011. Úprava tohoto modelu se provádí přes diagnostickou zásuvku. Řídící jednotka motoru od společnosti Continental. Typ řídící jednotky GPEC2. Předpokládaná doba úpravy tohoto modelu je 1 - 2 hodiny.","numbers":["Výkon HP","472 HP","520 HP","Výkon kW","346 kW","381 kW","Točivý moment Nm","632 Nm","702 Nm","Maximální rychlost","","+ 7 KM/H","Spotřeba město","","-0,50 L / 100 KM","Kombinovaná spotřeba","","-0,40 L / 100 KM","Spotřeba mimo město","","-0,30 L / 100 KM"],"chartPower":"./chartPower/challenger_(_3rd)__1171433.png","chartTorque":"./chartTorque/challenger_(_3rd)__1171433.png"},{"id":"challenger_(_3rd)__1171437","fullName":"ChipTuning - Dodge Challenger 6.4 V8 SRT 392 - 492 HP ","desc":"Zvýšení výkonu motoru (chiptuning) vozidla Dodge Challenger 6.4 V8 SRT 392 - 492 HP je možné z původních 362 kW (492 HP) až na 398 kW (541 HP) a nárůst točivého momentu ze 644 Nm až na 715 Nm.,Maximální rychlost se po úpravě zvýší o + 7 KM/H a kombinovaná spotřeba se sníží v průměru o -0,70 L / 100 KM.","imgUrl":"./previews/challenger_(_3rd)__.png","fullDesc":"Níže naleznete parametry před a po úpravě Standard pro vozidlo: Dodge Challenger 6.4 V8 SRT 392 - 492 HP. Modelová řada vyráběná od roku 2015. Úprava tohoto modelu se provádí přes diagnostickou zásuvku. Řídící jednotka motoru od společnosti Continental. Typ řídící jednotky GPEC2A. Předpokládaná doba úpravy tohoto modelu je 1 - 2 hodiny.","numbers":["Výkon HP","492 HP","541 HP","Výkon kW","362 kW","398 kW","Točivý moment Nm","644 Nm","715 Nm","Maximální rychlost","","+ 7 KM/H","Spotřeba město","","-0,50 L / 100 KM","Kombinovaná spotřeba","","-0,40 L / 100 KM","Spotřeba mimo město","","-0,30 L / 100 KM"],"chartPower":"./chartPower/challenger_(_3rd)__1171437.png","chartTorque":"./chartTorque/challenger_(_3rd)__1171437.png"},{"id":"challenger_(_3rd)__1171438","fullName":"ChipTuning - Dodge Challenger 6.4 V8 SRT 392 - 494 HP ","desc":"Zvýšení výkonu motoru (chiptuning) vozidla Dodge Challenger 6.4 V8 SRT 392 - 494 HP je možné z původních 358 kW (489 HP) až na 394 kW (538 HP) a nárůst točivého momentu ze 639 Nm až na 710 Nm.,Maximální rychlost se po úpravě zvýší o + 7 KM/H a kombinovaná spotřeba se sníží v průměru o -0,70 L / 100 KM.","imgUrl":"./previews/challenger_(_3rd)__.png","fullDesc":"Níže naleznete parametry před a po úpravě Standard pro vozidlo: Dodge Challenger 6.4 V8 SRT 392 - 494 HP. Modelová řada vyráběná od roku 2016. Úprava tohoto modelu se provádí přes diagnostickou zásuvku. Řídící jednotka motoru od společnosti Continental. Typ řídící jednotky GPEC2A. Předpokládaná doba úpravy tohoto modelu je 1 - 2 hodiny.","numbers":["Výkon HP","489 HP","538 HP","Výkon kW","358 kW","394 kW","Točivý moment Nm","639 Nm","710 Nm","Maximální rychlost","","+ 7 KM/H","Spotřeba město","","-0,50 L / 100 KM","Kombinovaná spotřeba","","-0,40 L / 100 KM","Spotřeba mimo město","","-0,30 L / 100 KM"],"chartPower":"./chartPower/challenger_(_3rd)__1171438.png","chartTorque":"./chartTorque/challenger_(_3rd)__1171438.png"},{"id":"challenger_(_3rd)__1171439","fullName":"ChipTuning - Dodge Challenger 6.4 V8 SRT 392 - 495 HP ","desc":"Zvýšení výkonu motoru (chiptuning) vozidla Dodge Challenger 6.4 V8 SRT 392 - 495 HP je možné z původních 364 kW (495 HP) až na 400 kW (545 HP) a nárůst točivého momentu ze 644 Nm až na 715 Nm.,Maximální rychlost se po úpravě zvýší o + 7 KM/H a kombinovaná spotřeba se sníží v průměru o -0,70 L / 100 KM.","imgUrl":"./previews/challenger_(_3rd)__.png","fullDesc":"Níže naleznete parametry před a po úpravě Standard pro vozidlo: Dodge Challenger 6.4 V8 SRT 392 - 495 HP. Modelová řada vyráběná od roku 2017. Úprava tohoto modelu se provádí přes diagnostickou zásuvku. Řídící jednotka motoru od společnosti Continental. Typ řídící jednotky GPEC2A. Předpokládaná doba úpravy tohoto modelu je 1 - 2 hodiny.","numbers":["Výkon HP","495 HP","545 HP","Výkon kW","364 kW","400 kW","Točivý moment Nm","644 Nm","715 Nm","Maximální rychlost","","+ 7 KM/H","Spotřeba město","","-0,50 L / 100 KM","Kombinovaná spotřeba","","-0,40 L / 100 KM","Spotřeba mimo město","","-0,30 L / 100 KM"],"chartPower":"./chartPower/challenger_(_3rd)__1171439.png","chartTorque":"./chartTorque/challenger_(_3rd)__1171439.png"},{"id":"challenger_(_3rd)__1171440","fullName":"ChipTuning - Dodge Challenger 6.4 V8 SRT8 - 476 HP ","desc":"Zvýšení výkonu motoru (chiptuning) vozidla Dodge Challenger 6.4 V8 SRT8 - 476 HP je možné z původních 346 kW (472 HP) až na 406 kW (553 HP) a nárůst točivého momentu ze 633 Nm až na 758 Nm.,Maximální rychlost se po úpravě zvýší o + 16 KM/H a kombinovaná spotřeba se sníží v průměru o -1,20 L / 100 KM.","imgUrl":"./previews/challenger_(_3rd)__.png","fullDesc":"Níže naleznete parametry před a po úpravě Standard pro vozidlo: Dodge Challenger 6.4 V8 SRT8 - 476 HP. Modelová řada vyráběná od roku 2011. Úprava tohoto modelu se provádí přes diagnostickou zásuvku. Řídící jednotka motoru od společnosti Motorola. Typ řídící jednotky NGC5. Předpokládaná doba úpravy tohoto modelu je 1 - 2 hodiny.","numbers":["Výkon HP","472 HP","534 HP","Výkon kW","346 kW","392 kW","Točivý moment Nm","633 Nm","722 Nm","Maximální rychlost","","+ 12 KM/H","Spotřeba město","","-0,80 L / 100 KM","Kombinovaná spotřeba","","-0,70 L / 100 KM","Spotřeba mimo město","","-0,65 L / 100 KM"],"chartPower":"./chartPower/challenger_(_3rd)__1171440.png","chartTorque":"./chartTorque/challenger_(_3rd)__1171440.png"},{"id":"charger___1171444","fullName":"ChipTuning - Dodge Charger 3.6 V6 - 296 HP ","desc":"Zvýšení výkonu motoru (chiptuning) vozidla Dodge Charger 3.6 V6 - 296 HP je možné z původních 215 kW (293 HP) až na 237 kW (323 HP) a nárůst točivého momentu ze 350 Nm až na 392 Nm.,Maximální rychlost se po úpravě zvýší o + 7 KM/H a kombinovaná spotřeba se sníží v průměru o -0,70 L / 100 KM.","imgUrl":"./previews/charger___.png","fullDesc":"Níže naleznete parametry před a po úpravě Standard pro vozidlo: Dodge Charger 3.6 V6 - 296 HP. Modelová řada vyráběná od roku 2011. Úprava tohoto modelu se provádí přes diagnostickou zásuvku. Řídící jednotka motoru od společnosti Continental. Typ řídící jednotky GPEC2 nebo GPEC2A. Předpokládaná doba úpravy tohoto modelu je 1 - 2 hodiny.","numbers":["Výkon HP","293 HP","323 HP","Výkon kW","215 kW","237 kW","Točivý moment Nm","350 Nm","392 Nm","Maximální rychlost","","+ 7 KM/H","Spotřeba město","","-0,50 L / 100 KM","Kombinovaná spotřeba","","-0,40 L / 100 KM","Spotřeba mimo město","","-0,30 L / 100 KM"],"chartPower":"./chartPower/charger___1171444.png","chartTorque":"./chartTorque/charger___1171444.png"},{"id":"charger___1171451","fullName":"ChipTuning - Dodge Charger 5.7 V8 - 369 HP ","desc":"Zvýšení výkonu motoru (chiptuning) vozidla Dodge Charger 5.7 V8 - 369 HP je možné z původních 267 kW (365 HP) až na 294 kW (402 HP) a nárůst točivého momentu ze 531 Nm až na 590 Nm.,Maximální rychlost se po úpravě zvýší o + 7 KM/H a kombinovaná spotřeba se sníží v průměru o -0,70 L / 100 KM.","imgUrl":"./previews/charger___.png","fullDesc":"Níže naleznete parametry před a po úpravě Standard pro vozidlo: Dodge Charger 5.7 V8 - 369 HP. Modelová řada vyráběná od roku 2011. Úprava tohoto modelu se provádí přes diagnostickou zásuvku. Řídící jednotka motoru od společnosti Continental. Typ řídící jednotky GPEC2. Předpokládaná doba úpravy tohoto modelu je 1 - 2 hodiny.","numbers":["Výkon HP","365 HP","402 HP","Výkon kW","267 kW","294 kW","Točivý moment Nm","531 Nm","590 Nm","Maximální rychlost","","+ 7 KM/H","Spotřeba město","","-0,50 L / 100 KM","Kombinovaná spotřeba","","-0,40 L / 100 KM","Spotřeba mimo město","","-0,30 L / 100 KM"],"chartPower":"./chartPower/charger___1171451.png","chartTorque":"./chartTorque/charger___1171451.png"},{"id":"charger___1171455","fullName":"ChipTuning - Dodge Charger 6.4 V8 - 477 HP ","desc":"Zvýšení výkonu motoru (chiptuning) vozidla Dodge Charger 6.4 V8 - 477 HP je možné z původních 354 kW (480 HP) až na 389 kW (528 HP) a nárůst točivého momentu ze 640 Nm až na 710 Nm.,Maximální rychlost se po úpravě zvýší o + 7 KM/H a kombinovaná spotřeba se sníží v průměru o -0,70 L / 100 KM.","imgUrl":"./previews/charger___.png","fullDesc":"Níže naleznete parametry před a po úpravě Standard pro vozidlo: Dodge Charger 6.4 V8 - 477 HP. Modelová řada vyráběná od roku 2011. Úprava tohoto modelu se provádí přes diagnostickou zásuvku. Řídící jednotka motoru od společnosti Continental. Typ řídící jednotky GPEC2. Předpokládaná doba úpravy tohoto modelu je 1 - 2 hodiny.","numbers":["Výkon HP","480 HP","528 HP","Výkon kW","354 kW","389 kW","Točivý moment Nm","640 Nm","710 Nm","Maximální rychlost","","+ 7 KM/H","Spotřeba město","","-0,50 L / 100 KM","Kombinovaná spotřeba","","-0,40 L / 100 KM","Spotřeba mimo město","","-0,30 L / 100 KM"],"chartPower":"./chartPower/charger___1171455.png","chartTorque":"./chartTorque/charger___1171455.png"},{"id":"dart___1171475","fullName":"ChipTuning - Dodge Dart 1.4 16v MultiAir Turbo - 163 HP ","desc":"Zvýšení výkonu motoru (chiptuning) vozidla Dodge Dart 1.4 16v MultiAir Turbo - 163 HP je možné z původních 121 kW (164 HP) až na 159 kW (215 HP) a nárůst točivého momentu až na 314 Nm.,Maximální rychlost se po úpravě zvýší o + 7 KM/H a kombinovaná spotřeba se sníží v průměru o -0,60 L / 100 KM.","imgUrl":"./previews/dart___.png","fullDesc":"Níže naleznete parametry před a po úpravě Standard pro vozidlo: Dodge Dart 1.4 16v MultiAir Turbo - 163 HP. Modelová řada vyráběná od roku 2013. Úprava tohoto modelu se provádí připojením na konektory řídící jednotky bez rozebírání jednotky. Řídící jednotka motoru od společnosti Magneti Marelli. Typ řídící jednotky 8GMF. Předpokládaná doba úpravy tohoto modelu je 1.5 - 2.5 hodiny.","numbers":["Výkon HP","164 HP","203 HP","Výkon kW","121 kW","150 kW","Točivý moment Nm","-","+60 Nm","Maximální rychlost","","+ 4 KM/H","Spotřeba město","","-0,40 L / 100 KM","Kombinovaná spotřeba","","-0,35 L / 100 KM","Spotřeba mimo město","","-0,30 L / 100 KM"],"chartPower":"./chartPower/dart___1171475.png","chartTorque":""},{"id":"dart___1171478","fullName":"ChipTuning - Dodge Dart 1.4 16v MultiAir Turbo - 163 HP ","desc":"Zvýšení výkonu motoru (chiptuning) vozidla Dodge Dart 1.4 16v MultiAir Turbo - 163 HP je možné z původních 124 kW (167 HP) až na 162 kW (218 HP) a nárůst točivého momentu ze 254 Nm až na 345 Nm.,Maximální rychlost se po úpravě zvýší o + 7 KM/H a kombinovaná spotřeba se sníží v průměru o -0,60 L / 100 KM.","imgUrl":"./previews/dart___.png","fullDesc":"Níže naleznete parametry před a po úpravě Standard pro vozidlo: Dodge Dart 1.4 16v MultiAir Turbo - 163 HP. Modelová řada vyráběná od roku 2013. Úprava tohoto modelu se provádí připojením na konektory řídící jednotky bez rozebírání jednotky. Řídící jednotka motoru od společnosti Magneti Marelli. Typ řídící jednotky 8GMW. Předpokládaná doba úpravy tohoto modelu je 1.5 - 2.5 hodiny.","numbers":["Výkon HP","167 HP","206 HP","Výkon kW","124 kW","153 kW","Točivý moment Nm","254 Nm","319 Nm","Maximální rychlost","","+ 4 KM/H","Spotřeba město","","-0,40 L / 100 KM","Kombinovaná spotřeba","","-0,35 L / 100 KM","Spotřeba mimo město","","-0,30 L / 100 KM"],"chartPower":"./chartPower/dart___1171478.png","chartTorque":"./chartTorque/dart___1171478.png"},{"id":"dart___1171488","fullName":"ChipTuning - Dodge Dart 2.4 16v - 186 HP ","desc":"Zvýšení výkonu motoru (chiptuning) vozidla Dodge Dart 2.4 16v - 186 HP je možné z původních 134 kW (183 HP) až na 148 kW (203 HP) a nárůst točivého momentu ze 236 Nm až na 265 Nm.,Maximální rychlost se po úpravě zvýší o + 3 KM/H a kombinovaná spotřeba se sníží v průměru o -0,60 L / 100 KM.","imgUrl":"./previews/dart___.png","fullDesc":"Níže naleznete parametry před a po úpravě Standard pro vozidlo: Dodge Dart 2.4 16v - 186 HP. Modelová řada vyráběná od roku 2013. Úprava tohoto modelu se provádí přes diagnostickou zásuvku. Řídící jednotka motoru od společnosti Continental. Typ řídící jednotky GPEC2. Předpokládaná doba úpravy tohoto modelu je 1 - 2 hodiny.","numbers":["Výkon HP","183 HP","203 HP","Výkon kW","134 kW","148 kW","Točivý moment Nm","236 Nm","265 Nm","Maximální rychlost","","+ 3 KM/H","Spotřeba město","","-0,40 L / 100 KM","Kombinovaná spotřeba","","-0,30 L / 100 KM","Spotřeba mimo město","","-0,20 L / 100 KM"],"chartPower":"./chartPower/dart___1171488.png","chartTorque":"./chartTorque/dart___1171488.png"},{"id":"dart__pf_1171459","fullName":"ChipTuning - Dodge Dart 2.0L 16v Multiair II - 162 HP ","desc":"Zvýšení výkonu motoru (chiptuning) vozidla Dodge Dart 2.0L 16v Multiair II - 162 HP je možné z původních 122 kW (165 HP) až na 134 kW (183 HP) a nárůst točivého momentu ze 204 Nm až na 228 Nm.,Maximální rychlost se po úpravě zvýší o + 2 KM/H a kombinovaná spotřeba se sníží v průměru o -0,50 L / 100 KM.","imgUrl":"./previews/dart__pf_.png","fullDesc":"Níže naleznete parametry před a po úpravě Standard pro vozidlo: Dodge Dart 2.0L 16v Multiair II - 162 HP. Modelová řada PF, vyráběná od roku 2012. Úprava tohoto modelu se provádí přes diagnostickou zásuvku. Řídící jednotka motoru od společnosti Continental. Typ řídící jednotky GPEC3. Předpokládaná doba úpravy tohoto modelu je 1 - 2 hodiny.","numbers":["Výkon HP","165 HP","183 HP","Výkon kW","122 kW","134 kW","Točivý moment Nm","204 Nm","228 Nm","Maximální rychlost","","+ 2 KM/H","Spotřeba město","","-0,30 L / 100 KM","Kombinovaná spotřeba","","-0,25 L / 100 KM","Spotřeba mimo město","","-0,20 L / 100 KM"],"chartPower":"./chartPower/dart__pf_1171459.png","chartTorque":"./chartTorque/dart__pf_1171459.png"},{"id":"dart__pf_1171467","fullName":"ChipTuning - Dodge Dart 2.4L 16v Multiair II - 186 HP ","desc":"Zvýšení výkonu motoru (chiptuning) vozidla Dodge Dart 2.4L 16v Multiair II - 186 HP je možné z původních 133 kW (182 HP) až na 147 kW (202 HP) a nárůst točivého momentu ze 228 Nm až na 256 Nm.,Maximální rychlost se po úpravě zvýší o + 3 KM/H a kombinovaná spotřeba se sníží v průměru o -0,60 L / 100 KM.","imgUrl":"./previews/dart__pf_.png","fullDesc":"Níže naleznete parametry před a po úpravě Standard pro vozidlo: Dodge Dart 2.4L 16v Multiair II - 186 HP. Modelová řada PF, vyráběná od roku 2012. Úprava tohoto modelu se provádí přes diagnostickou zásuvku. Řídící jednotka motoru od společnosti Continental. Typ řídící jednotky GPEC3. Předpokládaná doba úpravy tohoto modelu je 1 - 2 hodiny.","numbers":["Výkon HP","182 HP","202 HP","Výkon kW","133 kW","147 kW","Točivý moment Nm","228 Nm","256 Nm","Maximální rychlost","","+ 3 KM/H","Spotřeba město","","-0,40 L / 100 KM","Kombinovaná spotřeba","","-0,30 L / 100 KM","Spotřeba mimo město","","-0,20 L / 100 KM"],"chartPower":"./chartPower/dart__pf_1171467.png","chartTorque":"./chartTorque/dart__pf_1171467.png"},{"id":"grand_caravan___1171490","fullName":"ChipTuning - Dodge Grand Caravan 3.6 V6 - 294 HP ","desc":"Zvýšení výkonu motoru (chiptuning) vozidla Dodge Grand Caravan 3.6 V6 - 294 HP je možné z původních 218 kW (296 HP) až na 240 kW (325 HP) a nárůst točivého momentu ze 355 Nm až na 397 Nm.,Maximální rychlost se po úpravě zvýší o + 7 KM/H a kombinovaná spotřeba se sníží v průměru o -0,70 L / 100 KM.","imgUrl":"./previews/grand_caravan___.png","fullDesc":"Níže naleznete parametry před a po úpravě Standard pro vozidlo: Dodge Grand Caravan 3.6 V6 - 294 HP. Modelová řada vyráběná od roku 2015. Úprava tohoto modelu se provádí přes diagnostickou zásuvku. Řídící jednotka motoru od společnosti Continental. Typ řídící jednotky GPEC2A. Předpokládaná doba úpravy tohoto modelu je 1 - 2 hodiny.","numbers":["Výkon HP","296 HP","325 HP","Výkon kW","218 kW","240 kW","Točivý moment Nm","355 Nm","397 Nm","Maximální rychlost","","+ 7 KM/H","Spotřeba město","","-0,50 L / 100 KM","Kombinovaná spotřeba","","-0,40 L / 100 KM","Spotřeba mimo město","","-0,30 L / 100 KM"],"chartPower":"./chartPower/grand_caravan___1171490.png","chartTorque":"./chartTorque/grand_caravan___1171490.png"},{"id":"journey___1171493","fullName":"ChipTuning - Dodge Journey 2.0 16v CRD - 140 HP ","desc":"Zvýšení výkonu motoru (chiptuning) vozidla Dodge Journey 2.0 16v CRD - 140 HP je možné z původních 108 kW (145 HP) až na 141 kW (189 HP) a nárůst točivého momentu ze 315 Nm až na 441 Nm.,Maximální rychlost se po úpravě zvýší o + 9 KM/H a kombinovaná spotřeba se sníží v průměru o -0,70 L / 100 KM.","imgUrl":"./previews/journey___.png","fullDesc":"Níže naleznete parametry před a po úpravě Standard pro vozidlo: Dodge Journey 2.0 16v CRD - 140 HP. Modelová řada vyráběná od roku 2006. Úprava tohoto modelu se provádí přes diagnostickou zásuvku. Řídící jednotka motoru od společnosti Bosch. Typ řídící jednotky EDC16U31. Předpokládaná doba úpravy tohoto modelu je 1 - 2 hodiny.","numbers":["Výkon HP","145 HP","179 HP","Výkon kW","108 kW","133 kW","Točivý moment Nm","315 Nm","405 Nm","Maximální rychlost","","+ 6 KM/H","Spotřeba město","","-0,50 L / 100 KM","Kombinovaná spotřeba","","-0,40 L / 100 KM","Spotřeba mimo město","","-0,30 L / 100 KM"],"chartPower":"./chartPower/journey___1171493.png","chartTorque":"./chartTorque/journey___1171493.png"},{"id":"magnum___1171499","fullName":"ChipTuning - Dodge Magnum 3.6 V6 - 280 HP ","desc":"Zvýšení výkonu motoru (chiptuning) vozidla Dodge Magnum 3.6 V6 - 280 HP je možné z původních 204 kW (278 HP) až na 225 kW (306 HP) a nárůst točivého momentu ze 340 Nm až na 381 Nm.,Maximální rychlost se po úpravě zvýší o + 7 KM/H a kombinovaná spotřeba se sníží v průměru o -0,70 L / 100 KM.","imgUrl":"./previews/magnum___.png","fullDesc":"Níže naleznete parametry před a po úpravě Standard pro vozidlo: Dodge Magnum 3.6 V6 - 280 HP. Modelová řada vyráběná od roku 2011. Úprava tohoto modelu se provádí přes diagnostickou zásuvku. Řídící jednotka motoru od společnosti Continental. Typ řídící jednotky GPEC2. Předpokládaná doba úpravy tohoto modelu je 1 - 2 hodiny.","numbers":["Výkon HP","278 HP","306 HP","Výkon kW","204 kW","225 kW","Točivý moment Nm","340 Nm","381 Nm","Maximální rychlost","","+ 7 KM/H","Spotřeba město","","-0,50 L / 100 KM","Kombinovaná spotřeba","","-0,40 L / 100 KM","Spotřeba mimo město","","-0,30 L / 100 KM"],"chartPower":"./chartPower/magnum___1171499.png","chartTorque":"./chartTorque/magnum___1171499.png"},{"id":"magnum___1171503","fullName":"ChipTuning - Dodge Magnum 3.6 V6 - 309 HP ","desc":"Zvýšení výkonu motoru (chiptuning) vozidla Dodge Magnum 3.6 V6 - 309 HP je možné z původních 224 kW (306 HP) až na 247 kW (337 HP) a nárůst točivého momentu ze 362 Nm až na 406 Nm.,Maximální rychlost se po úpravě zvýší o + 7 KM/H a kombinovaná spotřeba se sníží v průměru o -0,70 L / 100 KM.","imgUrl":"./previews/magnum___.png","fullDesc":"Níže naleznete parametry před a po úpravě Standard pro vozidlo: Dodge Magnum 3.6 V6 - 309 HP. Modelová řada vyráběná od roku 2015. Úprava tohoto modelu se provádí přes diagnostickou zásuvku. Řídící jednotka motoru od společnosti Continental. Typ řídící jednotky GPEC2A. Předpokládaná doba úpravy tohoto modelu je 1 - 2 hodiny.","numbers":["Výkon HP","306 HP","337 HP","Výkon kW","224 kW","247 kW","Točivý moment Nm","362 Nm","406 Nm","Maximální rychlost","","+ 7 KM/H","Spotřeba město","","-0,50 L / 100 KM","Kombinovaná spotřeba","","-0,40 L / 100 KM","Spotřeba mimo město","","-0,30 L / 100 KM"],"chartPower":"./chartPower/magnum___1171503.png","chartTorque":"./chartTorque/magnum___1171503.png"},{"id":"magnum___1171506","fullName":"ChipTuning - Dodge Magnum 5.7 V8 - 369 HP ","desc":"Zvýšení výkonu motoru (chiptuning) vozidla Dodge Magnum 5.7 V8 - 369 HP je možné z původních 276 kW (374 HP) až na 303 kW (411 HP) a nárůst točivého momentu ze 532 Nm až na 590 Nm.,Maximální rychlost se po úpravě zvýší o + 7 KM/H a kombinovaná spotřeba se sníží v průměru o -0,70 L / 100 KM.","imgUrl":"./previews/magnum___.png","fullDesc":"Níže naleznete parametry před a po úpravě Standard pro vozidlo: Dodge Magnum 5.7 V8 - 369 HP. Modelová řada vyráběná od roku 2011. Úprava tohoto modelu se provádí přes diagnostickou zásuvku. Řídící jednotka motoru od společnosti Continental. Typ řídící jednotky GPEC2. Předpokládaná doba úpravy tohoto modelu je 1 - 2 hodiny.","numbers":["Výkon HP","374 HP","411 HP","Výkon kW","276 kW","303 kW","Točivý moment Nm","532 Nm","590 Nm","Maximální rychlost","","+ 7 KM/H","Spotřeba město","","-0,50 L / 100 KM","Kombinovaná spotřeba","","-0,40 L / 100 KM","Spotřeba mimo město","","-0,30 L / 100 KM"],"chartPower":"./chartPower/magnum___1171506.png","chartTorque":"./chartTorque/magnum___1171506.png"},{"id":"magnum___1171510","fullName":"ChipTuning - Dodge Magnum 6.4 V8 - 477 HP ","desc":"Zvýšení výkonu motoru (chiptuning) vozidla Dodge Magnum 6.4 V8 - 477 HP je možné z původních 353 kW (479 HP) až na 388 kW (527 HP) a nárůst točivého momentu ze 639 Nm až na 709 Nm.,Maximální rychlost se po úpravě zvýší o + 7 KM/H a kombinovaná spotřeba se sníží v průměru o -0,70 L / 100 KM.","imgUrl":"./previews/magnum___.png","fullDesc":"Níže naleznete parametry před a po úpravě Standard pro vozidlo: Dodge Magnum 6.4 V8 - 477 HP. Modelová řada vyráběná od roku 2011. Úprava tohoto modelu se provádí přes diagnostickou zásuvku. Řídící jednotka motoru od společnosti Continental. Typ řídící jednotky GPEC2. Předpokládaná doba úpravy tohoto modelu je 1 - 2 hodiny.","numbers":["Výkon HP","479 HP","527 HP","Výkon kW","353 kW","388 kW","Točivý moment Nm","639 Nm","709 Nm","Maximální rychlost","","+ 7 KM/H","Spotřeba město","","-0,50 L / 100 KM","Kombinovaná spotřeba","","-0,40 L / 100 KM","Spotřeba mimo město","","-0,30 L / 100 KM"],"chartPower":"./chartPower/magnum___1171510.png","chartTorque":"./chartTorque/magnum___1171510.png"},{"id":"neon___1171514","fullName":"ChipTuning - Dodge Neon 2.4 16v Turbo SRT-4 - 208 HP ","desc":"Zvýšení výkonu motoru (chiptuning) vozidla Dodge Neon 2.4 16v Turbo SRT-4 - 208 HP je možné z původních 152 kW (207 HP) až na 194 kW (264 HP) a nárůst točivého momentu až na 406 Nm.,Maximální rychlost se po úpravě zvýší o + 5 KM/H a kombinovaná spotřeba se sníží v průměru o -0,50 L / 100 KM.","imgUrl":"./previews/neon___.png","fullDesc":"Níže naleznete parametry před a po úpravě Standard pro vozidlo: Dodge Neon 2.4 16v Turbo SRT-4 - 208 HP. Modelová řada vyráběná od roku 2003. Řídící jednotka motoru od společnosti Siemens. Typ řídící jednotky SIM90T. Předpokládaná doba úpravy tohoto modelu je 2 - 4 hodiny.","numbers":["Výkon HP","207 HP","251 HP","Výkon kW","152 kW","184 kW","Točivý moment Nm","-","+82 Nm","Maximální rychlost","","+ 3 KM/H","Spotřeba město","","-0,30 L / 100 KM","Kombinovaná spotřeba","","-0,25 L / 100 KM","Spotřeba mimo město","","-0,20 L / 100 KM"],"chartPower":"./chartPower/neon___1171514.png","chartTorque":""},{"id":"nitro___1171515","fullName":"ChipTuning - Dodge Nitro 2.8 CRD - 177 HP ","desc":"Zvýšení výkonu motoru (chiptuning) vozidla Dodge Nitro 2.8 CRD - 177 HP je možné z původních 130 kW (177 HP) až na 165 kW (225 HP) a nárůst točivého momentu až na 540 Nm.,Maximální rychlost se po úpravě zvýší o + 5 KM/H a kombinovaná spotřeba se sníží v průměru o -0,50 L / 100 KM.","imgUrl":"./previews/nitro___.png","fullDesc":"Níže naleznete parametry před a po úpravě Standard pro vozidlo: Dodge Nitro 2.8 CRD - 177 HP. Modelová řada vyráběná od roku 2006. Úprava tohoto modelu se provádí přes diagnostickou zásuvku. Řídící jednotka motoru od společnosti Bosch. Typ řídící jednotky EDC16CP31. Předpokládaná doba úpravy tohoto modelu je 1 - 2 hodiny.","numbers":["Výkon HP","177 HP","214 HP","Výkon kW","130 kW","157 kW","Točivý moment Nm","-","+84 Nm","Maximální rychlost","","+ 3 KM/H","Spotřeba město","","-0,30 L / 100 KM","Kombinovaná spotřeba","","-0,25 L / 100 KM","Spotřeba mimo město","","-0,20 L / 100 KM"],"chartPower":"./chartPower/nitro___1171515.png","chartTorque":""},{"id":"ram_1500_( 3rd)__1171516","fullName":"ChipTuning - Dodge RAM 1500 3.7 V6 - 218 HP ","desc":"Zvýšení výkonu motoru (chiptuning) vozidla Dodge RAM 1500 3.7 V6 - 218 HP je možné z původních 163 kW (221 HP) až na 179 kW (245 HP) a nárůst točivého momentu ze 322 Nm až na 360 Nm.,Maximální rychlost se po úpravě zvýší o + 7 KM/H a kombinovaná spotřeba se sníží v průměru o -0,70 L / 100 KM.","imgUrl":"./previews/ram_1500_( 3rd)__.png","fullDesc":"Níže naleznete parametry před a po úpravě Standard pro vozidlo: Dodge RAM 1500 3.7 V6 - 218 HP. Modelová řada vyráběná od roku 2004. Řídící jednotka motoru od společnosti Motorola. Typ řídící jednotky NGC3 nebo NGC4. Předpokládaná doba úpravy tohoto modelu je 2 - 4 hodiny.","numbers":["Výkon HP","221 HP","245 HP","Výkon kW","163 kW","179 kW","Točivý moment Nm","322 Nm","360 Nm","Maximální rychlost","","+ 7 KM/H","Spotřeba město","","-0,50 L / 100 KM","Kombinovaná spotřeba","","-0,40 L / 100 KM","Spotřeba mimo město","","-0,30 L / 100 KM"],"chartPower":"./chartPower/ram_1500_( 3rd)__1171516.png","chartTorque":"./chartTorque/ram_1500_( 3rd)__1171516.png"},{"id":"ram_1500_( 3rd)__1171521","fullName":"ChipTuning - Dodge RAM 1500 5.7 V8 - 350 HP ","desc":"Zvýšení výkonu motoru (chiptuning) vozidla Dodge RAM 1500 5.7 V8 - 350 HP je možné z původních 253 kW (346 HP) až na 279 kW (381 HP) a nárůst točivého momentu ze 504 Nm až na 560 Nm.,Maximální rychlost se po úpravě zvýší o + 7 KM/H a kombinovaná spotřeba se sníží v průměru o -0,70 L / 100 KM.","imgUrl":"./previews/ram_1500_( 3rd)__.png","fullDesc":"Níže naleznete parametry před a po úpravě Standard pro vozidlo: Dodge RAM 1500 5.7 V8 - 350 HP. Modelová řada vyráběná od roku 2003. Řídící jednotka motoru od společnosti Motorola. Typ řídící jednotky NGC5. Předpokládaná doba úpravy tohoto modelu je 2 - 4 hodiny.","numbers":["Výkon HP","346 HP","381 HP","Výkon kW","253 kW","279 kW","Točivý moment Nm","504 Nm","560 Nm","Maximální rychlost","","+ 7 KM/H","Spotřeba město","","-0,50 L / 100 KM","Kombinovaná spotřeba","","-0,40 L / 100 KM","Spotřeba mimo město","","-0,30 L / 100 KM"],"chartPower":"./chartPower/ram_1500_( 3rd)__1171521.png","chartTorque":"./chartTorque/ram_1500_( 3rd)__1171521.png"},{"id":"ram_1500_( 4th)__1171527","fullName":"ChipTuning - Dodge RAM 1500 3.0 V6 EcoDiesel Automat - 243 HP ","desc":"Zvýšení výkonu motoru (chiptuning) vozidla Dodge RAM 1500 3.0 V6 EcoDiesel Automat - 243 HP je možné z původních 181 kW (245 HP) až na 228 kW (307 HP) a nárůst točivého momentu ze 572 Nm až na 657 Nm.,Maximální rychlost se po úpravě zvýší o + 13 KM/H a kombinovaná spotřeba se sníží v průměru o -1,00 L / 100 KM.","imgUrl":"./previews/ram_1500_( 4th)__.png","fullDesc":"Níže naleznete parametry před a po úpravě Standard pro vozidlo: Dodge RAM 1500 3.0 V6 EcoDiesel Automat - 243 HP. Modelová řada vyráběná od roku 2014. Úprava tohoto modelu se provádí přes diagnostickou zásuvku. Řídící jednotka motoru od společnosti Bosch. Typ řídící jednotky EDC17C79. Tato úprava je přizpůsobena pro automatickou převodovku. Předpokládaná doba úpravy tohoto modelu je 1 - 2 hodiny.","numbers":["Výkon HP","245 HP","293 HP","Výkon kW","181 kW","217 kW","Točivý moment Nm","572 Nm","633 Nm","Maximální rychlost","","+ 10 KM/H","Spotřeba město","","-0,70 L / 100 KM","Kombinovaná spotřeba","","-0,60 L / 100 KM","Spotřeba mimo město","","-0,50 L / 100 KM"],"chartPower":"./chartPower/ram_1500_( 4th)__1171527.png","chartTorque":"./chartTorque/ram_1500_( 4th)__1171527.png"},{"id":"ram_1500_( 4th)__1171541","fullName":"ChipTuning - Dodge RAM 1500 3.6 V6 - 280 HP ","desc":"Zvýšení výkonu motoru (chiptuning) vozidla Dodge RAM 1500 3.6 V6 - 280 HP je možné z původních 201 kW (275 HP) až na 222 kW (303 HP) a nárůst točivého momentu ze 337 Nm až na 378 Nm.,Maximální rychlost se po úpravě zvýší o + 7 KM/H a kombinovaná spotřeba se sníží v průměru o -0,70 L / 100 KM.","imgUrl":"./previews/ram_1500_( 4th)__.png","fullDesc":"Níže naleznete parametry před a po úpravě Standard pro vozidlo: Dodge RAM 1500 3.6 V6 - 280 HP. Modelová řada vyráběná od roku 2013. Úprava tohoto modelu se provádí přes diagnostickou zásuvku. Řídící jednotka motoru od společnosti Continental. Typ řídící jednotky GPEC2. Předpokládaná doba úpravy tohoto modelu je 1 - 2 hodiny.","numbers":["Výkon HP","275 HP","303 HP","Výkon kW","201 kW","222 kW","Točivý moment Nm","337 Nm","378 Nm","Maximální rychlost","","+ 7 KM/H","Spotřeba město","","-0,50 L / 100 KM","Kombinovaná spotřeba","","-0,40 L / 100 KM","Spotřeba mimo město","","-0,30 L / 100 KM"],"chartPower":"./chartPower/ram_1500_( 4th)__1171541.png","chartTorque":"./chartTorque/ram_1500_( 4th)__1171541.png"},{"id":"ram_1500_( 4th)__1171543","fullName":"ChipTuning - Dodge RAM 1500 3.6 V6 - 309 HP ","desc":"Zvýšení výkonu motoru (chiptuning) vozidla Dodge RAM 1500 3.6 V6 - 309 HP je možné z původních 231 kW (313 HP) až na 254 kW (344 HP) a nárůst točivého momentu ze 369 Nm až na 413 Nm.,Maximální rychlost se po úpravě zvýší o + 7 KM/H a kombinovaná spotřeba se sníží v průměru o -0,70 L / 100 KM.","imgUrl":"./previews/ram_1500_( 4th)__.png","fullDesc":"Níže naleznete parametry před a po úpravě Standard pro vozidlo: Dodge RAM 1500 3.6 V6 - 309 HP. Modelová řada vyráběná od roku 2015. Úprava tohoto modelu se provádí přes diagnostickou zásuvku. Řídící jednotka motoru od společnosti Continental. Typ řídící jednotky GPEC2A. Předpokládaná doba úpravy tohoto modelu je 1 - 2 hodiny.","numbers":["Výkon HP","313 HP","344 HP","Výkon kW","231 kW","254 kW","Točivý moment Nm","369 Nm","413 Nm","Maximální rychlost","","+ 7 KM/H","Spotřeba město","","-0,50 L / 100 KM","Kombinovaná spotřeba","","-0,40 L / 100 KM","Spotřeba mimo město","","-0,30 L / 100 KM"],"chartPower":"./chartPower/ram_1500_( 4th)__1171543.png","chartTorque":"./chartTorque/ram_1500_( 4th)__1171543.png"},{"id":"ram_1500_( 4th)__1171546","fullName":"ChipTuning - Dodge RAM 1500 3.7 V6 - 218 HP ","desc":"Zvýšení výkonu motoru (chiptuning) vozidla Dodge RAM 1500 3.7 V6 - 218 HP je možné z původních 164 kW (222 HP) až na 180 kW (246 HP) a nárůst točivého momentu ze 323 Nm až na 361 Nm.,Maximální rychlost se po úpravě zvýší o + 7 KM/H a kombinovaná spotřeba se sníží v průměru o -0,70 L / 100 KM.","imgUrl":"./previews/ram_1500_( 4th)__.png","fullDesc":"Níže naleznete parametry před a po úpravě Standard pro vozidlo: Dodge RAM 1500 3.7 V6 - 218 HP. Modelová řada vyráběná od roku 2009. Úprava tohoto modelu se provádí přes diagnostickou zásuvku. Řídící jednotka motoru od společnosti Motorola. Typ řídící jednotky NGC4. Předpokládaná doba úpravy tohoto modelu je 1 - 2 hodiny.","numbers":["Výkon HP","222 HP","246 HP","Výkon kW","164 kW","180 kW","Točivý moment Nm","323 Nm","361 Nm","Maximální rychlost","","+ 7 KM/H","Spotřeba město","","-0,50 L / 100 KM","Kombinovaná spotřeba","","-0,40 L / 100 KM","Spotřeba mimo město","","-0,30 L / 100 KM"],"chartPower":"./chartPower/ram_1500_( 4th)__1171546.png","chartTorque":"./chartTorque/ram_1500_( 4th)__1171546.png"},{"id":"ram_1500_( 4th)__1171547","fullName":"ChipTuning - Dodge RAM 1500 5.7 V8 - 401 HP ","desc":"Zvýšení výkonu motoru (chiptuning) vozidla Dodge RAM 1500 5.7 V8 - 401 HP je možné z původních 300 kW (406 HP) až na 330 kW (446 HP) a nárůst točivého momentu ze 565 Nm až na 627 Nm.,Maximální rychlost se po úpravě zvýší o + 7 KM/H a kombinovaná spotřeba se sníží v průměru o -0,70 L / 100 KM.","imgUrl":"./previews/ram_1500_( 4th)__.png","fullDesc":"Níže naleznete parametry před a po úpravě Standard pro vozidlo: Dodge RAM 1500 5.7 V8 - 401 HP. Modelová řada vyráběná od roku 2015. Úprava tohoto modelu se provádí přes diagnostickou zásuvku. Řídící jednotka motoru od společnosti Continental. Typ řídící jednotky GPEC2A. Předpokládaná doba úpravy tohoto modelu je 1 - 2 hodiny.","numbers":["Výkon HP","406 HP","446 HP","Výkon kW","300 kW","330 kW","Točivý moment Nm","565 Nm","627 Nm","Maximální rychlost","","+ 7 KM/H","Spotřeba město","","-0,50 L / 100 KM","Kombinovaná spotřeba","","-0,40 L / 100 KM","Spotřeba mimo město","","-0,30 L / 100 KM"],"chartPower":"./chartPower/ram_1500_( 4th)__1171547.png","chartTorque":"./chartTorque/ram_1500_( 4th)__1171547.png"},{"id":"ram_2500_( 3rd)__1171573","fullName":"ChipTuning - Dodge RAM 2500 5.7 V8 - 350 HP ","desc":"Zvýšení výkonu motoru (chiptuning) vozidla Dodge RAM 2500 5.7 V8 - 350 HP je možné z původních 260 kW (353 HP) až na 286 kW (388 HP) a nárůst točivého momentu ze 511 Nm až na 567 Nm.,Maximální rychlost se po úpravě zvýší o + 7 KM/H a kombinovaná spotřeba se sníží v průměru o -0,70 L / 100 KM.","imgUrl":"./previews/ram_2500_( 3rd)__.png","fullDesc":"Níže naleznete parametry před a po úpravě Standard pro vozidlo: Dodge RAM 2500 5.7 V8 - 350 HP. Modelová řada vyráběná od roku 2003. Řídící jednotka motoru od společnosti Motorola. Typ řídící jednotky NGC5. Předpokládaná doba úpravy tohoto modelu je 2 - 4 hodiny.","numbers":["Výkon HP","353 HP","388 HP","Výkon kW","260 kW","286 kW","Točivý moment Nm","511 Nm","567 Nm","Maximální rychlost","","+ 7 KM/H","Spotřeba město","","-0,50 L / 100 KM","Kombinovaná spotřeba","","-0,40 L / 100 KM","Spotřeba mimo město","","-0,30 L / 100 KM"],"chartPower":"./chartPower/ram_2500_( 3rd)__1171573.png","chartTorque":"./chartTorque/ram_2500_( 3rd)__1171573.png"},{"id":"ram_2500_( 3rd)__1171579","fullName":"ChipTuning - Dodge RAM 2500 5.7 V8 - 394 HP ","desc":"Zvýšení výkonu motoru (chiptuning) vozidla Dodge RAM 2500 5.7 V8 - 394 HP je možné z původních 293 kW (397 HP) až na 322 kW (436 HP) a nárůst točivého momentu ze 563 Nm až na 625 Nm.,Maximální rychlost se po úpravě zvýší o + 7 KM/H a kombinovaná spotřeba se sníží v průměru o -0,70 L / 100 KM.","imgUrl":"./previews/ram_2500_( 3rd)__.png","fullDesc":"Níže naleznete parametry před a po úpravě Standard pro vozidlo: Dodge RAM 2500 5.7 V8 - 394 HP. Modelová řada vyráběná od roku 2009. Řídící jednotka motoru od společnosti Motorola. Typ řídící jednotky NGC5. Předpokládaná doba úpravy tohoto modelu je 2 - 4 hodiny.","numbers":["Výkon HP","397 HP","436 HP","Výkon kW","293 kW","322 kW","Točivý moment Nm","563 Nm","625 Nm","Maximální rychlost","","+ 7 KM/H","Spotřeba město","","-0,50 L / 100 KM","Kombinovaná spotřeba","","-0,40 L / 100 KM","Spotřeba mimo město","","-0,30 L / 100 KM"],"chartPower":"./chartPower/ram_2500_( 3rd)__1171579.png","chartTorque":"./chartTorque/ram_2500_( 3rd)__1171579.png"},{"id":"ram_2500_( 3rd)__1171559","fullName":"ChipTuning - Dodge RAM 2500 5.9 L6 - 238 HP ","desc":"Zvýšení výkonu motoru (chiptuning) vozidla Dodge RAM 2500 5.9 L6 - 238 HP je možné z původních 171 kW (234 HP) až na 189 kW (260 HP) a nárůst točivého momentu ze 620 Nm až na 689 Nm.,Maximální rychlost se po úpravě zvýší o + 7 KM/H a kombinovaná spotřeba se sníží v průměru o -0,70 L / 100 KM.","imgUrl":"./previews/ram_2500_( 3rd)__.png","fullDesc":"Níže naleznete parametry před a po úpravě Standard pro vozidlo: Dodge RAM 2500 5.9 L6 - 238 HP. Modelová řada vyráběná od roku 2002. Řídící jednotka motoru od společnosti Motorola. Typ řídící jednotky CM848B. Předpokládaná doba úpravy tohoto modelu je 2 - 4 hodiny.","numbers":["Výkon HP","234 HP","260 HP","Výkon kW","171 kW","189 kW","Točivý moment Nm","620 Nm","689 Nm","Maximální rychlost","","+ 7 KM/H","Spotřeba město","","-0,50 L / 100 KM","Kombinovaná spotřeba","","-0,40 L / 100 KM","Spotřeba mimo město","","-0,30 L / 100 KM"],"chartPower":"./chartPower/ram_2500_( 3rd)__1171559.png","chartTorque":"./chartTorque/ram_2500_( 3rd)__1171559.png"},{"id":"ram_2500_( 3rd)__1171560","fullName":"ChipTuning - Dodge RAM 2500 5.9 L6 - 253 HP ","desc":"Zvýšení výkonu motoru (chiptuning) vozidla Dodge RAM 2500 5.9 L6 - 253 HP je možné z původních 182 kW (249 HP) až na 201 kW (277 HP) a nárůst točivého momentu ze 620 Nm až na 689 Nm.,Maximální rychlost se po úpravě zvýší o + 7 KM/H a kombinovaná spotřeba se sníží v průměru o -0,70 L / 100 KM.","imgUrl":"./previews/ram_2500_( 3rd)__.png","fullDesc":"Níže naleznete parametry před a po úpravě Standard pro vozidlo: Dodge RAM 2500 5.9 L6 - 253 HP. Modelová řada vyráběná od roku 2002. Řídící jednotka motoru od společnosti Motorola. Typ řídící jednotky CM848B. Předpokládaná doba úpravy tohoto modelu je 2 - 4 hodiny.","numbers":["Výkon HP","249 HP","277 HP","Výkon kW","182 kW","201 kW","Točivý moment Nm","620 Nm","689 Nm","Maximální rychlost","","+ 7 KM/H","Spotřeba město","","-0,50 L / 100 KM","Kombinovaná spotřeba","","-0,40 L / 100 KM","Spotřeba mimo město","","-0,30 L / 100 KM"],"chartPower":"./chartPower/ram_2500_( 3rd)__1171560.png","chartTorque":"./chartTorque/ram_2500_( 3rd)__1171560.png"},{"id":"ram_2500_( 3rd)__1171558","fullName":"ChipTuning - Dodge RAM 2500 5.9 L6 - 309 HP ","desc":"Zvýšení výkonu motoru (chiptuning) vozidla Dodge RAM 2500 5.9 L6 - 309 HP je možné z původních 226 kW (308 HP) až na 277 kW (377 HP) a nárůst točivého momentu ze 751 Nm až na 898 Nm.,Maximální rychlost se po úpravě zvýší o + 16 KM/H a kombinovaná spotřeba se sníží v průměru o -1,20 L / 100 KM.","imgUrl":"./previews/ram_2500_( 3rd)__.png","fullDesc":"Níže naleznete parametry před a po úpravě Standard pro vozidlo: Dodge RAM 2500 5.9 L6 - 309 HP. Modelová řada vyráběná od roku 2002. Řídící jednotka motoru od společnosti Motorola. Typ řídící jednotky CM848B. Předpokládaná doba úpravy tohoto modelu je 2 - 4 hodiny.","numbers":["Výkon HP","308 HP","361 HP","Výkon kW","226 kW","265 kW","Točivý moment Nm","751 Nm","856 Nm","Maximální rychlost","","+ 12 KM/H","Spotřeba město","","-0,80 L / 100 KM","Kombinovaná spotřeba","","-0,70 L / 100 KM","Spotřeba mimo město","","-0,65 L / 100 KM"],"chartPower":"./chartPower/ram_2500_( 3rd)__1171558.png","chartTorque":"./chartTorque/ram_2500_( 3rd)__1171558.png"},{"id":"ram_2500_( 3rd)__1171564","fullName":"ChipTuning - Dodge RAM 2500 5.9 L6 - 329 HP ","desc":"Zvýšení výkonu motoru (chiptuning) vozidla Dodge RAM 2500 5.9 L6 - 329 HP je možné z původních 241 kW (328 HP) až na 294 kW (401 HP) a nárůst točivého momentu ze 829 Nm až na 980 Nm.,Maximální rychlost se po úpravě zvýší o + 16 KM/H a kombinovaná spotřeba se sníží v průměru o -1,20 L / 100 KM.","imgUrl":"./previews/ram_2500_( 3rd)__.png","fullDesc":"Níže naleznete parametry před a po úpravě Standard pro vozidlo: Dodge RAM 2500 5.9 L6 - 329 HP. Modelová řada vyráběná od roku 2004. Řídící jednotka motoru od společnosti Motorola. Typ řídící jednotky CM849B. Předpokládaná doba úpravy tohoto modelu je 2 - 4 hodiny.","numbers":["Výkon HP","328 HP","384 HP","Výkon kW","241 kW","282 kW","Točivý moment Nm","829 Nm","937 Nm","Maximální rychlost","","+ 12 KM/H","Spotřeba město","","-0,80 L / 100 KM","Kombinovaná spotřeba","","-0,70 L / 100 KM","Spotřeba mimo město","","-0,65 L / 100 KM"],"chartPower":"./chartPower/ram_2500_( 3rd)__1171564.png","chartTorque":"./chartTorque/ram_2500_( 3rd)__1171564.png"},{"id":"ram_2500_( 3rd)__1171570","fullName":"ChipTuning - Dodge RAM 2500 6.7 L6 - 354 HP ","desc":"Zvýšení výkonu motoru (chiptuning) vozidla Dodge RAM 2500 6.7 L6 - 354 HP je možné z původních 256 kW (350 HP) až na 282 kW (385 HP) a nárůst točivého momentu ze 876 Nm až na 902 Nm.,Maximální rychlost se po úpravě zvýší o + 1 KM/H a kombinovaná spotřeba se sníží v průměru o -0,30 L / 100 KM.","imgUrl":"./previews/ram_2500_( 3rd)__.png","fullDesc":"Níže naleznete parametry před a po úpravě Standard pro vozidlo: Dodge RAM 2500 6.7 L6 - 354 HP. Modelová řada vyráběná od roku 2007. Úprava tohoto modelu se provádí přes diagnostickou zásuvku. Řídící jednotka motoru od společnosti Continental. Typ řídící jednotky CM2100A. Předpokládaná doba úpravy tohoto modelu je 1 - 2 hodiny.","numbers":["Výkon HP","350 HP","385 HP","Výkon kW","256 kW","282 kW","Točivý moment Nm","876 Nm","902 Nm","Maximální rychlost","","+ 1 KM/H","Spotřeba město","","-0,20 L / 100 KM","Kombinovaná spotřeba","","-0,20 L / 100 KM","Spotřeba mimo město","","-0,10 L / 100 KM"],"chartPower":"./chartPower/ram_2500_( 3rd)__1171570.png","chartTorque":"./chartTorque/ram_2500_( 3rd)__1171570.png"},{"id":"ram_2500_( 4th)__1171598","fullName":"ChipTuning - Dodge RAM 2500 5.7 V8 - 389 HP ","desc":"Zvýšení výkonu motoru (chiptuning) vozidla Dodge RAM 2500 5.7 V8 - 389 HP je možné z původních 288 kW (391 HP) až na 317 kW (430 HP) a nárůst točivého momentu ze 542 Nm až na 601 Nm.,Maximální rychlost se po úpravě zvýší o + 7 KM/H a kombinovaná spotřeba se sníží v průměru o -0,70 L / 100 KM.","imgUrl":"./previews/ram_2500_( 4th)__.png","fullDesc":"Níže naleznete parametry před a po úpravě Standard pro vozidlo: Dodge RAM 2500 5.7 V8 - 389 HP. Modelová řada vyráběná od roku 2013. Úprava tohoto modelu se provádí přes diagnostickou zásuvku. Řídící jednotka motoru od společnosti Continental. Typ řídící jednotky GPEC2. Předpokládaná doba úpravy tohoto modelu je 1 - 2 hodiny.","numbers":["Výkon HP","391 HP","430 HP","Výkon kW","288 kW","317 kW","Točivý moment Nm","542 Nm","601 Nm","Maximální rychlost","","+ 7 KM/H","Spotřeba město","","-0,50 L / 100 KM","Kombinovaná spotřeba","","-0,40 L / 100 KM","Spotřeba mimo město","","-0,30 L / 100 KM"],"chartPower":"./chartPower/ram_2500_( 4th)__1171598.png","chartTorque":"./chartTorque/ram_2500_( 4th)__1171598.png"},{"id":"ram_2500_( 4th)__1171580","fullName":"ChipTuning - Dodge RAM 2500 6.7 L6 - 354 HP ","desc":"Zvýšení výkonu motoru (chiptuning) vozidla Dodge RAM 2500 6.7 L6 - 354 HP je možné z původních 258 kW (352 HP) až na 315 kW (430 HP) a nárůst točivého momentu ze 888 Nm až na 1050 Nm.,Maximální rychlost se po úpravě zvýší o + 16 KM/H a kombinovaná spotřeba se sníží v průměru o -1,20 L / 100 KM.","imgUrl":"./previews/ram_2500_( 4th)__.png","fullDesc":"Níže naleznete parametry před a po úpravě Standard pro vozidlo: Dodge RAM 2500 6.7 L6 - 354 HP. Modelová řada vyráběná od roku 2013. Úprava tohoto modelu se provádí přes diagnostickou zásuvku. Řídící jednotka motoru od společnosti Continental. Typ řídící jednotky CM2350B. Předpokládaná doba úpravy tohoto modelu je 1 - 2 hodiny.","numbers":["Výkon HP","352 HP","412 HP","Výkon kW","258 kW","302 kW","Točivý moment Nm","888 Nm","1004 Nm","Maximální rychlost","","+ 12 KM/H","Spotřeba město","","-0,80 L / 100 KM","Kombinovaná spotřeba","","-0,70 L / 100 KM","Spotřeba mimo město","","-0,65 L / 100 KM"],"chartPower":"./chartPower/ram_2500_( 4th)__1171580.png","chartTorque":"./chartTorque/ram_2500_( 4th)__1171580.png"},{"id":"ram_2500_( 4th)__1171592","fullName":"ChipTuning - Dodge RAM 2500 6.7 L6 - 390 HP ","desc":"Zvýšení výkonu motoru (chiptuning) vozidla Dodge RAM 2500 6.7 L6 - 390 HP je možné z původních 273 kW (387 HP) až na 334 kW (473 HP) a nárůst točivého momentu ze 1097 Nm až na 1297 Nm.,Maximální rychlost se po úpravě zvýší o + 16 KM/H a kombinovaná spotřeba se sníží v průměru o -1,20 L / 100 KM.","imgUrl":"./previews/ram_2500_( 4th)__.png","fullDesc":"Níže naleznete parametry před a po úpravě Standard pro vozidlo: Dodge RAM 2500 6.7 L6 - 390 HP. Modelová řada vyráběná od roku 2017. Úprava tohoto modelu se provádí přes diagnostickou zásuvku. Řídící jednotka motoru od společnosti Continental. Typ řídící jednotky CM2350B. Předpokládaná doba úpravy tohoto modelu je 1 - 2 hodiny.","numbers":["Výkon HP","387 HP","453 HP","Výkon kW","273 kW","320 kW","Točivý moment Nm","1097 Nm","1240 Nm","Maximální rychlost","","+ 12 KM/H","Spotřeba město","","-0,80 L / 100 KM","Kombinovaná spotřeba","","-0,70 L / 100 KM","Spotřeba mimo město","","-0,65 L / 100 KM"],"chartPower":"./chartPower/ram_2500_( 4th)__1171592.png","chartTorque":"./chartTorque/ram_2500_( 4th)__1171592.png"},{"id":"ram_2500_( 4th)__1171581","fullName":"ChipTuning - Dodge RAM 2500 6.7 L6 - 381 HP ","desc":"Zvýšení výkonu motoru (chiptuning) vozidla Dodge RAM 2500 6.7 L6 - 381 HP je možné z původních 275 kW (376 HP) až na 337 kW (461 HP) a nárůst točivého momentu ze 1095 Nm až na 1295 Nm.,Maximální rychlost se po úpravě zvýší o + 16 KM/H a kombinovaná spotřeba se sníží v průměru o -1,20 L / 100 KM.","imgUrl":"./previews/ram_2500_( 4th)__.png","fullDesc":"Níže naleznete parametry před a po úpravě Standard pro vozidlo: Dodge RAM 2500 6.7 L6 - 381 HP. Modelová řada vyráběná od roku 2013. Úprava tohoto modelu se provádí přes diagnostickou zásuvku. Řídící jednotka motoru od společnosti Continental. Typ řídící jednotky CM2350B. Předpokládaná doba úpravy tohoto modelu je 1 - 2 hodiny.","numbers":["Výkon HP","376 HP","441 HP","Výkon kW","275 kW","323 kW","Točivý moment Nm","1095 Nm","1238 Nm","Maximální rychlost","","+ 12 KM/H","Spotřeba město","","-0,80 L / 100 KM","Kombinovaná spotřeba","","-0,70 L / 100 KM","Spotřeba mimo město","","-0,65 L / 100 KM"],"chartPower":"./chartPower/ram_2500_( 4th)__1171581.png","chartTorque":"./chartTorque/ram_2500_( 4th)__1171581.png"},{"id":"ram_2500_( 4th)__1171582","fullName":"ChipTuning - Dodge RAM 2500 6.7 L6 - 390 HP ","desc":"Zvýšení výkonu motoru (chiptuning) vozidla Dodge RAM 2500 6.7 L6 - 390 HP je možné z původních 286 kW (389 HP) až na 350 kW (475 HP) a nárůst točivého momentu ze 1149 Nm až na 1359 Nm.,Maximální rychlost se po úpravě zvýší o + 16 KM/H a kombinovaná spotřeba se sníží v průměru o -1,20 L / 100 KM.","imgUrl":"./previews/ram_2500_( 4th)__.png","fullDesc":"Níže naleznete parametry před a po úpravě Standard pro vozidlo: Dodge RAM 2500 6.7 L6 - 390 HP. Modelová řada vyráběná od roku 2013. Úprava tohoto modelu se provádí přes diagnostickou zásuvku. Řídící jednotka motoru od společnosti Continental. Typ řídící jednotky CM2350B. Předpokládaná doba úpravy tohoto modelu je 1 - 2 hodiny.","numbers":["Výkon HP","389 HP","455 HP","Výkon kW","286 kW","335 kW","Točivý moment Nm","1149 Nm","1299 Nm","Maximální rychlost","","+ 12 KM/H","Spotřeba město","","-0,80 L / 100 KM","Kombinovaná spotřeba","","-0,70 L / 100 KM","Spotřeba mimo město","","-0,65 L / 100 KM"],"chartPower":"./chartPower/ram_2500_( 4th)__1171582.png","chartTorque":"./chartTorque/ram_2500_( 4th)__1171582.png"},{"id":"ram_2500_( 4th)__1171586","fullName":"ChipTuning - Dodge RAM 2500 6.7 L6 - 390 HP ","desc":"Zvýšení výkonu motoru (chiptuning) vozidla Dodge RAM 2500 6.7 L6 - 390 HP je možné z původních 285 kW (388 HP) až na 349 kW (474 HP) a nárůst točivého momentu ze 1171 Nm až na 1384 Nm.,Maximální rychlost se po úpravě zvýší o + 16 KM/H a kombinovaná spotřeba se sníží v průměru o -1,20 L / 100 KM.","imgUrl":"./previews/ram_2500_( 4th)__.png","fullDesc":"Níže naleznete parametry před a po úpravě Standard pro vozidlo: Dodge RAM 2500 6.7 L6 - 390 HP. Modelová řada vyráběná od roku 2015. Úprava tohoto modelu se provádí přes diagnostickou zásuvku. Řídící jednotka motoru od společnosti Continental. Typ řídící jednotky CM2350B. Předpokládaná doba úpravy tohoto modelu je 1 - 2 hodiny.","numbers":["Výkon HP","388 HP","454 HP","Výkon kW","285 kW","334 kW","Točivý moment Nm","1171 Nm","1323 Nm","Maximální rychlost","","+ 12 KM/H","Spotřeba město","","-0,80 L / 100 KM","Kombinovaná spotřeba","","-0,70 L / 100 KM","Spotřeba mimo město","","-0,65 L / 100 KM"],"chartPower":"./chartPower/ram_2500_( 4th)__1171586.png","chartTorque":"./chartTorque/ram_2500_( 4th)__1171586.png"},{"id":"ram_2500_( 4th)__1171589","fullName":"ChipTuning - Dodge RAM 2500 6.7 L6 - 390 HP ","desc":"Zvýšení výkonu motoru (chiptuning) vozidla Dodge RAM 2500 6.7 L6 - 390 HP je možné z původních 288 kW (391 HP) až na 352 kW (477 HP) a nárůst točivého momentu ze 1201 Nm až na 1419 Nm.,Maximální rychlost se po úpravě zvýší o + 16 KM/H a kombinovaná spotřeba se sníží v průměru o -1,20 L / 100 KM.","imgUrl":"./previews/ram_2500_( 4th)__.png","fullDesc":"Níže naleznete parametry před a po úpravě Standard pro vozidlo: Dodge RAM 2500 6.7 L6 - 390 HP. Modelová řada vyráběná od roku 2016. Úprava tohoto modelu se provádí přes diagnostickou zásuvku. Řídící jednotka motoru od společnosti Continental. Typ řídící jednotky CM2350B. Předpokládaná doba úpravy tohoto modelu je 1 - 2 hodiny.","numbers":["Výkon HP","391 HP","457 HP","Výkon kW","288 kW","337 kW","Točivý moment Nm","1201 Nm","1357 Nm","Maximální rychlost","","+ 12 KM/H","Spotřeba město","","-0,80 L / 100 KM","Kombinovaná spotřeba","","-0,70 L / 100 KM","Spotřeba mimo město","","-0,65 L / 100 KM"],"chartPower":"./chartPower/ram_2500_( 4th)__1171589.png","chartTorque":"./chartTorque/ram_2500_( 4th)__1171589.png"},{"id":"ram_3500_( 3rd)__1171610","fullName":"ChipTuning - Dodge RAM 3500 5.7 V8 - 350 HP ","desc":"Zvýšení výkonu motoru (chiptuning) vozidla Dodge RAM 3500 5.7 V8 - 350 HP je možné z původních 252 kW (345 HP) až na 278 kW (380 HP) a nárůst točivého momentu ze 503 Nm až na 559 Nm.,Maximální rychlost se po úpravě zvýší o + 7 KM/H a kombinovaná spotřeba se sníží v průměru o -0,70 L / 100 KM.","imgUrl":"./previews/ram_3500_( 3rd)__.png","fullDesc":"Níže naleznete parametry před a po úpravě Standard pro vozidlo: Dodge RAM 3500 5.7 V8 - 350 HP. Modelová řada vyráběná od roku 2003. Řídící jednotka motoru od společnosti Motorola. Typ řídící jednotky NGC5. Předpokládaná doba úpravy tohoto modelu je 2 - 4 hodiny.","numbers":["Výkon HP","345 HP","380 HP","Výkon kW","252 kW","278 kW","Točivý moment Nm","503 Nm","559 Nm","Maximální rychlost","","+ 7 KM/H","Spotřeba město","","-0,50 L / 100 KM","Kombinovaná spotřeba","","-0,40 L / 100 KM","Spotřeba mimo město","","-0,30 L / 100 KM"],"chartPower":"./chartPower/ram_3500_( 3rd)__1171610.png","chartTorque":"./chartTorque/ram_3500_( 3rd)__1171610.png"},{"id":"ram_3500_( 3rd)__1171616","fullName":"ChipTuning - Dodge RAM 3500 5.7 V8 - 394 HP ","desc":"Zvýšení výkonu motoru (chiptuning) vozidla Dodge RAM 3500 5.7 V8 - 394 HP je možné z původních 290 kW (394 HP) až na 319 kW (433 HP) a nárůst točivého momentu ze 560 Nm až na 622 Nm.,Maximální rychlost se po úpravě zvýší o + 7 KM/H a kombinovaná spotřeba se sníží v průměru o -0,70 L / 100 KM.","imgUrl":"./previews/ram_3500_( 3rd)__.png","fullDesc":"Níže naleznete parametry před a po úpravě Standard pro vozidlo: Dodge RAM 3500 5.7 V8 - 394 HP. Modelová řada vyráběná od roku 2009. Řídící jednotka motoru od společnosti Motorola. Typ řídící jednotky NGC5. Předpokládaná doba úpravy tohoto modelu je 2 - 4 hodiny.","numbers":["Výkon HP","394 HP","433 HP","Výkon kW","290 kW","319 kW","Točivý moment Nm","560 Nm","622 Nm","Maximální rychlost","","+ 7 KM/H","Spotřeba město","","-0,50 L / 100 KM","Kombinovaná spotřeba","","-0,40 L / 100 KM","Spotřeba mimo město","","-0,30 L / 100 KM"],"chartPower":"./chartPower/ram_3500_( 3rd)__1171616.png","chartTorque":"./chartTorque/ram_3500_( 3rd)__1171616.png"},{"id":"ram_3500_( 3rd)__1171601","fullName":"ChipTuning - Dodge RAM 3500 5.9 L6 - 238 HP ","desc":"Zvýšení výkonu motoru (chiptuning) vozidla Dodge RAM 3500 5.9 L6 - 238 HP je možné z původních 172 kW (235 HP) až na 190 kW (261 HP) a nárůst točivého momentu ze 621 Nm až na 690 Nm.,Maximální rychlost se po úpravě zvýší o + 7 KM/H a kombinovaná spotřeba se sníží v průměru o -0,70 L / 100 KM.","imgUrl":"./previews/ram_3500_( 3rd)__.png","fullDesc":"Níže naleznete parametry před a po úpravě Standard pro vozidlo: Dodge RAM 3500 5.9 L6 - 238 HP. Modelová řada vyráběná od roku 2002. Řídící jednotka motoru od společnosti Motorola. Typ řídící jednotky CM848B. Předpokládaná doba úpravy tohoto modelu je 2 - 4 hodiny.","numbers":["Výkon HP","235 HP","261 HP","Výkon kW","172 kW","190 kW","Točivý moment Nm","621 Nm","690 Nm","Maximální rychlost","","+ 7 KM/H","Spotřeba město","","-0,50 L / 100 KM","Kombinovaná spotřeba","","-0,40 L / 100 KM","Spotřeba mimo město","","-0,30 L / 100 KM"],"chartPower":"./chartPower/ram_3500_( 3rd)__1171601.png","chartTorque":"./chartTorque/ram_3500_( 3rd)__1171601.png"},{"id":"ram_3500_( 3rd)__1171602","fullName":"ChipTuning - Dodge RAM 3500 5.9 L6 - 253 HP ","desc":"Zvýšení výkonu motoru (chiptuning) vozidla Dodge RAM 3500 5.9 L6 - 253 HP je možné z původních 190 kW (257 HP) až na 209 kW (285 HP) a nárůst točivého momentu ze 628 Nm až na 697 Nm.,Maximální rychlost se po úpravě zvýší o + 7 KM/H a kombinovaná spotřeba se sníží v průměru o -0,70 L / 100 KM.","imgUrl":"./previews/ram_3500_( 3rd)__.png","fullDesc":"Níže naleznete parametry před a po úpravě Standard pro vozidlo: Dodge RAM 3500 5.9 L6 - 253 HP. Modelová řada vyráběná od roku 2002. Řídící jednotka motoru od společnosti Motorola. Typ řídící jednotky CM848B. Předpokládaná doba úpravy tohoto modelu je 2 - 4 hodiny.","numbers":["Výkon HP","257 HP","285 HP","Výkon kW","190 kW","209 kW","Točivý moment Nm","628 Nm","697 Nm","Maximální rychlost","","+ 7 KM/H","Spotřeba město","","-0,50 L / 100 KM","Kombinovaná spotřeba","","-0,40 L / 100 KM","Spotřeba mimo město","","-0,30 L / 100 KM"],"chartPower":"./chartPower/ram_3500_( 3rd)__1171602.png","chartTorque":"./chartTorque/ram_3500_( 3rd)__1171602.png"},{"id":"ram_3500_( 3rd)__1171600","fullName":"ChipTuning - Dodge RAM 3500 5.9 L6 - 309 HP ","desc":"Zvýšení výkonu motoru (chiptuning) vozidla Dodge RAM 3500 5.9 L6 - 309 HP je možné z původních 228 kW (310 HP) až na 279 kW (379 HP) a nárůst točivého momentu ze 753 Nm až na 900 Nm.,Maximální rychlost se po úpravě zvýší o + 16 KM/H a kombinovaná spotřeba se sníží v průměru o -1,20 L / 100 KM.","imgUrl":"./previews/ram_3500_( 3rd)__.png","fullDesc":"Níže naleznete parametry před a po úpravě Standard pro vozidlo: Dodge RAM 3500 5.9 L6 - 309 HP. Modelová řada vyráběná od roku 2002. Řídící jednotka motoru od společnosti Motorola. Typ řídící jednotky CM848B. Předpokládaná doba úpravy tohoto modelu je 2 - 4 hodiny.","numbers":["Výkon HP","310 HP","363 HP","Výkon kW","228 kW","267 kW","Točivý moment Nm","753 Nm","858 Nm","Maximální rychlost","","+ 12 KM/H","Spotřeba město","","-0,80 L / 100 KM","Kombinovaná spotřeba","","-0,70 L / 100 KM","Spotřeba mimo město","","-0,65 L / 100 KM"],"chartPower":"./chartPower/ram_3500_( 3rd)__1171600.png","chartTorque":"./chartTorque/ram_3500_( 3rd)__1171600.png"},{"id":"ram_3500_( 3rd)__1171607","fullName":"ChipTuning - Dodge RAM 3500 6.7 L6 - 354 HP ","desc":"Zvýšení výkonu motoru (chiptuning) vozidla Dodge RAM 3500 6.7 L6 - 354 HP je možné z původních 264 kW (358 HP) až na 290 kW (393 HP) a nárůst točivého momentu ze 884 Nm až na 910 Nm.,Maximální rychlost se po úpravě zvýší o + 1 KM/H a kombinovaná spotřeba se sníží v průměru o -0,30 L / 100 KM.","imgUrl":"./previews/ram_3500_( 3rd)__.png","fullDesc":"Níže naleznete parametry před a po úpravě Standard pro vozidlo: Dodge RAM 3500 6.7 L6 - 354 HP. Modelová řada vyráběná od roku 2007. Úprava tohoto modelu se provádí přes diagnostickou zásuvku. Řídící jednotka motoru od společnosti Continental. Typ řídící jednotky CM2100A. Předpokládaná doba úpravy tohoto modelu je 1 - 2 hodiny.","numbers":["Výkon HP","358 HP","393 HP","Výkon kW","264 kW","290 kW","Točivý moment Nm","884 Nm","910 Nm","Maximální rychlost","","+ 1 KM/H","Spotřeba město","","-0,20 L / 100 KM","Kombinovaná spotřeba","","-0,20 L / 100 KM","Spotřeba mimo město","","-0,10 L / 100 KM"],"chartPower":"./chartPower/ram_3500_( 3rd)__1171607.png","chartTorque":"./chartTorque/ram_3500_( 3rd)__1171607.png"},{"id":"ram_3500_( 4th)__1171635","fullName":"ChipTuning - Dodge RAM 3500 5.7 V8 - 389 HP ","desc":"Zvýšení výkonu motoru (chiptuning) vozidla Dodge RAM 3500 5.7 V8 - 389 HP je možné z původních 283 kW (386 HP) až na 312 kW (425 HP) a nárůst točivého momentu ze 537 Nm až na 596 Nm.,Maximální rychlost se po úpravě zvýší o + 7 KM/H a kombinovaná spotřeba se sníží v průměru o -0,70 L / 100 KM.","imgUrl":"./previews/ram_3500_( 4th)__.png","fullDesc":"Níže naleznete parametry před a po úpravě Standard pro vozidlo: Dodge RAM 3500 5.7 V8 - 389 HP. Modelová řada vyráběná od roku 2013. Úprava tohoto modelu se provádí přes diagnostickou zásuvku. Řídící jednotka motoru od společnosti Continental. Typ řídící jednotky GPEC2. Předpokládaná doba úpravy tohoto modelu je 1 - 2 hodiny.","numbers":["Výkon HP","386 HP","425 HP","Výkon kW","283 kW","312 kW","Točivý moment Nm","537 Nm","596 Nm","Maximální rychlost","","+ 7 KM/H","Spotřeba město","","-0,50 L / 100 KM","Kombinovaná spotřeba","","-0,40 L / 100 KM","Spotřeba mimo město","","-0,30 L / 100 KM"],"chartPower":"./chartPower/ram_3500_( 4th)__1171635.png","chartTorque":"./chartTorque/ram_3500_( 4th)__1171635.png"},{"id":"ram_3500_( 4th)__1171617","fullName":"ChipTuning - Dodge RAM 3500 6.7 L6 - 354 HP ","desc":"Zvýšení výkonu motoru (chiptuning) vozidla Dodge RAM 3500 6.7 L6 - 354 HP je možné z původních 264 kW (358 HP) až na 321 kW (436 HP) a nárůst točivého momentu ze 894 Nm až na 1056 Nm.,Maximální rychlost se po úpravě zvýší o + 16 KM/H a kombinovaná spotřeba se sníží v průměru o -1,20 L / 100 KM.","imgUrl":"./previews/ram_3500_( 4th)__.png","fullDesc":"Níže naleznete parametry před a po úpravě Standard pro vozidlo: Dodge RAM 3500 6.7 L6 - 354 HP. Modelová řada vyráběná od roku 2013. Úprava tohoto modelu se provádí přes diagnostickou zásuvku. Řídící jednotka motoru od společnosti Continental. Typ řídící jednotky CM2350B. Předpokládaná doba úpravy tohoto modelu je 1 - 2 hodiny.","numbers":["Výkon HP","358 HP","418 HP","Výkon kW","264 kW","308 kW","Točivý moment Nm","894 Nm","1010 Nm","Maximální rychlost","","+ 12 KM/H","Spotřeba město","","-0,80 L / 100 KM","Kombinovaná spotřeba","","-0,70 L / 100 KM","Spotřeba mimo město","","-0,65 L / 100 KM"],"chartPower":"./chartPower/ram_3500_( 4th)__1171617.png","chartTorque":"./chartTorque/ram_3500_( 4th)__1171617.png"},{"id":"ram_3500_( 4th)__1171618","fullName":"ChipTuning - Dodge RAM 3500 6.7 L6 - 381 HP ","desc":"Zvýšení výkonu motoru (chiptuning) vozidla Dodge RAM 3500 6.7 L6 - 381 HP je možné z původních 282 kW (383 HP) až na 344 kW (468 HP) a nárůst točivého momentu ze 1102 Nm až na 1302 Nm.,Maximální rychlost se po úpravě zvýší o + 16 KM/H a kombinovaná spotřeba se sníží v průměru o -1,20 L / 100 KM.","imgUrl":"./previews/ram_3500_( 4th)__.png","fullDesc":"Níže naleznete parametry před a po úpravě Standard pro vozidlo: Dodge RAM 3500 6.7 L6 - 381 HP. Modelová řada vyráběná od roku 2013. Úprava tohoto modelu se provádí přes diagnostickou zásuvku. Řídící jednotka motoru od společnosti Continental. Typ řídící jednotky CM2350B. Předpokládaná doba úpravy tohoto modelu je 1 - 2 hodiny.","numbers":["Výkon HP","383 HP","448 HP","Výkon kW","282 kW","330 kW","Točivý moment Nm","1102 Nm","1245 Nm","Maximální rychlost","","+ 12 KM/H","Spotřeba město","","-0,80 L / 100 KM","Kombinovaná spotřeba","","-0,70 L / 100 KM","Spotřeba mimo město","","-0,65 L / 100 KM"],"chartPower":"./chartPower/ram_3500_( 4th)__1171618.png","chartTorque":"./chartTorque/ram_3500_( 4th)__1171618.png"},{"id":"ram_3500_( 4th)__1171619","fullName":"ChipTuning - Dodge RAM 3500 6.7 L6 - 390 HP ","desc":"Zvýšení výkonu motoru (chiptuning) vozidla Dodge RAM 3500 6.7 L6 - 390 HP je možné z původních 287 kW (390 HP) až na 351 kW (476 HP) a nárůst točivého momentu ze 1150 Nm až na 1360 Nm.,Maximální rychlost se po úpravě zvýší o + 16 KM/H a kombinovaná spotřeba se sníží v průměru o -1,20 L / 100 KM.","imgUrl":"./previews/ram_3500_( 4th)__.png","fullDesc":"Níže naleznete parametry před a po úpravě Standard pro vozidlo: Dodge RAM 3500 6.7 L6 - 390 HP. Modelová řada vyráběná od roku 2013. Úprava tohoto modelu se provádí přes diagnostickou zásuvku. Řídící jednotka motoru od společnosti Continental. Typ řídící jednotky CM2350B. Předpokládaná doba úpravy tohoto modelu je 1 - 2 hodiny.","numbers":["Výkon HP","390 HP","456 HP","Výkon kW","287 kW","336 kW","Točivý moment Nm","1150 Nm","1300 Nm","Maximální rychlost","","+ 12 KM/H","Spotřeba město","","-0,80 L / 100 KM","Kombinovaná spotřeba","","-0,70 L / 100 KM","Spotřeba mimo město","","-0,65 L / 100 KM"],"chartPower":"./chartPower/ram_3500_( 4th)__1171619.png","chartTorque":"./chartTorque/ram_3500_( 4th)__1171619.png"},{"id":"ram_3500_( 4th)__1171623","fullName":"ChipTuning - Dodge RAM 3500 6.7 L6 - 390 HP ","desc":"Zvýšení výkonu motoru (chiptuning) vozidla Dodge RAM 3500 6.7 L6 - 390 HP je možné z původních 292 kW (395 HP) až na 356 kW (481 HP) a nárůst točivého momentu ze 1178 Nm až na 1391 Nm.,Maximální rychlost se po úpravě zvýší o + 16 KM/H a kombinovaná spotřeba se sníží v průměru o -1,20 L / 100 KM.","imgUrl":"./previews/ram_3500_( 4th)__.png","fullDesc":"Níže naleznete parametry před a po úpravě Standard pro vozidlo: Dodge RAM 3500 6.7 L6 - 390 HP. Modelová řada vyráběná od roku 2015. Úprava tohoto modelu se provádí přes diagnostickou zásuvku. Řídící jednotka motoru od společnosti Continental. Typ řídící jednotky CM2350B. Předpokládaná doba úpravy tohoto modelu je 1 - 2 hodiny.","numbers":["Výkon HP","395 HP","461 HP","Výkon kW","292 kW","341 kW","Točivý moment Nm","1178 Nm","1330 Nm","Maximální rychlost","","+ 12 KM/H","Spotřeba město","","-0,80 L / 100 KM","Kombinovaná spotřeba","","-0,70 L / 100 KM","Spotřeba mimo město","","-0,65 L / 100 KM"],"chartPower":"./chartPower/ram_3500_( 4th)__1171623.png","chartTorque":"./chartTorque/ram_3500_( 4th)__1171623.png"},{"id":"ram_3500_( 4th)__1171626","fullName":"ChipTuning - Dodge RAM 3500 6.7 L6 - 390 HP ","desc":"Zvýšení výkonu motoru (chiptuning) vozidla Dodge RAM 3500 6.7 L6 - 390 HP je možné z původních 292 kW (395 HP) až na 356 kW (481 HP) a nárůst točivého momentu ze 1205 Nm až na 1423 Nm.,Maximální rychlost se po úpravě zvýší o + 16 KM/H a kombinovaná spotřeba se sníží v průměru o -1,20 L / 100 KM.","imgUrl":"./previews/ram_3500_( 4th)__.png","fullDesc":"Níže naleznete parametry před a po úpravě Standard pro vozidlo: Dodge RAM 3500 6.7 L6 - 390 HP. Modelová řada vyráběná od roku 2016. Úprava tohoto modelu se provádí přes diagnostickou zásuvku. Řídící jednotka motoru od společnosti Continental. Typ řídící jednotky CM2350B. Předpokládaná doba úpravy tohoto modelu je 1 - 2 hodiny.","numbers":["Výkon HP","395 HP","461 HP","Výkon kW","292 kW","341 kW","Točivý moment Nm","1205 Nm","1361 Nm","Maximální rychlost","","+ 12 KM/H","Spotřeba město","","-0,80 L / 100 KM","Kombinovaná spotřeba","","-0,70 L / 100 KM","Spotřeba mimo město","","-0,65 L / 100 KM"],"chartPower":"./chartPower/ram_3500_( 4th)__1171626.png","chartTorque":"./chartTorque/ram_3500_( 4th)__1171626.png"},{"id":"ram_4000_( 4th)__1171637","fullName":"ChipTuning - Dodge RAM 4000 5.7 V8 - 401 HP ","desc":"Zvýšení výkonu motoru (chiptuning) vozidla Dodge RAM 4000 5.7 V8 - 401 HP je možné z původních 293 kW (399 HP) až na 323 kW (439 HP) a nárůst točivého momentu ze 558 Nm až na 620 Nm.,Maximální rychlost se po úpravě zvýší o + 7 KM/H a kombinovaná spotřeba se sníží v průměru o -0,70 L / 100 KM.","imgUrl":"./previews/ram_4000_( 4th)__.png","fullDesc":"Níže naleznete parametry před a po úpravě Standard pro vozidlo: Dodge RAM 4000 5.7 V8 - 401 HP. Modelová řada vyráběná od roku 2015. Úprava tohoto modelu se provádí přes diagnostickou zásuvku. Řídící jednotka motoru od společnosti Continental. Typ řídící jednotky GPEC2A. Předpokládaná doba úpravy tohoto modelu je 1 - 2 hodiny.","numbers":["Výkon HP","399 HP","439 HP","Výkon kW","293 kW","323 kW","Točivý moment Nm","558 Nm","620 Nm","Maximální rychlost","","+ 7 KM/H","Spotřeba město","","-0,50 L / 100 KM","Kombinovaná spotřeba","","-0,40 L / 100 KM","Spotřeba mimo město","","-0,30 L / 100 KM"],"chartPower":"./chartPower/ram_4000_( 4th)__1171637.png","chartTorque":"./chartTorque/ram_4000_( 4th)__1171637.png"},{"id":"ram_chassis cab_( 3rd)__1171643","fullName":"ChipTuning - Dodge RAM Chassis Cab 5.7 V8 - 350 HP ","desc":"Zvýšení výkonu motoru (chiptuning) vozidla Dodge RAM Chassis Cab 5.7 V8 - 350 HP je možné z původních 257 kW (350 HP) až na 283 kW (385 HP) a nárůst točivého momentu ze 508 Nm až na 564 Nm.,Maximální rychlost se po úpravě zvýší o + 7 KM/H a kombinovaná spotřeba se sníží v průměru o -0,70 L / 100 KM.","imgUrl":"./previews/ram_chassis cab_( 3rd)__.png","fullDesc":"Níže naleznete parametry před a po úpravě Standard pro vozidlo: Dodge RAM Chassis Cab 5.7 V8 - 350 HP. Modelová řada vyráběná od roku 2008. Řídící jednotka motoru od společnosti Motorola. Typ řídící jednotky NGC5. Předpokládaná doba úpravy tohoto modelu je 2 - 4 hodiny.","numbers":["Výkon HP","350 HP","385 HP","Výkon kW","257 kW","283 kW","Točivý moment Nm","508 Nm","564 Nm","Maximální rychlost","","+ 7 KM/H","Spotřeba město","","-0,50 L / 100 KM","Kombinovaná spotřeba","","-0,40 L / 100 KM","Spotřeba mimo město","","-0,30 L / 100 KM"],"chartPower":"./chartPower/ram_chassis cab_( 3rd)__1171643.png","chartTorque":"./chartTorque/ram_chassis cab_( 3rd)__1171643.png"},{"id":"ram_chassis cab_( 3rd)__1171644","fullName":"ChipTuning - Dodge RAM Chassis Cab 5.7 V8 - 393 HP ","desc":"Zvýšení výkonu motoru (chiptuning) vozidla Dodge RAM Chassis Cab 5.7 V8 - 393 HP je možné z původních 285 kW (389 HP) až na 314 kW (428 HP) a nárůst točivého momentu ze 544 Nm až na 604 Nm.,Maximální rychlost se po úpravě zvýší o + 7 KM/H a kombinovaná spotřeba se sníží v průměru o -0,70 L / 100 KM.","imgUrl":"./previews/ram_chassis cab_( 3rd)__.png","fullDesc":"Níže naleznete parametry před a po úpravě Standard pro vozidlo: Dodge RAM Chassis Cab 5.7 V8 - 393 HP. Modelová řada vyráběná od roku 2009. Řídící jednotka motoru od společnosti Motorola. Typ řídící jednotky NGC5. Předpokládaná doba úpravy tohoto modelu je 2 - 4 hodiny.","numbers":["Výkon HP","389 HP","428 HP","Výkon kW","285 kW","314 kW","Točivý moment Nm","544 Nm","604 Nm","Maximální rychlost","","+ 7 KM/H","Spotřeba město","","-0,50 L / 100 KM","Kombinovaná spotřeba","","-0,40 L / 100 KM","Spotřeba mimo město","","-0,30 L / 100 KM"],"chartPower":"./chartPower/ram_chassis cab_( 3rd)__1171644.png","chartTorque":"./chartTorque/ram_chassis cab_( 3rd)__1171644.png"},{"id":"ram_chassis cab_( 3rd)__1171640","fullName":"ChipTuning - Dodge RAM Chassis Cab 6.7 L6 - 309 HP ","desc":"Zvýšení výkonu motoru (chiptuning) vozidla Dodge RAM Chassis Cab 6.7 L6 - 309 HP je možné z původních 227 kW (309 HP) až na 250 kW (340 HP) a nárůst točivého momentu ze 830 Nm až na 855 Nm.,Maximální rychlost se po úpravě zvýší o + 1 KM/H a kombinovaná spotřeba se sníží v průměru o -0,30 L / 100 KM.","imgUrl":"./previews/ram_chassis cab_( 3rd)__.png","fullDesc":"Níže naleznete parametry před a po úpravě Standard pro vozidlo: Dodge RAM Chassis Cab 6.7 L6 - 309 HP. Modelová řada vyráběná od roku 2007. Úprava tohoto modelu se provádí přes diagnostickou zásuvku. Řídící jednotka motoru od společnosti Continental. Typ řídící jednotky CM2100A. Předpokládaná doba úpravy tohoto modelu je 1 - 2 hodiny.","numbers":["Výkon HP","309 HP","340 HP","Výkon kW","227 kW","250 kW","Točivý moment Nm","830 Nm","855 Nm","Maximální rychlost","","+ 1 KM/H","Spotřeba město","","-0,20 L / 100 KM","Kombinovaná spotřeba","","-0,20 L / 100 KM","Spotřeba mimo město","","-0,10 L / 100 KM"],"chartPower":"./chartPower/ram_chassis cab_( 3rd)__1171640.png","chartTorque":"./chartTorque/ram_chassis cab_( 3rd)__1171640.png"},{"id":"ram_chassis cab_( 4th)__1171646","fullName":"ChipTuning - Dodge RAM Chassis Cab 6.7 L6 - 326 HP ","desc":"Zvýšení výkonu motoru (chiptuning) vozidla Dodge RAM Chassis Cab 6.7 L6 - 326 HP je možné z původních 241 kW (327 HP) až na 294 kW (399 HP) a nárůst točivého momentu ze 881 Nm až na 1041 Nm.,Maximální rychlost se po úpravě zvýší o + 16 KM/H a kombinovaná spotřeba se sníží v průměru o -1,20 L / 100 KM.","imgUrl":"./previews/ram_chassis cab_( 4th)__.png","fullDesc":"Níže naleznete parametry před a po úpravě Standard pro vozidlo: Dodge RAM Chassis Cab 6.7 L6 - 326 HP. Modelová řada vyráběná od roku 2013. Úprava tohoto modelu se provádí přes diagnostickou zásuvku. Řídící jednotka motoru od společnosti Continental. Typ řídící jednotky CM2350B. Předpokládaná doba úpravy tohoto modelu je 1 - 2 hodiny.","numbers":["Výkon HP","327 HP","382 HP","Výkon kW","241 kW","282 kW","Točivý moment Nm","881 Nm","995 Nm","Maximální rychlost","","+ 12 KM/H","Spotřeba město","","-0,80 L / 100 KM","Kombinovaná spotřeba","","-0,70 L / 100 KM","Spotřeba mimo město","","-0,65 L / 100 KM"],"chartPower":"./chartPower/ram_chassis cab_( 4th)__1171646.png","chartTorque":"./chartTorque/ram_chassis cab_( 4th)__1171646.png"},{"id":"ram_chassis cab_( 4th)__1171647","fullName":"ChipTuning - Dodge RAM Chassis Cab 6.7 L6 - 329 HP ","desc":"Zvýšení výkonu motoru (chiptuning) vozidla Dodge RAM Chassis Cab 6.7 L6 - 329 HP je možné z původních 241 kW (328 HP) až na 294 kW (401 HP) a nárůst točivého momentu ze 1019 Nm až na 1205 Nm.,Maximální rychlost se po úpravě zvýší o + 16 KM/H a kombinovaná spotřeba se sníží v průměru o -1,20 L / 100 KM.","imgUrl":"./previews/ram_chassis cab_( 4th)__.png","fullDesc":"Níže naleznete parametry před a po úpravě Standard pro vozidlo: Dodge RAM Chassis Cab 6.7 L6 - 329 HP. Modelová řada vyráběná od roku 2013. Úprava tohoto modelu se provádí přes diagnostickou zásuvku. Řídící jednotka motoru od společnosti Continental. Typ řídící jednotky CM2350B. Předpokládaná doba úpravy tohoto modelu je 1 - 2 hodiny.","numbers":["Výkon HP","328 HP","384 HP","Výkon kW","241 kW","282 kW","Točivý moment Nm","1019 Nm","1152 Nm","Maximální rychlost","","+ 12 KM/H","Spotřeba město","","-0,80 L / 100 KM","Kombinovaná spotřeba","","-0,70 L / 100 KM","Spotřeba mimo město","","-0,65 L / 100 KM"],"chartPower":"./chartPower/ram_chassis cab_( 4th)__1171647.png","chartTorque":"./chartTorque/ram_chassis cab_( 4th)__1171647.png"},{"id":"ram_h100___1171658","fullName":"ChipTuning - Dodge Ram H100 2.5 16v CRDi - 175 HP ","desc":"Zvýšení výkonu motoru (chiptuning) vozidla Dodge Ram H100 2.5 16v CRDi - 175 HP je možné z původních 134 kW (180 HP) až na 169 kW (228 HP) a nárůst točivého momentu ze 455 Nm až na 581 Nm.,Maximální rychlost se po úpravě zvýší o + 11 KM/H a kombinovaná spotřeba se sníží v průměru o -0,90 L / 100 KM.","imgUrl":"./previews/ram_h100___.png","fullDesc":"Níže naleznete parametry před a po úpravě Standard pro vozidlo: Dodge Ram H100 2.5 16v CRDi - 175 HP. Modelová řada vyráběná od roku 2016. Úprava tohoto modelu se provádí připojením na konektory řídící jednotky bez rozebírání jednotky. Řídící jednotka motoru od společnosti Denso. Typ řídící jednotky 39199-4ADN0. Předpokládaná doba úpravy tohoto modelu je 1.5 - 2.5 hodiny.","numbers":["Výkon HP","180 HP","217 HP","Výkon kW","134 kW","161 kW","Točivý moment Nm","455 Nm","545 Nm","Maximální rychlost","","+ 8 KM/H","Spotřeba město","","-0,60 L / 100 KM","Kombinovaná spotřeba","","-0,50 L / 100 KM","Spotřeba mimo město","","-0,40 L / 100 KM"],"chartPower":"./chartPower/ram_h100___1171658.png","chartTorque":"./chartTorque/ram_h100___1171658.png"},{"id":"ram_promaster city___1171666","fullName":"ChipTuning - Dodge Ram Promaster City 2.4L 16v Multiair II - 186 HP ","desc":"Zvýšení výkonu motoru (chiptuning) vozidla Dodge Ram Promaster City 2.4L 16v Multiair II - 186 HP je možné z původních 134 kW (183 HP) až na 148 kW (203 HP) a nárůst točivého momentu ze 229 Nm až na 257 Nm.,Maximální rychlost se po úpravě zvýší o + 3 KM/H a kombinovaná spotřeba se sníží v průměru o -0,60 L / 100 KM.","imgUrl":"./previews/ram_promaster city___.png","fullDesc":"Níže naleznete parametry před a po úpravě Standard pro vozidlo: Dodge Ram Promaster City 2.4L 16v Multiair II - 186 HP. Modelová řada vyráběná od roku 2015. Úprava tohoto modelu se provádí přes diagnostickou zásuvku. Řídící jednotka motoru od společnosti Continental. Typ řídící jednotky GPEC3. Předpokládaná doba úpravy tohoto modelu je 1 - 2 hodiny.","numbers":["Výkon HP","183 HP","203 HP","Výkon kW","134 kW","148 kW","Točivý moment Nm","229 Nm","257 Nm","Maximální rychlost","","+ 3 KM/H","Spotřeba město","","-0,40 L / 100 KM","Kombinovaná spotřeba","","-0,30 L / 100 KM","Spotřeba mimo město","","-0,20 L / 100 KM"],"chartPower":"./chartPower/ram_promaster city___1171666.png","chartTorque":"./chartTorque/ram_promaster city___1171666.png"},{"id":"stratus___1171671","fullName":"ChipTuning - Dodge Stratus 2.4 - 147 HP ","desc":"Zvýšení výkonu motoru (chiptuning) vozidla Dodge Stratus 2.4 - 147 HP je možné z původních 107 kW (146 HP) až na 118 kW (162 HP) a nárůst točivého momentu až na 236 Nm.,Maximální rychlost se po úpravě zvýší o + 1 KM/H a kombinovaná spotřeba se sníží v průměru o -0,30 L / 100 KM.","imgUrl":"./previews/stratus___.png","fullDesc":"Níže naleznete parametry před a po úpravě Standard pro vozidlo: Dodge Stratus 2.4 - 147 HP. Modelová řada vyráběná od roku 2001. Úprava tohoto modelu se provádí přes diagnostickou zásuvku. Řídící jednotka motoru od společnosti Mitsubishi. Typ řídící jednotky MH8XXX. Předpokládaná doba úpravy tohoto modelu je 1 - 2 hodiny.","numbers":["Výkon HP","146 HP","162 HP","Výkon kW","107 kW","118 kW","Točivý moment Nm","-","+25 Nm","Maximální rychlost","","+ 1 KM/H","Spotřeba město","","-0,20 L / 100 KM","Kombinovaná spotřeba","","-0,20 L / 100 KM","Spotřeba mimo město","","-0,10 L / 100 KM"],"chartPower":"./chartPower/stratus___1171671.png","chartTorque":""},{"id":"viper_(_3rd)__1171676","fullName":"ChipTuning - Dodge Viper 8.4 V10 SRT10 - 649 HP ","desc":"Zvýšení výkonu motoru (chiptuning) vozidla Dodge Viper 8.4 V10 SRT10 - 649 HP je možné z původních 477 kW (649 HP) až na 520 kW (707 HP) a nárůst točivého momentu ze 814 Nm až na 838 Nm.,Maximální rychlost se po úpravě zvýší o + 7 KM/H a kombinovaná spotřeba se sníží v průměru o -0,70 L / 100 KM.","imgUrl":"./previews/viper_(_3rd)__.png","fullDesc":"Níže naleznete parametry před a po úpravě Standard pro vozidlo: Dodge Viper 8.4 V10 SRT10 - 649 HP. Modelová řada vyráběná od roku 2013. Řídící jednotka motoru od společnosti Motorola. Typ řídící jednotky NGC5 HWII. Předpokládaná doba úpravy tohoto modelu je 2 - 4 hodiny.","numbers":["Výkon HP","649 HP","707 HP","Výkon kW","477 kW","520 kW","Točivý moment Nm","814 Nm","838 Nm","Maximální rychlost","","+ 7 KM/H","Spotřeba město","","-0,50 L / 100 KM","Kombinovaná spotřeba","","-0,40 L / 100 KM","Spotřeba mimo město","","-0,30 L / 100 KM"],"chartPower":"./chartPower/viper_(_3rd)__1171676.png","chartTorque":"./chartTorque/viper_(_3rd)__1171676.png"},{"id":"viper_(_2nd)_zb_1171672","fullName":"ChipTuning - Dodge Viper 8.4 V10 SRT10 - 608 HP ","desc":"Zvýšení výkonu motoru (chiptuning) vozidla Dodge Viper 8.4 V10 SRT10 - 608 HP je možné z původních 442 kW (603 HP) až na 482 kW (658 HP) a nárůst točivého momentu ze 720 Nm až na 800 Nm.,Maximální rychlost se po úpravě zvýší o + 7 KM/H a kombinovaná spotřeba se sníží v průměru o -0,70 L / 100 KM.","imgUrl":"./previews/viper_(_2nd)_zb_.png","fullDesc":"Níže naleznete parametry před a po úpravě Standard pro vozidlo: Dodge Viper 8.4 V10 SRT10 - 608 HP. Modelová řada ZB, vyráběná od roku 2008. Úprava tohoto modelu se provádí přes diagnostickou zásuvku. Řídící jednotka motoru od společnosti Motorola. Typ řídící jednotky NGC5. Předpokládaná doba úpravy tohoto modelu je 1 - 2 hodiny.","numbers":["Výkon HP","603 HP","658 HP","Výkon kW","442 kW","482 kW","Točivý moment Nm","720 Nm","800 Nm","Maximální rychlost","","+ 7 KM/H","Spotřeba město","","-0,50 L / 100 KM","Kombinovaná spotřeba","","-0,40 L / 100 KM","Spotřeba mimo město","","-0,30 L / 100 KM"],"chartPower":"./chartPower/viper_(_2nd)_zb_1171672.png","chartTorque":"./chartTorque/viper_(_2nd)_zb_1171672.png"},{"id":"viper_(_2nd)_zb_1171674","fullName":"ChipTuning - Dodge Viper 8.4 V10 SRT10 - 612 HP ","desc":"Zvýšení výkonu motoru (chiptuning) vozidla Dodge Viper 8.4 V10 SRT10 - 612 HP je možné z původních 453 kW (615 HP) až na 494 kW (670 HP) a nárůst točivého momentu ze 763 Nm až na 847 Nm.,Maximální rychlost se po úpravě zvýší o + 7 KM/H a kombinovaná spotřeba se sníží v průměru o -0,70 L / 100 KM.","imgUrl":"./previews/viper_(_2nd)_zb_.png","fullDesc":"Níže naleznete parametry před a po úpravě Standard pro vozidlo: Dodge Viper 8.4 V10 SRT10 - 612 HP. Modelová řada ZB, vyráběná od roku 2010. Úprava tohoto modelu se provádí přes diagnostickou zásuvku. Řídící jednotka motoru od společnosti Motorola. Typ řídící jednotky NGC5. Předpokládaná doba úpravy tohoto modelu je 1 - 2 hodiny.","numbers":["Výkon HP","615 HP","670 HP","Výkon kW","453 kW","494 kW","Točivý moment Nm","763 Nm","847 Nm","Maximální rychlost","","+ 7 KM/H","Spotřeba město","","-0,50 L / 100 KM","Kombinovaná spotřeba","","-0,40 L / 100 KM","Spotřeba mimo město","","-0,30 L / 100 KM"],"chartPower":"./chartPower/viper_(_2nd)_zb_1171674.png","chartTorque":"./chartTorque/viper_(_2nd)_zb_1171674.png"},{"id":"viper_(_2nd)_zb_1171675","fullName":"ChipTuning - Dodge Viper 8.4 V10 SRT10 - 649 HP ","desc":"Zvýšení výkonu motoru (chiptuning) vozidla Dodge Viper 8.4 V10 SRT10 - 649 HP je možné z původních 474 kW (646 HP) až na 517 kW (704 HP) a nárůst točivého momentu ze 790 Nm až na 877 Nm.,Maximální rychlost se po úpravě zvýší o + 7 KM/H a kombinovaná spotřeba se sníží v průměru o -0,70 L / 100 KM.","imgUrl":"./previews/viper_(_2nd)_zb_.png","fullDesc":"Níže naleznete parametry před a po úpravě Standard pro vozidlo: Dodge Viper 8.4 V10 SRT10 - 649 HP. Modelová řada ZB, vyráběná od roku 2010. Úprava tohoto modelu se provádí přes diagnostickou zásuvku. Řídící jednotka motoru od společnosti Motorola. Typ řídící jednotky NGC5. Předpokládaná doba úpravy tohoto modelu je 1 - 2 hodiny.","numbers":["Výkon HP","646 HP","704 HP","Výkon kW","474 kW","517 kW","Točivý moment Nm","790 Nm","877 Nm","Maximální rychlost","","+ 7 KM/H","Spotřeba město","","-0,50 L / 100 KM","Kombinovaná spotřeba","","-0,40 L / 100 KM","Spotřeba mimo město","","-0,30 L / 100 KM"],"chartPower":"./chartPower/viper_(_2nd)_zb_1171675.png","chartTorque":"./chartTorque/viper_(_2nd)_zb_1171675.png"}]