[{"id":"ax7___1171678","fullName":"ChipTuning - Dongfeng AX7 1.6 16v Turbo - 165 HP ","desc":"Zvýšení výkonu motoru (chiptuning) vozidla Dongfeng AX7 1.6 16v Turbo - 165 HP je možné z původních 120 kW (164 HP) až na 158 kW (216 HP) a nárůst točivého momentu ze 239 Nm až na 326 Nm.,Maximální rychlost se po úpravě zvýší o + 9 KM/H a kombinovaná spotřeba se sníží v průměru o -0,70 L / 100 KM.","imgUrl":"./previews/ax7___.png","fullDesc":"Níže naleznete parametry před a po úpravě Standard pro vozidlo: Dongfeng AX7 1.6 16v Turbo - 165 HP. Modelová řada vyráběná od roku 2012. Úprava tohoto modelu se provádí připojením na konektory řídící jednotky bez rozebírání jednotky. Řídící jednotka motoru od společnosti Bosch. Typ řídící jednotky MED17.4.4. Předpokládaná doba úpravy tohoto modelu je 1.5 - 2.5 hodiny.","numbers":["Výkon HP","164 HP","204 HP","Výkon kW","120 kW","149 kW","Točivý moment Nm","239 Nm","301 Nm","Maximální rychlost","","+ 6 KM/H","Spotřeba město","","-0,50 L / 100 KM","Kombinovaná spotřeba","","-0,40 L / 100 KM","Spotřeba mimo město","","-0,30 L / 100 KM"],"chartPower":"./chartPower/ax7___1171678.png","chartTorque":"./chartTorque/ax7___1171678.png"},{"id":"ax7___1171692","fullName":"ChipTuning - Dongfeng AX7 2.0 16v - 147 HP ","desc":"Zvýšení výkonu motoru (chiptuning) vozidla Dongfeng AX7 2.0 16v - 147 HP je možné z původních 106 kW (145 HP) až na 117 kW (161 HP) a nárůst točivého momentu ze 198 Nm až na 222 Nm.,Maximální rychlost se po úpravě zvýší o + 2 KM/H a kombinovaná spotřeba se sníží v průměru o -0,50 L / 100 KM.","imgUrl":"./previews/ax7___.png","fullDesc":"Níže naleznete parametry před a po úpravě Standard pro vozidlo: Dongfeng AX7 2.0 16v - 147 HP. Modelová řada vyráběná od roku 2016. Řídící jednotka motoru od společnosti Magneti Marelli. Typ řídící jednotky IAW 6KPI. Předpokládaná doba úpravy tohoto modelu je 2 - 4 hodiny.","numbers":["Výkon HP","145 HP","161 HP","Výkon kW","106 kW","117 kW","Točivý moment Nm","198 Nm","222 Nm","Maximální rychlost","","+ 2 KM/H","Spotřeba město","","-0,30 L / 100 KM","Kombinovaná spotřeba","","-0,25 L / 100 KM","Spotřeba mimo město","","-0,20 L / 100 KM"],"chartPower":"./chartPower/ax7___1171692.png","chartTorque":"./chartTorque/ax7___1171692.png"},{"id":"ax7___1171688","fullName":"ChipTuning - Dongfeng AX7 2.0 16v Automat - 147 HP ","desc":"Zvýšení výkonu motoru (chiptuning) vozidla Dongfeng AX7 2.0 16v Automat - 147 HP je možné z původních 103 kW (142 HP) až na 114 kW (158 HP) a nárůst točivého momentu ze 195 Nm až na 219 Nm.,Maximální rychlost se po úpravě zvýší o + 2 KM/H a kombinovaná spotřeba se sníží v průměru o -0,50 L / 100 KM.","imgUrl":"./previews/ax7___.png","fullDesc":"Níže naleznete parametry před a po úpravě Standard pro vozidlo: Dongfeng AX7 2.0 16v Automat - 147 HP. Modelová řada vyráběná od roku 2016. Řídící jednotka motoru od společnosti Magneti Marelli. Typ řídící jednotky IAW 6KPI. Tato úprava je přizpůsobena pro automatickou převodovku. Předpokládaná doba úpravy tohoto modelu je 2 - 4 hodiny.","numbers":["Výkon HP","142 HP","158 HP","Výkon kW","103 kW","114 kW","Točivý moment Nm","195 Nm","219 Nm","Maximální rychlost","","+ 2 KM/H","Spotřeba město","","-0,30 L / 100 KM","Kombinovaná spotřeba","","-0,25 L / 100 KM","Spotřeba mimo město","","-0,20 L / 100 KM"],"chartPower":"./chartPower/ax7___1171688.png","chartTorque":"./chartTorque/ax7___1171688.png"},{"id":"ax7___1171696","fullName":"ChipTuning - Dongfeng AX7 2.3 16v Automat - 171 HP ","desc":"Zvýšení výkonu motoru (chiptuning) vozidla Dongfeng AX7 2.3 16v Automat - 171 HP je možné z původních 121 kW (166 HP) až na 134 kW (185 HP) a nárůst točivého momentu ze 225 Nm až na 253 Nm.,Maximální rychlost se po úpravě zvýší o + 3 KM/H a kombinovaná spotřeba se sníží v průměru o -0,60 L / 100 KM.","imgUrl":"./previews/ax7___.png","fullDesc":"Níže naleznete parametry před a po úpravě Standard pro vozidlo: Dongfeng AX7 2.3 16v Automat - 171 HP. Modelová řada vyráběná od roku 2016. Řídící jednotka motoru od společnosti Magneti Marelli. Typ řídící jednotky IAW 6KPI. Tato úprava je přizpůsobena pro automatickou převodovku. Předpokládaná doba úpravy tohoto modelu je 2 - 4 hodiny.","numbers":["Výkon HP","166 HP","185 HP","Výkon kW","121 kW","134 kW","Točivý moment Nm","225 Nm","253 Nm","Maximální rychlost","","+ 3 KM/H","Spotřeba město","","-0,40 L / 100 KM","Kombinovaná spotřeba","","-0,30 L / 100 KM","Spotřeba mimo město","","-0,20 L / 100 KM"],"chartPower":"./chartPower/ax7___1171696.png","chartTorque":"./chartTorque/ax7___1171696.png"},{"id":"venucia_e30_( 1st)__1171700","fullName":"ChipTuning - Dongfeng Venucia E30 80 kW AC - 109 HP ","desc":"Zvýšení výkonu motoru (chiptuning) vozidla Dongfeng Venucia E30 80 kW AC - 109 HP je možné z původních 80 kW (109 HP) až na 88 kW (121 HP) a nárůst točivého momentu ze 280 Nm až na 314 Nm.,Maximální rychlost se po úpravě zvýší o + 7 KM/H a kombinovaná spotřeba se sníží v průměru o -0,70 L / 100 KM.","imgUrl":"./previews/venucia_e30_( 1st)__.png","fullDesc":"Níže naleznete parametry před a po úpravě Standard pro vozidlo: Dongfeng Venucia E30 80 kW AC - 109 HP. Modelová řada vyráběná od roku 2010. Řídící jednotka motoru od společnosti Denso. Typ řídící jednotky 112731-8040. Předpokládaná doba úpravy tohoto modelu je 2 - 4 hodiny.","numbers":["Výkon HP","109 HP","121 HP","Výkon kW","80 kW","88 kW","Točivý moment Nm","280 Nm","314 Nm","Maximální rychlost","","+ 7 KM/H"],"chartPower":"./chartPower/venucia_e30_( 1st)__1171700.png","chartTorque":"./chartTorque/venucia_e30_( 1st)__1171700.png"}]