[{"id":"360_modena___1171722","fullName":"ChipTuning - Ferrari 360 Modena 3.6 V8 Challenge Stradale - 426 HP ","desc":"Zvýšení výkonu motoru (chiptuning) vozidla Ferrari 360 Modena 3.6 V8 Challenge Stradale - 426 HP je možné z původních 317 kW (430 HP) až na 348 kW (473 HP) a nárůst točivého momentu ze 377 Nm až na 422 Nm.,Maximální rychlost se po úpravě zvýší o + 7 KM/H a kombinovaná spotřeba se sníží v průměru o -0,70 L / 100 KM.","imgUrl":"./previews/360_modena___.png","fullDesc":"Níže naleznete parametry před a po úpravě Standard pro vozidlo: Ferrari 360 Modena 3.6 V8 Challenge Stradale - 426 HP. Modelová řada vyráběná od roku 2003. Úprava tohoto modelu se provádí přes diagnostickou zásuvku. Řídící jednotka motoru od společnosti Bosch. Typ řídící jednotky ME7.3. Předpokládaná doba úpravy tohoto modelu je 1 - 2 hodiny.","numbers":["Výkon HP","430 HP","473 HP","Výkon kW","317 kW","348 kW","Točivý moment Nm","377 Nm","422 Nm","Maximální rychlost","","+ 7 KM/H","Spotřeba město","","-0,50 L / 100 KM","Kombinovaná spotřeba","","-0,40 L / 100 KM","Spotřeba mimo město","","-0,30 L / 100 KM"],"chartPower":"./chartPower/360_modena___1171722.png","chartTorque":"./chartTorque/360_modena___1171722.png"},{"id":"360_modena___1171725","fullName":"ChipTuning - Ferrari 360 Modena 3.6 V8 Modena - 400 HP ","desc":"Zvýšení výkonu motoru (chiptuning) vozidla Ferrari 360 Modena 3.6 V8 Modena - 400 HP je možné z původních 295 kW (401 HP) až na 324 kW (441 HP) a nárůst točivého momentu ze 374 Nm až na 419 Nm.,Maximální rychlost se po úpravě zvýší o + 7 KM/H a kombinovaná spotřeba se sníží v průměru o -0,70 L / 100 KM.","imgUrl":"./previews/360_modena___.png","fullDesc":"Níže naleznete parametry před a po úpravě Standard pro vozidlo: Ferrari 360 Modena 3.6 V8 Modena - 400 HP. Modelová řada vyráběná od roku 1999. Úprava tohoto modelu se provádí přes diagnostickou zásuvku. Řídící jednotka motoru od společnosti Bosch. Typ řídící jednotky ME7.3. Předpokládaná doba úpravy tohoto modelu je 1 - 2 hodiny.","numbers":["Výkon HP","401 HP","441 HP","Výkon kW","295 kW","324 kW","Točivý moment Nm","374 Nm","419 Nm","Maximální rychlost","","+ 7 KM/H","Spotřeba město","","-0,50 L / 100 KM","Kombinovaná spotřeba","","-0,40 L / 100 KM","Spotřeba mimo město","","-0,30 L / 100 KM"],"chartPower":"./chartPower/360_modena___1171725.png","chartTorque":"./chartTorque/360_modena___1171725.png"},{"id":"360_modena___1171732","fullName":"ChipTuning - Ferrari 360 Modena 3.6 V8 Modena F1 - 400 HP ","desc":"Zvýšení výkonu motoru (chiptuning) vozidla Ferrari 360 Modena 3.6 V8 Modena F1 - 400 HP je možné z původních 297 kW (403 HP) až na 326 kW (443 HP) a nárůst točivého momentu ze 376 Nm až na 421 Nm.,Maximální rychlost se po úpravě zvýší o + 7 KM/H a kombinovaná spotřeba se sníží v průměru o -0,70 L / 100 KM.","imgUrl":"./previews/360_modena___.png","fullDesc":"Níže naleznete parametry před a po úpravě Standard pro vozidlo: Ferrari 360 Modena 3.6 V8 Modena F1 - 400 HP. Modelová řada vyráběná od roku 1999. Úprava tohoto modelu se provádí přes diagnostickou zásuvku. Řídící jednotka motoru od společnosti Bosch. Typ řídící jednotky ME7.3. Předpokládaná doba úpravy tohoto modelu je 1 - 2 hodiny.","numbers":["Výkon HP","403 HP","443 HP","Výkon kW","297 kW","326 kW","Točivý moment Nm","376 Nm","421 Nm","Maximální rychlost","","+ 7 KM/H","Spotřeba město","","-0,50 L / 100 KM","Kombinovaná spotřeba","","-0,40 L / 100 KM","Spotřeba mimo město","","-0,30 L / 100 KM"],"chartPower":"./chartPower/360_modena___1171732.png","chartTorque":"./chartTorque/360_modena___1171732.png"},{"id":"360_modena___1171739","fullName":"ChipTuning - Ferrari 360 Modena 3.6 V8 Spider - 400 HP ","desc":"Zvýšení výkonu motoru (chiptuning) vozidla Ferrari 360 Modena 3.6 V8 Spider - 400 HP je možné z původních 294 kW (400 HP) až na 323 kW (440 HP) a nárůst točivého momentu ze 373 Nm až na 418 Nm.,Maximální rychlost se po úpravě zvýší o + 7 KM/H a kombinovaná spotřeba se sníží v průměru o -0,70 L / 100 KM.","imgUrl":"./previews/360_modena___.png","fullDesc":"Níže naleznete parametry před a po úpravě Standard pro vozidlo: Ferrari 360 Modena 3.6 V8 Spider - 400 HP. Modelová řada vyráběná od roku 2000. Úprava tohoto modelu se provádí přes diagnostickou zásuvku. Řídící jednotka motoru od společnosti Bosch. Typ řídící jednotky ME7.3. Předpokládaná doba úpravy tohoto modelu je 1 - 2 hodiny.","numbers":["Výkon HP","400 HP","440 HP","Výkon kW","294 kW","323 kW","Točivý moment Nm","373 Nm","418 Nm","Maximální rychlost","","+ 7 KM/H","Spotřeba město","","-0,50 L / 100 KM","Kombinovaná spotřeba","","-0,40 L / 100 KM","Spotřeba mimo město","","-0,30 L / 100 KM"],"chartPower":"./chartPower/360_modena___1171739.png","chartTorque":"./chartTorque/360_modena___1171739.png"},{"id":"360_modena___1171745","fullName":"ChipTuning - Ferrari 360 Modena 3.6 V8 Spider F1 - 400 HP ","desc":"Zvýšení výkonu motoru (chiptuning) vozidla Ferrari 360 Modena 3.6 V8 Spider F1 - 400 HP je možné z původních 291 kW (397 HP) až na 320 kW (437 HP) a nárůst točivého momentu ze 370 Nm až na 415 Nm.,Maximální rychlost se po úpravě zvýší o + 7 KM/H a kombinovaná spotřeba se sníží v průměru o -0,70 L / 100 KM.","imgUrl":"./previews/360_modena___.png","fullDesc":"Níže naleznete parametry před a po úpravě Standard pro vozidlo: Ferrari 360 Modena 3.6 V8 Spider F1 - 400 HP. Modelová řada vyráběná od roku 2000. Úprava tohoto modelu se provádí přes diagnostickou zásuvku. Řídící jednotka motoru od společnosti Bosch. Typ řídící jednotky ME7.3. Předpokládaná doba úpravy tohoto modelu je 1 - 2 hodiny.","numbers":["Výkon HP","397 HP","437 HP","Výkon kW","291 kW","320 kW","Točivý moment Nm","370 Nm","415 Nm","Maximální rychlost","","+ 7 KM/H","Spotřeba město","","-0,50 L / 100 KM","Kombinovaná spotřeba","","-0,40 L / 100 KM","Spotřeba mimo město","","-0,30 L / 100 KM"],"chartPower":"./chartPower/360_modena___1171745.png","chartTorque":"./chartTorque/360_modena___1171745.png"},{"id":"458_italia___1171751","fullName":"ChipTuning - Ferrari 458 Italia 4.5 V8 Italia - 578 HP ","desc":"Zvýšení výkonu motoru (chiptuning) vozidla Ferrari 458 Italia 4.5 V8 Italia - 578 HP je možné z původních 430 kW (583 HP) až na 468 kW (635 HP) a nárůst točivého momentu ze 545 Nm až na 604 Nm.,Maximální rychlost se po úpravě zvýší o + 1 KM/H a kombinovaná spotřeba se sníží v průměru o -0,30 L / 100 KM.","imgUrl":"./previews/458_italia___.png","fullDesc":"Níže naleznete parametry před a po úpravě Standard pro vozidlo: Ferrari 458 Italia 4.5 V8 Italia - 578 HP. Modelová řada vyráběná od roku 2010. Úprava tohoto modelu se provádí přes diagnostickou zásuvku. Řídící jednotka motoru od společnosti Bosch. Typ řídící jednotky MED9.6.1. Předpokládaná doba úpravy tohoto modelu je 1 - 2 hodiny.","numbers":["Výkon HP","583 HP","635 HP","Výkon kW","430 kW","468 kW","Točivý moment Nm","545 Nm","604 Nm","Maximální rychlost","","+ 1 KM/H","Spotřeba město","","-0,20 L / 100 KM","Kombinovaná spotřeba","","-0,20 L / 100 KM","Spotřeba mimo město","","-0,10 L / 100 KM"],"chartPower":"./chartPower/458_italia___1171751.png","chartTorque":"./chartTorque/458_italia___1171751.png"},{"id":"458_italia___1171757","fullName":"ChipTuning - Ferrari 458 Italia 4.5 V8 Speciale - 605 HP ","desc":"Zvýšení výkonu motoru (chiptuning) vozidla Ferrari 458 Italia 4.5 V8 Speciale - 605 HP je možné z původních 441 kW (601 HP) až na 481 kW (655 HP) a nárůst točivého momentu ze 536 Nm až na 595 Nm.,Maximální rychlost se po úpravě zvýší o + 1 KM/H a kombinovaná spotřeba se sníží v průměru o -0,30 L / 100 KM.","imgUrl":"./previews/458_italia___.png","fullDesc":"Níže naleznete parametry před a po úpravě Standard pro vozidlo: Ferrari 458 Italia 4.5 V8 Speciale - 605 HP. Modelová řada vyráběná od roku 2014. Úprava tohoto modelu se provádí přes diagnostickou zásuvku. Řídící jednotka motoru od společnosti Bosch. Typ řídící jednotky MED9.6.1. Předpokládaná doba úpravy tohoto modelu je 1 - 2 hodiny.","numbers":["Výkon HP","601 HP","655 HP","Výkon kW","441 kW","481 kW","Točivý moment Nm","536 Nm","595 Nm","Maximální rychlost","","+ 1 KM/H","Spotřeba město","","-0,20 L / 100 KM","Kombinovaná spotřeba","","-0,20 L / 100 KM","Spotřeba mimo město","","-0,10 L / 100 KM"],"chartPower":"./chartPower/458_italia___1171757.png","chartTorque":"./chartTorque/458_italia___1171757.png"},{"id":"458_italia___1171759","fullName":"ChipTuning - Ferrari 458 Italia 4.5 V8 Speciale A - 605 HP ","desc":"Zvýšení výkonu motoru (chiptuning) vozidla Ferrari 458 Italia 4.5 V8 Speciale A - 605 HP je možné z původních 446 kW (606 HP) až na 486 kW (660 HP) a nárůst točivého momentu ze 541 Nm až na 600 Nm.,Maximální rychlost se po úpravě zvýší o + 1 KM/H a kombinovaná spotřeba se sníží v průměru o -0,30 L / 100 KM.","imgUrl":"./previews/458_italia___.png","fullDesc":"Níže naleznete parametry před a po úpravě Standard pro vozidlo: Ferrari 458 Italia 4.5 V8 Speciale A - 605 HP. Modelová řada vyráběná od roku 2014. Úprava tohoto modelu se provádí přes diagnostickou zásuvku. Řídící jednotka motoru od společnosti Bosch. Typ řídící jednotky MED9.6.1. Předpokládaná doba úpravy tohoto modelu je 1 - 2 hodiny.","numbers":["Výkon HP","606 HP","660 HP","Výkon kW","446 kW","486 kW","Točivý moment Nm","541 Nm","600 Nm","Maximální rychlost","","+ 1 KM/H","Spotřeba město","","-0,20 L / 100 KM","Kombinovaná spotřeba","","-0,20 L / 100 KM","Spotřeba mimo město","","-0,10 L / 100 KM"],"chartPower":"./chartPower/458_italia___1171759.png","chartTorque":"./chartTorque/458_italia___1171759.png"},{"id":"458_italia___1171761","fullName":"ChipTuning - Ferrari 458 Italia 4.5 V8 Spider - 578 HP ","desc":"Zvýšení výkonu motoru (chiptuning) vozidla Ferrari 458 Italia 4.5 V8 Spider - 578 HP je možné z původních 424 kW (577 HP) až na 462 kW (629 HP) a nárůst točivého momentu ze 539 Nm až na 598 Nm.,Maximální rychlost se po úpravě zvýší o + 1 KM/H a kombinovaná spotřeba se sníží v průměru o -0,30 L / 100 KM.","imgUrl":"./previews/458_italia___.png","fullDesc":"Níže naleznete parametry před a po úpravě Standard pro vozidlo: Ferrari 458 Italia 4.5 V8 Spider - 578 HP. Modelová řada vyráběná od roku 2011. Úprava tohoto modelu se provádí přes diagnostickou zásuvku. Řídící jednotka motoru od společnosti Bosch. Typ řídící jednotky MED9.6.1. Předpokládaná doba úpravy tohoto modelu je 1 - 2 hodiny.","numbers":["Výkon HP","577 HP","629 HP","Výkon kW","424 kW","462 kW","Točivý moment Nm","539 Nm","598 Nm","Maximální rychlost","","+ 1 KM/H","Spotřeba město","","-0,20 L / 100 KM","Kombinovaná spotřeba","","-0,20 L / 100 KM","Spotřeba mimo město","","-0,10 L / 100 KM"],"chartPower":"./chartPower/458_italia___1171761.png","chartTorque":"./chartTorque/458_italia___1171761.png"},{"id":"488_gtb___1171766","fullName":"ChipTuning - Ferrari 488 GTB 3.9 V8 Twin-Turbo - 670 HP ","desc":"Zvýšení výkonu motoru (chiptuning) vozidla Ferrari 488 GTB 3.9 V8 Twin-Turbo - 670 HP je možné z původních 494 kW (671 HP) až na 577 kW (784 HP) a nárůst točivého momentu ze 761 Nm až na 909 Nm.,Maximální rychlost se po úpravě zvýší o + 16 KM/H a kombinovaná spotřeba se sníží v průměru o -1,20 L / 100 KM.","imgUrl":"./previews/488_gtb___.png","fullDesc":"Níže naleznete parametry před a po úpravě Standard pro vozidlo: Ferrari 488 GTB 3.9 V8 Twin-Turbo - 670 HP. Modelová řada vyráběná od roku 2015. Řídící jednotka motoru od společnosti Bosch. Typ řídící jednotky MED17.3.5. Předpokládaná doba úpravy tohoto modelu je 2 - 4 hodiny.","numbers":["Výkon HP","671 HP","758 HP","Výkon kW","494 kW","558 kW","Točivý moment Nm","761 Nm","867 Nm","Maximální rychlost","","+ 12 KM/H","Spotřeba město","","-0,80 L / 100 KM","Kombinovaná spotřeba","","-0,70 L / 100 KM","Spotřeba mimo město","","-0,65 L / 100 KM"],"chartPower":"./chartPower/488_gtb___1171766.png","chartTorque":"./chartTorque/488_gtb___1171766.png"},{"id":"488_spider___1171768","fullName":"ChipTuning - Ferrari 488 Spider 3.9 V8 Twin-Turbo - 669 HP ","desc":"Zvýšení výkonu motoru (chiptuning) vozidla Ferrari 488 Spider 3.9 V8 Twin-Turbo - 669 HP je možné z původních 489 kW (666 HP) až na 572 kW (779 HP) a nárůst točivého momentu ze 757 Nm až na 905 Nm.,Maximální rychlost se po úpravě zvýší o + 16 KM/H a kombinovaná spotřeba se sníží v průměru o -1,20 L / 100 KM.","imgUrl":"./previews/488_spider___.png","fullDesc":"Níže naleznete parametry před a po úpravě Standard pro vozidlo: Ferrari 488 Spider 3.9 V8 Twin-Turbo - 669 HP. Modelová řada vyráběná od roku 2015. Řídící jednotka motoru od společnosti Bosch. Typ řídící jednotky MED17.3.5 M&S. Předpokládaná doba úpravy tohoto modelu je 2 - 4 hodiny.","numbers":["Výkon HP","666 HP","753 HP","Výkon kW","489 kW","553 kW","Točivý moment Nm","757 Nm","863 Nm","Maximální rychlost","","+ 12 KM/H","Spotřeba město","","-0,80 L / 100 KM","Kombinovaná spotřeba","","-0,70 L / 100 KM","Spotřeba mimo město","","-0,65 L / 100 KM"],"chartPower":"./chartPower/488_spider___1171768.png","chartTorque":"./chartTorque/488_spider___1171768.png"},{"id":"575_maranello___1171770","fullName":"ChipTuning - Ferrari 575 Maranello 5.8 V12 - 515 HP ","desc":"Zvýšení výkonu motoru (chiptuning) vozidla Ferrari 575 Maranello 5.8 V12 - 515 HP je možné z původních 383 kW (519 HP) až na 421 kW (571 HP) a nárůst točivého momentu ze 593 Nm až na 658 Nm.,Maximální rychlost se po úpravě zvýší o + 1 KM/H a kombinovaná spotřeba se sníží v průměru o -0,30 L / 100 KM.","imgUrl":"./previews/575_maranello___.png","fullDesc":"Níže naleznete parametry před a po úpravě Standard pro vozidlo: Ferrari 575 Maranello 5.8 V12 - 515 HP. Modelová řada vyráběná od roku 2001. Úprava tohoto modelu se provádí přes diagnostickou zásuvku. Řídící jednotka motoru od společnosti Bosch. Typ řídící jednotky ME7.3.2. Předpokládaná doba úpravy tohoto modelu je 1 - 2 hodiny.","numbers":["Výkon HP","519 HP","571 HP","Výkon kW","383 kW","421 kW","Točivý moment Nm","593 Nm","658 Nm","Maximální rychlost","","+ 1 KM/H","Spotřeba město","","-0,20 L / 100 KM","Kombinovaná spotřeba","","-0,20 L / 100 KM","Spotřeba mimo město","","-0,10 L / 100 KM"],"chartPower":"./chartPower/575_maranello___1171770.png","chartTorque":"./chartTorque/575_maranello___1171770.png"},{"id":"575_maranello___1171776","fullName":"ChipTuning - Ferrari 575 Maranello 5.8 V12 F1 - 515 HP ","desc":"Zvýšení výkonu motoru (chiptuning) vozidla Ferrari 575 Maranello 5.8 V12 F1 - 515 HP je možné z původních 374 kW (510 HP) až na 412 kW (562 HP) a nárůst točivého momentu ze 584 Nm až na 649 Nm.,Maximální rychlost se po úpravě zvýší o + 1 KM/H a kombinovaná spotřeba se sníží v průměru o -0,30 L / 100 KM.","imgUrl":"./previews/575_maranello___.png","fullDesc":"Níže naleznete parametry před a po úpravě Standard pro vozidlo: Ferrari 575 Maranello 5.8 V12 F1 - 515 HP. Modelová řada vyráběná od roku 2001. Úprava tohoto modelu se provádí přes diagnostickou zásuvku. Řídící jednotka motoru od společnosti Bosch. Typ řídící jednotky ME7.3.2. Předpokládaná doba úpravy tohoto modelu je 1 - 2 hodiny.","numbers":["Výkon HP","510 HP","562 HP","Výkon kW","374 kW","412 kW","Točivý moment Nm","584 Nm","649 Nm","Maximální rychlost","","+ 1 KM/H","Spotřeba město","","-0,20 L / 100 KM","Kombinovaná spotřeba","","-0,20 L / 100 KM","Spotřeba mimo město","","-0,10 L / 100 KM"],"chartPower":"./chartPower/575_maranello___1171776.png","chartTorque":"./chartTorque/575_maranello___1171776.png"},{"id":"575_maranello___1171782","fullName":"ChipTuning - Ferrari 575 Maranello 5.8 V12 GTZ Zagato - 540 HP ","desc":"Zvýšení výkonu motoru (chiptuning) vozidla Ferrari 575 Maranello 5.8 V12 GTZ Zagato - 540 HP je možné z původních 394 kW (537 HP) až na 434 kW (591 HP) a nárůst točivého momentu ze 585 Nm až na 650 Nm.,Maximální rychlost se po úpravě zvýší o + 1 KM/H a kombinovaná spotřeba se sníží v průměru o -0,30 L / 100 KM.","imgUrl":"./previews/575_maranello___.png","fullDesc":"Níže naleznete parametry před a po úpravě Standard pro vozidlo: Ferrari 575 Maranello 5.8 V12 GTZ Zagato - 540 HP. Modelová řada vyráběná od roku 2006. Úprava tohoto modelu se provádí přes diagnostickou zásuvku. Řídící jednotka motoru od společnosti Bosch. Typ řídící jednotky ME7.3.2. Předpokládaná doba úpravy tohoto modelu je 1 - 2 hodiny.","numbers":["Výkon HP","537 HP","591 HP","Výkon kW","394 kW","434 kW","Točivý moment Nm","585 Nm","650 Nm","Maximální rychlost","","+ 1 KM/H","Spotřeba město","","-0,20 L / 100 KM","Kombinovaná spotřeba","","-0,20 L / 100 KM","Spotřeba mimo město","","-0,10 L / 100 KM"],"chartPower":"./chartPower/575_maranello___1171782.png","chartTorque":"./chartTorque/575_maranello___1171782.png"},{"id":"575_maranello___1171783","fullName":"ChipTuning - Ferrari 575 Maranello 5.8 V12 Superamerica - 540 HP ","desc":"Zvýšení výkonu motoru (chiptuning) vozidla Ferrari 575 Maranello 5.8 V12 Superamerica - 540 HP je možné z původních 397 kW (540 HP) až na 437 kW (594 HP) a nárůst točivého momentu ze 588 Nm až na 653 Nm.,Maximální rychlost se po úpravě zvýší o + 1 KM/H a kombinovaná spotřeba se sníží v průměru o -0,30 L / 100 KM.","imgUrl":"./previews/575_maranello___.png","fullDesc":"Níže naleznete parametry před a po úpravě Standard pro vozidlo: Ferrari 575 Maranello 5.8 V12 Superamerica - 540 HP. Modelová řada vyráběná od roku 2004. Úprava tohoto modelu se provádí přes diagnostickou zásuvku. Řídící jednotka motoru od společnosti Bosch. Typ řídící jednotky ME7.3.2. Předpokládaná doba úpravy tohoto modelu je 1 - 2 hodiny.","numbers":["Výkon HP","540 HP","594 HP","Výkon kW","397 kW","437 kW","Točivý moment Nm","588 Nm","653 Nm","Maximální rychlost","","+ 1 KM/H","Spotřeba město","","-0,20 L / 100 KM","Kombinovaná spotřeba","","-0,20 L / 100 KM","Spotřeba mimo město","","-0,10 L / 100 KM"],"chartPower":"./chartPower/575_maranello___1171783.png","chartTorque":"./chartTorque/575_maranello___1171783.png"},{"id":"575_maranello___1171786","fullName":"ChipTuning - Ferrari 575 Maranello 5.8 V12 Superamerica F1 - 540 HP ","desc":"Zvýšení výkonu motoru (chiptuning) vozidla Ferrari 575 Maranello 5.8 V12 Superamerica F1 - 540 HP je možné z původních 393 kW (536 HP) až na 433 kW (590 HP) a nárůst točivého momentu ze 584 Nm až na 649 Nm.,Maximální rychlost se po úpravě zvýší o + 1 KM/H a kombinovaná spotřeba se sníží v průměru o -0,30 L / 100 KM.","imgUrl":"./previews/575_maranello___.png","fullDesc":"Níže naleznete parametry před a po úpravě Standard pro vozidlo: Ferrari 575 Maranello 5.8 V12 Superamerica F1 - 540 HP. Modelová řada vyráběná od roku 2004. Úprava tohoto modelu se provádí přes diagnostickou zásuvku. Řídící jednotka motoru od společnosti Bosch. Typ řídící jednotky ME7.3.2. Předpokládaná doba úpravy tohoto modelu je 1 - 2 hodiny.","numbers":["Výkon HP","536 HP","590 HP","Výkon kW","393 kW","433 kW","Točivý moment Nm","584 Nm","649 Nm","Maximální rychlost","","+ 1 KM/H","Spotřeba město","","-0,20 L / 100 KM","Kombinovaná spotřeba","","-0,20 L / 100 KM","Spotřeba mimo město","","-0,10 L / 100 KM"],"chartPower":"./chartPower/575_maranello___1171786.png","chartTorque":"./chartTorque/575_maranello___1171786.png"},{"id":"599_fiorano___1171789","fullName":"ChipTuning - Ferrari 599 Fiorano 6.0 V12 GTB Fiorano - 620 HP ","desc":"Zvýšení výkonu motoru (chiptuning) vozidla Ferrari 599 Fiorano 6.0 V12 GTB Fiorano - 620 HP je možné z původních 460 kW (624 HP) až na 501 kW (680 HP) a nárůst točivého momentu ze 612 Nm až na 679 Nm.,Maximální rychlost se po úpravě zvýší o + 1 KM/H a kombinovaná spotřeba se sníží v průměru o -0,30 L / 100 KM.","imgUrl":"./previews/599_fiorano___.png","fullDesc":"Níže naleznete parametry před a po úpravě Standard pro vozidlo: Ferrari 599 Fiorano 6.0 V12 GTB Fiorano - 620 HP. Modelová řada vyráběná od roku 2006. Úprava tohoto modelu se provádí přes diagnostickou zásuvku. Řídící jednotka motoru od společnosti Bosch. Typ řídící jednotky ME7.3.2. Předpokládaná doba úpravy tohoto modelu je 1 - 2 hodiny.","numbers":["Výkon HP","624 HP","680 HP","Výkon kW","460 kW","501 kW","Točivý moment Nm","612 Nm","679 Nm","Maximální rychlost","","+ 1 KM/H","Spotřeba město","","-0,20 L / 100 KM","Kombinovaná spotřeba","","-0,20 L / 100 KM","Spotřeba mimo město","","-0,10 L / 100 KM"],"chartPower":"./chartPower/599_fiorano___1171789.png","chartTorque":"./chartTorque/599_fiorano___1171789.png"},{"id":"599_fiorano___1171796","fullName":"ChipTuning - Ferrari 599 Fiorano 6.0 V12 GTB Fiorano China Special Edition - 620 HP ","desc":"Zvýšení výkonu motoru (chiptuning) vozidla Ferrari 599 Fiorano 6.0 V12 GTB Fiorano China Special Edition - 620 HP je možné z původních 453 kW (617 HP) až na 494 kW (673 HP) a nárůst točivého momentu ze 605 Nm až na 672 Nm.,Maximální rychlost se po úpravě zvýší o + 1 KM/H a kombinovaná spotřeba se sníží v průměru o -0,30 L / 100 KM.","imgUrl":"./previews/599_fiorano___.png","fullDesc":"Níže naleznete parametry před a po úpravě Standard pro vozidlo: Ferrari 599 Fiorano 6.0 V12 GTB Fiorano China Special Edition - 620 HP. Modelová řada vyráběná od roku 2009. Úprava tohoto modelu se provádí přes diagnostickou zásuvku. Řídící jednotka motoru od společnosti Bosch. Typ řídící jednotky ME7.3.2. Předpokládaná doba úpravy tohoto modelu je 1 - 2 hodiny.","numbers":["Výkon HP","617 HP","673 HP","Výkon kW","453 kW","494 kW","Točivý moment Nm","605 Nm","672 Nm","Maximální rychlost","","+ 1 KM/H","Spotřeba město","","-0,20 L / 100 KM","Kombinovaná spotřeba","","-0,20 L / 100 KM","Spotřeba mimo město","","-0,10 L / 100 KM"],"chartPower":"./chartPower/599_fiorano___1171796.png","chartTorque":"./chartTorque/599_fiorano___1171796.png"},{"id":"599_fiorano___1171797","fullName":"ChipTuning - Ferrari 599 Fiorano 6.0 V12 GTB Fiorano F1 - 620 HP ","desc":"Zvýšení výkonu motoru (chiptuning) vozidla Ferrari 599 Fiorano 6.0 V12 GTB Fiorano F1 - 620 HP je možné z původních 451 kW (615 HP) až na 492 kW (671 HP) a nárůst točivého momentu ze 603 Nm až na 670 Nm.,Maximální rychlost se po úpravě zvýší o + 1 KM/H a kombinovaná spotřeba se sníží v průměru o -0,30 L / 100 KM.","imgUrl":"./previews/599_fiorano___.png","fullDesc":"Níže naleznete parametry před a po úpravě Standard pro vozidlo: Ferrari 599 Fiorano 6.0 V12 GTB Fiorano F1 - 620 HP. Modelová řada vyráběná od roku 2006. Úprava tohoto modelu se provádí přes diagnostickou zásuvku. Řídící jednotka motoru od společnosti Bosch. Typ řídící jednotky ME7.3.2. Předpokládaná doba úpravy tohoto modelu je 1 - 2 hodiny.","numbers":["Výkon HP","615 HP","671 HP","Výkon kW","451 kW","492 kW","Točivý moment Nm","603 Nm","670 Nm","Maximální rychlost","","+ 1 KM/H","Spotřeba město","","-0,20 L / 100 KM","Kombinovaná spotřeba","","-0,20 L / 100 KM","Spotřeba mimo město","","-0,10 L / 100 KM"],"chartPower":"./chartPower/599_fiorano___1171797.png","chartTorque":"./chartTorque/599_fiorano___1171797.png"},{"id":"599_fiorano___1171804","fullName":"ChipTuning - Ferrari 599 Fiorano 6.0 V12 GTB Fiorano HGTE - 620 HP ","desc":"Zvýšení výkonu motoru (chiptuning) vozidla Ferrari 599 Fiorano 6.0 V12 GTB Fiorano HGTE - 620 HP je možné z původních 454 kW (618 HP) až na 495 kW (674 HP) a nárůst točivého momentu ze 606 Nm až na 673 Nm.,Maximální rychlost se po úpravě zvýší o + 1 KM/H a kombinovaná spotřeba se sníží v průměru o -0,30 L / 100 KM.","imgUrl":"./previews/599_fiorano___.png","fullDesc":"Níže naleznete parametry před a po úpravě Standard pro vozidlo: Ferrari 599 Fiorano 6.0 V12 GTB Fiorano HGTE - 620 HP. Modelová řada vyráběná od roku 2009. Úprava tohoto modelu se provádí přes diagnostickou zásuvku. Řídící jednotka motoru od společnosti Bosch. Typ řídící jednotky ME7.3.2. Předpokládaná doba úpravy tohoto modelu je 1 - 2 hodiny.","numbers":["Výkon HP","618 HP","674 HP","Výkon kW","454 kW","495 kW","Točivý moment Nm","606 Nm","673 Nm","Maximální rychlost","","+ 1 KM/H","Spotřeba město","","-0,20 L / 100 KM","Kombinovaná spotřeba","","-0,20 L / 100 KM","Spotřeba mimo město","","-0,10 L / 100 KM"],"chartPower":"./chartPower/599_fiorano___1171804.png","chartTorque":"./chartTorque/599_fiorano___1171804.png"},{"id":"599_gto___1171808","fullName":"ChipTuning - Ferrari 599 GTO 6.0 V12 GTO - 670 HP ","desc":"Zvýšení výkonu motoru (chiptuning) vozidla Ferrari 599 GTO 6.0 V12 GTO - 670 HP je možné z původních 493 kW (670 HP) až na 537 kW (730 HP) a nárůst točivého momentu ze 620 Nm až na 688 Nm.,Maximální rychlost se po úpravě zvýší o + 1 KM/H a kombinovaná spotřeba se sníží v průměru o -0,30 L / 100 KM.","imgUrl":"./previews/599_gto___.png","fullDesc":"Níže naleznete parametry před a po úpravě Standard pro vozidlo: Ferrari 599 GTO 6.0 V12 GTO - 670 HP. Modelová řada vyráběná od roku 2010. Úprava tohoto modelu se provádí přes diagnostickou zásuvku. Řídící jednotka motoru od společnosti Bosch. Typ řídící jednotky ME7.3.2. Předpokládaná doba úpravy tohoto modelu je 1 - 2 hodiny.","numbers":["Výkon HP","670 HP","730 HP","Výkon kW","493 kW","537 kW","Točivý moment Nm","620 Nm","688 Nm","Maximální rychlost","","+ 1 KM/H","Spotřeba město","","-0,20 L / 100 KM","Kombinovaná spotřeba","","-0,20 L / 100 KM","Spotřeba mimo město","","-0,10 L / 100 KM"],"chartPower":"./chartPower/599_gto___1171808.png","chartTorque":"./chartTorque/599_gto___1171808.png"},{"id":"612_scaglietti___1171814","fullName":"ChipTuning - Ferrari 612 Scaglietti 5.8 V12 - 540 HP ","desc":"Zvýšení výkonu motoru (chiptuning) vozidla Ferrari 612 Scaglietti 5.8 V12 - 540 HP je možné z původních 392 kW (535 HP) až na 432 kW (589 HP) a nárůst točivého momentu ze 584 Nm až na 649 Nm.,Maximální rychlost se po úpravě zvýší o + 1 KM/H a kombinovaná spotřeba se sníží v průměru o -0,30 L / 100 KM.","imgUrl":"./previews/612_scaglietti___.png","fullDesc":"Níže naleznete parametry před a po úpravě Standard pro vozidlo: Ferrari 612 Scaglietti 5.8 V12 - 540 HP. Modelová řada vyráběná od roku 2004. Úprava tohoto modelu se provádí přes diagnostickou zásuvku. Řídící jednotka motoru od společnosti Bosch. Typ řídící jednotky ME7.3.2. Předpokládaná doba úpravy tohoto modelu je 1 - 2 hodiny.","numbers":["Výkon HP","535 HP","589 HP","Výkon kW","392 kW","432 kW","Točivý moment Nm","584 Nm","649 Nm","Maximální rychlost","","+ 1 KM/H","Spotřeba město","","-0,20 L / 100 KM","Kombinovaná spotřeba","","-0,20 L / 100 KM","Spotřeba mimo město","","-0,10 L / 100 KM"],"chartPower":"./chartPower/612_scaglietti___1171814.png","chartTorque":"./chartTorque/612_scaglietti___1171814.png"},{"id":"612_scaglietti___1171819","fullName":"ChipTuning - Ferrari 612 Scaglietti 5.8 V12 F1 - 540 HP ","desc":"Zvýšení výkonu motoru (chiptuning) vozidla Ferrari 612 Scaglietti 5.8 V12 F1 - 540 HP je možné z původních 395 kW (538 HP) až na 435 kW (592 HP) a nárůst točivého momentu ze 587 Nm až na 652 Nm.,Maximální rychlost se po úpravě zvýší o + 1 KM/H a kombinovaná spotřeba se sníží v průměru o -0,30 L / 100 KM.","imgUrl":"./previews/612_scaglietti___.png","fullDesc":"Níže naleznete parametry před a po úpravě Standard pro vozidlo: Ferrari 612 Scaglietti 5.8 V12 F1 - 540 HP. Modelová řada vyráběná od roku 2004. Úprava tohoto modelu se provádí přes diagnostickou zásuvku. Řídící jednotka motoru od společnosti Bosch. Typ řídící jednotky ME7.3.2. Předpokládaná doba úpravy tohoto modelu je 1 - 2 hodiny.","numbers":["Výkon HP","538 HP","592 HP","Výkon kW","395 kW","435 kW","Točivý moment Nm","587 Nm","652 Nm","Maximální rychlost","","+ 1 KM/H","Spotřeba město","","-0,20 L / 100 KM","Kombinovaná spotřeba","","-0,20 L / 100 KM","Spotřeba mimo město","","-0,10 L / 100 KM"],"chartPower":"./chartPower/612_scaglietti___1171819.png","chartTorque":"./chartTorque/612_scaglietti___1171819.png"},{"id":"812_superfast___1171824","fullName":"ChipTuning - Ferrari 812 Superfast 6.5 V12 - 800 HP ","desc":"Zvýšení výkonu motoru (chiptuning) vozidla Ferrari 812 Superfast 6.5 V12 - 800 HP je možné z původních 585 kW (797 HP) až na 638 kW (869 HP) a nárůst točivého momentu ze 715 Nm až na 794 Nm.,Maximální rychlost se po úpravě zvýší o + 7 KM/H a kombinovaná spotřeba se sníží v průměru o -0,70 L / 100 KM.","imgUrl":"./previews/812_superfast___.png","fullDesc":"Níže naleznete parametry před a po úpravě Standard pro vozidlo: Ferrari 812 Superfast 6.5 V12 - 800 HP. Modelová řada vyráběná od roku 2017. Úprava tohoto modelu se provádí připojením na konektory řídící jednotky bez rozebírání jednotky. Řídící jednotka motoru od společnosti Bosch. Typ řídící jednotky MED17.3.5. Předpokládaná doba úpravy tohoto modelu je 1.5 - 2.5 hodiny.","numbers":["Výkon HP","797 HP","869 HP","Výkon kW","585 kW","638 kW","Točivý moment Nm","715 Nm","794 Nm","Maximální rychlost","","+ 7 KM/H","Spotřeba město","","-0,50 L / 100 KM","Kombinovaná spotřeba","","-0,40 L / 100 KM","Spotřeba mimo město","","-0,30 L / 100 KM"],"chartPower":"./chartPower/812_superfast___1171824.png","chartTorque":"./chartTorque/812_superfast___1171824.png"},{"id":"california___1171827","fullName":"ChipTuning - Ferrari California 4.3 V8 - 460 HP ","desc":"Zvýšení výkonu motoru (chiptuning) vozidla Ferrari California 4.3 V8 - 460 HP je možné z původních 333 kW (455 HP) až na 367 kW (501 HP) a nárůst točivého momentu ze 480 Nm až na 533 Nm.,Maximální rychlost se po úpravě zvýší o + 7 KM/H a kombinovaná spotřeba se sníží v průměru o -0,70 L / 100 KM.","imgUrl":"./previews/california___.png","fullDesc":"Níže naleznete parametry před a po úpravě Standard pro vozidlo: Ferrari California 4.3 V8 - 460 HP. Modelová řada vyráběná od roku 2009. Úprava tohoto modelu se provádí přes diagnostickou zásuvku. Řídící jednotka motoru od společnosti Bosch. Typ řídící jednotky MED9.6.1. Předpokládaná doba úpravy tohoto modelu je 1 - 2 hodiny.","numbers":["Výkon HP","455 HP","501 HP","Výkon kW","333 kW","367 kW","Točivý moment Nm","480 Nm","533 Nm","Maximální rychlost","","+ 7 KM/H","Spotřeba město","","-0,50 L / 100 KM","Kombinovaná spotřeba","","-0,40 L / 100 KM","Spotřeba mimo město","","-0,30 L / 100 KM"],"chartPower":"./chartPower/california___1171827.png","chartTorque":"./chartTorque/california___1171827.png"},{"id":"california___1171830","fullName":"ChipTuning - Ferrari California 4.3 V8 F1 - 460 HP ","desc":"Zvýšení výkonu motoru (chiptuning) vozidla Ferrari California 4.3 V8 F1 - 460 HP je možné z původních 343 kW (465 HP) až na 377 kW (511 HP) a nárůst točivého momentu ze 490 Nm až na 543 Nm.,Maximální rychlost se po úpravě zvýší o + 7 KM/H a kombinovaná spotřeba se sníží v průměru o -0,70 L / 100 KM.","imgUrl":"./previews/california___.png","fullDesc":"Níže naleznete parametry před a po úpravě Standard pro vozidlo: Ferrari California 4.3 V8 F1 - 460 HP. Modelová řada vyráběná od roku 2009. Úprava tohoto modelu se provádí přes diagnostickou zásuvku. Řídící jednotka motoru od společnosti Bosch. Typ řídící jednotky MED9.6.1. Předpokládaná doba úpravy tohoto modelu je 1 - 2 hodiny.","numbers":["Výkon HP","465 HP","511 HP","Výkon kW","343 kW","377 kW","Točivý moment Nm","490 Nm","543 Nm","Maximální rychlost","","+ 7 KM/H","Spotřeba město","","-0,50 L / 100 KM","Kombinovaná spotřeba","","-0,40 L / 100 KM","Spotřeba mimo město","","-0,30 L / 100 KM"],"chartPower":"./chartPower/california___1171830.png","chartTorque":"./chartTorque/california___1171830.png"},{"id":"california___1171833","fullName":"ChipTuning - Ferrari California 4.3 V8 F1 - 490 HP ","desc":"Zvýšení výkonu motoru (chiptuning) vozidla Ferrari California 4.3 V8 F1 - 490 HP je možné z původních 360 kW (490 HP) až na 421 kW (573 HP) a nárůst točivého momentu ze 505 Nm až na 632 Nm.,Maximální rychlost se po úpravě zvýší o + 16 KM/H a kombinovaná spotřeba se sníží v průměru o -1,20 L / 100 KM.","imgUrl":"./previews/california___.png","fullDesc":"Níže naleznete parametry před a po úpravě Standard pro vozidlo: Ferrari California 4.3 V8 F1 - 490 HP. Modelová řada vyráběná od roku 2012. Úprava tohoto modelu se provádí přes diagnostickou zásuvku. Řídící jednotka motoru od společnosti Bosch. Typ řídící jednotky MED9.6.1. Předpokládaná doba úpravy tohoto modelu je 1 - 2 hodiny.","numbers":["Výkon HP","490 HP","554 HP","Výkon kW","360 kW","407 kW","Točivý moment Nm","505 Nm","596 Nm","Maximální rychlost","","+ 12 KM/H","Spotřeba město","","-0,80 L / 100 KM","Kombinovaná spotřeba","","-0,70 L / 100 KM","Spotřeba mimo město","","-0,65 L / 100 KM"],"chartPower":"./chartPower/california___1171833.png","chartTorque":"./chartTorque/california___1171833.png"},{"id":"california_t___1171836","fullName":"ChipTuning - Ferrari California T 3.8 V8 Twin-Turbo - 560 HP ","desc":"Zvýšení výkonu motoru (chiptuning) vozidla Ferrari California T 3.8 V8 Twin-Turbo - 560 HP je možné z původních 412 kW (560 HP) až na 482 kW (655 HP) a nárůst točivého momentu ze 755 Nm až na 903 Nm.,Maximální rychlost se po úpravě zvýší o + 16 KM/H a kombinovaná spotřeba se sníží v průměru o -1,20 L / 100 KM.","imgUrl":"./previews/california_t___.png","fullDesc":"Níže naleznete parametry před a po úpravě Standard pro vozidlo: Ferrari California T 3.8 V8 Twin-Turbo - 560 HP. Modelová řada vyráběná od roku 2015. Úprava tohoto modelu se provádí připojením na konektory řídící jednotky bez rozebírání jednotky. Řídící jednotka motoru od společnosti Bosch. Typ řídící jednotky MED17.3.5. Předpokládaná doba úpravy tohoto modelu je 1.5 - 2.5 hodiny.","numbers":["Výkon HP","560 HP","633 HP","Výkon kW","412 kW","466 kW","Točivý moment Nm","755 Nm","861 Nm","Maximální rychlost","","+ 12 KM/H","Spotřeba město","","-0,80 L / 100 KM","Kombinovaná spotřeba","","-0,70 L / 100 KM","Spotřeba mimo město","","-0,65 L / 100 KM"],"chartPower":"./chartPower/california_t___1171836.png","chartTorque":"./chartTorque/california_t___1171836.png"},{"id":"enzo___1171842","fullName":"ChipTuning - Ferrari Enzo 6.0 V12 - 660 HP ","desc":"Zvýšení výkonu motoru (chiptuning) vozidla Ferrari Enzo 6.0 V12 - 660 HP je možné z původních 483 kW (658 HP) až na 527 kW (717 HP) a nárůst točivého momentu ze 655 Nm až na 727 Nm.,Maximální rychlost se po úpravě zvýší o + 1 KM/H a kombinovaná spotřeba se sníží v průměru o -0,30 L / 100 KM.","imgUrl":"./previews/enzo___.png","fullDesc":"Níže naleznete parametry před a po úpravě Standard pro vozidlo: Ferrari Enzo 6.0 V12 - 660 HP. Modelová řada vyráběná od roku 2004. Úprava tohoto modelu se provádí přes diagnostickou zásuvku. Řídící jednotka motoru od společnosti Bosch. Typ řídící jednotky ME7.3.2. Předpokládaná doba úpravy tohoto modelu je 1 - 2 hodiny.","numbers":["Výkon HP","658 HP","717 HP","Výkon kW","483 kW","527 kW","Točivý moment Nm","655 Nm","727 Nm","Maximální rychlost","","+ 1 KM/H","Spotřeba město","","-0,20 L / 100 KM","Kombinovaná spotřeba","","-0,20 L / 100 KM","Spotřeba mimo město","","-0,10 L / 100 KM"],"chartPower":"./chartPower/enzo___1171842.png","chartTorque":"./chartTorque/enzo___1171842.png"},{"id":"f12_berlinetta___1171843","fullName":"ChipTuning - Ferrari F12 Berlinetta 6.2 V12 - 741 HP ","desc":"Zvýšení výkonu motoru (chiptuning) vozidla Ferrari F12 Berlinetta 6.2 V12 - 741 HP je možné z původních 540 kW (736 HP) až na 589 kW (803 HP) a nárůst točivého momentu ze 685 Nm až na 761 Nm.,Maximální rychlost se po úpravě zvýší o + 1 KM/H a kombinovaná spotřeba se sníží v průměru o -0,30 L / 100 KM.","imgUrl":"./previews/f12_berlinetta___.png","fullDesc":"Níže naleznete parametry před a po úpravě Standard pro vozidlo: Ferrari F12 Berlinetta 6.2 V12 - 741 HP. Modelová řada vyráběná od roku 2012. Úprava tohoto modelu se provádí přes diagnostickou zásuvku. Řídící jednotka motoru od společnosti Bosch. Typ řídící jednotky MED9.6.1. Předpokládaná doba úpravy tohoto modelu je 1 - 2 hodiny.","numbers":["Výkon HP","736 HP","803 HP","Výkon kW","540 kW","589 kW","Točivý moment Nm","685 Nm","761 Nm","Maximální rychlost","","+ 1 KM/H","Spotřeba město","","-0,20 L / 100 KM","Kombinovaná spotřeba","","-0,20 L / 100 KM","Spotřeba mimo město","","-0,10 L / 100 KM"],"chartPower":"./chartPower/f12_berlinetta___1171843.png","chartTorque":"./chartTorque/f12_berlinetta___1171843.png"},{"id":"f430___1171847","fullName":"ChipTuning - Ferrari F430 4.3 V8 430 Scuderia - 510 HP ","desc":"Zvýšení výkonu motoru (chiptuning) vozidla Ferrari F430 4.3 V8 430 Scuderia - 510 HP je možné z původních 372 kW (507 HP) až na 410 kW (558 HP) a nárůst točivého momentu ze 467 Nm až na 519 Nm.,Maximální rychlost se po úpravě zvýší o + 1 KM/H a kombinovaná spotřeba se sníží v průměru o -0,30 L / 100 KM.","imgUrl":"./previews/f430___.png","fullDesc":"Níže naleznete parametry před a po úpravě Standard pro vozidlo: Ferrari F430 4.3 V8 430 Scuderia - 510 HP. Modelová řada vyráběná od roku 2007. Úprava tohoto modelu se provádí přes diagnostickou zásuvku. Řídící jednotka motoru od společnosti Bosch. Typ řídící jednotky ME7.3.2. Předpokládaná doba úpravy tohoto modelu je 1 - 2 hodiny.","numbers":["Výkon HP","507 HP","558 HP","Výkon kW","372 kW","410 kW","Točivý moment Nm","467 Nm","519 Nm","Maximální rychlost","","+ 1 KM/H","Spotřeba město","","-0,20 L / 100 KM","Kombinovaná spotřeba","","-0,20 L / 100 KM","Spotřeba mimo město","","-0,10 L / 100 KM"],"chartPower":"./chartPower/f430___1171847.png","chartTorque":"./chartTorque/f430___1171847.png"},{"id":"f430___1171850","fullName":"ChipTuning - Ferrari F430 4.3 V8 Berlinetta - 490 HP ","desc":"Zvýšení výkonu motoru (chiptuning) vozidla Ferrari F430 4.3 V8 Berlinetta - 490 HP je možné z původních 356 kW (486 HP) až na 392 kW (535 HP) a nárůst točivého momentu ze 461 Nm až na 512 Nm.,Maximální rychlost se po úpravě zvýší o + 1 KM/H a kombinovaná spotřeba se sníží v průměru o -0,30 L / 100 KM.","imgUrl":"./previews/f430___.png","fullDesc":"Níže naleznete parametry před a po úpravě Standard pro vozidlo: Ferrari F430 4.3 V8 Berlinetta - 490 HP. Modelová řada vyráběná od roku 2004. Úprava tohoto modelu se provádí přes diagnostickou zásuvku. Řídící jednotka motoru od společnosti Bosch. Typ řídící jednotky ME7.3.2. Předpokládaná doba úpravy tohoto modelu je 1 - 2 hodiny.","numbers":["Výkon HP","486 HP","535 HP","Výkon kW","356 kW","392 kW","Točivý moment Nm","461 Nm","512 Nm","Maximální rychlost","","+ 1 KM/H","Spotřeba město","","-0,20 L / 100 KM","Kombinovaná spotřeba","","-0,20 L / 100 KM","Spotřeba mimo město","","-0,10 L / 100 KM"],"chartPower":"./chartPower/f430___1171850.png","chartTorque":"./chartTorque/f430___1171850.png"},{"id":"f430___1171856","fullName":"ChipTuning - Ferrari F430 4.3 V8 Berlinetta F1 - 490 HP ","desc":"Zvýšení výkonu motoru (chiptuning) vozidla Ferrari F430 4.3 V8 Berlinetta F1 - 490 HP je možné z původních 363 kW (493 HP) až na 399 kW (542 HP) a nárůst točivého momentu ze 468 Nm až na 519 Nm.,Maximální rychlost se po úpravě zvýší o + 1 KM/H a kombinovaná spotřeba se sníží v průměru o -0,30 L / 100 KM.","imgUrl":"./previews/f430___.png","fullDesc":"Níže naleznete parametry před a po úpravě Standard pro vozidlo: Ferrari F430 4.3 V8 Berlinetta F1 - 490 HP. Modelová řada vyráběná od roku 2004. Úprava tohoto modelu se provádí přes diagnostickou zásuvku. Řídící jednotka motoru od společnosti Bosch. Typ řídící jednotky ME7.3.2. Předpokládaná doba úpravy tohoto modelu je 1 - 2 hodiny.","numbers":["Výkon HP","493 HP","542 HP","Výkon kW","363 kW","399 kW","Točivý moment Nm","468 Nm","519 Nm","Maximální rychlost","","+ 1 KM/H","Spotřeba město","","-0,20 L / 100 KM","Kombinovaná spotřeba","","-0,20 L / 100 KM","Spotřeba mimo město","","-0,10 L / 100 KM"],"chartPower":"./chartPower/f430___1171856.png","chartTorque":"./chartTorque/f430___1171856.png"},{"id":"f430___1171862","fullName":"ChipTuning - Ferrari F430 4.3 V8 Challenge - 490 HP ","desc":"Zvýšení výkonu motoru (chiptuning) vozidla Ferrari F430 4.3 V8 Challenge - 490 HP je možné z původních 359 kW (489 HP) až na 395 kW (538 HP) a nárůst točivého momentu ze 464 Nm až na 515 Nm.,Maximální rychlost se po úpravě zvýší o + 1 KM/H a kombinovaná spotřeba se sníží v průměru o -0,30 L / 100 KM.","imgUrl":"./previews/f430___.png","fullDesc":"Níže naleznete parametry před a po úpravě Standard pro vozidlo: Ferrari F430 4.3 V8 Challenge - 490 HP. Modelová řada vyráběná od roku 2005. Úprava tohoto modelu se provádí přes diagnostickou zásuvku. Řídící jednotka motoru od společnosti Bosch. Typ řídící jednotky ME7.3.2. Předpokládaná doba úpravy tohoto modelu je 1 - 2 hodiny.","numbers":["Výkon HP","489 HP","538 HP","Výkon kW","359 kW","395 kW","Točivý moment Nm","464 Nm","515 Nm","Maximální rychlost","","+ 1 KM/H","Spotřeba město","","-0,20 L / 100 KM","Kombinovaná spotřeba","","-0,20 L / 100 KM","Spotřeba mimo město","","-0,10 L / 100 KM"],"chartPower":"./chartPower/f430___1171862.png","chartTorque":"./chartTorque/f430___1171862.png"},{"id":"f430___1171865","fullName":"ChipTuning - Ferrari F430 4.3 V8 Scuderia Spider 16M - 510 HP ","desc":"Zvýšení výkonu motoru (chiptuning) vozidla Ferrari F430 4.3 V8 Scuderia Spider 16M - 510 HP je možné z původních 380 kW (515 HP) až na 418 kW (566 HP) a nárůst točivého momentu ze 475 Nm až na 527 Nm.,Maximální rychlost se po úpravě zvýší o + 1 KM/H a kombinovaná spotřeba se sníží v průměru o -0,30 L / 100 KM.","imgUrl":"./previews/f430___.png","fullDesc":"Níže naleznete parametry před a po úpravě Standard pro vozidlo: Ferrari F430 4.3 V8 Scuderia Spider 16M - 510 HP. Modelová řada vyráběná od roku 2009. Úprava tohoto modelu se provádí přes diagnostickou zásuvku. Řídící jednotka motoru od společnosti Bosch. Typ řídící jednotky ME7.3.2. Předpokládaná doba úpravy tohoto modelu je 1 - 2 hodiny.","numbers":["Výkon HP","515 HP","566 HP","Výkon kW","380 kW","418 kW","Točivý moment Nm","475 Nm","527 Nm","Maximální rychlost","","+ 1 KM/H","Spotřeba město","","-0,20 L / 100 KM","Kombinovaná spotřeba","","-0,20 L / 100 KM","Spotřeba mimo město","","-0,10 L / 100 KM"],"chartPower":"./chartPower/f430___1171865.png","chartTorque":"./chartTorque/f430___1171865.png"},{"id":"f430___1171866","fullName":"ChipTuning - Ferrari F430 4.3 V8 Spider - 490 HP ","desc":"Zvýšení výkonu motoru (chiptuning) vozidla Ferrari F430 4.3 V8 Spider - 490 HP je možné z původních 355 kW (485 HP) až na 391 kW (534 HP) a nárůst točivého momentu ze 460 Nm až na 511 Nm.,Maximální rychlost se po úpravě zvýší o + 1 KM/H a kombinovaná spotřeba se sníží v průměru o -0,30 L / 100 KM.","imgUrl":"./previews/f430___.png","fullDesc":"Níže naleznete parametry před a po úpravě Standard pro vozidlo: Ferrari F430 4.3 V8 Spider - 490 HP. Modelová řada vyráběná od roku 2004. Úprava tohoto modelu se provádí přes diagnostickou zásuvku. Řídící jednotka motoru od společnosti Bosch. Typ řídící jednotky ME7.3.2. Předpokládaná doba úpravy tohoto modelu je 1 - 2 hodiny.","numbers":["Výkon HP","485 HP","534 HP","Výkon kW","355 kW","391 kW","Točivý moment Nm","460 Nm","511 Nm","Maximální rychlost","","+ 1 KM/H","Spotřeba město","","-0,20 L / 100 KM","Kombinovaná spotřeba","","-0,20 L / 100 KM","Spotřeba mimo město","","-0,10 L / 100 KM"],"chartPower":"./chartPower/f430___1171866.png","chartTorque":"./chartTorque/f430___1171866.png"},{"id":"f430___1171872","fullName":"ChipTuning - Ferrari F430 4.3 V8 Spider F1 - 490 HP ","desc":"Zvýšení výkonu motoru (chiptuning) vozidla Ferrari F430 4.3 V8 Spider F1 - 490 HP je možné z původních 360 kW (490 HP) až na 396 kW (539 HP) a nárůst točivého momentu ze 465 Nm až na 516 Nm.,Maximální rychlost se po úpravě zvýší o + 1 KM/H a kombinovaná spotřeba se sníží v průměru o -0,30 L / 100 KM.","imgUrl":"./previews/f430___.png","fullDesc":"Níže naleznete parametry před a po úpravě Standard pro vozidlo: Ferrari F430 4.3 V8 Spider F1 - 490 HP. Modelová řada vyráběná od roku 2004. Úprava tohoto modelu se provádí přes diagnostickou zásuvku. Řídící jednotka motoru od společnosti Bosch. Typ řídící jednotky ME7.3.2. Předpokládaná doba úpravy tohoto modelu je 1 - 2 hodiny.","numbers":["Výkon HP","490 HP","539 HP","Výkon kW","360 kW","396 kW","Točivý moment Nm","465 Nm","516 Nm","Maximální rychlost","","+ 1 KM/H","Spotřeba město","","-0,20 L / 100 KM","Kombinovaná spotřeba","","-0,20 L / 100 KM","Spotřeba mimo město","","-0,10 L / 100 KM"],"chartPower":"./chartPower/f430___1171872.png","chartTorque":"./chartTorque/f430___1171872.png"},{"id":"ff___1171878","fullName":"ChipTuning - Ferrari FF 6.2 V12 - 660 HP ","desc":"Zvýšení výkonu motoru (chiptuning) vozidla Ferrari FF 6.2 V12 - 660 HP je možné z původních 482 kW (657 HP) až na 526 kW (716 HP) a nárůst točivého momentu ze 680 Nm až na 755 Nm.,Maximální rychlost se po úpravě zvýší o + 1 KM/H a kombinovaná spotřeba se sníží v průměru o -0,30 L / 100 KM.","imgUrl":"./previews/ff___.png","fullDesc":"Níže naleznete parametry před a po úpravě Standard pro vozidlo: Ferrari FF 6.2 V12 - 660 HP. Modelová řada vyráběná od roku 2011. Úprava tohoto modelu se provádí přes diagnostickou zásuvku. Řídící jednotka motoru od společnosti Bosch. Typ řídící jednotky MED9.6.1. Předpokládaná doba úpravy tohoto modelu je 1 - 2 hodiny.","numbers":["Výkon HP","657 HP","716 HP","Výkon kW","482 kW","526 kW","Točivý moment Nm","680 Nm","755 Nm","Maximální rychlost","","+ 1 KM/H","Spotřeba město","","-0,20 L / 100 KM","Kombinovaná spotřeba","","-0,20 L / 100 KM","Spotřeba mimo město","","-0,10 L / 100 KM"],"chartPower":"./chartPower/ff___1171878.png","chartTorque":"./chartTorque/ff___1171878.png"},{"id":"sa_aperta___1171884","fullName":"ChipTuning - Ferrari SA Aperta 6.0 V12 Pininfarina - 670 HP ","desc":"Zvýšení výkonu motoru (chiptuning) vozidla Ferrari SA Aperta 6.0 V12 Pininfarina - 670 HP je možné z původních 491 kW (668 HP) až na 535 kW (728 HP) a nárůst točivého momentu ze 618 Nm až na 686 Nm.,Maximální rychlost se po úpravě zvýší o + 1 KM/H a kombinovaná spotřeba se sníží v průměru o -0,30 L / 100 KM.","imgUrl":"./previews/sa_aperta___.png","fullDesc":"Níže naleznete parametry před a po úpravě Standard pro vozidlo: Ferrari SA Aperta 6.0 V12 Pininfarina - 670 HP. Modelová řada vyráběná od roku 2011. Úprava tohoto modelu se provádí přes diagnostickou zásuvku. Řídící jednotka motoru od společnosti Bosch. Typ řídící jednotky ME7.3.2. Předpokládaná doba úpravy tohoto modelu je 1 - 2 hodiny.","numbers":["Výkon HP","668 HP","728 HP","Výkon kW","491 kW","535 kW","Točivý moment Nm","618 Nm","686 Nm","Maximální rychlost","","+ 1 KM/H","Spotřeba město","","-0,20 L / 100 KM","Kombinovaná spotřeba","","-0,20 L / 100 KM","Spotřeba mimo město","","-0,10 L / 100 KM"],"chartPower":"./chartPower/sa_aperta___1171884.png","chartTorque":"./chartTorque/sa_aperta___1171884.png"}]