[{"id":"karma___1173793","fullName":"ChipTuning - Fisker Karma 2.0 16v VVT DI Turbo Ecotec - 258 HP ","desc":"Zvýšení výkonu motoru (chiptuning) vozidla Fisker Karma 2.0 16v VVT DI Turbo Ecotec - 258 HP je možné z původních 193 kW (261 HP) až na 245 kW (331 HP) a nárůst točivého momentu ze 356 Nm až na 475 Nm.,Maximální rychlost se po úpravě zvýší o + 9 KM/H a kombinovaná spotřeba se sníží v průměru o -0,70 L / 100 KM.","imgUrl":"./previews/karma___.png","fullDesc":"Níže naleznete parametry před a po úpravě Standard pro vozidlo: Fisker Karma 2.0 16v VVT DI Turbo Ecotec - 258 HP. Modelová řada vyráběná od roku 2011. Úprava tohoto modelu se provádí připojením na konektory řídící jednotky bez rozebírání jednotky. Řídící jednotka motoru od společnosti Bosch. Typ řídící jednotky MED9.6.1. Předpokládaná doba úpravy tohoto modelu je 1.5 - 2.5 hodiny.","numbers":["Výkon HP","261 HP","315 HP","Výkon kW","193 kW","233 kW","Točivý moment Nm","356 Nm","441 Nm","Maximální rychlost","","+ 6 KM/H","Spotřeba město","","-0,50 L / 100 KM","Kombinovaná spotřeba","","-0,40 L / 100 KM","Spotřeba mimo město","","-0,30 L / 100 KM"],"chartPower":"./chartPower/karma___1173793.png","chartTorque":"./chartTorque/karma___1173793.png"}]