[{"id":"eq900___1179704","fullName":"ChipTuning - Genesis EQ900 3.3 TGDI Automat - 370 HP ","desc":"Zvýšení výkonu motoru (chiptuning) vozidla Genesis EQ900 3.3 TGDI Automat - 370 HP je možné z původních 274 kW (372 HP) až na 316 kW (429 HP) a nárůst točivého momentu ze 522 Nm až na 628 Nm.,Maximální rychlost se po úpravě zvýší o + 13 KM/H a kombinovaná spotřeba se sníží v průměru o -1,00 L / 100 KM.","imgUrl":"./previews/eq900___.png","fullDesc":"Níže naleznete parametry před a po úpravě Standard pro vozidlo: Genesis EQ900 3.3 TGDI Automat - 370 HP. Modelová řada vyráběná od roku 2016. Řídící jednotka motoru od společnosti Continental. Typ řídící jednotky SIM2K-260. Tato úprava je přizpůsobena pro automatickou převodovku. Předpokládaná doba úpravy tohoto modelu je 2 - 4 hodiny.","numbers":["Výkon HP","372 HP","416 HP","Výkon kW","274 kW","306 kW","Točivý moment Nm","522 Nm","598 Nm","Maximální rychlost","","+ 10 KM/H","Spotřeba město","","-0,70 L / 100 KM","Kombinovaná spotřeba","","-0,60 L / 100 KM","Spotřeba mimo město","","-0,50 L / 100 KM"],"chartPower":"./chartPower/eq900___1179704.png","chartTorque":"./chartTorque/eq900___1179704.png"},{"id":"gt70____1179707","fullName":"ChipTuning - Genesis GT70  3.3 TGDI Automat - 370 HP ","desc":"Zvýšení výkonu motoru (chiptuning) vozidla Genesis GT70 3.3 TGDI Automat - 370 HP je možné z původních 271 kW (369 HP) až na 313 kW (426 HP) a nárůst točivého momentu ze 519 Nm až na 625 Nm.,Maximální rychlost se po úpravě zvýší o + 13 KM/H a kombinovaná spotřeba se sníží v průměru o -1,00 L / 100 KM.","imgUrl":"./previews/gt70____.png","fullDesc":"Níže naleznete parametry před a po úpravě Standard pro vozidlo: Genesis GT70 3.3 TGDI Automat - 370 HP. Modelová řada vyráběná od roku 2016. Řídící jednotka motoru od společnosti Continental. Typ řídící jednotky SIM2K-260. Tato úprava je přizpůsobena pro automatickou převodovku. Předpokládaná doba úpravy tohoto modelu je 2 - 4 hodiny.","numbers":["Výkon HP","369 HP","413 HP","Výkon kW","271 kW","303 kW","Točivý moment Nm","519 Nm","595 Nm","Maximální rychlost","","+ 10 KM/H","Spotřeba město","","-0,70 L / 100 KM","Kombinovaná spotřeba","","-0,60 L / 100 KM","Spotřeba mimo město","","-0,50 L / 100 KM"],"chartPower":"./chartPower/gt70____1179707.png","chartTorque":"./chartTorque/gt70____1179707.png"},{"id":"gt80___1179710","fullName":"ChipTuning - Genesis GT80 3.3 TGDI Automat - 370 HP ","desc":"Zvýšení výkonu motoru (chiptuning) vozidla Genesis GT80 3.3 TGDI Automat - 370 HP je možné z původních 272 kW (370 HP) až na 314 kW (427 HP) a nárůst točivého momentu ze 520 Nm až na 626 Nm.,Maximální rychlost se po úpravě zvýší o + 13 KM/H a kombinovaná spotřeba se sníží v průměru o -1,00 L / 100 KM.","imgUrl":"./previews/gt80___.png","fullDesc":"Níže naleznete parametry před a po úpravě Standard pro vozidlo: Genesis GT80 3.3 TGDI Automat - 370 HP. Modelová řada vyráběná od roku 2016. Řídící jednotka motoru od společnosti Continental. Typ řídící jednotky SIM2K-260. Tato úprava je přizpůsobena pro automatickou převodovku. Předpokládaná doba úpravy tohoto modelu je 2 - 4 hodiny.","numbers":["Výkon HP","370 HP","414 HP","Výkon kW","272 kW","304 kW","Točivý moment Nm","520 Nm","596 Nm","Maximální rychlost","","+ 10 KM/H","Spotřeba město","","-0,70 L / 100 KM","Kombinovaná spotřeba","","-0,60 L / 100 KM","Spotřeba mimo město","","-0,50 L / 100 KM"],"chartPower":"./chartPower/gt80___1179710.png","chartTorque":"./chartTorque/gt80___1179710.png"},{"id":"gt90___1179713","fullName":"ChipTuning - Genesis GT90 3.3 TGDI Automat - 370 HP ","desc":"Zvýšení výkonu motoru (chiptuning) vozidla Genesis GT90 3.3 TGDI Automat - 370 HP je možné z původních 268 kW (366 HP) až na 310 kW (423 HP) a nárůst točivého momentu ze 516 Nm až na 622 Nm.,Maximální rychlost se po úpravě zvýší o + 13 KM/H a kombinovaná spotřeba se sníží v průměru o -1,00 L / 100 KM.","imgUrl":"./previews/gt90___.png","fullDesc":"Níže naleznete parametry před a po úpravě Standard pro vozidlo: Genesis GT90 3.3 TGDI Automat - 370 HP. Modelová řada vyráběná od roku 2016. Řídící jednotka motoru od společnosti Continental. Typ řídící jednotky SIM2K-260. Tato úprava je přizpůsobena pro automatickou převodovku. Předpokládaná doba úpravy tohoto modelu je 2 - 4 hodiny.","numbers":["Výkon HP","366 HP","410 HP","Výkon kW","268 kW","300 kW","Točivý moment Nm","516 Nm","592 Nm","Maximální rychlost","","+ 10 KM/H","Spotřeba město","","-0,70 L / 100 KM","Kombinovaná spotřeba","","-0,60 L / 100 KM","Spotřeba mimo město","","-0,50 L / 100 KM"],"chartPower":"./chartPower/gt90___1179713.png","chartTorque":"./chartTorque/gt90___1179713.png"}]