[{"id":"fx__s50_1183930","fullName":"ChipTuning - Infiniti FX 5.0 V8 Automat 4WD - 390 HP ","desc":"Zvýšení výkonu motoru (chiptuning) vozidla Infiniti FX 5.0 V8 Automat 4WD - 390 HP je možné z původních 288 kW (391 HP) až na 317 kW (430 HP) a nárůst točivého momentu ze 501 Nm až na 556 Nm.,Maximální rychlost se po úpravě zvýší o + 7 KM/H a kombinovaná spotřeba se sníží v průměru o -0,70 L / 100 KM.","imgUrl":"./previews/fx__s50_.png","fullDesc":"Níže naleznete parametry před a po úpravě Standard pro vozidlo: Infiniti FX 5.0 V8 Automat 4WD - 390 HP. Modelová řada S50, vyráběná od roku 2010. Řídící jednotka motoru od společnosti Hitachi. Typ řídící jednotky MEC73 (CAN). Tato úprava je přizpůsobena pro automatickou převodovku. Předpokládaná doba úpravy tohoto modelu je 2 - 4 hodiny.","numbers":["Výkon HP","391 HP","430 HP","Výkon kW","288 kW","317 kW","Točivý moment Nm","501 Nm","556 Nm","Maximální rychlost","","+ 7 KM/H","Spotřeba město","","-0,50 L / 100 KM","Kombinovaná spotřeba","","-0,40 L / 100 KM","Spotřeba mimo město","","-0,30 L / 100 KM"],"chartPower":"./chartPower/fx__s50_1183930.png","chartTorque":"./chartTorque/fx__s50_1183930.png"},{"id":"fx__s51_1183931","fullName":"ChipTuning - Infiniti FX 3.0d V6 GT Automat AWD - 238 HP ","desc":"Zvýšení výkonu motoru (chiptuning) vozidla Infiniti FX 3.0d V6 GT Automat AWD - 238 HP je možné z původních 171 kW (234 HP) až na 217 kW (295 HP) a nárůst točivého momentu ze 546 Nm až na 672 Nm.,Maximální rychlost se po úpravě zvýší o + 13 KM/H a kombinovaná spotřeba se sníží v průměru o -1,00 L / 100 KM.","imgUrl":"./previews/fx__s51_.png","fullDesc":"Níže naleznete parametry před a po úpravě Standard pro vozidlo: Infiniti FX 3.0d V6 GT Automat AWD - 238 HP. Modelová řada S51, vyráběná od roku 2010. Úprava tohoto modelu se provádí přes diagnostickou zásuvku. Řídící jednotka motoru od společnosti Bosch. Typ řídící jednotky EDC16CP42. Tato úprava je přizpůsobena pro automatickou převodovku. Předpokládaná doba úpravy tohoto modelu je 1 - 2 hodiny.","numbers":["Výkon HP","234 HP","281 HP","Výkon kW","171 kW","206 kW","Točivý moment Nm","546 Nm","636 Nm","Maximální rychlost","","+ 10 KM/H","Spotřeba město","","-0,70 L / 100 KM","Kombinovaná spotřeba","","-0,60 L / 100 KM","Spotřeba mimo město","","-0,50 L / 100 KM"],"chartPower":"./chartPower/fx__s51_1183931.png","chartTorque":"./chartTorque/fx__s51_1183931.png"},{"id":"fx__s51_1183935","fullName":"ChipTuning - Infiniti FX 3.0d V6 S Automat AWD - 238 HP ","desc":"Zvýšení výkonu motoru (chiptuning) vozidla Infiniti FX 3.0d V6 S Automat AWD - 238 HP je možné z původních 176 kW (239 HP) až na 222 kW (300 HP) a nárůst točivého momentu ze 551 Nm až na 677 Nm.,Maximální rychlost se po úpravě zvýší o + 13 KM/H a kombinovaná spotřeba se sníží v průměru o -1,00 L / 100 KM.","imgUrl":"./previews/fx__s51_.png","fullDesc":"Níže naleznete parametry před a po úpravě Standard pro vozidlo: Infiniti FX 3.0d V6 S Automat AWD - 238 HP. Modelová řada S51, vyráběná od roku 2010. Úprava tohoto modelu se provádí přes diagnostickou zásuvku. Řídící jednotka motoru od společnosti Bosch. Typ řídící jednotky EDC16CP42. Tato úprava je přizpůsobena pro automatickou převodovku. Předpokládaná doba úpravy tohoto modelu je 1 - 2 hodiny.","numbers":["Výkon HP","239 HP","286 HP","Výkon kW","176 kW","211 kW","Točivý moment Nm","551 Nm","641 Nm","Maximální rychlost","","+ 10 KM/H","Spotřeba město","","-0,70 L / 100 KM","Kombinovaná spotřeba","","-0,60 L / 100 KM","Spotřeba mimo město","","-0,50 L / 100 KM"],"chartPower":"./chartPower/fx__s51_1183935.png","chartTorque":"./chartTorque/fx__s51_1183935.png"},{"id":"fx__s51_1183939","fullName":"ChipTuning - Infiniti FX 3.5 V6 Automat AWD - 301 HP ","desc":"Zvýšení výkonu motoru (chiptuning) vozidla Infiniti FX 3.5 V6 Automat AWD - 301 HP je možné z původních 226 kW (306 HP) až na 248 kW (336 HP) a nárůst točivého momentu ze 360 Nm až na 403 Nm.,Maximální rychlost se po úpravě zvýší o + 5 KM/H a kombinovaná spotřeba se sníží v průměru o -0,70 L / 100 KM.","imgUrl":"./previews/fx__s51_.png","fullDesc":"Níže naleznete parametry před a po úpravě Standard pro vozidlo: Infiniti FX 3.5 V6 Automat AWD - 301 HP. Modelová řada S51, vyráběná od roku 2009. Úprava tohoto modelu se provádí přes diagnostickou zásuvku. Řídící jednotka motoru od společnosti Hitachi. Typ řídící jednotky MEC100-xxx (CAN). Tato úprava je přizpůsobena pro automatickou převodovku. Předpokládaná doba úpravy tohoto modelu je 1 - 2 hodiny.","numbers":["Výkon HP","306 HP","336 HP","Výkon kW","226 kW","248 kW","Točivý moment Nm","360 Nm","403 Nm","Maximální rychlost","","+ 5 KM/H","Spotřeba město","","-0,50 L / 100 KM","Kombinovaná spotřeba","","-0,40 L / 100 KM","Spotřeba mimo město","","-0,30 L / 100 KM"],"chartPower":"./chartPower/fx__s51_1183939.png","chartTorque":"./chartTorque/fx__s51_1183939.png"},{"id":"fx__s51_1183943","fullName":"ChipTuning - Infiniti FX 3.5 V6 Automat RWD - 301 HP ","desc":"Zvýšení výkonu motoru (chiptuning) vozidla Infiniti FX 3.5 V6 Automat RWD - 301 HP je možné z původních 222 kW (302 HP) až na 244 kW (332 HP) a nárůst točivého momentu ze 356 Nm až na 399 Nm.,Maximální rychlost se po úpravě zvýší o + 5 KM/H a kombinovaná spotřeba se sníží v průměru o -0,70 L / 100 KM.","imgUrl":"./previews/fx__s51_.png","fullDesc":"Níže naleznete parametry před a po úpravě Standard pro vozidlo: Infiniti FX 3.5 V6 Automat RWD - 301 HP. Modelová řada S51, vyráběná od roku 2009. Úprava tohoto modelu se provádí přes diagnostickou zásuvku. Řídící jednotka motoru od společnosti Hitachi. Typ řídící jednotky MEC100-xxx (CAN). Tato úprava je přizpůsobena pro automatickou převodovku. Předpokládaná doba úpravy tohoto modelu je 1 - 2 hodiny.","numbers":["Výkon HP","302 HP","332 HP","Výkon kW","222 kW","244 kW","Točivý moment Nm","356 Nm","399 Nm","Maximální rychlost","","+ 5 KM/H","Spotřeba město","","-0,50 L / 100 KM","Kombinovaná spotřeba","","-0,40 L / 100 KM","Spotřeba mimo město","","-0,30 L / 100 KM"],"chartPower":"./chartPower/fx__s51_1183943.png","chartTorque":"./chartTorque/fx__s51_1183943.png"},{"id":"fx__s51_1183947","fullName":"ChipTuning - Infiniti FX 3.5 V6 Automat RWD - 320 HP ","desc":"Zvýšení výkonu motoru (chiptuning) vozidla Infiniti FX 3.5 V6 Automat RWD - 320 HP je možné z původních 237 kW (322 HP) až na 261 kW (354 HP) a nárůst točivého momentu ze 364 Nm až na 407 Nm.,Maximální rychlost se po úpravě zvýší o + 7 KM/H a kombinovaná spotřeba se sníží v průměru o -0,70 L / 100 KM.","imgUrl":"./previews/fx__s51_.png","fullDesc":"Níže naleznete parametry před a po úpravě Standard pro vozidlo: Infiniti FX 3.5 V6 Automat RWD - 320 HP. Modelová řada S51, vyráběná od roku 2013. Úprava tohoto modelu se provádí přes diagnostickou zásuvku. Řídící jednotka motoru od společnosti Hitachi. Typ řídící jednotky MEC107 (CAN). Tato úprava je přizpůsobena pro automatickou převodovku. Předpokládaná doba úpravy tohoto modelu je 1 - 2 hodiny.","numbers":["Výkon HP","322 HP","354 HP","Výkon kW","237 kW","261 kW","Točivý moment Nm","364 Nm","407 Nm","Maximální rychlost","","+ 7 KM/H","Spotřeba město","","-0,50 L / 100 KM","Kombinovaná spotřeba","","-0,40 L / 100 KM","Spotřeba mimo město","","-0,30 L / 100 KM"],"chartPower":"./chartPower/fx__s51_1183947.png","chartTorque":"./chartTorque/fx__s51_1183947.png"},{"id":"fx__s51_1183948","fullName":"ChipTuning - Infiniti FX 3.7 V6 Automat RWD - 320 HP ","desc":"Zvýšení výkonu motoru (chiptuning) vozidla Infiniti FX 3.7 V6 Automat RWD - 320 HP je možné z původních 233 kW (318 HP) až na 257 kW (350 HP) a nárůst točivého momentu ze 360 Nm až na 403 Nm.,Maximální rychlost se po úpravě zvýší o + 7 KM/H a kombinovaná spotřeba se sníží v průměru o -0,70 L / 100 KM.","imgUrl":"./previews/fx__s51_.png","fullDesc":"Níže naleznete parametry před a po úpravě Standard pro vozidlo: Infiniti FX 3.7 V6 Automat RWD - 320 HP. Modelová řada S51, vyráběná od roku 2013. Úprava tohoto modelu se provádí přes diagnostickou zásuvku. Řídící jednotka motoru od společnosti Hitachi. Typ řídící jednotky MEC107 (CAN) nebo MEC108 (CAN). Tato úprava je přizpůsobena pro automatickou převodovku. Předpokládaná doba úpravy tohoto modelu je 1 - 2 hodiny.","numbers":["Výkon HP","318 HP","350 HP","Výkon kW","233 kW","257 kW","Točivý moment Nm","360 Nm","403 Nm","Maximální rychlost","","+ 7 KM/H","Spotřeba město","","-0,50 L / 100 KM","Kombinovaná spotřeba","","-0,40 L / 100 KM","Spotřeba mimo město","","-0,30 L / 100 KM"],"chartPower":"./chartPower/fx__s51_1183948.png","chartTorque":"./chartTorque/fx__s51_1183948.png"},{"id":"fx__s51_1183950","fullName":"ChipTuning - Infiniti FX 3.7 V6 GT Automat AWD - 320 HP ","desc":"Zvýšení výkonu motoru (chiptuning) vozidla Infiniti FX 3.7 V6 GT Automat AWD - 320 HP je možné z původních 238 kW (323 HP) až na 262 kW (355 HP) a nárůst točivého momentu ze 363 Nm až na 406 Nm.,Maximální rychlost se po úpravě zvýší o + 7 KM/H a kombinovaná spotřeba se sníží v průměru o -0,70 L / 100 KM.","imgUrl":"./previews/fx__s51_.png","fullDesc":"Níže naleznete parametry před a po úpravě Standard pro vozidlo: Infiniti FX 3.7 V6 GT Automat AWD - 320 HP. Modelová řada S51, vyráběná od roku 2009. Úprava tohoto modelu se provádí přes diagnostickou zásuvku. Řídící jednotka motoru od společnosti Hitachi. Typ řídící jednotky MEC107 (CAN) nebo MEC108 (CAN). Tato úprava je přizpůsobena pro automatickou převodovku. Předpokládaná doba úpravy tohoto modelu je 1 - 2 hodiny.","numbers":["Výkon HP","323 HP","355 HP","Výkon kW","238 kW","262 kW","Točivý moment Nm","363 Nm","406 Nm","Maximální rychlost","","+ 7 KM/H","Spotřeba město","","-0,50 L / 100 KM","Kombinovaná spotřeba","","-0,40 L / 100 KM","Spotřeba mimo město","","-0,30 L / 100 KM"],"chartPower":"./chartPower/fx__s51_1183950.png","chartTorque":"./chartTorque/fx__s51_1183950.png"},{"id":"fx__s51_1183960","fullName":"ChipTuning - Infiniti FX 3.7 V6 S Automat AWD - 320 HP ","desc":"Zvýšení výkonu motoru (chiptuning) vozidla Infiniti FX 3.7 V6 S Automat AWD - 320 HP je možné z původních 231 kW (316 HP) až na 255 kW (348 HP) a nárůst točivého momentu ze 356 Nm až na 399 Nm.,Maximální rychlost se po úpravě zvýší o + 7 KM/H a kombinovaná spotřeba se sníží v průměru o -0,70 L / 100 KM.","imgUrl":"./previews/fx__s51_.png","fullDesc":"Níže naleznete parametry před a po úpravě Standard pro vozidlo: Infiniti FX 3.7 V6 S Automat AWD - 320 HP. Modelová řada S51, vyráběná od roku 2009. Úprava tohoto modelu se provádí přes diagnostickou zásuvku. Řídící jednotka motoru od společnosti Hitachi. Typ řídící jednotky MEC107 (CAN) nebo MEC108 (CAN). Tato úprava je přizpůsobena pro automatickou převodovku. Předpokládaná doba úpravy tohoto modelu je 1 - 2 hodiny.","numbers":["Výkon HP","316 HP","348 HP","Výkon kW","231 kW","255 kW","Točivý moment Nm","356 Nm","399 Nm","Maximální rychlost","","+ 7 KM/H","Spotřeba město","","-0,50 L / 100 KM","Kombinovaná spotřeba","","-0,40 L / 100 KM","Spotřeba mimo město","","-0,30 L / 100 KM"],"chartPower":"./chartPower/fx__s51_1183960.png","chartTorque":"./chartTorque/fx__s51_1183960.png"},{"id":"g25__v36_1183970","fullName":"ChipTuning - Infiniti G25 2.5 V6 Automat AWD - 220 HP ","desc":"Zvýšení výkonu motoru (chiptuning) vozidla Infiniti G25 2.5 V6 Automat AWD - 220 HP je možné z původních 160 kW (218 HP) až na 176 kW (242 HP) a nárůst točivého momentu ze 252 Nm až na 282 Nm.,Maximální rychlost se po úpravě zvýší o + 3 KM/H a kombinovaná spotřeba se sníží v průměru o -0,60 L / 100 KM.","imgUrl":"./previews/g25__v36_.png","fullDesc":"Níže naleznete parametry před a po úpravě Standard pro vozidlo: Infiniti G25 2.5 V6 Automat AWD - 220 HP. Modelová řada V36, vyráběná od roku 2011. Úprava tohoto modelu se provádí přes diagnostickou zásuvku. Řídící jednotka motoru od společnosti Hitachi. Typ řídící jednotky MEC100-xxx (CAN). Tato úprava je přizpůsobena pro automatickou převodovku. Předpokládaná doba úpravy tohoto modelu je 1 - 2 hodiny.","numbers":["Výkon HP","218 HP","242 HP","Výkon kW","160 kW","176 kW","Točivý moment Nm","252 Nm","282 Nm","Maximální rychlost","","+ 3 KM/H","Spotřeba město","","-0,40 L / 100 KM","Kombinovaná spotřeba","","-0,30 L / 100 KM","Spotřeba mimo město","","-0,20 L / 100 KM"],"chartPower":"./chartPower/g25__v36_1183970.png","chartTorque":"./chartTorque/g25__v36_1183970.png"},{"id":"g25__v36_1183972","fullName":"ChipTuning - Infiniti G25 2.5 V6 Automat RWD - 220 HP ","desc":"Zvýšení výkonu motoru (chiptuning) vozidla Infiniti G25 2.5 V6 Automat RWD - 220 HP je možné z původních 164 kW (222 HP) až na 180 kW (246 HP) a nárůst točivého momentu ze 256 Nm až na 286 Nm.,Maximální rychlost se po úpravě zvýší o + 3 KM/H a kombinovaná spotřeba se sníží v průměru o -0,60 L / 100 KM.","imgUrl":"./previews/g25__v36_.png","fullDesc":"Níže naleznete parametry před a po úpravě Standard pro vozidlo: Infiniti G25 2.5 V6 Automat RWD - 220 HP. Modelová řada V36, vyráběná od roku 2011. Úprava tohoto modelu se provádí přes diagnostickou zásuvku. Řídící jednotka motoru od společnosti Hitachi. Typ řídící jednotky MEC100-xxx (CAN). Tato úprava je přizpůsobena pro automatickou převodovku. Předpokládaná doba úpravy tohoto modelu je 1 - 2 hodiny.","numbers":["Výkon HP","222 HP","246 HP","Výkon kW","164 kW","180 kW","Točivý moment Nm","256 Nm","286 Nm","Maximální rychlost","","+ 3 KM/H","Spotřeba město","","-0,40 L / 100 KM","Kombinovaná spotřeba","","-0,30 L / 100 KM","Spotřeba mimo město","","-0,20 L / 100 KM"],"chartPower":"./chartPower/g25__v36_1183972.png","chartTorque":"./chartTorque/g25__v36_1183972.png"},{"id":"g35__v36_1183978","fullName":"ChipTuning - Infiniti G35 3.5 V6 - 392 HP ","desc":"Zvýšení výkonu motoru (chiptuning) vozidla Infiniti G35 3.5 V6 - 392 HP je možné z původních 286 kW (390 HP) až na 315 kW (429 HP) a nárůst točivého momentu ze 361 Nm až na 405 Nm.,Maximální rychlost se po úpravě zvýší o + 5 KM/H a kombinovaná spotřeba se sníží v průměru o -0,70 L / 100 KM.","imgUrl":"./previews/g35__v36_.png","fullDesc":"Níže naleznete parametry před a po úpravě Standard pro vozidlo: Infiniti G35 3.5 V6 - 392 HP. Modelová řada V36, vyráběná od roku 2007. Úprava tohoto modelu se provádí přes diagnostickou zásuvku. Řídící jednotka motoru od společnosti Hitachi. Typ řídící jednotky MEC100-xxx (CAN). Předpokládaná doba úpravy tohoto modelu je 1 - 2 hodiny.","numbers":["Výkon HP","390 HP","429 HP","Výkon kW","286 kW","315 kW","Točivý moment Nm","361 Nm","405 Nm","Maximální rychlost","","+ 5 KM/H","Spotřeba město","","-0,50 L / 100 KM","Kombinovaná spotřeba","","-0,40 L / 100 KM","Spotřeba mimo město","","-0,30 L / 100 KM"],"chartPower":"./chartPower/g35__v36_1183978.png","chartTorque":"./chartTorque/g35__v36_1183978.png"},{"id":"g35__v36_1183974","fullName":"ChipTuning - Infiniti G35 3.5 V6 Automat AWD - 392 HP ","desc":"Zvýšení výkonu motoru (chiptuning) vozidla Infiniti G35 3.5 V6 Automat AWD - 392 HP je možné z původních 291 kW (395 HP) až na 320 kW (434 HP) a nárůst točivého momentu ze 366 Nm až na 410 Nm.,Maximální rychlost se po úpravě zvýší o + 5 KM/H a kombinovaná spotřeba se sníží v průměru o -0,70 L / 100 KM.","imgUrl":"./previews/g35__v36_.png","fullDesc":"Níže naleznete parametry před a po úpravě Standard pro vozidlo: Infiniti G35 3.5 V6 Automat AWD - 392 HP. Modelová řada V36, vyráběná od roku 2007. Úprava tohoto modelu se provádí přes diagnostickou zásuvku. Řídící jednotka motoru od společnosti Hitachi. Typ řídící jednotky MEC100-xxx (CAN). Tato úprava je přizpůsobena pro automatickou převodovku. Předpokládaná doba úpravy tohoto modelu je 1 - 2 hodiny.","numbers":["Výkon HP","395 HP","434 HP","Výkon kW","291 kW","320 kW","Točivý moment Nm","366 Nm","410 Nm","Maximální rychlost","","+ 5 KM/H","Spotřeba město","","-0,50 L / 100 KM","Kombinovaná spotřeba","","-0,40 L / 100 KM","Spotřeba mimo město","","-0,30 L / 100 KM"],"chartPower":"./chartPower/g35__v36_1183974.png","chartTorque":"./chartTorque/g35__v36_1183974.png"},{"id":"g35__v36_1183976","fullName":"ChipTuning - Infiniti G35 3.5 V6 Automat RWD - 392 HP ","desc":"Zvýšení výkonu motoru (chiptuning) vozidla Infiniti G35 3.5 V6 Automat RWD - 392 HP je možné z původních 284 kW (388 HP) až na 313 kW (427 HP) a nárůst točivého momentu ze 359 Nm až na 403 Nm.,Maximální rychlost se po úpravě zvýší o + 5 KM/H a kombinovaná spotřeba se sníží v průměru o -0,70 L / 100 KM.","imgUrl":"./previews/g35__v36_.png","fullDesc":"Níže naleznete parametry před a po úpravě Standard pro vozidlo: Infiniti G35 3.5 V6 Automat RWD - 392 HP. Modelová řada V36, vyráběná od roku 2007. Úprava tohoto modelu se provádí přes diagnostickou zásuvku. Řídící jednotka motoru od společnosti Hitachi. Typ řídící jednotky MEC100-xxx (CAN). Tato úprava je přizpůsobena pro automatickou převodovku. Předpokládaná doba úpravy tohoto modelu je 1 - 2 hodiny.","numbers":["Výkon HP","388 HP","427 HP","Výkon kW","284 kW","313 kW","Točivý moment Nm","359 Nm","403 Nm","Maximální rychlost","","+ 5 KM/H","Spotřeba město","","-0,50 L / 100 KM","Kombinovaná spotřeba","","-0,40 L / 100 KM","Spotřeba mimo město","","-0,30 L / 100 KM"],"chartPower":"./chartPower/g35__v36_1183976.png","chartTorque":"./chartTorque/g35__v36_1183976.png"},{"id":"g37__v36_1183981","fullName":"ChipTuning - Infiniti G37 3.7 V6 - 320 HP ","desc":"Zvýšení výkonu motoru (chiptuning) vozidla Infiniti G37 3.7 V6 - 320 HP je možné z původních 240 kW (325 HP) až na 264 kW (357 HP) a nárůst točivého momentu ze 365 Nm až na 408 Nm.,Maximální rychlost se po úpravě zvýší o + 7 KM/H a kombinovaná spotřeba se sníží v průměru o -0,70 L / 100 KM.","imgUrl":"./previews/g37__v36_.png","fullDesc":"Níže naleznete parametry před a po úpravě Standard pro vozidlo: Infiniti G37 3.7 V6 - 320 HP. Modelová řada V36, vyráběná od roku 2010. Úprava tohoto modelu se provádí přes diagnostickou zásuvku. Řídící jednotka motoru od společnosti Hitachi. Typ řídící jednotky MEC107 (CAN). Předpokládaná doba úpravy tohoto modelu je 1 - 2 hodiny.","numbers":["Výkon HP","325 HP","357 HP","Výkon kW","240 kW","264 kW","Točivý moment Nm","365 Nm","408 Nm","Maximální rychlost","","+ 7 KM/H","Spotřeba město","","-0,50 L / 100 KM","Kombinovaná spotřeba","","-0,40 L / 100 KM","Spotřeba mimo město","","-0,30 L / 100 KM"],"chartPower":"./chartPower/g37__v36_1183981.png","chartTorque":"./chartTorque/g37__v36_1183981.png"},{"id":"g37__v36_1183980","fullName":"ChipTuning - Infiniti G37 3.7 V6 - 330 HP ","desc":"Zvýšení výkonu motoru (chiptuning) vozidla Infiniti G37 3.7 V6 - 330 HP je možné z původních 246 kW (333 HP) až na 270 kW (366 HP) a nárůst točivého momentu ze 365 Nm až na 408 Nm.,Maximální rychlost se po úpravě zvýší o + 7 KM/H a kombinovaná spotřeba se sníží v průměru o -0,70 L / 100 KM.","imgUrl":"./previews/g37__v36_.png","fullDesc":"Níže naleznete parametry před a po úpravě Standard pro vozidlo: Infiniti G37 3.7 V6 - 330 HP. Modelová řada V36, vyráběná od roku 2009. Úprava tohoto modelu se provádí přes diagnostickou zásuvku. Řídící jednotka motoru od společnosti Hitachi. Typ řídící jednotky MEC107 (CAN). Předpokládaná doba úpravy tohoto modelu je 1 - 2 hodiny.","numbers":["Výkon HP","333 HP","366 HP","Výkon kW","246 kW","270 kW","Točivý moment Nm","365 Nm","408 Nm","Maximální rychlost","","+ 7 KM/H","Spotřeba město","","-0,50 L / 100 KM","Kombinovaná spotřeba","","-0,40 L / 100 KM","Spotřeba mimo město","","-0,30 L / 100 KM"],"chartPower":"./chartPower/g37__v36_1183980.png","chartTorque":"./chartTorque/g37__v36_1183980.png"},{"id":"g37__v36_1183988","fullName":"ChipTuning - Infiniti G37 3.7 V6 Automat - 320 HP ","desc":"Zvýšení výkonu motoru (chiptuning) vozidla Infiniti G37 3.7 V6 Automat - 320 HP je možné z původních 234 kW (319 HP) až na 258 kW (351 HP) a nárůst točivého momentu ze 359 Nm až na 402 Nm.,Maximální rychlost se po úpravě zvýší o + 7 KM/H a kombinovaná spotřeba se sníží v průměru o -0,70 L / 100 KM.","imgUrl":"./previews/g37__v36_.png","fullDesc":"Níže naleznete parametry před a po úpravě Standard pro vozidlo: Infiniti G37 3.7 V6 Automat - 320 HP. Modelová řada V36, vyráběná od roku 2010. Úprava tohoto modelu se provádí přes diagnostickou zásuvku. Řídící jednotka motoru od společnosti Hitachi. Typ řídící jednotky MEC107 (CAN). Tato úprava je přizpůsobena pro automatickou převodovku. Předpokládaná doba úpravy tohoto modelu je 1 - 2 hodiny.","numbers":["Výkon HP","319 HP","351 HP","Výkon kW","234 kW","258 kW","Točivý moment Nm","359 Nm","402 Nm","Maximální rychlost","","+ 7 KM/H","Spotřeba město","","-0,50 L / 100 KM","Kombinovaná spotřeba","","-0,40 L / 100 KM","Spotřeba mimo město","","-0,30 L / 100 KM"],"chartPower":"./chartPower/g37__v36_1183988.png","chartTorque":"./chartTorque/g37__v36_1183988.png"},{"id":"g37__v36_1183987","fullName":"ChipTuning - Infiniti G37 3.7 V6 Automat - 330 HP ","desc":"Zvýšení výkonu motoru (chiptuning) vozidla Infiniti G37 3.7 V6 Automat - 330 HP je možné z původních 242 kW (329 HP) až na 266 kW (362 HP) a nárůst točivého momentu ze 361 Nm až na 404 Nm.,Maximální rychlost se po úpravě zvýší o + 7 KM/H a kombinovaná spotřeba se sníží v průměru o -0,70 L / 100 KM.","imgUrl":"./previews/g37__v36_.png","fullDesc":"Níže naleznete parametry před a po úpravě Standard pro vozidlo: Infiniti G37 3.7 V6 Automat - 330 HP. Modelová řada V36, vyráběná od roku 2009. Úprava tohoto modelu se provádí přes diagnostickou zásuvku. Řídící jednotka motoru od společnosti Hitachi. Typ řídící jednotky MEC107 (CAN). Tato úprava je přizpůsobena pro automatickou převodovku. Předpokládaná doba úpravy tohoto modelu je 1 - 2 hodiny.","numbers":["Výkon HP","329 HP","362 HP","Výkon kW","242 kW","266 kW","Točivý moment Nm","361 Nm","404 Nm","Maximální rychlost","","+ 7 KM/H","Spotřeba město","","-0,50 L / 100 KM","Kombinovaná spotřeba","","-0,40 L / 100 KM","Spotřeba mimo město","","-0,30 L / 100 KM"],"chartPower":"./chartPower/g37__v36_1183987.png","chartTorque":"./chartTorque/g37__v36_1183987.png"},{"id":"g37__v36_1183992","fullName":"ChipTuning - Infiniti G37 3.7 V6 Automat - 348 HP ","desc":"Zvýšení výkonu motoru (chiptuning) vozidla Infiniti G37 3.7 V6 Automat - 348 HP je možné z původních 253 kW (345 HP) až na 279 kW (380 HP) a nárůst točivého momentu ze 367 Nm až na 411 Nm.,Maximální rychlost se po úpravě zvýší o + 7 KM/H a kombinovaná spotřeba se sníží v průměru o -0,70 L / 100 KM.","imgUrl":"./previews/g37__v36_.png","fullDesc":"Níže naleznete parametry před a po úpravě Standard pro vozidlo: Infiniti G37 3.7 V6 Automat - 348 HP. Modelová řada V36, vyráběná od roku 2012. Úprava tohoto modelu se provádí přes diagnostickou zásuvku. Řídící jednotka motoru od společnosti Hitachi. Typ řídící jednotky MEC107 (CAN). Tato úprava je přizpůsobena pro automatickou převodovku. Předpokládaná doba úpravy tohoto modelu je 1 - 2 hodiny.","numbers":["Výkon HP","345 HP","380 HP","Výkon kW","253 kW","279 kW","Točivý moment Nm","367 Nm","411 Nm","Maximální rychlost","","+ 7 KM/H","Spotřeba město","","-0,50 L / 100 KM","Kombinovaná spotřeba","","-0,40 L / 100 KM","Spotřeba mimo město","","-0,30 L / 100 KM"],"chartPower":"./chartPower/g37__v36_1183992.png","chartTorque":"./chartTorque/g37__v36_1183992.png"},{"id":"m30__y51_1183998","fullName":"ChipTuning - Infiniti M30 3.0d V6 Automat - 238 HP ","desc":"Zvýšení výkonu motoru (chiptuning) vozidla Infiniti M30 3.0d V6 Automat - 238 HP je možné z původních 180 kW (243 HP) až na 226 kW (304 HP) a nárůst točivého momentu ze 555 Nm až na 681 Nm.,Maximální rychlost se po úpravě zvýší o + 13 KM/H a kombinovaná spotřeba se sníží v průměru o -1,00 L / 100 KM.","imgUrl":"./previews/m30__y51_.png","fullDesc":"Níže naleznete parametry před a po úpravě Standard pro vozidlo: Infiniti M30 3.0d V6 Automat - 238 HP. Modelová řada Y51, vyráběná od roku 2010. Úprava tohoto modelu se provádí přes diagnostickou zásuvku. Řídící jednotka motoru od společnosti Bosch. Typ řídící jednotky EDC16CP42. Tato úprava je přizpůsobena pro automatickou převodovku. Předpokládaná doba úpravy tohoto modelu je 1 - 2 hodiny.","numbers":["Výkon HP","243 HP","290 HP","Výkon kW","180 kW","215 kW","Točivý moment Nm","555 Nm","645 Nm","Maximální rychlost","","+ 10 KM/H","Spotřeba město","","-0,70 L / 100 KM","Kombinovaná spotřeba","","-0,60 L / 100 KM","Spotřeba mimo město","","-0,50 L / 100 KM"],"chartPower":"./chartPower/m30__y51_1183998.png","chartTorque":"./chartTorque/m30__y51_1183998.png"},{"id":"m30__y51_1184002","fullName":"ChipTuning - Infiniti M30 3.0d V6 S Automat - 238 HP ","desc":"Zvýšení výkonu motoru (chiptuning) vozidla Infiniti M30 3.0d V6 S Automat - 238 HP je možné z původních 177 kW (240 HP) až na 223 kW (301 HP) a nárůst točivého momentu ze 552 Nm až na 678 Nm.,Maximální rychlost se po úpravě zvýší o + 13 KM/H a kombinovaná spotřeba se sníží v průměru o -1,00 L / 100 KM.","imgUrl":"./previews/m30__y51_.png","fullDesc":"Níže naleznete parametry před a po úpravě Standard pro vozidlo: Infiniti M30 3.0d V6 S Automat - 238 HP. Modelová řada Y51, vyráběná od roku 2010. Úprava tohoto modelu se provádí přes diagnostickou zásuvku. Řídící jednotka motoru od společnosti Bosch. Typ řídící jednotky EDC16CP42. Tato úprava je přizpůsobena pro automatickou převodovku. Předpokládaná doba úpravy tohoto modelu je 1 - 2 hodiny.","numbers":["Výkon HP","240 HP","287 HP","Výkon kW","177 kW","212 kW","Točivý moment Nm","552 Nm","642 Nm","Maximální rychlost","","+ 10 KM/H","Spotřeba město","","-0,70 L / 100 KM","Kombinovaná spotřeba","","-0,60 L / 100 KM","Spotřeba mimo město","","-0,50 L / 100 KM"],"chartPower":"./chartPower/m30__y51_1184002.png","chartTorque":"./chartTorque/m30__y51_1184002.png"},{"id":"m35h__y51_1184006","fullName":"ChipTuning - Infiniti M35h 3.5 V6 Automat - 364 HP ","desc":"Zvýšení výkonu motoru (chiptuning) vozidla Infiniti M35h 3.5 V6 Automat - 364 HP je možné z původních 272 kW (368 HP) až na 314 kW (424 HP) a nárůst točivého momentu ze 534 Nm až na 640 Nm.,Maximální rychlost se po úpravě zvýší o + 13 KM/H a kombinovaná spotřeba se sníží v průměru o -1,00 L / 100 KM.","imgUrl":"./previews/m35h__y51_.png","fullDesc":"Níže naleznete parametry před a po úpravě Standard pro vozidlo: Infiniti M35h 3.5 V6 Automat - 364 HP. Modelová řada Y51, vyráběná od roku 2011. Úprava tohoto modelu se provádí přes diagnostickou zásuvku. Řídící jednotka motoru od společnosti Hitachi. Typ řídící jednotky MEC107 (CAN). Tato úprava je přizpůsobena pro automatickou převodovku. Předpokládaná doba úpravy tohoto modelu je 1 - 2 hodiny.","numbers":["Výkon HP","368 HP","411 HP","Výkon kW","272 kW","304 kW","Točivý moment Nm","534 Nm","610 Nm","Maximální rychlost","","+ 10 KM/H","Spotřeba město","","-0,70 L / 100 KM","Kombinovaná spotřeba","","-0,60 L / 100 KM","Spotřeba mimo město","","-0,50 L / 100 KM"],"chartPower":"./chartPower/m35h__y51_1184006.png","chartTorque":"./chartTorque/m35h__y51_1184006.png"},{"id":"m35h__y51_1184009","fullName":"ChipTuning - Infiniti M35h 3.5 V6 GT Automat - 364 HP ","desc":"Zvýšení výkonu motoru (chiptuning) vozidla Infiniti M35h 3.5 V6 GT Automat - 364 HP je možné z původních 264 kW (360 HP) až na 306 kW (416 HP) a nárůst točivého momentu ze 546 Nm až na 658 Nm.,Maximální rychlost se po úpravě zvýší o + 13 KM/H a kombinovaná spotřeba se sníží v průměru o -1,00 L / 100 KM.","imgUrl":"./previews/m35h__y51_.png","fullDesc":"Níže naleznete parametry před a po úpravě Standard pro vozidlo: Infiniti M35h 3.5 V6 GT Automat - 364 HP. Modelová řada Y51, vyráběná od roku 2011. Úprava tohoto modelu se provádí přes diagnostickou zásuvku. Řídící jednotka motoru od společnosti Hitachi. Typ řídící jednotky MEC107 (CAN). Tato úprava je přizpůsobena pro automatickou převodovku. Předpokládaná doba úpravy tohoto modelu je 1 - 2 hodiny.","numbers":["Výkon HP","360 HP","403 HP","Výkon kW","264 kW","296 kW","Točivý moment Nm","546 Nm","626 Nm","Maximální rychlost","","+ 10 KM/H","Spotřeba město","","-0,70 L / 100 KM","Kombinovaná spotřeba","","-0,60 L / 100 KM","Spotřeba mimo město","","-0,50 L / 100 KM"],"chartPower":"./chartPower/m35h__y51_1184009.png","chartTorque":"./chartTorque/m35h__y51_1184009.png"},{"id":"m37__y51_1184012","fullName":"ChipTuning - Infiniti M37 3.7 V6 Automat - 320 HP ","desc":"Zvýšení výkonu motoru (chiptuning) vozidla Infiniti M37 3.7 V6 Automat - 320 HP je možné z původních 232 kW (317 HP) až na 256 kW (349 HP) a nárůst točivého momentu ze 367 Nm až na 411 Nm.,Maximální rychlost se po úpravě zvýší o + 7 KM/H a kombinovaná spotřeba se sníží v průměru o -0,70 L / 100 KM.","imgUrl":"./previews/m37__y51_.png","fullDesc":"Níže naleznete parametry před a po úpravě Standard pro vozidlo: Infiniti M37 3.7 V6 Automat - 320 HP. Modelová řada Y51, vyráběná od roku 2010. Úprava tohoto modelu se provádí přes diagnostickou zásuvku. Řídící jednotka motoru od společnosti Hitachi. Typ řídící jednotky MEC107 (CAN). Tato úprava je přizpůsobena pro automatickou převodovku. Předpokládaná doba úpravy tohoto modelu je 1 - 2 hodiny.","numbers":["Výkon HP","317 HP","349 HP","Výkon kW","232 kW","256 kW","Točivý moment Nm","367 Nm","411 Nm","Maximální rychlost","","+ 7 KM/H","Spotřeba město","","-0,50 L / 100 KM","Kombinovaná spotřeba","","-0,40 L / 100 KM","Spotřeba mimo město","","-0,30 L / 100 KM"],"chartPower":"./chartPower/m37__y51_1184012.png","chartTorque":"./chartTorque/m37__y51_1184012.png"},{"id":"m37__y51_1184013","fullName":"ChipTuning - Infiniti M37 3.7 V6 Automat - 335 HP ","desc":"Zvýšení výkonu motoru (chiptuning) vozidla Infiniti M37 3.7 V6 Automat - 335 HP je možné z původních 245 kW (334 HP) až na 270 kW (368 HP) a nárůst točivého momentu ze 365 Nm až na 409 Nm.,Maximální rychlost se po úpravě zvýší o + 7 KM/H a kombinovaná spotřeba se sníží v průměru o -0,70 L / 100 KM.","imgUrl":"./previews/m37__y51_.png","fullDesc":"Níže naleznete parametry před a po úpravě Standard pro vozidlo: Infiniti M37 3.7 V6 Automat - 335 HP. Modelová řada Y51, vyráběná od roku 2011. Úprava tohoto modelu se provádí přes diagnostickou zásuvku. Řídící jednotka motoru od společnosti Hitachi. Typ řídící jednotky MEC107 (CAN). Tato úprava je přizpůsobena pro automatickou převodovku. Předpokládaná doba úpravy tohoto modelu je 1 - 2 hodiny.","numbers":["Výkon HP","334 HP","368 HP","Výkon kW","245 kW","270 kW","Točivý moment Nm","365 Nm","409 Nm","Maximální rychlost","","+ 7 KM/H","Spotřeba město","","-0,50 L / 100 KM","Kombinovaná spotřeba","","-0,40 L / 100 KM","Spotřeba mimo město","","-0,30 L / 100 KM"],"chartPower":"./chartPower/m37__y51_1184013.png","chartTorque":"./chartTorque/m37__y51_1184013.png"},{"id":"m37__y51_1184019","fullName":"ChipTuning - Infiniti M37 3.7 V6 Automat AWD - 335 HP ","desc":"Zvýšení výkonu motoru (chiptuning) vozidla Infiniti M37 3.7 V6 Automat AWD - 335 HP je možné z původních 250 kW (339 HP) až na 275 kW (373 HP) a nárůst točivého momentu ze 370 Nm až na 414 Nm.,Maximální rychlost se po úpravě zvýší o + 7 KM/H a kombinovaná spotřeba se sníží v průměru o -0,70 L / 100 KM.","imgUrl":"./previews/m37__y51_.png","fullDesc":"Níže naleznete parametry před a po úpravě Standard pro vozidlo: Infiniti M37 3.7 V6 Automat AWD - 335 HP. Modelová řada Y51, vyráběná od roku 2011. Úprava tohoto modelu se provádí přes diagnostickou zásuvku. Řídící jednotka motoru od společnosti Hitachi. Typ řídící jednotky MEC107 (CAN). Tato úprava je přizpůsobena pro automatickou převodovku. Předpokládaná doba úpravy tohoto modelu je 1 - 2 hodiny.","numbers":["Výkon HP","339 HP","373 HP","Výkon kW","250 kW","275 kW","Točivý moment Nm","370 Nm","414 Nm","Maximální rychlost","","+ 7 KM/H","Spotřeba město","","-0,50 L / 100 KM","Kombinovaná spotřeba","","-0,40 L / 100 KM","Spotřeba mimo město","","-0,30 L / 100 KM"],"chartPower":"./chartPower/m37__y51_1184019.png","chartTorque":"./chartTorque/m37__y51_1184019.png"},{"id":"m37__y51_1184022","fullName":"ChipTuning - Infiniti M37 3.7 V6 S Automat - 320 HP ","desc":"Zvýšení výkonu motoru (chiptuning) vozidla Infiniti M37 3.7 V6 S Automat - 320 HP je možné z původních 239 kW (324 HP) až na 263 kW (356 HP) a nárůst točivého momentu ze 364 Nm až na 407 Nm.,Maximální rychlost se po úpravě zvýší o + 7 KM/H a kombinovaná spotřeba se sníží v průměru o -0,70 L / 100 KM.","imgUrl":"./previews/m37__y51_.png","fullDesc":"Níže naleznete parametry před a po úpravě Standard pro vozidlo: Infiniti M37 3.7 V6 S Automat - 320 HP. Modelová řada Y51, vyráběná od roku 2010. Úprava tohoto modelu se provádí přes diagnostickou zásuvku. Řídící jednotka motoru od společnosti Hitachi. Typ řídící jednotky MEC107 (CAN). Tato úprava je přizpůsobena pro automatickou převodovku. Předpokládaná doba úpravy tohoto modelu je 1 - 2 hodiny.","numbers":["Výkon HP","324 HP","356 HP","Výkon kW","239 kW","263 kW","Točivý moment Nm","364 Nm","407 Nm","Maximální rychlost","","+ 7 KM/H","Spotřeba město","","-0,50 L / 100 KM","Kombinovaná spotřeba","","-0,40 L / 100 KM","Spotřeba mimo město","","-0,30 L / 100 KM"],"chartPower":"./chartPower/m37__y51_1184022.png","chartTorque":"./chartTorque/m37__y51_1184022.png"},{"id":"m56__y51_1184026","fullName":"ChipTuning - Infiniti M56 5.6 V8 Automat - 426 HP ","desc":"Zvýšení výkonu motoru (chiptuning) vozidla Infiniti M56 5.6 V8 Automat - 426 HP je možné z původních 308 kW (421 HP) až na 339 kW (464 HP) a nárůst točivého momentu ze 560 Nm až na 622 Nm.,Maximální rychlost se po úpravě zvýší o + 7 KM/H a kombinovaná spotřeba se sníží v průměru o -0,70 L / 100 KM.","imgUrl":"./previews/m56__y51_.png","fullDesc":"Níže naleznete parametry před a po úpravě Standard pro vozidlo: Infiniti M56 5.6 V8 Automat - 426 HP. Modelová řada Y51, vyráběná od roku 2011. Úprava tohoto modelu se provádí přes diagnostickou zásuvku. Řídící jednotka motoru od společnosti Hitachi. Typ řídící jednotky DEA030-2xx (CAN). Tato úprava je přizpůsobena pro automatickou převodovku. Předpokládaná doba úpravy tohoto modelu je 1 - 2 hodiny.","numbers":["Výkon HP","421 HP","464 HP","Výkon kW","308 kW","339 kW","Točivý moment Nm","560 Nm","622 Nm","Maximální rychlost","","+ 7 KM/H","Spotřeba město","","-0,50 L / 100 KM","Kombinovaná spotřeba","","-0,40 L / 100 KM","Spotřeba mimo město","","-0,30 L / 100 KM"],"chartPower":"./chartPower/m56__y51_1184026.png","chartTorque":"./chartTorque/m56__y51_1184026.png"},{"id":"m56__y51_1184029","fullName":"ChipTuning - Infiniti M56 5.6 V8 Automat AWD - 426 HP ","desc":"Zvýšení výkonu motoru (chiptuning) vozidla Infiniti M56 5.6 V8 Automat AWD - 426 HP je možné z původních 312 kW (425 HP) až na 343 kW (468 HP) a nárůst točivého momentu ze 564 Nm až na 626 Nm.,Maximální rychlost se po úpravě zvýší o + 7 KM/H a kombinovaná spotřeba se sníží v průměru o -0,70 L / 100 KM.","imgUrl":"./previews/m56__y51_.png","fullDesc":"Níže naleznete parametry před a po úpravě Standard pro vozidlo: Infiniti M56 5.6 V8 Automat AWD - 426 HP. Modelová řada Y51, vyráběná od roku 2011. Úprava tohoto modelu se provádí přes diagnostickou zásuvku. Řídící jednotka motoru od společnosti Hitachi. Typ řídící jednotky DEA030-2xx (CAN). Tato úprava je přizpůsobena pro automatickou převodovku. Předpokládaná doba úpravy tohoto modelu je 1 - 2 hodiny.","numbers":["Výkon HP","425 HP","468 HP","Výkon kW","312 kW","343 kW","Točivý moment Nm","564 Nm","626 Nm","Maximální rychlost","","+ 7 KM/H","Spotřeba město","","-0,50 L / 100 KM","Kombinovaná spotřeba","","-0,40 L / 100 KM","Spotřeba mimo město","","-0,30 L / 100 KM"],"chartPower":"./chartPower/m56__y51_1184029.png","chartTorque":"./chartTorque/m56__y51_1184029.png"},{"id":"q30___1184032","fullName":"ChipTuning - Infiniti Q30 1.5d  2WD - 109 HP ","desc":"Zvýšení výkonu motoru (chiptuning) vozidla Infiniti Q30 1.5d 2WD - 109 HP je možné z původních 80 kW (109 HP) až na 110 kW (151 HP) a nárůst točivého momentu ze 260 Nm až na 365 Nm.,Maximální rychlost se po úpravě zvýší o + 7 KM/H a kombinovaná spotřeba se sníží v průměru o -0,60 L / 100 KM.","imgUrl":"./previews/q30___.png","fullDesc":"Níže naleznete parametry před a po úpravě Standard pro vozidlo: Infiniti Q30 1.5d 2WD - 109 HP. Modelová řada vyráběná od roku 2016. Řídící jednotka motoru od společnosti Continental. Typ řídící jednotky SID310. Předpokládaná doba úpravy tohoto modelu je 2 - 4 hodiny.","numbers":["Výkon HP","109 HP","141 HP","Výkon kW","80 kW","103 kW","Točivý moment Nm","260 Nm","335 Nm","Maximální rychlost","","+ 4 KM/H","Spotřeba město","","-0,40 L / 100 KM","Kombinovaná spotřeba","","-0,35 L / 100 KM","Spotřeba mimo město","","-0,30 L / 100 KM"],"chartPower":"./chartPower/q30___1184032.png","chartTorque":"./chartTorque/q30___1184032.png"},{"id":"q30___1184034","fullName":"ChipTuning - Infiniti Q30 1.5d 7DCT 2WD - 109 HP ","desc":"Zvýšení výkonu motoru (chiptuning) vozidla Infiniti Q30 1.5d 7DCT 2WD - 109 HP je možné z původních 82 kW (111 HP) až na 112 kW (153 HP) a nárůst točivého momentu ze 262 Nm až na 367 Nm.,Maximální rychlost se po úpravě zvýší o + 7 KM/H a kombinovaná spotřeba se sníží v průměru o -0,60 L / 100 KM.","imgUrl":"./previews/q30___.png","fullDesc":"Níže naleznete parametry před a po úpravě Standard pro vozidlo: Infiniti Q30 1.5d 7DCT 2WD - 109 HP. Modelová řada vyráběná od roku 2016. Řídící jednotka motoru od společnosti Continental. Typ řídící jednotky SID310. Předpokládaná doba úpravy tohoto modelu je 2 - 4 hodiny.","numbers":["Výkon HP","111 HP","143 HP","Výkon kW","82 kW","105 kW","Točivý moment Nm","262 Nm","337 Nm","Maximální rychlost","","+ 4 KM/H","Spotřeba město","","-0,40 L / 100 KM","Kombinovaná spotřeba","","-0,35 L / 100 KM","Spotřeba mimo město","","-0,30 L / 100 KM"],"chartPower":"./chartPower/q30___1184034.png","chartTorque":"./chartTorque/q30___1184034.png"},{"id":"q30___1184040","fullName":"ChipTuning - Infiniti Q30 1.6 Turbo  2WD - 122 HP ","desc":"Zvýšení výkonu motoru (chiptuning) vozidla Infiniti Q30 1.6 Turbo 2WD - 122 HP je možné z původních 95 kW (127 HP) až na 124 kW (165 HP) a nárůst točivého momentu ze 205 Nm až na 278 Nm.,Maximální rychlost se po úpravě zvýší o + 9 KM/H a kombinovaná spotřeba se sníží v průměru o -0,70 L / 100 KM.","imgUrl":"./previews/q30___.png","fullDesc":"Níže naleznete parametry před a po úpravě Standard pro vozidlo: Infiniti Q30 1.6 Turbo 2WD - 122 HP. Modelová řada vyráběná od roku 2016. Úprava tohoto modelu se provádí připojením na konektory řídící jednotky bez rozebírání jednotky. Řídící jednotka motoru od společnosti Bosch. Typ řídící jednotky MED17.7.2. Předpokládaná doba úpravy tohoto modelu je 1.5 - 2.5 hodiny.","numbers":["Výkon HP","127 HP","156 HP","Výkon kW","95 kW","117 kW","Točivý moment Nm","205 Nm","257 Nm","Maximální rychlost","","+ 6 KM/H","Spotřeba město","","-0,50 L / 100 KM","Kombinovaná spotřeba","","-0,40 L / 100 KM","Spotřeba mimo město","","-0,30 L / 100 KM"],"chartPower":"./chartPower/q30___1184040.png","chartTorque":"./chartTorque/q30___1184040.png"},{"id":"q30___1184044","fullName":"ChipTuning - Infiniti Q30 1.6 Turbo 7DCT 2WD - 156 HP ","desc":"Zvýšení výkonu motoru (chiptuning) vozidla Infiniti Q30 1.6 Turbo 7DCT 2WD - 156 HP je možné z původních 116 kW (157 HP) až na 152 kW (205 HP) a nárůst točivého momentu ze 251 Nm až na 342 Nm.,Maximální rychlost se po úpravě zvýší o + 9 KM/H a kombinovaná spotřeba se sníží v průměru o -0,70 L / 100 KM.","imgUrl":"./previews/q30___.png","fullDesc":"Níže naleznete parametry před a po úpravě Standard pro vozidlo: Infiniti Q30 1.6 Turbo 7DCT 2WD - 156 HP. Modelová řada vyráběná od roku 2016. Úprava tohoto modelu se provádí připojením na konektory řídící jednotky bez rozebírání jednotky. Řídící jednotka motoru od společnosti Bosch. Typ řídící jednotky MED17.7.2. Předpokládaná doba úpravy tohoto modelu je 1.5 - 2.5 hodiny.","numbers":["Výkon HP","157 HP","194 HP","Výkon kW","116 kW","144 kW","Točivý moment Nm","251 Nm","316 Nm","Maximální rychlost","","+ 6 KM/H","Spotřeba město","","-0,50 L / 100 KM","Kombinovaná spotřeba","","-0,40 L / 100 KM","Spotřeba mimo město","","-0,30 L / 100 KM"],"chartPower":"./chartPower/q30___1184044.png","chartTorque":"./chartTorque/q30___1184044.png"},{"id":"q30___1184048","fullName":"ChipTuning - Infiniti Q30 2.0 Turbo 7DCT AWD - 211 HP ","desc":"Zvýšení výkonu motoru (chiptuning) vozidla Infiniti Q30 2.0 Turbo 7DCT AWD - 211 HP je možné z původních 158 kW (214 HP) až na 201 kW (271 HP) a nárůst točivého momentu ze 353 Nm až na 471 Nm.,Maximální rychlost se po úpravě zvýší o + 9 KM/H a kombinovaná spotřeba se sníží v průměru o -0,70 L / 100 KM.","imgUrl":"./previews/q30___.png","fullDesc":"Níže naleznete parametry před a po úpravě Standard pro vozidlo: Infiniti Q30 2.0 Turbo 7DCT AWD - 211 HP. Modelová řada vyráběná od roku 2016. Úprava tohoto modelu se provádí připojením na konektory řídící jednotky bez rozebírání jednotky. Řídící jednotka motoru od společnosti Bosch. Typ řídící jednotky MED17.7.2. Předpokládaná doba úpravy tohoto modelu je 1.5 - 2.5 hodiny.","numbers":["Výkon HP","214 HP","258 HP","Výkon kW","158 kW","191 kW","Točivý moment Nm","353 Nm","437 Nm","Maximální rychlost","","+ 6 KM/H","Spotřeba město","","-0,50 L / 100 KM","Kombinovaná spotřeba","","-0,40 L / 100 KM","Spotřeba mimo město","","-0,30 L / 100 KM"],"chartPower":"./chartPower/q30___1184048.png","chartTorque":"./chartTorque/q30___1184048.png"},{"id":"q30___1184036","fullName":"ChipTuning - Infiniti Q30 2.2d 7DCT 2WD - 170 HP ","desc":"Zvýšení výkonu motoru (chiptuning) vozidla Infiniti Q30 2.2d 7DCT 2WD - 170 HP je možné z původních 123 kW (168 HP) až na 157 kW (215 HP) a nárůst točivého momentu ze 348 Nm až na 481 Nm.,Maximální rychlost se po úpravě zvýší o + 11 KM/H a kombinovaná spotřeba se sníží v průměru o -0,90 L / 100 KM.","imgUrl":"./previews/q30___.png","fullDesc":"Níže naleznete parametry před a po úpravě Standard pro vozidlo: Infiniti Q30 2.2d 7DCT 2WD - 170 HP. Modelová řada vyráběná od roku 2016. Řídící jednotka motoru od společnosti Delphi. Typ řídící jednotky 3.N5. Předpokládaná doba úpravy tohoto modelu je 2 - 4 hodiny.","numbers":["Výkon HP","168 HP","204 HP","Výkon kW","123 kW","149 kW","Točivý moment Nm","348 Nm","443 Nm","Maximální rychlost","","+ 8 KM/H","Spotřeba město","","-0,60 L / 100 KM","Kombinovaná spotřeba","","-0,50 L / 100 KM","Spotřeba mimo město","","-0,40 L / 100 KM"],"chartPower":"./chartPower/q30___1184036.png","chartTorque":"./chartTorque/q30___1184036.png"},{"id":"q30___1184038","fullName":"ChipTuning - Infiniti Q30 2.2d 7DCT AWD - 170 HP ","desc":"Zvýšení výkonu motoru (chiptuning) vozidla Infiniti Q30 2.2d 7DCT AWD - 170 HP je možné z původních 122 kW (167 HP) až na 156 kW (214 HP) a nárůst točivého momentu ze 347 Nm až na 480 Nm.,Maximální rychlost se po úpravě zvýší o + 11 KM/H a kombinovaná spotřeba se sníží v průměru o -0,90 L / 100 KM.","imgUrl":"./previews/q30___.png","fullDesc":"Níže naleznete parametry před a po úpravě Standard pro vozidlo: Infiniti Q30 2.2d 7DCT AWD - 170 HP. Modelová řada vyráběná od roku 2016. Řídící jednotka motoru od společnosti Delphi. Typ řídící jednotky 3.N5. Předpokládaná doba úpravy tohoto modelu je 2 - 4 hodiny.","numbers":["Výkon HP","167 HP","203 HP","Výkon kW","122 kW","148 kW","Točivý moment Nm","347 Nm","442 Nm","Maximální rychlost","","+ 8 KM/H","Spotřeba město","","-0,60 L / 100 KM","Kombinovaná spotřeba","","-0,50 L / 100 KM","Spotřeba mimo město","","-0,40 L / 100 KM"],"chartPower":"./chartPower/q30___1184038.png","chartTorque":"./chartTorque/q30___1184038.png"},{"id":"q50__v37_1184060","fullName":"ChipTuning - Infiniti Q50 2.0 Turbo Automat - 211 HP ","desc":"Zvýšení výkonu motoru (chiptuning) vozidla Infiniti Q50 2.0 Turbo Automat - 211 HP je možné z původních 160 kW (216 HP) až na 200 kW (269 HP) a nárůst točivého momentu ze 355 Nm až na 454 Nm.,Maximální rychlost se po úpravě zvýší o + 9 KM/H a kombinovaná spotřeba se sníží v průměru o -0,70 L / 100 KM.","imgUrl":"./previews/q50__v37_.png","fullDesc":"Níže naleznete parametry před a po úpravě Standard pro vozidlo: Infiniti Q50 2.0 Turbo Automat - 211 HP. Modelová řada V37, vyráběná od roku 2014. Úprava tohoto modelu se provádí přes diagnostickou zásuvku. Řídící jednotka motoru od společnosti Bosch. Typ řídící jednotky MED17.7.2. Tato úprava je přizpůsobena pro automatickou převodovku. Předpokládaná doba úpravy tohoto modelu je 1 - 2 hodiny.","numbers":["Výkon HP","216 HP","257 HP","Výkon kW","160 kW","191 kW","Točivý moment Nm","355 Nm","426 Nm","Maximální rychlost","","+ 6 KM/H","Spotřeba město","","-0,50 L / 100 KM","Kombinovaná spotřeba","","-0,40 L / 100 KM","Spotřeba mimo město","","-0,30 L / 100 KM"],"chartPower":"./chartPower/q50__v37_1184060.png","chartTorque":"./chartTorque/q50__v37_1184060.png"},{"id":"q50__v37_1184052","fullName":"ChipTuning - Infiniti Q50 2.2d - 170 HP ","desc":"Zvýšení výkonu motoru (chiptuning) vozidla Infiniti Q50 2.2d - 170 HP je možné z původních 129 kW (174 HP) až na 163 kW (221 HP) a nárůst točivého momentu ze 404 Nm až na 555 Nm.,Maximální rychlost se po úpravě zvýší o + 11 KM/H a kombinovaná spotřeba se sníží v průměru o -0,90 L / 100 KM.","imgUrl":"./previews/q50__v37_.png","fullDesc":"Níže naleznete parametry před a po úpravě Standard pro vozidlo: Infiniti Q50 2.2d - 170 HP. Modelová řada V37, vyráběná od roku 2014. Řídící jednotka motoru od společnosti Delphi. Typ řídící jednotky 3.N5. Předpokládaná doba úpravy tohoto modelu je 2 - 4 hodiny.","numbers":["Výkon HP","174 HP","210 HP","Výkon kW","129 kW","155 kW","Točivý moment Nm","404 Nm","512 Nm","Maximální rychlost","","+ 8 KM/H","Spotřeba město","","-0,60 L / 100 KM","Kombinovaná spotřeba","","-0,50 L / 100 KM","Spotřeba mimo město","","-0,40 L / 100 KM"],"chartPower":"./chartPower/q50__v37_1184052.png","chartTorque":"./chartTorque/q50__v37_1184052.png"},{"id":"q50__v37_1184056","fullName":"ChipTuning - Infiniti Q50 2.2d Automat - 170 HP ","desc":"Zvýšení výkonu motoru (chiptuning) vozidla Infiniti Q50 2.2d Automat - 170 HP je možné z původních 121 kW (166 HP) až na 152 kW (210 HP) a nárůst točivého momentu ze 396 Nm až na 526 Nm.,Maximální rychlost se po úpravě zvýší o + 11 KM/H a kombinovaná spotřeba se sníží v průměru o -0,90 L / 100 KM.","imgUrl":"./previews/q50__v37_.png","fullDesc":"Níže naleznete parametry před a po úpravě Standard pro vozidlo: Infiniti Q50 2.2d Automat - 170 HP. Modelová řada V37, vyráběná od roku 2014. Řídící jednotka motoru od společnosti Delphi. Typ řídící jednotky 3.N5. Tato úprava je přizpůsobena pro automatickou převodovku. Předpokládaná doba úpravy tohoto modelu je 2 - 4 hodiny.","numbers":["Výkon HP","166 HP","200 HP","Výkon kW","121 kW","145 kW","Točivý moment Nm","396 Nm","489 Nm","Maximální rychlost","","+ 8 KM/H","Spotřeba město","","-0,60 L / 100 KM","Kombinovaná spotřeba","","-0,50 L / 100 KM","Spotřeba mimo město","","-0,40 L / 100 KM"],"chartPower":"./chartPower/q50__v37_1184056.png","chartTorque":"./chartTorque/q50__v37_1184056.png"},{"id":"q50__v37_1184068","fullName":"ChipTuning - Infiniti Q50 3.0 Turbo Automat - 304 HP ","desc":"Zvýšení výkonu motoru (chiptuning) vozidla Infiniti Q50 3.0 Turbo Automat - 304 HP je možné z původních 220 kW (300 HP) až na 263 kW (359 HP) a nárůst točivého momentu ze 396 Nm až na 509 Nm.,Maximální rychlost se po úpravě zvýší o + 13 KM/H a kombinovaná spotřeba se sníží v průměru o -1,00 L / 100 KM.","imgUrl":"./previews/q50__v37_.png","fullDesc":"Níže naleznete parametry před a po úpravě Standard pro vozidlo: Infiniti Q50 3.0 Turbo Automat - 304 HP. Modelová řada V37, vyráběná od roku 2016. Úprava tohoto modelu se provádí přes diagnostickou zásuvku. Řídící jednotka motoru od společnosti Hitachi. Typ řídící jednotky NEC015. Tato úprava je přizpůsobena pro automatickou převodovku. Předpokládaná doba úpravy tohoto modelu je 1 - 2 hodiny.","numbers":["Výkon HP","300 HP","345 HP","Výkon kW","220 kW","253 kW","Točivý moment Nm","396 Nm","477 Nm","Maximální rychlost","","+ 10 KM/H","Spotřeba město","","-0,70 L / 100 KM","Kombinovaná spotřeba","","-0,60 L / 100 KM","Spotřeba mimo město","","-0,50 L / 100 KM"],"chartPower":"./chartPower/q50__v37_1184068.png","chartTorque":"./chartTorque/q50__v37_1184068.png"},{"id":"q50__v37_1184072","fullName":"ChipTuning - Infiniti Q50 3.0 Turbo RedSport Automat - 406 HP ","desc":"Zvýšení výkonu motoru (chiptuning) vozidla Infiniti Q50 3.0 Turbo RedSport Automat - 406 HP je možné z původních 294 kW (401 HP) až na 341 kW (463 HP) a nárůst točivého momentu ze 470 Nm až na 567 Nm.,Maximální rychlost se po úpravě zvýší o + 13 KM/H a kombinovaná spotřeba se sníží v průměru o -1,00 L / 100 KM.","imgUrl":"./previews/q50__v37_.png","fullDesc":"Níže naleznete parametry před a po úpravě Standard pro vozidlo: Infiniti Q50 3.0 Turbo RedSport Automat - 406 HP. Modelová řada V37, vyráběná od roku 2016. Úprava tohoto modelu se provádí přes diagnostickou zásuvku. Řídící jednotka motoru od společnosti Hitachi. Typ řídící jednotky NEC015. Tato úprava je přizpůsobena pro automatickou převodovku. Předpokládaná doba úpravy tohoto modelu je 1 - 2 hodiny.","numbers":["Výkon HP","401 HP","449 HP","Výkon kW","294 kW","330 kW","Točivý moment Nm","470 Nm","539 Nm","Maximální rychlost","","+ 10 KM/H","Spotřeba město","","-0,70 L / 100 KM","Kombinovaná spotřeba","","-0,60 L / 100 KM","Spotřeba mimo město","","-0,50 L / 100 KM"],"chartPower":"./chartPower/q50__v37_1184072.png","chartTorque":"./chartTorque/q50__v37_1184072.png"},{"id":"q50__v37_1184076","fullName":"ChipTuning - Infiniti Q50 3.5 V6 Automat AWD - 364 HP ","desc":"Zvýšení výkonu motoru (chiptuning) vozidla Infiniti Q50 3.5 V6 Automat AWD - 364 HP je možné z původních 266 kW (362 HP) až na 308 kW (418 HP) a nárůst točivého momentu ze 528 Nm až na 634 Nm.,Maximální rychlost se po úpravě zvýší o + 13 KM/H a kombinovaná spotřeba se sníží v průměru o -1,00 L / 100 KM.","imgUrl":"./previews/q50__v37_.png","fullDesc":"Níže naleznete parametry před a po úpravě Standard pro vozidlo: Infiniti Q50 3.5 V6 Automat AWD - 364 HP. Modelová řada V37, vyráběná od roku 2014. Úprava tohoto modelu se provádí přes diagnostickou zásuvku. Řídící jednotka motoru od společnosti Hitachi. Typ řídící jednotky MEC107 (CAN). Tato úprava je přizpůsobena pro automatickou převodovku. Předpokládaná doba úpravy tohoto modelu je 1 - 2 hodiny.","numbers":["Výkon HP","362 HP","405 HP","Výkon kW","266 kW","298 kW","Točivý moment Nm","528 Nm","604 Nm","Maximální rychlost","","+ 10 KM/H","Spotřeba město","","-0,70 L / 100 KM","Kombinovaná spotřeba","","-0,60 L / 100 KM","Spotřeba mimo město","","-0,50 L / 100 KM"],"chartPower":"./chartPower/q50__v37_1184076.png","chartTorque":"./chartTorque/q50__v37_1184076.png"},{"id":"q50__v37_1184078","fullName":"ChipTuning - Infiniti Q50 3.5 V6 Automat AWD - 364 HP ","desc":"Zvýšení výkonu motoru (chiptuning) vozidla Infiniti Q50 3.5 V6 Automat AWD - 364 HP je možné z původních 265 kW (361 HP) až na 307 kW (417 HP) a nárůst točivého momentu ze 543 Nm až na 654 Nm.,Maximální rychlost se po úpravě zvýší o + 13 KM/H a kombinovaná spotřeba se sníží v průměru o -1,00 L / 100 KM.","imgUrl":"./previews/q50__v37_.png","fullDesc":"Níže naleznete parametry před a po úpravě Standard pro vozidlo: Infiniti Q50 3.5 V6 Automat AWD - 364 HP. Modelová řada V37, vyráběná od roku 2016. Úprava tohoto modelu se provádí přes diagnostickou zásuvku. Řídící jednotka motoru od společnosti Hitachi. Typ řídící jednotky MEC107 (CAN). Tato úprava je přizpůsobena pro automatickou převodovku. Předpokládaná doba úpravy tohoto modelu je 1 - 2 hodiny.","numbers":["Výkon HP","361 HP","404 HP","Výkon kW","265 kW","297 kW","Točivý moment Nm","543 Nm","622 Nm","Maximální rychlost","","+ 10 KM/H","Spotřeba město","","-0,70 L / 100 KM","Kombinovaná spotřeba","","-0,60 L / 100 KM","Spotřeba mimo město","","-0,50 L / 100 KM"],"chartPower":"./chartPower/q50__v37_1184078.png","chartTorque":"./chartTorque/q50__v37_1184078.png"},{"id":"q50__v37_1184080","fullName":"ChipTuning - Infiniti Q50 3.5 V6 Automat RWD - 364 HP ","desc":"Zvýšení výkonu motoru (chiptuning) vozidla Infiniti Q50 3.5 V6 Automat RWD - 364 HP je možné z původních 265 kW (361 HP) až na 307 kW (417 HP) a nárůst točivého momentu ze 527 Nm až na 633 Nm.,Maximální rychlost se po úpravě zvýší o + 13 KM/H a kombinovaná spotřeba se sníží v průměru o -1,00 L / 100 KM.","imgUrl":"./previews/q50__v37_.png","fullDesc":"Níže naleznete parametry před a po úpravě Standard pro vozidlo: Infiniti Q50 3.5 V6 Automat RWD - 364 HP. Modelová řada V37, vyráběná od roku 2014. Úprava tohoto modelu se provádí přes diagnostickou zásuvku. Řídící jednotka motoru od společnosti Hitachi. Typ řídící jednotky MEC107 (CAN). Tato úprava je přizpůsobena pro automatickou převodovku. Předpokládaná doba úpravy tohoto modelu je 1 - 2 hodiny.","numbers":["Výkon HP","361 HP","404 HP","Výkon kW","265 kW","297 kW","Točivý moment Nm","527 Nm","603 Nm","Maximální rychlost","","+ 10 KM/H","Spotřeba město","","-0,70 L / 100 KM","Kombinovaná spotřeba","","-0,60 L / 100 KM","Spotřeba mimo město","","-0,50 L / 100 KM"],"chartPower":"./chartPower/q50__v37_1184080.png","chartTorque":"./chartTorque/q50__v37_1184080.png"},{"id":"q50__v37_1184082","fullName":"ChipTuning - Infiniti Q50 3.5 V6 Automat RWD - 364 HP ","desc":"Zvýšení výkonu motoru (chiptuning) vozidla Infiniti Q50 3.5 V6 Automat RWD - 364 HP je možné z původních 268 kW (364 HP) až na 310 kW (420 HP) a nárůst točivého momentu ze 546 Nm až na 657 Nm.,Maximální rychlost se po úpravě zvýší o + 13 KM/H a kombinovaná spotřeba se sníží v průměru o -1,00 L / 100 KM.","imgUrl":"./previews/q50__v37_.png","fullDesc":"Níže naleznete parametry před a po úpravě Standard pro vozidlo: Infiniti Q50 3.5 V6 Automat RWD - 364 HP. Modelová řada V37, vyráběná od roku 2016. Úprava tohoto modelu se provádí přes diagnostickou zásuvku. Řídící jednotka motoru od společnosti Hitachi. Typ řídící jednotky MEC107 (CAN). Tato úprava je přizpůsobena pro automatickou převodovku. Předpokládaná doba úpravy tohoto modelu je 1 - 2 hodiny.","numbers":["Výkon HP","364 HP","407 HP","Výkon kW","268 kW","300 kW","Točivý moment Nm","546 Nm","625 Nm","Maximální rychlost","","+ 10 KM/H","Spotřeba město","","-0,70 L / 100 KM","Kombinovaná spotřeba","","-0,60 L / 100 KM","Spotřeba mimo město","","-0,50 L / 100 KM"],"chartPower":"./chartPower/q50__v37_1184082.png","chartTorque":"./chartTorque/q50__v37_1184082.png"},{"id":"q60__cv37_1184084","fullName":"ChipTuning - Infiniti Q60 3.0 Turbo Automat - 304 HP ","desc":"Zvýšení výkonu motoru (chiptuning) vozidla Infiniti Q60 3.0 Turbo Automat - 304 HP je možné z původních 222 kW (302 HP) až na 265 kW (361 HP) a nárůst točivého momentu ze 398 Nm až na 511 Nm.,Maximální rychlost se po úpravě zvýší o + 13 KM/H a kombinovaná spotřeba se sníží v průměru o -1,00 L / 100 KM.","imgUrl":"./previews/q60__cv37_.png","fullDesc":"Níže naleznete parametry před a po úpravě Standard pro vozidlo: Infiniti Q60 3.0 Turbo Automat - 304 HP. Modelová řada CV37, vyráběná od roku 2017. Úprava tohoto modelu se provádí přes diagnostickou zásuvku. Řídící jednotka motoru od společnosti Hitachi. Typ řídící jednotky NEC015. Tato úprava je přizpůsobena pro automatickou převodovku. Předpokládaná doba úpravy tohoto modelu je 1 - 2 hodiny.","numbers":["Výkon HP","302 HP","347 HP","Výkon kW","222 kW","255 kW","Točivý moment Nm","398 Nm","479 Nm","Maximální rychlost","","+ 10 KM/H","Spotřeba město","","-0,70 L / 100 KM","Kombinovaná spotřeba","","-0,60 L / 100 KM","Spotřeba mimo město","","-0,50 L / 100 KM"],"chartPower":"./chartPower/q60__cv37_1184084.png","chartTorque":"./chartTorque/q60__cv37_1184084.png"},{"id":"q60__cv37_1184087","fullName":"ChipTuning - Infiniti Q60 3.0 Turbo RedSport Automat - 406 HP ","desc":"Zvýšení výkonu motoru (chiptuning) vozidla Infiniti Q60 3.0 Turbo RedSport Automat - 406 HP je možné z původních 300 kW (407 HP) až na 347 kW (469 HP) a nárůst točivého momentu ze 476 Nm až na 573 Nm.,Maximální rychlost se po úpravě zvýší o + 13 KM/H a kombinovaná spotřeba se sníží v průměru o -1,00 L / 100 KM.","imgUrl":"./previews/q60__cv37_.png","fullDesc":"Níže naleznete parametry před a po úpravě Standard pro vozidlo: Infiniti Q60 3.0 Turbo RedSport Automat - 406 HP. Modelová řada CV37, vyráběná od roku 2017. Úprava tohoto modelu se provádí přes diagnostickou zásuvku. Řídící jednotka motoru od společnosti Hitachi. Typ řídící jednotky NEC015. Tato úprava je přizpůsobena pro automatickou převodovku. Předpokládaná doba úpravy tohoto modelu je 1 - 2 hodiny.","numbers":["Výkon HP","407 HP","455 HP","Výkon kW","300 kW","336 kW","Točivý moment Nm","476 Nm","545 Nm","Maximální rychlost","","+ 10 KM/H","Spotřeba město","","-0,70 L / 100 KM","Kombinovaná spotřeba","","-0,60 L / 100 KM","Spotřeba mimo město","","-0,50 L / 100 KM"],"chartPower":"./chartPower/q60__cv37_1184087.png","chartTorque":"./chartTorque/q60__cv37_1184087.png"},{"id":"q60__v37_1184090","fullName":"ChipTuning - Infiniti Q60 2.0 Turbo 7DCT AWD - 211 HP ","desc":"Zvýšení výkonu motoru (chiptuning) vozidla Infiniti Q60 2.0 Turbo 7DCT AWD - 211 HP je možné z původních 151 kW (207 HP) až na 194 kW (264 HP) a nárůst točivého momentu ze 346 Nm až na 464 Nm.,Maximální rychlost se po úpravě zvýší o + 9 KM/H a kombinovaná spotřeba se sníží v průměru o -0,70 L / 100 KM.","imgUrl":"./previews/q60__v37_.png","fullDesc":"Níže naleznete parametry před a po úpravě Standard pro vozidlo: Infiniti Q60 2.0 Turbo 7DCT AWD - 211 HP. Modelová řada V37, vyráběná od roku 2017. Úprava tohoto modelu se provádí připojením na konektory řídící jednotky bez rozebírání jednotky. Řídící jednotka motoru od společnosti Bosch. Typ řídící jednotky MED17.7.2. Předpokládaná doba úpravy tohoto modelu je 1.5 - 2.5 hodiny.","numbers":["Výkon HP","207 HP","251 HP","Výkon kW","151 kW","184 kW","Točivý moment Nm","346 Nm","430 Nm","Maximální rychlost","","+ 6 KM/H","Spotřeba město","","-0,50 L / 100 KM","Kombinovaná spotřeba","","-0,40 L / 100 KM","Spotřeba mimo město","","-0,30 L / 100 KM"],"chartPower":"./chartPower/q60__v37_1184090.png","chartTorque":"./chartTorque/q60__v37_1184090.png"},{"id":"q60__v37_1184092","fullName":"ChipTuning - Infiniti Q60 2.0 Turbo 7DCT RWD - 211 HP ","desc":"Zvýšení výkonu motoru (chiptuning) vozidla Infiniti Q60 2.0 Turbo 7DCT RWD - 211 HP je možné z původních 153 kW (209 HP) až na 196 kW (266 HP) a nárůst točivého momentu ze 348 Nm až na 466 Nm.,Maximální rychlost se po úpravě zvýší o + 9 KM/H a kombinovaná spotřeba se sníží v průměru o -0,70 L / 100 KM.","imgUrl":"./previews/q60__v37_.png","fullDesc":"Níže naleznete parametry před a po úpravě Standard pro vozidlo: Infiniti Q60 2.0 Turbo 7DCT RWD - 211 HP. Modelová řada V37, vyráběná od roku 2016. Úprava tohoto modelu se provádí připojením na konektory řídící jednotky bez rozebírání jednotky. Řídící jednotka motoru od společnosti Bosch. Typ řídící jednotky MED17.7.2. Předpokládaná doba úpravy tohoto modelu je 1.5 - 2.5 hodiny.","numbers":["Výkon HP","209 HP","253 HP","Výkon kW","153 kW","186 kW","Točivý moment Nm","348 Nm","432 Nm","Maximální rychlost","","+ 6 KM/H","Spotřeba město","","-0,50 L / 100 KM","Kombinovaná spotřeba","","-0,40 L / 100 KM","Spotřeba mimo město","","-0,30 L / 100 KM"],"chartPower":"./chartPower/q60__v37_1184092.png","chartTorque":"./chartTorque/q60__v37_1184092.png"},{"id":"q60__v37_1184096","fullName":"ChipTuning - Infiniti Q60 3.0 Turbo Automat AWD - 405 HP ","desc":"Zvýšení výkonu motoru (chiptuning) vozidla Infiniti Q60 3.0 Turbo Automat AWD - 405 HP je možné z původních 293 kW (400 HP) až na 340 kW (462 HP) a nárůst točivého momentu ze 470 Nm až na 567 Nm.,Maximální rychlost se po úpravě zvýší o + 13 KM/H a kombinovaná spotřeba se sníží v průměru o -1,00 L / 100 KM.","imgUrl":"./previews/q60__v37_.png","fullDesc":"Níže naleznete parametry před a po úpravě Standard pro vozidlo: Infiniti Q60 3.0 Turbo Automat AWD - 405 HP. Modelová řada V37, vyráběná od roku 2016. Úprava tohoto modelu se provádí přes diagnostickou zásuvku. Řídící jednotka motoru od společnosti Hitachi. Typ řídící jednotky NEC015. Tato úprava je přizpůsobena pro automatickou převodovku. Předpokládaná doba úpravy tohoto modelu je 1 - 2 hodiny.","numbers":["Výkon HP","400 HP","448 HP","Výkon kW","293 kW","329 kW","Točivý moment Nm","470 Nm","539 Nm","Maximální rychlost","","+ 10 KM/H","Spotřeba město","","-0,70 L / 100 KM","Kombinovaná spotřeba","","-0,60 L / 100 KM","Spotřeba mimo město","","-0,50 L / 100 KM"],"chartPower":"./chartPower/q60__v37_1184096.png","chartTorque":"./chartTorque/q60__v37_1184096.png"},{"id":"q60__v37_1184098","fullName":"ChipTuning - Infiniti Q60 3.0 Turbo Automat RWD - 405 HP ","desc":"Zvýšení výkonu motoru (chiptuning) vozidla Infiniti Q60 3.0 Turbo Automat RWD - 405 HP je možné z původních 293 kW (400 HP) až na 340 kW (462 HP) a nárůst točivého momentu ze 470 Nm až na 567 Nm.,Maximální rychlost se po úpravě zvýší o + 13 KM/H a kombinovaná spotřeba se sníží v průměru o -1,00 L / 100 KM.","imgUrl":"./previews/q60__v37_.png","fullDesc":"Níže naleznete parametry před a po úpravě Standard pro vozidlo: Infiniti Q60 3.0 Turbo Automat RWD - 405 HP. Modelová řada V37, vyráběná od roku 2017. Úprava tohoto modelu se provádí přes diagnostickou zásuvku. Řídící jednotka motoru od společnosti Hitachi. Typ řídící jednotky NEC015. Tato úprava je přizpůsobena pro automatickou převodovku. Předpokládaná doba úpravy tohoto modelu je 1 - 2 hodiny.","numbers":["Výkon HP","400 HP","448 HP","Výkon kW","293 kW","329 kW","Točivý moment Nm","470 Nm","539 Nm","Maximální rychlost","","+ 10 KM/H","Spotřeba město","","-0,70 L / 100 KM","Kombinovaná spotřeba","","-0,60 L / 100 KM","Spotřeba mimo město","","-0,50 L / 100 KM"],"chartPower":"./chartPower/q60__v37_1184098.png","chartTorque":"./chartTorque/q60__v37_1184098.png"},{"id":"q70__y51_1184099","fullName":"ChipTuning - Infiniti Q70 2.2d Automat - 170 HP ","desc":"Zvýšení výkonu motoru (chiptuning) vozidla Infiniti Q70 2.2d Automat - 170 HP je možné z původních 122 kW (167 HP) až na 153 kW (211 HP) a nárůst točivého momentu ze 397 Nm až na 527 Nm.,Maximální rychlost se po úpravě zvýší o + 11 KM/H a kombinovaná spotřeba se sníží v průměru o -0,90 L / 100 KM.","imgUrl":"./previews/q70__y51_.png","fullDesc":"Níže naleznete parametry před a po úpravě Standard pro vozidlo: Infiniti Q70 2.2d Automat - 170 HP. Modelová řada Y51, vyráběná od roku 2015. Řídící jednotka motoru od společnosti Delphi. Typ řídící jednotky 3.N5. Tato úprava je přizpůsobena pro automatickou převodovku. Předpokládaná doba úpravy tohoto modelu je 2 - 4 hodiny.","numbers":["Výkon HP","167 HP","201 HP","Výkon kW","122 kW","146 kW","Točivý moment Nm","397 Nm","490 Nm","Maximální rychlost","","+ 8 KM/H","Spotřeba město","","-0,60 L / 100 KM","Kombinovaná spotřeba","","-0,50 L / 100 KM","Spotřeba mimo město","","-0,40 L / 100 KM"],"chartPower":"./chartPower/q70__y51_1184099.png","chartTorque":"./chartTorque/q70__y51_1184099.png"},{"id":"q70__y51_1184102","fullName":"ChipTuning - Infiniti Q70 3.0d Automat - 238 HP ","desc":"Zvýšení výkonu motoru (chiptuning) vozidla Infiniti Q70 3.0d Automat - 238 HP je možné z původních 170 kW (233 HP) až na 216 kW (294 HP) a nárůst točivého momentu ze 545 Nm až na 671 Nm.,Maximální rychlost se po úpravě zvýší o + 13 KM/H a kombinovaná spotřeba se sníží v průměru o -1,00 L / 100 KM.","imgUrl":"./previews/q70__y51_.png","fullDesc":"Níže naleznete parametry před a po úpravě Standard pro vozidlo: Infiniti Q70 3.0d Automat - 238 HP. Modelová řada Y51, vyráběná od roku 2014. Úprava tohoto modelu se provádí přes diagnostickou zásuvku. Řídící jednotka motoru od společnosti Bosch. Typ řídící jednotky EDC16CP42. Tato úprava je přizpůsobena pro automatickou převodovku. Předpokládaná doba úpravy tohoto modelu je 1 - 2 hodiny.","numbers":["Výkon HP","233 HP","280 HP","Výkon kW","170 kW","205 kW","Točivý moment Nm","545 Nm","635 Nm","Maximální rychlost","","+ 10 KM/H","Spotřeba město","","-0,70 L / 100 KM","Kombinovaná spotřeba","","-0,60 L / 100 KM","Spotřeba mimo město","","-0,50 L / 100 KM"],"chartPower":"./chartPower/q70__y51_1184102.png","chartTorque":"./chartTorque/q70__y51_1184102.png"},{"id":"q70__y51_1184104","fullName":"ChipTuning - Infiniti Q70 3.5 V6 Automat - 364 HP ","desc":"Zvýšení výkonu motoru (chiptuning) vozidla Infiniti Q70 3.5 V6 Automat - 364 HP je možné z původních 269 kW (365 HP) až na 311 kW (421 HP) a nárůst točivého momentu ze 551 Nm až na 663 Nm.,Maximální rychlost se po úpravě zvýší o + 13 KM/H a kombinovaná spotřeba se sníží v průměru o -1,00 L / 100 KM.","imgUrl":"./previews/q70__y51_.png","fullDesc":"Níže naleznete parametry před a po úpravě Standard pro vozidlo: Infiniti Q70 3.5 V6 Automat - 364 HP. Modelová řada Y51, vyráběná od roku 2014. Úprava tohoto modelu se provádí přes diagnostickou zásuvku. Řídící jednotka motoru od společnosti Hitachi. Typ řídící jednotky MEC107 (CAN). Tato úprava je přizpůsobena pro automatickou převodovku. Předpokládaná doba úpravy tohoto modelu je 1 - 2 hodiny.","numbers":["Výkon HP","365 HP","408 HP","Výkon kW","269 kW","301 kW","Točivý moment Nm","551 Nm","631 Nm","Maximální rychlost","","+ 10 KM/H","Spotřeba město","","-0,70 L / 100 KM","Kombinovaná spotřeba","","-0,60 L / 100 KM","Spotřeba mimo město","","-0,50 L / 100 KM"],"chartPower":"./chartPower/q70__y51_1184104.png","chartTorque":"./chartTorque/q70__y51_1184104.png"},{"id":"q70__y51_1184108","fullName":"ChipTuning - Infiniti Q70 5.6 V8 Automat AWD - 426 HP ","desc":"Zvýšení výkonu motoru (chiptuning) vozidla Infiniti Q70 5.6 V8 Automat AWD - 426 HP je možné z původních 316 kW (429 HP) až na 347 kW (472 HP) a nárůst točivého momentu ze 568 Nm až na 630 Nm.,Maximální rychlost se po úpravě zvýší o + 7 KM/H a kombinovaná spotřeba se sníží v průměru o -0,70 L / 100 KM.","imgUrl":"./previews/q70__y51_.png","fullDesc":"Níže naleznete parametry před a po úpravě Standard pro vozidlo: Infiniti Q70 5.6 V8 Automat AWD - 426 HP. Modelová řada Y51, vyráběná od roku 2014. Úprava tohoto modelu se provádí přes diagnostickou zásuvku. Řídící jednotka motoru od společnosti Hitachi. Typ řídící jednotky DEA030-2xx (CAN). Tato úprava je přizpůsobena pro automatickou převodovku. Předpokládaná doba úpravy tohoto modelu je 1 - 2 hodiny.","numbers":["Výkon HP","429 HP","472 HP","Výkon kW","316 kW","347 kW","Točivý moment Nm","568 Nm","630 Nm","Maximální rychlost","","+ 7 KM/H","Spotřeba město","","-0,50 L / 100 KM","Kombinovaná spotřeba","","-0,40 L / 100 KM","Spotřeba mimo město","","-0,30 L / 100 KM"],"chartPower":"./chartPower/q70__y51_1184108.png","chartTorque":"./chartTorque/q70__y51_1184108.png"},{"id":"q70__y51_1184112","fullName":"ChipTuning - Infiniti Q70 5.6 V8 Automat RWD - 426 HP ","desc":"Zvýšení výkonu motoru (chiptuning) vozidla Infiniti Q70 5.6 V8 Automat RWD - 426 HP je možné z původních 316 kW (429 HP) až na 347 kW (472 HP) a nárůst točivého momentu ze 568 Nm až na 630 Nm.,Maximální rychlost se po úpravě zvýší o + 7 KM/H a kombinovaná spotřeba se sníží v průměru o -0,70 L / 100 KM.","imgUrl":"./previews/q70__y51_.png","fullDesc":"Níže naleznete parametry před a po úpravě Standard pro vozidlo: Infiniti Q70 5.6 V8 Automat RWD - 426 HP. Modelová řada Y51, vyráběná od roku 2014. Úprava tohoto modelu se provádí přes diagnostickou zásuvku. Řídící jednotka motoru od společnosti Hitachi. Typ řídící jednotky DEA030-2xx (CAN). Tato úprava je přizpůsobena pro automatickou převodovku. Předpokládaná doba úpravy tohoto modelu je 1 - 2 hodiny.","numbers":["Výkon HP","429 HP","472 HP","Výkon kW","316 kW","347 kW","Točivý moment Nm","568 Nm","630 Nm","Maximální rychlost","","+ 7 KM/H","Spotřeba město","","-0,50 L / 100 KM","Kombinovaná spotřeba","","-0,40 L / 100 KM","Spotřeba mimo město","","-0,30 L / 100 KM"],"chartPower":"./chartPower/q70__y51_1184112.png","chartTorque":"./chartTorque/q70__y51_1184112.png"},{"id":"qx30___1184124","fullName":"ChipTuning - Infiniti QX30 2.0 Turbo 7DCT AWD - 211 HP ","desc":"Zvýšení výkonu motoru (chiptuning) vozidla Infiniti QX30 2.0 Turbo 7DCT AWD - 211 HP je možné z původních 150 kW (206 HP) až na 193 kW (263 HP) a nárůst točivého momentu ze 345 Nm až na 463 Nm.,Maximální rychlost se po úpravě zvýší o + 9 KM/H a kombinovaná spotřeba se sníží v průměru o -0,70 L / 100 KM.","imgUrl":"./previews/qx30___.png","fullDesc":"Níže naleznete parametry před a po úpravě Standard pro vozidlo: Infiniti QX30 2.0 Turbo 7DCT AWD - 211 HP. Modelová řada vyráběná od roku 2016. Úprava tohoto modelu se provádí připojením na konektory řídící jednotky bez rozebírání jednotky. Řídící jednotka motoru od společnosti Bosch. Typ řídící jednotky MED17.7.2. Předpokládaná doba úpravy tohoto modelu je 1.5 - 2.5 hodiny.","numbers":["Výkon HP","206 HP","250 HP","Výkon kW","150 kW","183 kW","Točivý moment Nm","345 Nm","429 Nm","Maximální rychlost","","+ 6 KM/H","Spotřeba město","","-0,50 L / 100 KM","Kombinovaná spotřeba","","-0,40 L / 100 KM","Spotřeba mimo město","","-0,30 L / 100 KM"],"chartPower":"./chartPower/qx30___1184124.png","chartTorque":"./chartTorque/qx30___1184124.png"},{"id":"qx30___1184116","fullName":"ChipTuning - Infiniti QX30 2.2d 7DCT 2WD - 170 HP ","desc":"Zvýšení výkonu motoru (chiptuning) vozidla Infiniti QX30 2.2d 7DCT 2WD - 170 HP je možné z původních 130 kW (175 HP) až na 164 kW (222 HP) a nárůst točivého momentu ze 355 Nm až na 488 Nm.,Maximální rychlost se po úpravě zvýší o + 11 KM/H a kombinovaná spotřeba se sníží v průměru o -0,90 L / 100 KM.","imgUrl":"./previews/qx30___.png","fullDesc":"Níže naleznete parametry před a po úpravě Standard pro vozidlo: Infiniti QX30 2.2d 7DCT 2WD - 170 HP. Modelová řada vyráběná od roku 2016. Úprava tohoto modelu se provádí přes diagnostickou zásuvku. Řídící jednotka motoru od společnosti Delphi. Typ řídící jednotky CRD3. Předpokládaná doba úpravy tohoto modelu je 1 - 2 hodiny.","numbers":["Výkon HP","175 HP","211 HP","Výkon kW","130 kW","156 kW","Točivý moment Nm","355 Nm","450 Nm","Maximální rychlost","","+ 8 KM/H","Spotřeba město","","-0,60 L / 100 KM","Kombinovaná spotřeba","","-0,50 L / 100 KM","Spotřeba mimo město","","-0,40 L / 100 KM"],"chartPower":"./chartPower/qx30___1184116.png","chartTorque":"./chartTorque/qx30___1184116.png"},{"id":"qx30___1184120","fullName":"ChipTuning - Infiniti QX30 2.2d 7DCT AWD - 170 HP ","desc":"Zvýšení výkonu motoru (chiptuning) vozidla Infiniti QX30 2.2d 7DCT AWD - 170 HP je možné z původních 123 kW (168 HP) až na 157 kW (215 HP) a nárůst točivého momentu ze 348 Nm až na 481 Nm.,Maximální rychlost se po úpravě zvýší o + 11 KM/H a kombinovaná spotřeba se sníží v průměru o -0,90 L / 100 KM.","imgUrl":"./previews/qx30___.png","fullDesc":"Níže naleznete parametry před a po úpravě Standard pro vozidlo: Infiniti QX30 2.2d 7DCT AWD - 170 HP. Modelová řada vyráběná od roku 2016. Úprava tohoto modelu se provádí přes diagnostickou zásuvku. Řídící jednotka motoru od společnosti Delphi. Typ řídící jednotky CRD3. Předpokládaná doba úpravy tohoto modelu je 1 - 2 hodiny.","numbers":["Výkon HP","168 HP","204 HP","Výkon kW","123 kW","149 kW","Točivý moment Nm","348 Nm","443 Nm","Maximální rychlost","","+ 8 KM/H","Spotřeba město","","-0,60 L / 100 KM","Kombinovaná spotřeba","","-0,50 L / 100 KM","Spotřeba mimo město","","-0,40 L / 100 KM"],"chartPower":"./chartPower/qx30___1184120.png","chartTorque":"./chartTorque/qx30___1184120.png"},{"id":"qx50__j50_1184128","fullName":"ChipTuning - Infiniti QX50 3.0d Automat AWD - 238 HP ","desc":"Zvýšení výkonu motoru (chiptuning) vozidla Infiniti QX50 3.0d Automat AWD - 238 HP je možné z původních 173 kW (236 HP) až na 219 kW (297 HP) a nárůst točivého momentu ze 548 Nm až na 674 Nm.,Maximální rychlost se po úpravě zvýší o + 13 KM/H a kombinovaná spotřeba se sníží v průměru o -1,00 L / 100 KM.","imgUrl":"./previews/qx50__j50_.png","fullDesc":"Níže naleznete parametry před a po úpravě Standard pro vozidlo: Infiniti QX50 3.0d Automat AWD - 238 HP. Modelová řada J50, vyráběná od roku 2014. Úprava tohoto modelu se provádí přes diagnostickou zásuvku. Řídící jednotka motoru od společnosti Bosch. Typ řídící jednotky EDC16CP42. Tato úprava je přizpůsobena pro automatickou převodovku. Předpokládaná doba úpravy tohoto modelu je 1 - 2 hodiny.","numbers":["Výkon HP","236 HP","283 HP","Výkon kW","173 kW","208 kW","Točivý moment Nm","548 Nm","638 Nm","Maximální rychlost","","+ 10 KM/H","Spotřeba město","","-0,70 L / 100 KM","Kombinovaná spotřeba","","-0,60 L / 100 KM","Spotřeba mimo město","","-0,50 L / 100 KM"],"chartPower":"./chartPower/qx50__j50_1184128.png","chartTorque":"./chartTorque/qx50__j50_1184128.png"},{"id":"qx56__z62_1184130","fullName":"ChipTuning - Infiniti QX56 5.6 V8 2WD - 405 HP ","desc":"Zvýšení výkonu motoru (chiptuning) vozidla Infiniti QX56 5.6 V8 2WD - 405 HP je možné z původních 299 kW (406 HP) až na 329 kW (447 HP) a nárůst točivého momentu ze 561 Nm až na 623 Nm.,Maximální rychlost se po úpravě zvýší o + 7 KM/H a kombinovaná spotřeba se sníží v průměru o -0,70 L / 100 KM.","imgUrl":"./previews/qx56__z62_.png","fullDesc":"Níže naleznete parametry před a po úpravě Standard pro vozidlo: Infiniti QX56 5.6 V8 2WD - 405 HP. Modelová řada Z62, vyráběná od roku 2011. Úprava tohoto modelu se provádí přes diagnostickou zásuvku. Řídící jednotka motoru od společnosti Hitachi. Typ řídící jednotky DEA030-2xx (CAN). Předpokládaná doba úpravy tohoto modelu je 1 - 2 hodiny.","numbers":["Výkon HP","406 HP","447 HP","Výkon kW","299 kW","329 kW","Točivý moment Nm","561 Nm","623 Nm","Maximální rychlost","","+ 7 KM/H","Spotřeba město","","-0,50 L / 100 KM","Kombinovaná spotřeba","","-0,40 L / 100 KM","Spotřeba mimo město","","-0,30 L / 100 KM"],"chartPower":"./chartPower/qx56__z62_1184130.png","chartTorque":"./chartTorque/qx56__z62_1184130.png"},{"id":"qx56__z62_1184133","fullName":"ChipTuning - Infiniti QX56 5.6 V8 4WD - 405 HP ","desc":"Zvýšení výkonu motoru (chiptuning) vozidla Infiniti QX56 5.6 V8 4WD - 405 HP je možné z původních 299 kW (406 HP) až na 329 kW (447 HP) a nárůst točivého momentu ze 561 Nm až na 623 Nm.,Maximální rychlost se po úpravě zvýší o + 7 KM/H a kombinovaná spotřeba se sníží v průměru o -0,70 L / 100 KM.","imgUrl":"./previews/qx56__z62_.png","fullDesc":"Níže naleznete parametry před a po úpravě Standard pro vozidlo: Infiniti QX56 5.6 V8 4WD - 405 HP. Modelová řada Z62, vyráběná od roku 2011. Úprava tohoto modelu se provádí přes diagnostickou zásuvku. Řídící jednotka motoru od společnosti Hitachi. Typ řídící jednotky DEA030-2xx (CAN). Předpokládaná doba úpravy tohoto modelu je 1 - 2 hodiny.","numbers":["Výkon HP","406 HP","447 HP","Výkon kW","299 kW","329 kW","Točivý moment Nm","561 Nm","623 Nm","Maximální rychlost","","+ 7 KM/H","Spotřeba město","","-0,50 L / 100 KM","Kombinovaná spotřeba","","-0,40 L / 100 KM","Spotřeba mimo město","","-0,30 L / 100 KM"],"chartPower":"./chartPower/qx56__z62_1184133.png","chartTorque":"./chartTorque/qx56__z62_1184133.png"},{"id":"qx60___1184152","fullName":"ChipTuning - Infiniti QX60 3.5 V6 CVT - 269 HP ","desc":"Zvýšení výkonu motoru (chiptuning) vozidla Infiniti QX60 3.5 V6 CVT - 269 HP je možné z původních 197 kW (268 HP) až na 217 kW (298 HP) a nárůst točivého momentu ze 335 Nm až na 375 Nm.,Maximální rychlost se po úpravě zvýší o + 5 KM/H a kombinovaná spotřeba se sníží v průměru o -0,70 L / 100 KM.","imgUrl":"./previews/qx60___.png","fullDesc":"Níže naleznete parametry před a po úpravě Standard pro vozidlo: Infiniti QX60 3.5 V6 CVT - 269 HP. Modelová řada vyráběná od roku 2013. Úprava tohoto modelu se provádí přes diagnostickou zásuvku. Řídící jednotka motoru od společnosti Hitachi. Typ řídící jednotky NEC030. Předpokládaná doba úpravy tohoto modelu je 1 - 2 hodiny.","numbers":["Výkon HP","268 HP","298 HP","Výkon kW","197 kW","217 kW","Točivý moment Nm","335 Nm","375 Nm","Maximální rychlost","","+ 5 KM/H","Spotřeba město","","-0,50 L / 100 KM","Kombinovaná spotřeba","","-0,40 L / 100 KM","Spotřeba mimo město","","-0,30 L / 100 KM"],"chartPower":"./chartPower/qx60___1184152.png","chartTorque":"./chartTorque/qx60___1184152.png"},{"id":"qx60__l50_1184136","fullName":"ChipTuning - Infiniti QX60 2.5 16v Hybrid AWD - 253 HP ","desc":"Zvýšení výkonu motoru (chiptuning) vozidla Infiniti QX60 2.5 16v Hybrid AWD - 253 HP je možné z původních 190 kW (257 HP) až na 241 kW (326 HP) a nárůst točivého momentu ze 333 Nm až na 444 Nm.,Maximální rychlost se po úpravě zvýší o + 11 KM/H a kombinovaná spotřeba se sníží v průměru o -0,90 L / 100 KM.","imgUrl":"./previews/qx60__l50_.png","fullDesc":"Níže naleznete parametry před a po úpravě Standard pro vozidlo: Infiniti QX60 2.5 16v Hybrid AWD - 253 HP. Modelová řada L50, vyráběná od roku 2014. Úprava tohoto modelu se provádí přes diagnostickou zásuvku. Řídící jednotka motoru od společnosti Hitachi. Typ řídící jednotky NEC029 nebo NEC030. Předpokládaná doba úpravy tohoto modelu je 1 - 2 hodiny.","numbers":["Výkon HP","257 HP","310 HP","Výkon kW","190 kW","229 kW","Točivý moment Nm","333 Nm","412 Nm","Maximální rychlost","","+ 8 KM/H","Spotřeba město","","-0,60 L / 100 KM","Kombinovaná spotřeba","","-0,50 L / 100 KM","Spotřeba mimo město","","-0,40 L / 100 KM"],"chartPower":"./chartPower/qx60__l50_1184136.png","chartTorque":"./chartTorque/qx60__l50_1184136.png"},{"id":"qx60__l50_1184144","fullName":"ChipTuning - Infiniti QX60 2.5 16v Hybrid FWD - 253 HP ","desc":"Zvýšení výkonu motoru (chiptuning) vozidla Infiniti QX60 2.5 16v Hybrid FWD - 253 HP je možné z původních 191 kW (258 HP) až na 242 kW (327 HP) a nárůst točivého momentu ze 334 Nm až na 445 Nm.,Maximální rychlost se po úpravě zvýší o + 11 KM/H a kombinovaná spotřeba se sníží v průměru o -0,90 L / 100 KM.","imgUrl":"./previews/qx60__l50_.png","fullDesc":"Níže naleznete parametry před a po úpravě Standard pro vozidlo: Infiniti QX60 2.5 16v Hybrid FWD - 253 HP. Modelová řada L50, vyráběná od roku 2014. Úprava tohoto modelu se provádí přes diagnostickou zásuvku. Řídící jednotka motoru od společnosti Hitachi. Typ řídící jednotky NEC029 nebo NEC030. Předpokládaná doba úpravy tohoto modelu je 1 - 2 hodiny.","numbers":["Výkon HP","258 HP","311 HP","Výkon kW","191 kW","230 kW","Točivý moment Nm","334 Nm","413 Nm","Maximální rychlost","","+ 8 KM/H","Spotřeba město","","-0,60 L / 100 KM","Kombinovaná spotřeba","","-0,50 L / 100 KM","Spotřeba mimo město","","-0,40 L / 100 KM"],"chartPower":"./chartPower/qx60__l50_1184144.png","chartTorque":"./chartTorque/qx60__l50_1184144.png"},{"id":"qx70__s51_1184156","fullName":"ChipTuning - Infiniti QX70 3.0d Automat AWD - 238 HP ","desc":"Zvýšení výkonu motoru (chiptuning) vozidla Infiniti QX70 3.0d Automat AWD - 238 HP je možné z původních 171 kW (234 HP) až na 217 kW (295 HP) a nárůst točivého momentu ze 546 Nm až na 672 Nm.,Maximální rychlost se po úpravě zvýší o + 13 KM/H a kombinovaná spotřeba se sníží v průměru o -1,00 L / 100 KM.","imgUrl":"./previews/qx70__s51_.png","fullDesc":"Níže naleznete parametry před a po úpravě Standard pro vozidlo: Infiniti QX70 3.0d Automat AWD - 238 HP. Modelová řada S51, vyráběná od roku 2014. Úprava tohoto modelu se provádí přes diagnostickou zásuvku. Řídící jednotka motoru od společnosti Bosch. Typ řídící jednotky EDC16CP42. Tato úprava je přizpůsobena pro automatickou převodovku. Předpokládaná doba úpravy tohoto modelu je 1 - 2 hodiny.","numbers":["Výkon HP","234 HP","281 HP","Výkon kW","171 kW","206 kW","Točivý moment Nm","546 Nm","636 Nm","Maximální rychlost","","+ 10 KM/H","Spotřeba město","","-0,70 L / 100 KM","Kombinovaná spotřeba","","-0,60 L / 100 KM","Spotřeba mimo město","","-0,50 L / 100 KM"],"chartPower":"./chartPower/qx70__s51_1184156.png","chartTorque":"./chartTorque/qx70__s51_1184156.png"},{"id":"qx70__s51_1184159","fullName":"ChipTuning - Infiniti QX70 3.0d S Automat AWD - 238 HP ","desc":"Zvýšení výkonu motoru (chiptuning) vozidla Infiniti QX70 3.0d S Automat AWD - 238 HP je možné z původních 171 kW (234 HP) až na 217 kW (295 HP) a nárůst točivého momentu ze 546 Nm až na 672 Nm.,Maximální rychlost se po úpravě zvýší o + 13 KM/H a kombinovaná spotřeba se sníží v průměru o -1,00 L / 100 KM.","imgUrl":"./previews/qx70__s51_.png","fullDesc":"Níže naleznete parametry před a po úpravě Standard pro vozidlo: Infiniti QX70 3.0d S Automat AWD - 238 HP. Modelová řada S51, vyráběná od roku 2014. Úprava tohoto modelu se provádí přes diagnostickou zásuvku. Řídící jednotka motoru od společnosti Bosch. Typ řídící jednotky EDC16CP42. Tato úprava je přizpůsobena pro automatickou převodovku. Předpokládaná doba úpravy tohoto modelu je 1 - 2 hodiny.","numbers":["Výkon HP","234 HP","281 HP","Výkon kW","171 kW","206 kW","Točivý moment Nm","546 Nm","636 Nm","Maximální rychlost","","+ 10 KM/H","Spotřeba město","","-0,70 L / 100 KM","Kombinovaná spotřeba","","-0,60 L / 100 KM","Spotřeba mimo město","","-0,50 L / 100 KM"],"chartPower":"./chartPower/qx70__s51_1184159.png","chartTorque":"./chartTorque/qx70__s51_1184159.png"},{"id":"qx80__y62_1184162","fullName":"ChipTuning - Infiniti QX80 5.6 V8 Automat - 405 HP ","desc":"Zvýšení výkonu motoru (chiptuning) vozidla Infiniti QX80 5.6 V8 Automat - 405 HP je možné z původních 298 kW (405 HP) až na 328 kW (446 HP) a nárůst točivého momentu ze 560 Nm až na 622 Nm.,Maximální rychlost se po úpravě zvýší o + 7 KM/H a kombinovaná spotřeba se sníží v průměru o -0,70 L / 100 KM.","imgUrl":"./previews/qx80__y62_.png","fullDesc":"Níže naleznete parametry před a po úpravě Standard pro vozidlo: Infiniti QX80 5.6 V8 Automat - 405 HP. Modelová řada Y62, vyráběná od roku 2014. Úprava tohoto modelu se provádí přes diagnostickou zásuvku. Řídící jednotka motoru od společnosti Hitachi. Typ řídící jednotky DEA030-2xx (CAN). Tato úprava je přizpůsobena pro automatickou převodovku. Předpokládaná doba úpravy tohoto modelu je 1 - 2 hodiny.","numbers":["Výkon HP","405 HP","446 HP","Výkon kW","298 kW","328 kW","Točivý moment Nm","560 Nm","622 Nm","Maximální rychlost","","+ 7 KM/H","Spotřeba město","","-0,50 L / 100 KM","Kombinovaná spotřeba","","-0,40 L / 100 KM","Spotřeba mimo město","","-0,30 L / 100 KM"],"chartPower":"./chartPower/qx80__y62_1184162.png","chartTorque":"./chartTorque/qx80__y62_1184162.png"},{"id":"qx80__y62_1184166","fullName":"ChipTuning - Infiniti QX80 5.6 V8 Automat AWD - 405 HP ","desc":"Zvýšení výkonu motoru (chiptuning) vozidla Infiniti QX80 5.6 V8 Automat AWD - 405 HP je možné z původních 302 kW (409 HP) až na 332 kW (450 HP) a nárůst točivého momentu ze 564 Nm až na 626 Nm.,Maximální rychlost se po úpravě zvýší o + 7 KM/H a kombinovaná spotřeba se sníží v průměru o -0,70 L / 100 KM.","imgUrl":"./previews/qx80__y62_.png","fullDesc":"Níže naleznete parametry před a po úpravě Standard pro vozidlo: Infiniti QX80 5.6 V8 Automat AWD - 405 HP. Modelová řada Y62, vyráběná od roku 2014. Úprava tohoto modelu se provádí přes diagnostickou zásuvku. Řídící jednotka motoru od společnosti Hitachi. Typ řídící jednotky DEA030-2xx (CAN). Tato úprava je přizpůsobena pro automatickou převodovku. Předpokládaná doba úpravy tohoto modelu je 1 - 2 hodiny.","numbers":["Výkon HP","409 HP","450 HP","Výkon kW","302 kW","332 kW","Točivý moment Nm","564 Nm","626 Nm","Maximální rychlost","","+ 7 KM/H","Spotřeba město","","-0,50 L / 100 KM","Kombinovaná spotřeba","","-0,40 L / 100 KM","Spotřeba mimo město","","-0,30 L / 100 KM"],"chartPower":"./chartPower/qx80__y62_1184166.png","chartTorque":"./chartTorque/qx80__y62_1184166.png"}]