[{"id":"d-max_(_1st)__1184176","fullName":"ChipTuning - Isuzu D-Max 2.5 TD - 79 HP ","desc":"Zvýšení výkonu motoru (chiptuning) vozidla Isuzu D-Max 2.5 TD - 79 HP je možné z původních 55 kW (76 HP) až na 78 kW (107 HP) a nárůst točivého momentu ze 167 Nm až na 231 Nm.,Maximální rychlost se po úpravě zvýší o + 11 KM/H a kombinovaná spotřeba se sníží v průměru o -0,90 L / 100 KM.","imgUrl":"./previews/d-max_(_1st)__.png","fullDesc":"Níže naleznete parametry před a po úpravě Standard pro vozidlo: Isuzu D-Max 2.5 TD - 79 HP. Modelová řada vyráběná od roku 2007. Úprava tohoto modelu se provádí přes diagnostickou zásuvku. Řídící jednotka motoru od společnosti Transtron. Typ řídící jednotky 4Jxx. Předpokládaná doba úpravy tohoto modelu je 1 - 2 hodiny.","numbers":["Výkon HP","76 HP","100 HP","Výkon kW","55 kW","73 kW","Točivý moment Nm","167 Nm","213 Nm","Maximální rychlost","","+ 8 KM/H","Spotřeba město","","-0,60 L / 100 KM","Kombinovaná spotřeba","","-0,50 L / 100 KM","Spotřeba mimo město","","-0,40 L / 100 KM"],"chartPower":"./chartPower/d-max_(_1st)__1184176.png","chartTorque":"./chartTorque/d-max_(_1st)__1184176.png"},{"id":"d-max_(_1st)__1184170","fullName":"ChipTuning - Isuzu D-Max 2.5 TD - 101 HP ","desc":"Zvýšení výkonu motoru (chiptuning) vozidla Isuzu D-Max 2.5 TD - 101 HP je možné z původních 79 kW (106 HP) až na 106 kW (144 HP) a nárůst točivého momentu ze 231 Nm až na 316 Nm.,Maximální rychlost se po úpravě zvýší o + 11 KM/H a kombinovaná spotřeba se sníží v průměru o -0,90 L / 100 KM.","imgUrl":"./previews/d-max_(_1st)__.png","fullDesc":"Níže naleznete parametry před a po úpravě Standard pro vozidlo: Isuzu D-Max 2.5 TD - 101 HP. Modelová řada vyráběná od roku 2002. Řídící jednotka motoru od společnosti Bosch. Typ řídící jednotky MSA11. Předpokládaná doba úpravy tohoto modelu je 2 - 4 hodiny.","numbers":["Výkon HP","106 HP","135 HP","Výkon kW","79 kW","100 kW","Točivý moment Nm","231 Nm","292 Nm","Maximální rychlost","","+ 8 KM/H","Spotřeba město","","-0,60 L / 100 KM","Kombinovaná spotřeba","","-0,50 L / 100 KM","Spotřeba mimo město","","-0,40 L / 100 KM"],"chartPower":"./chartPower/d-max_(_1st)__1184170.png","chartTorque":"./chartTorque/d-max_(_1st)__1184170.png"},{"id":"d-max_(_1st)__1184173","fullName":"ChipTuning - Isuzu D-Max 2.5 TD - 136 HP ","desc":"Zvýšení výkonu motoru (chiptuning) vozidla Isuzu D-Max 2.5 TD - 136 HP je možné z původních 99 kW (135 HP) až na 137 kW (186 HP) a nárůst točivého momentu ze 279 Nm až na 392 Nm.,Maximální rychlost se po úpravě zvýší o + 11 KM/H a kombinovaná spotřeba se sníží v průměru o -0,90 L / 100 KM.","imgUrl":"./previews/d-max_(_1st)__.png","fullDesc":"Níže naleznete parametry před a po úpravě Standard pro vozidlo: Isuzu D-Max 2.5 TD - 136 HP. Modelová řada vyráběná od roku 2005. Úprava tohoto modelu se provádí přes diagnostickou zásuvku. Řídící jednotka motoru od společnosti Transtron. Typ řídící jednotky 4Jxx. Předpokládaná doba úpravy tohoto modelu je 1 - 2 hodiny.","numbers":["Výkon HP","135 HP","174 HP","Výkon kW","99 kW","128 kW","Točivý moment Nm","279 Nm","360 Nm","Maximální rychlost","","+ 8 KM/H","Spotřeba město","","-0,60 L / 100 KM","Kombinovaná spotřeba","","-0,50 L / 100 KM","Spotřeba mimo město","","-0,40 L / 100 KM"],"chartPower":"./chartPower/d-max_(_1st)__1184173.png","chartTorque":"./chartTorque/d-max_(_1st)__1184173.png"},{"id":"d-max_(_1st)__1184187","fullName":"ChipTuning - Isuzu D-Max 3.0 TD - 131 HP ","desc":"Zvýšení výkonu motoru (chiptuning) vozidla Isuzu D-Max 3.0 TD - 131 HP je možné z původních 94 kW (129 HP) až na 130 kW (178 HP) a nárůst točivého momentu ze 292 Nm až na 411 Nm.,Maximální rychlost se po úpravě zvýší o + 13 KM/H a kombinovaná spotřeba se sníží v průměru o -1,00 L / 100 KM.","imgUrl":"./previews/d-max_(_1st)__.png","fullDesc":"Níže naleznete parametry před a po úpravě Standard pro vozidlo: Isuzu D-Max 3.0 TD - 131 HP. Modelová řada vyráběná od roku 2003. Řídící jednotka motoru od společnosti Bosch. Typ řídící jednotky MSA15. Předpokládaná doba úpravy tohoto modelu je 2 - 4 hodiny.","numbers":["Výkon HP","129 HP","167 HP","Výkon kW","94 kW","122 kW","Točivý moment Nm","292 Nm","377 Nm","Maximální rychlost","","+ 10 KM/H","Spotřeba město","","-0,70 L / 100 KM","Kombinovaná spotřeba","","-0,60 L / 100 KM","Spotřeba mimo město","","-0,50 L / 100 KM"],"chartPower":"./chartPower/d-max_(_1st)__1184187.png","chartTorque":"./chartTorque/d-max_(_1st)__1184187.png"},{"id":"d-max_(_1st)__1184191","fullName":"ChipTuning - Isuzu D-Max 3.0 TD - 163 HP ","desc":"Zvýšení výkonu motoru (chiptuning) vozidla Isuzu D-Max 3.0 TD - 163 HP je možné z původních 120 kW (163 HP) až na 158 kW (214 HP) a nárůst točivého momentu ze 333 Nm až na 459 Nm.,Maximální rychlost se po úpravě zvýší o + 13 KM/H a kombinovaná spotřeba se sníží v průměru o -1,00 L / 100 KM.","imgUrl":"./previews/d-max_(_1st)__.png","fullDesc":"Níže naleznete parametry před a po úpravě Standard pro vozidlo: Isuzu D-Max 3.0 TD - 163 HP. Modelová řada vyráběná od roku 2006. Řídící jednotka motoru od společnosti Delphi nebo Transtron. Typ řídící jednotky MPC56x nebo 4Jxx. Předpokládaná doba úpravy tohoto modelu je 2 - 4 hodiny.","numbers":["Výkon HP","163 HP","202 HP","Výkon kW","120 kW","149 kW","Točivý moment Nm","333 Nm","423 Nm","Maximální rychlost","","+ 10 KM/H","Spotřeba město","","-0,70 L / 100 KM","Kombinovaná spotřeba","","-0,60 L / 100 KM","Spotřeba mimo město","","-0,50 L / 100 KM"],"chartPower":"./chartPower/d-max_(_1st)__1184191.png","chartTorque":"./chartTorque/d-max_(_1st)__1184191.png"},{"id":"d-max_(_1st)__1184190","fullName":"ChipTuning - Isuzu D-Max 3.0 TD - 163 HP ","desc":"Zvýšení výkonu motoru (chiptuning) vozidla Isuzu D-Max 3.0 TD - 163 HP je možné z původních 118 kW (161 HP) až na 156 kW (212 HP) a nárůst točivého momentu ze 358 Nm až na 494 Nm.,Maximální rychlost se po úpravě zvýší o + 13 KM/H a kombinovaná spotřeba se sníží v průměru o -1,00 L / 100 KM.","imgUrl":"./previews/d-max_(_1st)__.png","fullDesc":"Níže naleznete parametry před a po úpravě Standard pro vozidlo: Isuzu D-Max 3.0 TD - 163 HP. Modelová řada vyráběná od roku 2006. Řídící jednotka motoru od společnosti Delphi nebo Transtron. Typ řídící jednotky MPC56x nebo 4Jxx. Předpokládaná doba úpravy tohoto modelu je 2 - 4 hodiny.","numbers":["Výkon HP","161 HP","200 HP","Výkon kW","118 kW","147 kW","Točivý moment Nm","358 Nm","455 Nm","Maximální rychlost","","+ 10 KM/H","Spotřeba město","","-0,70 L / 100 KM","Kombinovaná spotřeba","","-0,60 L / 100 KM","Spotřeba mimo město","","-0,50 L / 100 KM"],"chartPower":"./chartPower/d-max_(_1st)__1184190.png","chartTorque":"./chartTorque/d-max_(_1st)__1184190.png"},{"id":"d-max_(_1st)__1184207","fullName":"ChipTuning - Isuzu D-Max 7.8 TD - 200 HP ","desc":"Zvýšení výkonu motoru (chiptuning) vozidla Isuzu D-Max 7.8 TD - 200 HP je možné z původních 149 kW (202 HP) až na 189 kW (257 HP) a nárůst točivého momentu až na 612 Nm.,Maximální rychlost se po úpravě zvýší o + 16 KM/H a kombinovaná spotřeba se sníží v průměru o -1,20 L / 100 KM.","imgUrl":"./previews/d-max_(_1st)__.png","fullDesc":"Níže naleznete parametry před a po úpravě Standard pro vozidlo: Isuzu D-Max 7.8 TD - 200 HP. Modelová řada vyráběná od roku 2003. Řídící jednotka motoru od společnosti Denso. Typ řídící jednotky 94661024. Předpokládaná doba úpravy tohoto modelu je 2 - 4 hodiny.","numbers":["Výkon HP","202 HP","244 HP","Výkon kW","149 kW","180 kW","Točivý moment Nm","-","+95 Nm","Maximální rychlost","","+ 12 KM/H","Spotřeba město","","-0,80 L / 100 KM","Kombinovaná spotřeba","","-0,70 L / 100 KM","Spotřeba mimo město","","-0,65 L / 100 KM"],"chartPower":"./chartPower/d-max_(_1st)__1184207.png","chartTorque":""},{"id":"d-max_(_2nd)__1184208","fullName":"ChipTuning - Isuzu D-Max 2.5 TD - 116 HP ","desc":"Zvýšení výkonu motoru (chiptuning) vozidla Isuzu D-Max 2.5 TD - 116 HP je možné z původních 89 kW (120 HP) až na 122 kW (164 HP) a nárůst točivého momentu ze 284 Nm až na 397 Nm.,Maximální rychlost se po úpravě zvýší o + 11 KM/H a kombinovaná spotřeba se sníží v průměru o -0,90 L / 100 KM.","imgUrl":"./previews/d-max_(_2nd)__.png","fullDesc":"Níže naleznete parametry před a po úpravě Standard pro vozidlo: Isuzu D-Max 2.5 TD - 116 HP. Modelová řada vyráběná od roku 2011. Úprava tohoto modelu se provádí přes diagnostickou zásuvku. Řídící jednotka motoru od společnosti Transtron. Typ řídící jednotky 4Jxx. Předpokládaná doba úpravy tohoto modelu je 1 - 2 hodiny.","numbers":["Výkon HP","120 HP","154 HP","Výkon kW","89 kW","114 kW","Točivý moment Nm","284 Nm","365 Nm","Maximální rychlost","","+ 8 KM/H","Spotřeba město","","-0,60 L / 100 KM","Kombinovaná spotřeba","","-0,50 L / 100 KM","Spotřeba mimo město","","-0,40 L / 100 KM"],"chartPower":"./chartPower/d-max_(_2nd)__1184208.png","chartTorque":"./chartTorque/d-max_(_2nd)__1184208.png"},{"id":"d-max_(_2nd)__1184214","fullName":"ChipTuning - Isuzu D-Max 2.5 TD - 136 HP ","desc":"Zvýšení výkonu motoru (chiptuning) vozidla Isuzu D-Max 2.5 TD - 136 HP je možné z původních 102 kW (138 HP) až na 140 kW (189 HP) a nárůst točivého momentu ze 296 Nm až na 415 Nm.,Maximální rychlost se po úpravě zvýší o + 11 KM/H a kombinovaná spotřeba se sníží v průměru o -0,90 L / 100 KM.","imgUrl":"./previews/d-max_(_2nd)__.png","fullDesc":"Níže naleznete parametry před a po úpravě Standard pro vozidlo: Isuzu D-Max 2.5 TD - 136 HP. Modelová řada vyráběná od roku 2013. Úprava tohoto modelu se provádí připojením na konektory řídící jednotky bez rozebírání jednotky. Řídící jednotka motoru od společnosti Bosch. Typ řídící jednotky EDC16C39. Předpokládaná doba úpravy tohoto modelu je 1.5 - 2.5 hodiny.","numbers":["Výkon HP","138 HP","177 HP","Výkon kW","102 kW","131 kW","Točivý moment Nm","296 Nm","381 Nm","Maximální rychlost","","+ 8 KM/H","Spotřeba město","","-0,60 L / 100 KM","Kombinovaná spotřeba","","-0,50 L / 100 KM","Spotřeba mimo město","","-0,40 L / 100 KM"],"chartPower":"./chartPower/d-max_(_2nd)__1184214.png","chartTorque":"./chartTorque/d-max_(_2nd)__1184214.png"},{"id":"d-max_(_2nd)__1184212","fullName":"ChipTuning - Isuzu D-Max 2.5 TD - 163 HP ","desc":"Zvýšení výkonu motoru (chiptuning) vozidla Isuzu D-Max 2.5 TD - 163 HP je možné z původních 120 kW (163 HP) až na 158 kW (214 HP) a nárůst točivého momentu ze 400 Nm až na 551 Nm.,Maximální rychlost se po úpravě zvýší o + 11 KM/H a kombinovaná spotřeba se sníží v průměru o -0,90 L / 100 KM.","imgUrl":"./previews/d-max_(_2nd)__.png","fullDesc":"Níže naleznete parametry před a po úpravě Standard pro vozidlo: Isuzu D-Max 2.5 TD - 163 HP. Modelová řada vyráběná od roku 2013. Úprava tohoto modelu se provádí přes diagnostickou zásuvku. Řídící jednotka motoru od společnosti Transtron. Typ řídící jednotky 4Jxx. Předpokládaná doba úpravy tohoto modelu je 1 - 2 hodiny.","numbers":["Výkon HP","163 HP","202 HP","Výkon kW","120 kW","149 kW","Točivý moment Nm","400 Nm","508 Nm","Maximální rychlost","","+ 8 KM/H","Spotřeba město","","-0,60 L / 100 KM","Kombinovaná spotřeba","","-0,50 L / 100 KM","Spotřeba mimo město","","-0,40 L / 100 KM"],"chartPower":"./chartPower/d-max_(_2nd)__1184212.png","chartTorque":"./chartTorque/d-max_(_2nd)__1184212.png"},{"id":"d-max_(_2nd)__1184222","fullName":"ChipTuning - Isuzu D-Max 3.0 TD - 177 HP ","desc":"Zvýšení výkonu motoru (chiptuning) vozidla Isuzu D-Max 3.0 TD - 177 HP je možné z původních 135 kW (182 HP) až na 170 kW (230 HP) a nárůst točivého momentu ze 385 Nm až na 529 Nm.,Maximální rychlost se po úpravě zvýší o + 13 KM/H a kombinovaná spotřeba se sníží v průměru o -1,00 L / 100 KM.","imgUrl":"./previews/d-max_(_2nd)__.png","fullDesc":"Níže naleznete parametry před a po úpravě Standard pro vozidlo: Isuzu D-Max 3.0 TD - 177 HP. Modelová řada vyráběná od roku 2011. Úprava tohoto modelu se provádí přes diagnostickou zásuvku. Řídící jednotka motoru od společnosti Transtron. Typ řídící jednotky 4Jxx. Předpokládaná doba úpravy tohoto modelu je 1 - 2 hodiny.","numbers":["Výkon HP","182 HP","219 HP","Výkon kW","135 kW","162 kW","Točivý moment Nm","385 Nm","488 Nm","Maximální rychlost","","+ 10 KM/H","Spotřeba město","","-0,70 L / 100 KM","Kombinovaná spotřeba","","-0,60 L / 100 KM","Spotřeba mimo město","","-0,50 L / 100 KM"],"chartPower":"./chartPower/d-max_(_2nd)__1184222.png","chartTorque":"./chartTorque/d-max_(_2nd)__1184222.png"},{"id":"d-max_(_3rd)__1184237","fullName":"ChipTuning - Isuzu D-Max 1.9 TD - 150 HP ","desc":"Zvýšení výkonu motoru (chiptuning) vozidla Isuzu D-Max 1.9 TD - 150 HP je možné z původních 105 kW (145 HP) až na 139 kW (192 HP) a nárůst točivého momentu ze 345 Nm až na 478 Nm.,Maximální rychlost se po úpravě zvýší o + 9 KM/H a kombinovaná spotřeba se sníží v průměru o -0,70 L / 100 KM.","imgUrl":"./previews/d-max_(_3rd)__.png","fullDesc":"Níže naleznete parametry před a po úpravě Standard pro vozidlo: Isuzu D-Max 1.9 TD - 150 HP. Modelová řada vyráběná od roku 2019. Řídící jednotka motoru od společnosti Transtron. Typ řídící jednotky L4K3. Předpokládaná doba úpravy tohoto modelu je 2 - 4 hodiny.","numbers":["Výkon HP","145 HP","181 HP","Výkon kW","105 kW","131 kW","Točivý moment Nm","345 Nm","440 Nm","Maximální rychlost","","+ 6 KM/H","Spotřeba město","","-0,50 L / 100 KM","Kombinovaná spotřeba","","-0,40 L / 100 KM","Spotřeba mimo město","","-0,30 L / 100 KM"],"chartPower":"./chartPower/d-max_(_3rd)__1184237.png","chartTorque":"./chartTorque/d-max_(_3rd)__1184237.png"},{"id":"d-max_(_3rd)__1184235","fullName":"ChipTuning - Isuzu D-Max 1.9 TD Automat - 150 HP ","desc":"Zvýšení výkonu motoru (chiptuning) vozidla Isuzu D-Max 1.9 TD Automat - 150 HP je možné z původních 111 kW (151 HP) až na 144 kW (195 HP) a nárůst točivého momentu ze 351 Nm až na 466 Nm.,Maximální rychlost se po úpravě zvýší o + 9 KM/H a kombinovaná spotřeba se sníží v průměru o -0,70 L / 100 KM.","imgUrl":"./previews/d-max_(_3rd)__.png","fullDesc":"Níže naleznete parametry před a po úpravě Standard pro vozidlo: Isuzu D-Max 1.9 TD Automat - 150 HP. Modelová řada vyráběná od roku 2019. Řídící jednotka motoru od společnosti Transtron. Typ řídící jednotky L4K3. Tato úprava je přizpůsobena pro automatickou převodovku. Předpokládaná doba úpravy tohoto modelu je 2 - 4 hodiny.","numbers":["Výkon HP","151 HP","185 HP","Výkon kW","111 kW","136 kW","Točivý moment Nm","351 Nm","433 Nm","Maximální rychlost","","+ 6 KM/H","Spotřeba město","","-0,50 L / 100 KM","Kombinovaná spotřeba","","-0,40 L / 100 KM","Spotřeba mimo město","","-0,30 L / 100 KM"],"chartPower":"./chartPower/d-max_(_3rd)__1184235.png","chartTorque":"./chartTorque/d-max_(_3rd)__1184235.png"},{"id":"d-max___1184242","fullName":"ChipTuning - Isuzu D-Max 1.9 TD - 164 HP ","desc":"Zvýšení výkonu motoru (chiptuning) vozidla Isuzu D-Max 1.9 TD - 164 HP je možné z původních 124 kW (168 HP) až na 162 kW (219 HP) a nárůst točivého momentu ze 364 Nm až na 500 Nm.,Maximální rychlost se po úpravě zvýší o + 9 KM/H a kombinovaná spotřeba se sníží v průměru o -0,70 L / 100 KM.","imgUrl":"./previews/d-max___.png","fullDesc":"Níže naleznete parametry před a po úpravě Standard pro vozidlo: Isuzu D-Max 1.9 TD - 164 HP. Modelová řada vyráběná od roku 2017. Úprava tohoto modelu se provádí připojením na konektory řídící jednotky bez rozebírání jednotky. Řídící jednotka motoru od společnosti Bosch. Typ řídící jednotky EDC17C83. Předpokládaná doba úpravy tohoto modelu je 1.5 - 2.5 hodiny.","numbers":["Výkon HP","168 HP","207 HP","Výkon kW","124 kW","153 kW","Točivý moment Nm","364 Nm","461 Nm","Maximální rychlost","","+ 6 KM/H","Spotřeba město","","-0,50 L / 100 KM","Kombinovaná spotřeba","","-0,40 L / 100 KM","Spotřeba mimo město","","-0,30 L / 100 KM"],"chartPower":"./chartPower/d-max___1184242.png","chartTorque":"./chartTorque/d-max___1184242.png"},{"id":"d-max___1184239","fullName":"ChipTuning - Isuzu D-Max 1.9 TD Automat - 164 HP ","desc":"Zvýšení výkonu motoru (chiptuning) vozidla Isuzu D-Max 1.9 TD Automat - 164 HP je možné z původních 115 kW (159 HP) až na 151 kW (207 HP) a nárůst točivého momentu ze 355 Nm až na 471 Nm.,Maximální rychlost se po úpravě zvýší o + 9 KM/H a kombinovaná spotřeba se sníží v průměru o -0,70 L / 100 KM.","imgUrl":"./previews/d-max___.png","fullDesc":"Níže naleznete parametry před a po úpravě Standard pro vozidlo: Isuzu D-Max 1.9 TD Automat - 164 HP. Modelová řada vyráběná od roku 2017. Úprava tohoto modelu se provádí připojením na konektory řídící jednotky bez rozebírání jednotky. Řídící jednotka motoru od společnosti Bosch. Typ řídící jednotky EDC17C83. Tato úprava je přizpůsobena pro automatickou převodovku. Předpokládaná doba úpravy tohoto modelu je 1.5 - 2.5 hodiny.","numbers":["Výkon HP","159 HP","196 HP","Výkon kW","115 kW","143 kW","Točivý moment Nm","355 Nm","438 Nm","Maximální rychlost","","+ 6 KM/H","Spotřeba město","","-0,50 L / 100 KM","Kombinovaná spotřeba","","-0,40 L / 100 KM","Spotřeba mimo město","","-0,30 L / 100 KM"],"chartPower":"./chartPower/d-max___1184239.png","chartTorque":"./chartTorque/d-max___1184239.png"},{"id":"mu-x___1184245","fullName":"ChipTuning - Isuzu MU-X 2.5 TD - 137 HP ","desc":"Zvýšení výkonu motoru (chiptuning) vozidla Isuzu MU-X 2.5 TD - 137 HP je možné z původních 100 kW (136 HP) až na 131 kW (179 HP) a nárůst točivého momentu ze 319 Nm až na 449 Nm.,Maximální rychlost se po úpravě zvýší o + 11 KM/H a kombinovaná spotřeba se sníží v průměru o -0,90 L / 100 KM.","imgUrl":"./previews/mu-x___.png","fullDesc":"Níže naleznete parametry před a po úpravě Standard pro vozidlo: Isuzu MU-X 2.5 TD - 137 HP. Modelová řada vyráběná od roku 2015. Úprava tohoto modelu se provádí přes diagnostickou zásuvku. Řídící jednotka motoru od společnosti Transtron. Typ řídící jednotky 4Jxx. Předpokládaná doba úpravy tohoto modelu je 1 - 2 hodiny.","numbers":["Výkon HP","136 HP","169 HP","Výkon kW","100 kW","124 kW","Točivý moment Nm","319 Nm","412 Nm","Maximální rychlost","","+ 8 KM/H","Spotřeba město","","-0,60 L / 100 KM","Kombinovaná spotřeba","","-0,50 L / 100 KM","Spotřeba mimo město","","-0,40 L / 100 KM"],"chartPower":"./chartPower/mu-x___1184245.png","chartTorque":"./chartTorque/mu-x___1184245.png"},{"id":"mu-x___1184246","fullName":"ChipTuning - Isuzu MU-X 3.0 TD - 177 HP ","desc":"Zvýšení výkonu motoru (chiptuning) vozidla Isuzu MU-X 3.0 TD - 177 HP je možné z původních 134 kW (181 HP) až na 169 kW (229 HP) a nárůst točivého momentu ze 384 Nm až na 528 Nm.,Maximální rychlost se po úpravě zvýší o + 13 KM/H a kombinovaná spotřeba se sníží v průměru o -1,00 L / 100 KM.","imgUrl":"./previews/mu-x___.png","fullDesc":"Níže naleznete parametry před a po úpravě Standard pro vozidlo: Isuzu MU-X 3.0 TD - 177 HP. Modelová řada vyráběná od roku 2013. Úprava tohoto modelu se provádí přes diagnostickou zásuvku. Řídící jednotka motoru od společnosti Transtron. Typ řídící jednotky 4Jxx. Předpokládaná doba úpravy tohoto modelu je 1 - 2 hodiny.","numbers":["Výkon HP","181 HP","218 HP","Výkon kW","134 kW","161 kW","Točivý moment Nm","384 Nm","487 Nm","Maximální rychlost","","+ 10 KM/H","Spotřeba město","","-0,70 L / 100 KM","Kombinovaná spotřeba","","-0,60 L / 100 KM","Spotřeba mimo město","","-0,50 L / 100 KM"],"chartPower":"./chartPower/mu-x___1184246.png","chartTorque":"./chartTorque/mu-x___1184246.png"},{"id":"n-series___1184269","fullName":"ChipTuning - Isuzu N-Series L35 3.0 16v TDI - 120 HP ","desc":"Zvýšení výkonu motoru (chiptuning) vozidla Isuzu N-Series L35 3.0 16v TDI - 120 HP je možné z původních 91 kW (123 HP) až na 118 kW (161 HP) a nárůst točivého momentu ze 303 Nm až na 421 Nm.,Maximální rychlost se po úpravě zvýší o + 13 KM/H a kombinovaná spotřeba se sníží v průměru o -1,00 L / 100 KM.","imgUrl":"./previews/n-series___.png","fullDesc":"Níže naleznete parametry před a po úpravě Standard pro vozidlo: Isuzu N-Series L35 3.0 16v TDI - 120 HP. Modelová řada vyráběná od roku 2014. Řídící jednotka motoru od společnosti Transtron. Typ řídící jednotky M5/M5S. Předpokládaná doba úpravy tohoto modelu je 2 - 4 hodiny.","numbers":["Výkon HP","123 HP","152 HP","Výkon kW","91 kW","112 kW","Točivý moment Nm","303 Nm","387 Nm","Maximální rychlost","","+ 10 KM/H","Spotřeba město","","-0,70 L / 100 KM","Kombinovaná spotřeba","","-0,60 L / 100 KM","Spotřeba mimo město","","-0,50 L / 100 KM"],"chartPower":"./chartPower/n-series___1184269.png","chartTorque":"./chartTorque/n-series___1184269.png"},{"id":"n-series___1184273","fullName":"ChipTuning - Isuzu N-Series N35 3.0 16v TDI - 120 HP ","desc":"Zvýšení výkonu motoru (chiptuning) vozidla Isuzu N-Series N35 3.0 16v TDI - 120 HP je možné z původních 93 kW (125 HP) až na 120 kW (163 HP) a nárůst točivého momentu ze 305 Nm až na 423 Nm.,Maximální rychlost se po úpravě zvýší o + 13 KM/H a kombinovaná spotřeba se sníží v průměru o -1,00 L / 100 KM.","imgUrl":"./previews/n-series___.png","fullDesc":"Níže naleznete parametry před a po úpravě Standard pro vozidlo: Isuzu N-Series N35 3.0 16v TDI - 120 HP. Modelová řada vyráběná od roku 2014. Řídící jednotka motoru od společnosti Transtron. Typ řídící jednotky M5/M5S. Předpokládaná doba úpravy tohoto modelu je 2 - 4 hodiny.","numbers":["Výkon HP","125 HP","154 HP","Výkon kW","93 kW","114 kW","Točivý moment Nm","305 Nm","389 Nm","Maximální rychlost","","+ 10 KM/H","Spotřeba město","","-0,70 L / 100 KM","Kombinovaná spotřeba","","-0,60 L / 100 KM","Spotřeba mimo město","","-0,50 L / 100 KM"],"chartPower":"./chartPower/n-series___1184273.png","chartTorque":"./chartTorque/n-series___1184273.png"},{"id":"n-series___1184249","fullName":"ChipTuning - Isuzu N-Series NKR 3.0 TD - 150 HP ","desc":"Zvýšení výkonu motoru (chiptuning) vozidla Isuzu N-Series NKR 3.0 TD - 150 HP je možné z původních 110 kW (150 HP) až na 144 kW (197 HP) a nárůst točivého momentu ze 330 Nm až na 455 Nm.,Maximální rychlost se po úpravě zvýší o + 13 KM/H a kombinovaná spotřeba se sníží v průměru o -1,00 L / 100 KM.","imgUrl":"./previews/n-series___.png","fullDesc":"Níže naleznete parametry před a po úpravě Standard pro vozidlo: Isuzu N-Series NKR 3.0 TD - 150 HP. Modelová řada vyráběná od roku 2015. Řídící jednotka motoru od společnosti Denso. Typ řídící jednotky 275722-1530. Předpokládaná doba úpravy tohoto modelu je 2 - 4 hodiny.","numbers":["Výkon HP","150 HP","186 HP","Výkon kW","110 kW","136 kW","Točivý moment Nm","330 Nm","419 Nm","Maximální rychlost","","+ 10 KM/H","Spotřeba město","","-0,70 L / 100 KM","Kombinovaná spotřeba","","-0,60 L / 100 KM","Spotřeba mimo město","","-0,50 L / 100 KM"],"chartPower":"./chartPower/n-series___1184249.png","chartTorque":"./chartTorque/n-series___1184249.png"},{"id":"n-series___1184254","fullName":"ChipTuning - Isuzu N-Series NKR 4.8 TD - 140 HP ","desc":"Zvýšení výkonu motoru (chiptuning) vozidla Isuzu N-Series NKR 4.8 TD - 140 HP je možné z původních 105 kW (142 HP) až na 138 kW (186 HP) a nárůst točivého momentu ze 335 Nm až na 461 Nm.,Maximální rychlost se po úpravě zvýší o + 16 KM/H a kombinovaná spotřeba se sníží v průměru o -1,20 L / 100 KM.","imgUrl":"./previews/n-series___.png","fullDesc":"Níže naleznete parametry před a po úpravě Standard pro vozidlo: Isuzu N-Series NKR 4.8 TD - 140 HP. Modelová řada vyráběná od roku 2006. Řídící jednotka motoru od společnosti Transtron. Typ řídící jednotky N/A. Předpokládaná doba úpravy tohoto modelu je 2 - 4 hodiny.","numbers":["Výkon HP","142 HP","176 HP","Výkon kW","105 kW","130 kW","Točivý moment Nm","335 Nm","425 Nm","Maximální rychlost","","+ 12 KM/H","Spotřeba město","","-0,80 L / 100 KM","Kombinovaná spotřeba","","-0,70 L / 100 KM","Spotřeba mimo město","","-0,65 L / 100 KM"],"chartPower":"./chartPower/n-series___1184254.png","chartTorque":"./chartTorque/n-series___1184254.png"},{"id":"n-series___1184259","fullName":"ChipTuning - Isuzu N-Series NLR 3.0 TD - 131 HP ","desc":"Zvýšení výkonu motoru (chiptuning) vozidla Isuzu N-Series NLR 3.0 TD - 131 HP je možné z původních 100 kW (135 HP) až na 136 kW (184 HP) a nárůst točivého momentu ze 334 Nm až na 459 Nm.,Maximální rychlost se po úpravě zvýší o + 13 KM/H a kombinovaná spotřeba se sníží v průměru o -1,00 L / 100 KM.","imgUrl":"./previews/n-series___.png","fullDesc":"Níže naleznete parametry před a po úpravě Standard pro vozidlo: Isuzu N-Series NLR 3.0 TD - 131 HP. Úprava tohoto modelu se provádí připojením na konektory řídící jednotky bez rozebírání jednotky. Řídící jednotka motoru od společnosti Bosch. Typ řídící jednotky EDC17CV41. Předpokládaná doba úpravy tohoto modelu je 1.5 - 2.5 hodiny.","numbers":["Výkon HP","135 HP","173 HP","Výkon kW","100 kW","128 kW","Točivý moment Nm","334 Nm","423 Nm","Maximální rychlost","","+ 10 KM/H","Spotřeba město","","-0,70 L / 100 KM","Kombinovaná spotřeba","","-0,60 L / 100 KM","Spotřeba mimo město","","-0,50 L / 100 KM"],"chartPower":"./chartPower/n-series___1184259.png","chartTorque":"./chartTorque/n-series___1184259.png"},{"id":"n-series___1184261","fullName":"ChipTuning - Isuzu N-Series NMR 3.0 TD - 131 HP ","desc":"Zvýšení výkonu motoru (chiptuning) vozidla Isuzu N-Series NMR 3.0 TD - 131 HP je možné z původních 101 kW (136 HP) až na 137 kW (185 HP) a nárůst točivého momentu ze 335 Nm až na 460 Nm.,Maximální rychlost se po úpravě zvýší o + 13 KM/H a kombinovaná spotřeba se sníží v průměru o -1,00 L / 100 KM.","imgUrl":"./previews/n-series___.png","fullDesc":"Níže naleznete parametry před a po úpravě Standard pro vozidlo: Isuzu N-Series NMR 3.0 TD - 131 HP. Úprava tohoto modelu se provádí připojením na konektory řídící jednotky bez rozebírání jednotky. Řídící jednotka motoru od společnosti Bosch. Typ řídící jednotky EDC17CV41. Předpokládaná doba úpravy tohoto modelu je 1.5 - 2.5 hodiny.","numbers":["Výkon HP","136 HP","174 HP","Výkon kW","101 kW","129 kW","Točivý moment Nm","335 Nm","424 Nm","Maximální rychlost","","+ 10 KM/H","Spotřeba město","","-0,70 L / 100 KM","Kombinovaná spotřeba","","-0,60 L / 100 KM","Spotřeba mimo město","","-0,50 L / 100 KM"],"chartPower":"./chartPower/n-series___1184261.png","chartTorque":"./chartTorque/n-series___1184261.png"},{"id":"n-series___1184263","fullName":"ChipTuning - Isuzu N-Series NPR 3.0 TD - 131 HP ","desc":"Zvýšení výkonu motoru (chiptuning) vozidla Isuzu N-Series NPR 3.0 TD - 131 HP je možné z původních 97 kW (132 HP) až na 133 kW (181 HP) a nárůst točivého momentu ze 331 Nm až na 456 Nm.,Maximální rychlost se po úpravě zvýší o + 13 KM/H a kombinovaná spotřeba se sníží v průměru o -1,00 L / 100 KM.","imgUrl":"./previews/n-series___.png","fullDesc":"Níže naleznete parametry před a po úpravě Standard pro vozidlo: Isuzu N-Series NPR 3.0 TD - 131 HP. Úprava tohoto modelu se provádí připojením na konektory řídící jednotky bez rozebírání jednotky. Řídící jednotka motoru od společnosti Bosch. Typ řídící jednotky EDC17CV41. Předpokládaná doba úpravy tohoto modelu je 1.5 - 2.5 hodiny.","numbers":["Výkon HP","132 HP","170 HP","Výkon kW","97 kW","125 kW","Točivý moment Nm","331 Nm","420 Nm","Maximální rychlost","","+ 10 KM/H","Spotřeba město","","-0,70 L / 100 KM","Kombinovaná spotřeba","","-0,60 L / 100 KM","Spotřeba mimo město","","-0,50 L / 100 KM"],"chartPower":"./chartPower/n-series___1184263.png","chartTorque":"./chartTorque/n-series___1184263.png"},{"id":"n-series___1184266","fullName":"ChipTuning - Isuzu N-Series NPR 5.2 TD - 150 HP ","desc":"Zvýšení výkonu motoru (chiptuning) vozidla Isuzu N-Series NPR 5.2 TD - 150 HP je možné z původních 111 kW (151 HP) až na 145 kW (198 HP) a nárůst točivého momentu ze 405 Nm až na 558 Nm.,Maximální rychlost se po úpravě zvýší o + 16 KM/H a kombinovaná spotřeba se sníží v průměru o -1,20 L / 100 KM.","imgUrl":"./previews/n-series___.png","fullDesc":"Níže naleznete parametry před a po úpravě Standard pro vozidlo: Isuzu N-Series NPR 5.2 TD - 150 HP. Úprava tohoto modelu se provádí přes diagnostickou zásuvku. Řídící jednotka motoru od společnosti Transtron. Typ řídící jednotky 4Jxx. Předpokládaná doba úpravy tohoto modelu je 1 - 2 hodiny.","numbers":["Výkon HP","151 HP","187 HP","Výkon kW","111 kW","137 kW","Točivý moment Nm","405 Nm","514 Nm","Maximální rychlost","","+ 12 KM/H","Spotřeba město","","-0,80 L / 100 KM","Kombinovaná spotřeba","","-0,70 L / 100 KM","Spotřeba mimo město","","-0,65 L / 100 KM"],"chartPower":"./chartPower/n-series___1184266.png","chartTorque":"./chartTorque/n-series___1184266.png"},{"id":"n-series___1184265","fullName":"ChipTuning - Isuzu N-Series NPR 5.2 TD - 200 HP ","desc":"Zvýšení výkonu motoru (chiptuning) vozidla Isuzu N-Series NPR 5.2 TD - 200 HP je možné z původních 147 kW (200 HP) až na 187 kW (255 HP) a nárůst točivého momentu ze 686 Nm až na 820 Nm.,Maximální rychlost se po úpravě zvýší o + 16 KM/H a kombinovaná spotřeba se sníží v průměru o -1,20 L / 100 KM.","imgUrl":"./previews/n-series___.png","fullDesc":"Níže naleznete parametry před a po úpravě Standard pro vozidlo: Isuzu N-Series NPR 5.2 TD - 200 HP. Řídící jednotka motoru od společnosti Denso. Typ řídící jednotky 275800-8455. Předpokládaná doba úpravy tohoto modelu je 2 - 4 hodiny.","numbers":["Výkon HP","200 HP","242 HP","Výkon kW","147 kW","178 kW","Točivý moment Nm","686 Nm","782 Nm","Maximální rychlost","","+ 12 KM/H","Spotřeba město","","-0,80 L / 100 KM","Kombinovaná spotřeba","","-0,70 L / 100 KM","Spotřeba mimo město","","-0,65 L / 100 KM"],"chartPower":"./chartPower/n-series___1184265.png","chartTorque":"./chartTorque/n-series___1184265.png"},{"id":"n-series___1184267","fullName":"ChipTuning - Isuzu N-Series NPS 5.2 TD - 150 HP ","desc":"Zvýšení výkonu motoru (chiptuning) vozidla Isuzu N-Series NPS 5.2 TD - 150 HP je možné z původních 109 kW (149 HP) až na 143 kW (196 HP) a nárůst točivého momentu ze 403 Nm až na 556 Nm.,Maximální rychlost se po úpravě zvýší o + 16 KM/H a kombinovaná spotřeba se sníží v průměru o -1,20 L / 100 KM.","imgUrl":"./previews/n-series___.png","fullDesc":"Níže naleznete parametry před a po úpravě Standard pro vozidlo: Isuzu N-Series NPS 5.2 TD - 150 HP. Úprava tohoto modelu se provádí přes diagnostickou zásuvku. Řídící jednotka motoru od společnosti Transtron. Typ řídící jednotky 4Jxx. Předpokládaná doba úpravy tohoto modelu je 1 - 2 hodiny.","numbers":["Výkon HP","149 HP","185 HP","Výkon kW","109 kW","135 kW","Točivý moment Nm","403 Nm","512 Nm","Maximální rychlost","","+ 12 KM/H","Spotřeba město","","-0,80 L / 100 KM","Kombinovaná spotřeba","","-0,70 L / 100 KM","Spotřeba mimo město","","-0,65 L / 100 KM"],"chartPower":"./chartPower/n-series___1184267.png","chartTorque":"./chartTorque/n-series___1184267.png"},{"id":"n-series___1184268","fullName":"ChipTuning - Isuzu N-Series NQR 5.2 TD - 150 HP ","desc":"Zvýšení výkonu motoru (chiptuning) vozidla Isuzu N-Series NQR 5.2 TD - 150 HP je možné z původních 105 kW (145 HP) až na 139 kW (192 HP) a nárůst točivého momentu ze 399 Nm až na 552 Nm.,Maximální rychlost se po úpravě zvýší o + 16 KM/H a kombinovaná spotřeba se sníží v průměru o -1,20 L / 100 KM.","imgUrl":"./previews/n-series___.png","fullDesc":"Níže naleznete parametry před a po úpravě Standard pro vozidlo: Isuzu N-Series NQR 5.2 TD - 150 HP. Úprava tohoto modelu se provádí přes diagnostickou zásuvku. Řídící jednotka motoru od společnosti Transtron. Typ řídící jednotky 4Jxx. Předpokládaná doba úpravy tohoto modelu je 1 - 2 hodiny.","numbers":["Výkon HP","145 HP","181 HP","Výkon kW","105 kW","131 kW","Točivý moment Nm","399 Nm","508 Nm","Maximální rychlost","","+ 12 KM/H","Spotřeba město","","-0,80 L / 100 KM","Kombinovaná spotřeba","","-0,70 L / 100 KM","Spotřeba mimo město","","-0,65 L / 100 KM"],"chartPower":"./chartPower/n-series___1184268.png","chartTorque":"./chartTorque/n-series___1184268.png"},{"id":"taga___1184277","fullName":"ChipTuning - Isuzu Taga 3.0 TD AWD - 130 HP ","desc":"Zvýšení výkonu motoru (chiptuning) vozidla Isuzu Taga 3.0 TD AWD - 130 HP je možné z původních 101 kW (135 HP) až na 137 kW (184 HP) a nárůst točivého momentu ze 285 Nm až na 398 Nm.,Maximální rychlost se po úpravě zvýší o + 13 KM/H a kombinovaná spotřeba se sníží v průměru o -1,00 L / 100 KM.","imgUrl":"./previews/taga___.png","fullDesc":"Níže naleznete parametry před a po úpravě Standard pro vozidlo: Isuzu Taga 3.0 TD AWD - 130 HP. Modelová řada vyráběná od roku 2019. Řídící jednotka motoru od společnosti Delphi. Typ řídící jednotky DCM6.2AP. Předpokládaná doba úpravy tohoto modelu je 2 - 4 hodiny.","numbers":["Výkon HP","135 HP","173 HP","Výkon kW","101 kW","129 kW","Točivý moment Nm","285 Nm","366 Nm","Maximální rychlost","","+ 10 KM/H","Spotřeba město","","-0,70 L / 100 KM","Kombinovaná spotřeba","","-0,60 L / 100 KM","Spotřeba mimo město","","-0,50 L / 100 KM"],"chartPower":"./chartPower/taga___1184277.png","chartTorque":"./chartTorque/taga___1184277.png"},{"id":"v-cross___1184279","fullName":"ChipTuning - Isuzu V-Cross 3.0 TD - 177 HP ","desc":"Zvýšení výkonu motoru (chiptuning) vozidla Isuzu V-Cross 3.0 TD - 177 HP je možné z původních 129 kW (176 HP) až na 164 kW (224 HP) a nárůst točivého momentu ze 379 Nm až na 523 Nm.,Maximální rychlost se po úpravě zvýší o + 13 KM/H a kombinovaná spotřeba se sníží v průměru o -1,00 L / 100 KM.","imgUrl":"./previews/v-cross___.png","fullDesc":"Níže naleznete parametry před a po úpravě Standard pro vozidlo: Isuzu V-Cross 3.0 TD - 177 HP. Modelová řada vyráběná od roku 2012. Úprava tohoto modelu se provádí přes diagnostickou zásuvku. Řídící jednotka motoru od společnosti Transtron. Typ řídící jednotky 4Jxx. Předpokládaná doba úpravy tohoto modelu je 1 - 2 hodiny.","numbers":["Výkon HP","176 HP","213 HP","Výkon kW","129 kW","156 kW","Točivý moment Nm","379 Nm","482 Nm","Maximální rychlost","","+ 10 KM/H","Spotřeba město","","-0,70 L / 100 KM","Kombinovaná spotřeba","","-0,60 L / 100 KM","Spotřeba mimo město","","-0,50 L / 100 KM"],"chartPower":"./chartPower/v-cross___1184279.png","chartTorque":"./chartTorque/v-cross___1184279.png"}]