[{"id":"cherokee__kj_1184977","fullName":"ChipTuning - Jeep Cherokee 2.5 16v CRD - 143 HP ","desc":"Zvýšení výkonu motoru (chiptuning) vozidla Jeep Cherokee 2.5 16v CRD - 143 HP je možné z původních 102 kW (140 HP) až na 135 kW (184 HP) a nárůst točivého momentu ze 340 Nm až na 470 Nm.,Maximální rychlost se po úpravě zvýší o + 5 KM/H a kombinovaná spotřeba se sníží v průměru o -0,50 L / 100 KM.","imgUrl":"./previews/cherokee__kj_.png","fullDesc":"Níže naleznete parametry před a po úpravě Standard pro vozidlo: Jeep Cherokee 2.5 16v CRD - 143 HP. Modelová řada KJ, vyráběná od roku 2001. Úprava tohoto modelu se provádí přes diagnostickou zásuvku. Řídící jednotka motoru od společnosti Bosch. Typ řídící jednotky EDC15C2. Předpokládaná doba úpravy tohoto modelu je 1 - 2 hodiny.","numbers":["Výkon HP","140 HP","174 HP","Výkon kW","102 kW","127 kW","Točivý moment Nm","340 Nm","433 Nm","Maximální rychlost","","+ 3 KM/H","Spotřeba město","","-0,30 L / 100 KM","Kombinovaná spotřeba","","-0,25 L / 100 KM","Spotřeba mimo město","","-0,20 L / 100 KM"],"chartPower":"./chartPower/cherokee__kj_1184977.png","chartTorque":"./chartTorque/cherokee__kj_1184977.png"},{"id":"cherokee__kj_1184981","fullName":"ChipTuning - Jeep Cherokee 2.8 16v CRD - 162 HP ","desc":"Zvýšení výkonu motoru (chiptuning) vozidla Jeep Cherokee 2.8 16v CRD - 162 HP je možné z původních 123 kW (166 HP) až na 161 kW (217 HP) a nárůst točivého momentu ze 404 Nm až na 555 Nm.,Maximální rychlost se po úpravě zvýší o + 13 KM/H a kombinovaná spotřeba se sníží v průměru o -1,00 L / 100 KM.","imgUrl":"./previews/cherokee__kj_.png","fullDesc":"Níže naleznete parametry před a po úpravě Standard pro vozidlo: Jeep Cherokee 2.8 16v CRD - 162 HP. Modelová řada KJ, vyráběná od roku 2004. Úprava tohoto modelu se provádí přes diagnostickou zásuvku. Řídící jednotka motoru od společnosti Bosch. Typ řídící jednotky EDC16C2. Předpokládaná doba úpravy tohoto modelu je 1 - 2 hodiny.","numbers":["Výkon HP","166 HP","205 HP","Výkon kW","123 kW","152 kW","Točivý moment Nm","404 Nm","512 Nm","Maximální rychlost","","+ 10 KM/H","Spotřeba město","","-0,70 L / 100 KM","Kombinovaná spotřeba","","-0,60 L / 100 KM","Spotřeba mimo město","","-0,50 L / 100 KM"],"chartPower":"./chartPower/cherokee__kj_1184981.png","chartTorque":"./chartTorque/cherokee__kj_1184981.png"},{"id":"cherokee__kj_1184984","fullName":"ChipTuning - Jeep Cherokee 2.8 16v CRD - 163 HP ","desc":"Zvýšení výkonu motoru (chiptuning) vozidla Jeep Cherokee 2.8 16v CRD - 163 HP je možné z původních 124 kW (167 HP) až na 162 kW (218 HP) a nárůst točivého momentu ze 404 Nm až na 555 Nm.,Maximální rychlost se po úpravě zvýší o + 13 KM/H a kombinovaná spotřeba se sníží v průměru o -1,00 L / 100 KM.","imgUrl":"./previews/cherokee__kj_.png","fullDesc":"Níže naleznete parametry před a po úpravě Standard pro vozidlo: Jeep Cherokee 2.8 16v CRD - 163 HP. Modelová řada KJ, vyráběná od roku 2006. Úprava tohoto modelu se provádí přes diagnostickou zásuvku. Řídící jednotka motoru od společnosti Bosch. Typ řídící jednotky EDC16C2. Předpokládaná doba úpravy tohoto modelu je 1 - 2 hodiny.","numbers":["Výkon HP","167 HP","206 HP","Výkon kW","124 kW","153 kW","Točivý moment Nm","404 Nm","512 Nm","Maximální rychlost","","+ 10 KM/H","Spotřeba město","","-0,70 L / 100 KM","Kombinovaná spotřeba","","-0,60 L / 100 KM","Spotřeba mimo město","","-0,50 L / 100 KM"],"chartPower":"./chartPower/cherokee__kj_1184984.png","chartTorque":"./chartTorque/cherokee__kj_1184984.png"},{"id":"cherokee__kj_1184986","fullName":"ChipTuning - Jeep Cherokee 2.8 16v CRD Automatic - 150 HP ","desc":"Zvýšení výkonu motoru (chiptuning) vozidla Jeep Cherokee 2.8 16v CRD Automatic - 150 HP je možné z původních 111 kW (151 HP) až na 144 kW (195 HP) a nárůst točivého momentu ze 361 Nm až na 477 Nm.,Maximální rychlost se po úpravě zvýší o + 5 KM/H a kombinovaná spotřeba se sníží v průměru o -0,50 L / 100 KM.","imgUrl":"./previews/cherokee__kj_.png","fullDesc":"Níže naleznete parametry před a po úpravě Standard pro vozidlo: Jeep Cherokee 2.8 16v CRD Automatic - 150 HP. Modelová řada KJ, vyráběná od roku 2002. Úprava tohoto modelu se provádí přes diagnostickou zásuvku. Řídící jednotka motoru od společnosti Bosch. Typ řídící jednotky EDC15C2. Tato úprava je přizpůsobena pro automatickou převodovku. Předpokládaná doba úpravy tohoto modelu je 1 - 2 hodiny.","numbers":["Výkon HP","151 HP","185 HP","Výkon kW","111 kW","136 kW","Točivý moment Nm","361 Nm","444 Nm","Maximální rychlost","","+ 3 KM/H","Spotřeba město","","-0,30 L / 100 KM","Kombinovaná spotřeba","","-0,25 L / 100 KM","Spotřeba mimo město","","-0,20 L / 100 KM"],"chartPower":"./chartPower/cherokee__kj_1184986.png","chartTorque":"./chartTorque/cherokee__kj_1184986.png"},{"id":"cherokee__kj_1184989","fullName":"ChipTuning - Jeep Cherokee 2.8 16v CRD Automatic - 162 HP ","desc":"Zvýšení výkonu motoru (chiptuning) vozidla Jeep Cherokee 2.8 16v CRD Automatic - 162 HP je možné z původních 118 kW (161 HP) až na 154 kW (209 HP) a nárůst točivého momentu ze 399 Nm až na 529 Nm.,Maximální rychlost se po úpravě zvýší o + 13 KM/H a kombinovaná spotřeba se sníží v průměru o -1,00 L / 100 KM.","imgUrl":"./previews/cherokee__kj_.png","fullDesc":"Níže naleznete parametry před a po úpravě Standard pro vozidlo: Jeep Cherokee 2.8 16v CRD Automatic - 162 HP. Modelová řada KJ, vyráběná od roku 2004. Úprava tohoto modelu se provádí přes diagnostickou zásuvku. Řídící jednotka motoru od společnosti Bosch. Typ řídící jednotky EDC16C2. Tato úprava je přizpůsobena pro automatickou převodovku. Předpokládaná doba úpravy tohoto modelu je 1 - 2 hodiny.","numbers":["Výkon HP","161 HP","198 HP","Výkon kW","118 kW","146 kW","Točivý moment Nm","399 Nm","492 Nm","Maximální rychlost","","+ 10 KM/H","Spotřeba město","","-0,70 L / 100 KM","Kombinovaná spotřeba","","-0,60 L / 100 KM","Spotřeba mimo město","","-0,50 L / 100 KM"],"chartPower":"./chartPower/cherokee__kj_1184989.png","chartTorque":"./chartTorque/cherokee__kj_1184989.png"},{"id":"cherokee__kj_1184992","fullName":"ChipTuning - Jeep Cherokee 2.8 16v CRD Automatic - 163 HP ","desc":"Zvýšení výkonu motoru (chiptuning) vozidla Jeep Cherokee 2.8 16v CRD Automatic - 163 HP je možné z původních 122 kW (165 HP) až na 158 kW (213 HP) a nárůst točivého momentu ze 402 Nm až na 532 Nm.,Maximální rychlost se po úpravě zvýší o + 13 KM/H a kombinovaná spotřeba se sníží v průměru o -1,00 L / 100 KM.","imgUrl":"./previews/cherokee__kj_.png","fullDesc":"Níže naleznete parametry před a po úpravě Standard pro vozidlo: Jeep Cherokee 2.8 16v CRD Automatic - 163 HP. Modelová řada KJ, vyráběná od roku 2006. Úprava tohoto modelu se provádí přes diagnostickou zásuvku. Řídící jednotka motoru od společnosti Bosch. Typ řídící jednotky EDC16C2. Tato úprava je přizpůsobena pro automatickou převodovku. Předpokládaná doba úpravy tohoto modelu je 1 - 2 hodiny.","numbers":["Výkon HP","165 HP","202 HP","Výkon kW","122 kW","150 kW","Točivý moment Nm","402 Nm","495 Nm","Maximální rychlost","","+ 10 KM/H","Spotřeba město","","-0,70 L / 100 KM","Kombinovaná spotřeba","","-0,60 L / 100 KM","Spotřeba mimo město","","-0,50 L / 100 KM"],"chartPower":"./chartPower/cherokee__kj_1184992.png","chartTorque":"./chartTorque/cherokee__kj_1184992.png"},{"id":"cherokee__kk_1184994","fullName":"ChipTuning - Jeep Cherokee 2.8 16v CRD - 200 HP ","desc":"Zvýšení výkonu motoru (chiptuning) vozidla Jeep Cherokee 2.8 16v CRD - 200 HP je možné z původních 146 kW (199 HP) až na 186 kW (254 HP) a nárůst točivého momentu ze 409 Nm až na 564 Nm.,Maximální rychlost se po úpravě zvýší o + 13 KM/H a kombinovaná spotřeba se sníží v průměru o -1,00 L / 100 KM.","imgUrl":"./previews/cherokee__kk_.png","fullDesc":"Níže naleznete parametry před a po úpravě Standard pro vozidlo: Jeep Cherokee 2.8 16v CRD - 200 HP. Modelová řada KK, vyráběná od roku 2011. Úprava tohoto modelu se provádí přes diagnostickou zásuvku. Řídící jednotka motoru od společnosti Bosch. Typ řídící jednotky EDC17CP27. Předpokládaná doba úpravy tohoto modelu je 1 - 2 hodiny.","numbers":["Výkon HP","199 HP","241 HP","Výkon kW","146 kW","177 kW","Točivý moment Nm","409 Nm","520 Nm","Maximální rychlost","","+ 10 KM/H","Spotřeba město","","-0,70 L / 100 KM","Kombinovaná spotřeba","","-0,60 L / 100 KM","Spotřeba mimo město","","-0,50 L / 100 KM"],"chartPower":"./chartPower/cherokee__kk_1184994.png","chartTorque":"./chartTorque/cherokee__kk_1184994.png"},{"id":"cherokee__kk_1184998","fullName":"ChipTuning - Jeep Cherokee 2.8 16v CRD Automatic - 200 HP ","desc":"Zvýšení výkonu motoru (chiptuning) vozidla Jeep Cherokee 2.8 16v CRD Automatic - 200 HP je možné z původních 146 kW (199 HP) až na 184 kW (251 HP) a nárůst točivého momentu ze 409 Nm až na 542 Nm.,Maximální rychlost se po úpravě zvýší o + 13 KM/H a kombinovaná spotřeba se sníží v průměru o -1,00 L / 100 KM.","imgUrl":"./previews/cherokee__kk_.png","fullDesc":"Níže naleznete parametry před a po úpravě Standard pro vozidlo: Jeep Cherokee 2.8 16v CRD Automatic - 200 HP. Modelová řada KK, vyráběná od roku 2011. Úprava tohoto modelu se provádí přes diagnostickou zásuvku. Řídící jednotka motoru od společnosti Bosch. Typ řídící jednotky EDC17CP27. Tato úprava je přizpůsobena pro automatickou převodovku. Předpokládaná doba úpravy tohoto modelu je 1 - 2 hodiny.","numbers":["Výkon HP","199 HP","239 HP","Výkon kW","146 kW","175 kW","Točivý moment Nm","409 Nm","504 Nm","Maximální rychlost","","+ 10 KM/H","Spotřeba město","","-0,70 L / 100 KM","Kombinovaná spotřeba","","-0,60 L / 100 KM","Spotřeba mimo město","","-0,50 L / 100 KM"],"chartPower":"./chartPower/cherokee__kk_1184998.png","chartTorque":"./chartTorque/cherokee__kk_1184998.png"},{"id":"cherokee__kk_1185002","fullName":"ChipTuning - Jeep Cherokee 2.8 16v CRD DPF Automatic - 177 HP ","desc":"Zvýšení výkonu motoru (chiptuning) vozidla Jeep Cherokee 2.8 16v CRD DPF Automatic - 177 HP je možné z původních 133 kW (180 HP) až na 166 kW (226 HP) a nárůst točivého momentu ze 413 Nm až na 546 Nm.,Maximální rychlost se po úpravě zvýší o + 13 KM/H a kombinovaná spotřeba se sníží v průměru o -1,00 L / 100 KM.","imgUrl":"./previews/cherokee__kk_.png","fullDesc":"Níže naleznete parametry před a po úpravě Standard pro vozidlo: Jeep Cherokee 2.8 16v CRD DPF Automatic - 177 HP. Modelová řada KK, vyráběná od roku 2008. Úprava tohoto modelu se provádí přes diagnostickou zásuvku. Řídící jednotka motoru od společnosti Bosch. Typ řídící jednotky EDC16CP31. Tato úprava je přizpůsobena pro automatickou převodovku. Předpokládaná doba úpravy tohoto modelu je 1 - 2 hodiny.","numbers":["Výkon HP","180 HP","215 HP","Výkon kW","133 kW","158 kW","Točivý moment Nm","413 Nm","508 Nm","Maximální rychlost","","+ 10 KM/H","Spotřeba město","","-0,70 L / 100 KM","Kombinovaná spotřeba","","-0,60 L / 100 KM","Spotřeba mimo město","","-0,50 L / 100 KM"],"chartPower":"./chartPower/cherokee__kk_1185002.png","chartTorque":"./chartTorque/cherokee__kk_1185002.png"},{"id":"cherokee__kl_1185008","fullName":"ChipTuning - Jeep Cherokee 2.0 Multijet II 16v 140 4x2 - 140 HP ","desc":"Zvýšení výkonu motoru (chiptuning) vozidla Jeep Cherokee 2.0 Multijet II 16v 140 4x2 - 140 HP je možné z původních 102 kW (139 HP) až na 135 kW (183 HP) a nárůst točivého momentu ze 349 Nm až na 482 Nm.,Maximální rychlost se po úpravě zvýší o + 9 KM/H a kombinovaná spotřeba se sníží v průměru o -0,70 L / 100 KM.","imgUrl":"./previews/cherokee__kl_.png","fullDesc":"Níže naleznete parametry před a po úpravě Standard pro vozidlo: Jeep Cherokee 2.0 Multijet II 16v 140 4x2 - 140 HP. Modelová řada KL, vyráběná od roku 2014. Úprava tohoto modelu se provádí přes diagnostickou zásuvku. Řídící jednotka motoru od společnosti Bosch. Typ řídící jednotky EDC17C49. Předpokládaná doba úpravy tohoto modelu je 1 - 2 hodiny.","numbers":["Výkon HP","139 HP","173 HP","Výkon kW","102 kW","127 kW","Točivý moment Nm","349 Nm","444 Nm","Maximální rychlost","","+ 6 KM/H","Spotřeba město","","-0,50 L / 100 KM","Kombinovaná spotřeba","","-0,40 L / 100 KM","Spotřeba mimo město","","-0,30 L / 100 KM"],"chartPower":"./chartPower/cherokee__kl_1185008.png","chartTorque":"./chartTorque/cherokee__kl_1185008.png"},{"id":"cherokee__kl_1185017","fullName":"ChipTuning - Jeep Cherokee 2.0 Multijet II 16V 170 4x4 - 170 HP ","desc":"Zvýšení výkonu motoru (chiptuning) vozidla Jeep Cherokee 2.0 Multijet II 16V 170 4x4 - 170 HP je možné z původních 120 kW (165 HP) až na 154 kW (212 HP) a nárůst točivého momentu ze 345 Nm až na 478 Nm.,Maximální rychlost se po úpravě zvýší o + 9 KM/H a kombinovaná spotřeba se sníží v průměru o -0,70 L / 100 KM.","imgUrl":"./previews/cherokee__kl_.png","fullDesc":"Níže naleznete parametry před a po úpravě Standard pro vozidlo: Jeep Cherokee 2.0 Multijet II 16V 170 4x4 - 170 HP. Modelová řada KL, vyráběná od roku 2015. Úprava tohoto modelu se provádí přes diagnostickou zásuvku. Řídící jednotka motoru od společnosti Bosch. Typ řídící jednotky EDC17C49. Předpokládaná doba úpravy tohoto modelu je 1 - 2 hodiny.","numbers":["Výkon HP","165 HP","201 HP","Výkon kW","120 kW","146 kW","Točivý moment Nm","345 Nm","440 Nm","Maximální rychlost","","+ 6 KM/H","Spotřeba město","","-0,50 L / 100 KM","Kombinovaná spotřeba","","-0,40 L / 100 KM","Spotřeba mimo město","","-0,30 L / 100 KM"],"chartPower":"./chartPower/cherokee__kl_1185017.png","chartTorque":"./chartTorque/cherokee__kl_1185017.png"},{"id":"cherokee__kl_1185023","fullName":"ChipTuning - Jeep Cherokee 2.0 Multijet II 16V 170 4x4 Automatic - 170 HP ","desc":"Zvýšení výkonu motoru (chiptuning) vozidla Jeep Cherokee 2.0 Multijet II 16V 170 4x4 Automatic - 170 HP je možné z původních 120 kW (165 HP) až na 151 kW (209 HP) a nárůst točivého momentu ze 345 Nm až na 460 Nm.,Maximální rychlost se po úpravě zvýší o + 9 KM/H a kombinovaná spotřeba se sníží v průměru o -0,70 L / 100 KM.","imgUrl":"./previews/cherokee__kl_.png","fullDesc":"Níže naleznete parametry před a po úpravě Standard pro vozidlo: Jeep Cherokee 2.0 Multijet II 16V 170 4x4 Automatic - 170 HP. Modelová řada KL, vyráběná od roku 2014. Úprava tohoto modelu se provádí přes diagnostickou zásuvku. Řídící jednotka motoru od společnosti Bosch. Typ řídící jednotky EDC17C49. Tato úprava je přizpůsobena pro automatickou převodovku. Předpokládaná doba úpravy tohoto modelu je 1 - 2 hodiny.","numbers":["Výkon HP","165 HP","199 HP","Výkon kW","120 kW","144 kW","Točivý moment Nm","345 Nm","427 Nm","Maximální rychlost","","+ 6 KM/H","Spotřeba město","","-0,50 L / 100 KM","Kombinovaná spotřeba","","-0,40 L / 100 KM","Spotřeba mimo město","","-0,30 L / 100 KM"],"chartPower":"./chartPower/cherokee__kl_1185023.png","chartTorque":"./chartTorque/cherokee__kl_1185023.png"},{"id":"cherokee__kl_1185040","fullName":"ChipTuning - Jeep Cherokee 2.0L GME T4 Hurricane - 274 HP ","desc":"Zvýšení výkonu motoru (chiptuning) vozidla Jeep Cherokee 2.0L GME T4 Hurricane - 274 HP je možné z původních 201 kW (274 HP) až na 243 kW (331 HP) a nárůst točivého momentu ze 400 Nm až na 534 Nm.,Maximální rychlost se po úpravě zvýší o + 9 KM/H a kombinovaná spotřeba se sníží v průměru o -0,70 L / 100 KM.","imgUrl":"./previews/cherokee__kl_.png","fullDesc":"Níže naleznete parametry před a po úpravě Standard pro vozidlo: Jeep Cherokee 2.0L GME T4 Hurricane - 274 HP. Modelová řada KL, vyráběná od roku 2018. Řídící jednotka motoru od společnosti Continental. Typ řídící jednotky GPEC4. Předpokládaná doba úpravy tohoto modelu je 2 - 4 hodiny.","numbers":["Výkon HP","274 HP","318 HP","Výkon kW","201 kW","233 kW","Točivý moment Nm","400 Nm","496 Nm","Maximální rychlost","","+ 6 KM/H","Spotřeba město","","-0,50 L / 100 KM","Kombinovaná spotřeba","","-0,40 L / 100 KM","Spotřeba mimo město","","-0,30 L / 100 KM"],"chartPower":"./chartPower/cherokee__kl_1185040.png","chartTorque":"./chartTorque/cherokee__kl_1185040.png"},{"id":"cherokee__kl_1185032","fullName":"ChipTuning - Jeep Cherokee 2.2 Multijet II 16v 185 Automatic - 185 HP ","desc":"Zvýšení výkonu motoru (chiptuning) vozidla Jeep Cherokee 2.2 Multijet II 16v 185 Automatic - 185 HP je možné z původních 139 kW (188 HP) až na 174 kW (236 HP) a nárůst točivého momentu ze 443 Nm až na 544 Nm.,Maximální rychlost se po úpravě zvýší o + 11 KM/H a kombinovaná spotřeba se sníží v průměru o -0,90 L / 100 KM.","imgUrl":"./previews/cherokee__kl_.png","fullDesc":"Níže naleznete parametry před a po úpravě Standard pro vozidlo: Jeep Cherokee 2.2 Multijet II 16v 185 Automatic - 185 HP. Modelová řada KL, vyráběná od roku 2015. Úprava tohoto modelu se provádí připojením na konektory řídící jednotky bez rozebírání jednotky. Řídící jednotka motoru od společnosti Bosch. Typ řídící jednotky EDC17C69. Tato úprava je přizpůsobena pro automatickou převodovku. Předpokládaná doba úpravy tohoto modelu je 1.5 - 2.5 hodiny.","numbers":["Výkon HP","188 HP","225 HP","Výkon kW","139 kW","166 kW","Točivý moment Nm","443 Nm","515 Nm","Maximální rychlost","","+ 8 KM/H","Spotřeba město","","-0,60 L / 100 KM","Kombinovaná spotřeba","","-0,50 L / 100 KM","Spotřeba mimo město","","-0,40 L / 100 KM"],"chartPower":"./chartPower/cherokee__kl_1185032.png","chartTorque":"./chartTorque/cherokee__kl_1185032.png"},{"id":"cherokee__kl_1185036","fullName":"ChipTuning - Jeep Cherokee 2.2 Multijet II 16v 200 Automatic - 200 HP ","desc":"Zvýšení výkonu motoru (chiptuning) vozidla Jeep Cherokee 2.2 Multijet II 16v 200 Automatic - 200 HP je možné z původních 143 kW (196 HP) až na 181 kW (248 HP) a nárůst točivého momentu ze 436 Nm až na 537 Nm.,Maximální rychlost se po úpravě zvýší o + 11 KM/H a kombinovaná spotřeba se sníží v průměru o -0,90 L / 100 KM.","imgUrl":"./previews/cherokee__kl_.png","fullDesc":"Níže naleznete parametry před a po úpravě Standard pro vozidlo: Jeep Cherokee 2.2 Multijet II 16v 200 Automatic - 200 HP. Modelová řada KL, vyráběná od roku 2015. Úprava tohoto modelu se provádí připojením na konektory řídící jednotky bez rozebírání jednotky. Řídící jednotka motoru od společnosti Bosch. Typ řídící jednotky EDC17C69. Tato úprava je přizpůsobena pro automatickou převodovku. Předpokládaná doba úpravy tohoto modelu je 1.5 - 2.5 hodiny.","numbers":["Výkon HP","196 HP","236 HP","Výkon kW","143 kW","172 kW","Točivý moment Nm","436 Nm","508 Nm","Maximální rychlost","","+ 8 KM/H","Spotřeba město","","-0,60 L / 100 KM","Kombinovaná spotřeba","","-0,50 L / 100 KM","Spotřeba mimo město","","-0,40 L / 100 KM"],"chartPower":"./chartPower/cherokee__kl_1185036.png","chartTorque":"./chartTorque/cherokee__kl_1185036.png"},{"id":"cherokee__kl_1185042","fullName":"ChipTuning - Jeep Cherokee 2.4L 16v Multiair II - 186 HP ","desc":"Zvýšení výkonu motoru (chiptuning) vozidla Jeep Cherokee 2.4L 16v Multiair II - 186 HP je možné z původních 138 kW (187 HP) až na 152 kW (207 HP) a nárůst točivého momentu ze 233 Nm až na 261 Nm.,Maximální rychlost se po úpravě zvýší o + 3 KM/H a kombinovaná spotřeba se sníží v průměru o -0,60 L / 100 KM.","imgUrl":"./previews/cherokee__kl_.png","fullDesc":"Níže naleznete parametry před a po úpravě Standard pro vozidlo: Jeep Cherokee 2.4L 16v Multiair II - 186 HP. Modelová řada KL, vyráběná od roku 2014. Úprava tohoto modelu se provádí přes diagnostickou zásuvku. Řídící jednotka motoru od společnosti Continental. Typ řídící jednotky GPEC3. Předpokládaná doba úpravy tohoto modelu je 1 - 2 hodiny.","numbers":["Výkon HP","187 HP","207 HP","Výkon kW","138 kW","152 kW","Točivý moment Nm","233 Nm","261 Nm","Maximální rychlost","","+ 3 KM/H","Spotřeba město","","-0,40 L / 100 KM","Kombinovaná spotřeba","","-0,30 L / 100 KM","Spotřeba mimo město","","-0,20 L / 100 KM"],"chartPower":"./chartPower/cherokee__kl_1185042.png","chartTorque":"./chartTorque/cherokee__kl_1185042.png"},{"id":"commander__xk_1185049","fullName":"ChipTuning - Jeep Commander 3.0 V6 CRD - 218 HP ","desc":"Zvýšení výkonu motoru (chiptuning) vozidla Jeep Commander 3.0 V6 CRD - 218 HP je možné z původních 163 kW (221 HP) až na 207 kW (281 HP) a nárůst točivého momentu až na 668 Nm.,Maximální rychlost se po úpravě zvýší o + 5 KM/H a kombinovaná spotřeba se sníží v průměru o -0,50 L / 100 KM.","imgUrl":"./previews/commander__xk_.png","fullDesc":"Níže naleznete parametry před a po úpravě Standard pro vozidlo: Jeep Commander 3.0 V6 CRD - 218 HP. Modelová řada XK Úprava tohoto modelu se provádí přes diagnostickou zásuvku. Řídící jednotka motoru od společnosti Bosch. Typ řídící jednotky EDC16U31. Předpokládaná doba úpravy tohoto modelu je 1 - 2 hodiny.","numbers":["Výkon HP","221 HP","267 HP","Výkon kW","163 kW","197 kW","Točivý moment Nm","-","+104 Nm","Maximální rychlost","","+ 3 KM/H","Spotřeba město","","-0,30 L / 100 KM","Kombinovaná spotřeba","","-0,25 L / 100 KM","Spotřeba mimo město","","-0,20 L / 100 KM"],"chartPower":"./chartPower/commander__xk_1185049.png","chartTorque":""},{"id":"commander__xk_1185048","fullName":"ChipTuning - Jeep Commander 3.0 V6 CRD - 218 HP ","desc":"Zvýšení výkonu motoru (chiptuning) vozidla Jeep Commander 3.0 V6 CRD - 218 HP je možné z původních 160 kW (218 HP) až na 204 kW (278 HP) a nárůst točivého momentu ze 508 Nm až na 651 Nm.,Maximální rychlost se po úpravě zvýší o + 13 KM/H a kombinovaná spotřeba se sníží v průměru o -1,00 L / 100 KM.","imgUrl":"./previews/commander__xk_.png","fullDesc":"Níže naleznete parametry před a po úpravě Standard pro vozidlo: Jeep Commander 3.0 V6 CRD - 218 HP. Modelová řada XK, vyráběná od roku 2007. Úprava tohoto modelu se provádí přes diagnostickou zásuvku. Řídící jednotka motoru od společnosti Bosch. Typ řídící jednotky EDC16CP31. Předpokládaná doba úpravy tohoto modelu je 1 - 2 hodiny.","numbers":["Výkon HP","218 HP","264 HP","Výkon kW","160 kW","194 kW","Točivý moment Nm","508 Nm","610 Nm","Maximální rychlost","","+ 10 KM/H","Spotřeba město","","-0,70 L / 100 KM","Kombinovaná spotřeba","","-0,60 L / 100 KM","Spotřeba mimo město","","-0,50 L / 100 KM"],"chartPower":"./chartPower/commander__xk_1185048.png","chartTorque":"./chartTorque/commander__xk_1185048.png"},{"id":"compass__mk49_1185076","fullName":"ChipTuning - Jeep Compass 2.0 16v - 158 HP ","desc":"Zvýšení výkonu motoru (chiptuning) vozidla Jeep Compass 2.0 16v - 158 HP je možné z původních 113 kW (153 HP) až na 125 kW (170 HP) a nárůst točivého momentu ze 185 Nm až na 208 Nm.,Maximální rychlost se po úpravě zvýší o + 2 KM/H a kombinovaná spotřeba se sníží v průměru o -0,50 L / 100 KM.","imgUrl":"./previews/compass__mk49_.png","fullDesc":"Níže naleznete parametry před a po úpravě Standard pro vozidlo: Jeep Compass 2.0 16v - 158 HP. Modelová řada MK49, vyráběná od roku 2014. Úprava tohoto modelu se provádí přes diagnostickou zásuvku. Řídící jednotka motoru od společnosti Continental. Typ řídící jednotky GPEC2. Předpokládaná doba úpravy tohoto modelu je 1 - 2 hodiny.","numbers":["Výkon HP","153 HP","170 HP","Výkon kW","113 kW","125 kW","Točivý moment Nm","185 Nm","208 Nm","Maximální rychlost","","+ 2 KM/H","Spotřeba město","","-0,30 L / 100 KM","Kombinovaná spotřeba","","-0,25 L / 100 KM","Spotřeba mimo město","","-0,20 L / 100 KM"],"chartPower":"./chartPower/compass__mk49_1185076.png","chartTorque":"./chartTorque/compass__mk49_1185076.png"},{"id":"compass__mk49_1185079","fullName":"ChipTuning - Jeep Compass 2.0 16v SXT - 158 HP ","desc":"Zvýšení výkonu motoru (chiptuning) vozidla Jeep Compass 2.0 16v SXT - 158 HP je možné z původních 120 kW (160 HP) až na 132 kW (177 HP) a nárůst točivého momentu ze 192 Nm až na 215 Nm.,Maximální rychlost se po úpravě zvýší o + 2 KM/H a kombinovaná spotřeba se sníží v průměru o -0,50 L / 100 KM.","imgUrl":"./previews/compass__mk49_.png","fullDesc":"Níže naleznete parametry před a po úpravě Standard pro vozidlo: Jeep Compass 2.0 16v SXT - 158 HP. Modelová řada MK49, vyráběná od roku 2012. Řídící jednotka motoru od společnosti Siemens. Typ řídící jednotky SIM90T. Předpokládaná doba úpravy tohoto modelu je 2 - 4 hodiny.","numbers":["Výkon HP","160 HP","177 HP","Výkon kW","120 kW","132 kW","Točivý moment Nm","192 Nm","215 Nm","Maximální rychlost","","+ 2 KM/H","Spotřeba město","","-0,30 L / 100 KM","Kombinovaná spotřeba","","-0,25 L / 100 KM","Spotřeba mimo město","","-0,20 L / 100 KM"],"chartPower":"./chartPower/compass__mk49_1185079.png","chartTorque":"./chartTorque/compass__mk49_1185079.png"},{"id":"compass__mk49_1185050","fullName":"ChipTuning - Jeep Compass 2.0 CRD - 140 HP ","desc":"Zvýšení výkonu motoru (chiptuning) vozidla Jeep Compass 2.0 CRD - 140 HP je možné z původních 99 kW (136 HP) až na 132 kW (180 HP) a nárůst točivého momentu ze 306 Nm až na 432 Nm.,Maximální rychlost se po úpravě zvýší o + 9 KM/H a kombinovaná spotřeba se sníží v průměru o -0,70 L / 100 KM.","imgUrl":"./previews/compass__mk49_.png","fullDesc":"Níže naleznete parametry před a po úpravě Standard pro vozidlo: Jeep Compass 2.0 CRD - 140 HP. Modelová řada MK49, vyráběná od roku 2006. Úprava tohoto modelu se provádí přes diagnostickou zásuvku. Řídící jednotka motoru od společnosti Bosch. Typ řídící jednotky EDC16U31. Předpokládaná doba úpravy tohoto modelu je 1 - 2 hodiny.","numbers":["Výkon HP","136 HP","170 HP","Výkon kW","99 kW","124 kW","Točivý moment Nm","306 Nm","396 Nm","Maximální rychlost","","+ 6 KM/H","Spotřeba město","","-0,50 L / 100 KM","Kombinovaná spotřeba","","-0,40 L / 100 KM","Spotřeba mimo město","","-0,30 L / 100 KM"],"chartPower":"./chartPower/compass__mk49_1185050.png","chartTorque":"./chartTorque/compass__mk49_1185050.png"},{"id":"compass__mk49_1185063","fullName":"ChipTuning - Jeep Compass 2.2 CRD - 136 HP ","desc":"Zvýšení výkonu motoru (chiptuning) vozidla Jeep Compass 2.2 CRD - 136 HP je možné z původních 104 kW (140 HP) až na 142 kW (191 HP) a nárůst točivého momentu ze 324 Nm až na 454 Nm.,Maximální rychlost se po úpravě zvýší o + 11 KM/H a kombinovaná spotřeba se sníží v průměru o -0,90 L / 100 KM.","imgUrl":"./previews/compass__mk49_.png","fullDesc":"Níže naleznete parametry před a po úpravě Standard pro vozidlo: Jeep Compass 2.2 CRD - 136 HP. Modelová řada MK49, vyráběná od roku 2011. Úprava tohoto modelu se provádí přes diagnostickou zásuvku. Řídící jednotka motoru od společnosti Delphi. Typ řídící jednotky DCM3.5 - CRD2. Předpokládaná doba úpravy tohoto modelu je 1 - 2 hodiny.","numbers":["Výkon HP","140 HP","179 HP","Výkon kW","104 kW","133 kW","Točivý moment Nm","324 Nm","417 Nm","Maximální rychlost","","+ 8 KM/H","Spotřeba město","","-0,60 L / 100 KM","Kombinovaná spotřeba","","-0,50 L / 100 KM","Spotřeba mimo město","","-0,40 L / 100 KM"],"chartPower":"./chartPower/compass__mk49_1185063.png","chartTorque":"./chartTorque/compass__mk49_1185063.png"},{"id":"compass__mk49_1185062","fullName":"ChipTuning - Jeep Compass 2.2 CRD - 163 HP ","desc":"Zvýšení výkonu motoru (chiptuning) vozidla Jeep Compass 2.2 CRD - 163 HP je možné z původních 115 kW (158 HP) až na 153 kW (209 HP) a nárůst točivého momentu ze 315 Nm až na 445 Nm.,Maximální rychlost se po úpravě zvýší o + 11 KM/H a kombinovaná spotřeba se sníží v průměru o -0,90 L / 100 KM.","imgUrl":"./previews/compass__mk49_.png","fullDesc":"Níže naleznete parametry před a po úpravě Standard pro vozidlo: Jeep Compass 2.2 CRD - 163 HP. Modelová řada MK49, vyráběná od roku 2011. Úprava tohoto modelu se provádí přes diagnostickou zásuvku. Řídící jednotka motoru od společnosti Delphi. Typ řídící jednotky DCM3.5 - CRD2. Předpokládaná doba úpravy tohoto modelu je 1 - 2 hodiny.","numbers":["Výkon HP","158 HP","197 HP","Výkon kW","115 kW","144 kW","Točivý moment Nm","315 Nm","408 Nm","Maximální rychlost","","+ 8 KM/H","Spotřeba město","","-0,60 L / 100 KM","Kombinovaná spotřeba","","-0,50 L / 100 KM","Spotřeba mimo město","","-0,40 L / 100 KM"],"chartPower":"./chartPower/compass__mk49_1185062.png","chartTorque":"./chartTorque/compass__mk49_1185062.png"},{"id":"compass__mk49_1185082","fullName":"ChipTuning - Jeep Compass 2.4 16v - 170 HP ","desc":"Zvýšení výkonu motoru (chiptuning) vozidla Jeep Compass 2.4 16v - 170 HP je možné z původních 123 kW (168 HP) až na 136 kW (187 HP) a nárůst točivého momentu ze 218 Nm až na 244 Nm.,Maximální rychlost se po úpravě zvýší o + 3 KM/H a kombinovaná spotřeba se sníží v průměru o -0,60 L / 100 KM.","imgUrl":"./previews/compass__mk49_.png","fullDesc":"Níže naleznete parametry před a po úpravě Standard pro vozidlo: Jeep Compass 2.4 16v - 170 HP. Modelová řada MK49, vyráběná od roku 2008. Úprava tohoto modelu se provádí přes diagnostickou zásuvku. Řídící jednotka motoru od společnosti Continental. Typ řídící jednotky GPEC2. Předpokládaná doba úpravy tohoto modelu je 1 - 2 hodiny.","numbers":["Výkon HP","168 HP","187 HP","Výkon kW","123 kW","136 kW","Točivý moment Nm","218 Nm","244 Nm","Maximální rychlost","","+ 3 KM/H","Spotřeba město","","-0,40 L / 100 KM","Kombinovaná spotřeba","","-0,30 L / 100 KM","Spotřeba mimo město","","-0,20 L / 100 KM"],"chartPower":"./chartPower/compass__mk49_1185082.png","chartTorque":"./chartTorque/compass__mk49_1185082.png"},{"id":"compass__mk49_1185081","fullName":"ChipTuning - Jeep Compass 2.4 16v - 172 HP ","desc":"Zvýšení výkonu motoru (chiptuning) vozidla Jeep Compass 2.4 16v - 172 HP je možné z původních 126 kW (170 HP) až na 139 kW (189 HP) a nárůst točivého momentu ze 218 Nm až na 244 Nm.,Maximální rychlost se po úpravě zvýší o + 3 KM/H a kombinovaná spotřeba se sníží v průměru o -0,60 L / 100 KM.","imgUrl":"./previews/compass__mk49_.png","fullDesc":"Níže naleznete parametry před a po úpravě Standard pro vozidlo: Jeep Compass 2.4 16v - 172 HP. Modelová řada MK49, vyráběná od roku 2007. Úprava tohoto modelu se provádí přes diagnostickou zásuvku. Řídící jednotka motoru od společnosti Continental. Typ řídící jednotky GPEC2. Předpokládaná doba úpravy tohoto modelu je 1 - 2 hodiny.","numbers":["Výkon HP","170 HP","189 HP","Výkon kW","126 kW","139 kW","Točivý moment Nm","218 Nm","244 Nm","Maximální rychlost","","+ 3 KM/H","Spotřeba město","","-0,40 L / 100 KM","Kombinovaná spotřeba","","-0,30 L / 100 KM","Spotřeba mimo město","","-0,20 L / 100 KM"],"chartPower":"./chartPower/compass__mk49_1185081.png","chartTorque":"./chartTorque/compass__mk49_1185081.png"},{"id":"compass__mp552_1185103","fullName":"ChipTuning - Jeep Compass 1.4 16v MultiAir Turbo - 140 HP ","desc":"Zvýšení výkonu motoru (chiptuning) vozidla Jeep Compass 1.4 16v MultiAir Turbo - 140 HP je možné z původních 99 kW (136 HP) až na 132 kW (180 HP) a nárůst točivého momentu ze 226 Nm až na 310 Nm.,Maximální rychlost se po úpravě zvýší o + 7 KM/H a kombinovaná spotřeba se sníží v průměru o -0,60 L / 100 KM.","imgUrl":"./previews/compass__mp552_.png","fullDesc":"Níže naleznete parametry před a po úpravě Standard pro vozidlo: Jeep Compass 1.4 16v MultiAir Turbo - 140 HP. Modelová řada MP552, vyráběná od roku 2016. Řídící jednotka motoru od společnosti Magneti Marelli. Typ řídící jednotky 8GML. Předpokládaná doba úpravy tohoto modelu je 2 - 4 hodiny.","numbers":["Výkon HP","136 HP","170 HP","Výkon kW","99 kW","124 kW","Točivý moment Nm","226 Nm","286 Nm","Maximální rychlost","","+ 4 KM/H","Spotřeba město","","-0,40 L / 100 KM","Kombinovaná spotřeba","","-0,35 L / 100 KM","Spotřeba mimo město","","-0,30 L / 100 KM"],"chartPower":"./chartPower/compass__mp552_1185103.png","chartTorque":"./chartTorque/compass__mp552_1185103.png"},{"id":"compass__mp552_1185109","fullName":"ChipTuning - Jeep Compass 1.4 16v MultiAir Turbo 4X4 - 170 HP ","desc":"Zvýšení výkonu motoru (chiptuning) vozidla Jeep Compass 1.4 16v MultiAir Turbo 4X4 - 170 HP je možné z původních 125 kW (170 HP) až na 164 kW (223 HP) a nárůst točivého momentu ze 250 Nm až na 341 Nm.,Maximální rychlost se po úpravě zvýší o + 7 KM/H a kombinovaná spotřeba se sníží v průměru o -0,60 L / 100 KM.","imgUrl":"./previews/compass__mp552_.png","fullDesc":"Níže naleznete parametry před a po úpravě Standard pro vozidlo: Jeep Compass 1.4 16v MultiAir Turbo 4X4 - 170 HP. Modelová řada MP552, vyráběná od roku 2016. Řídící jednotka motoru od společnosti Magneti Marelli. Typ řídící jednotky 8GML. Předpokládaná doba úpravy tohoto modelu je 2 - 4 hodiny.","numbers":["Výkon HP","170 HP","211 HP","Výkon kW","125 kW","155 kW","Točivý moment Nm","250 Nm","315 Nm","Maximální rychlost","","+ 4 KM/H","Spotřeba město","","-0,40 L / 100 KM","Kombinovaná spotřeba","","-0,35 L / 100 KM","Spotřeba mimo město","","-0,30 L / 100 KM"],"chartPower":"./chartPower/compass__mp552_1185109.png","chartTorque":"./chartTorque/compass__mp552_1185109.png"},{"id":"compass__mp552_1185091","fullName":"ChipTuning - Jeep Compass 1.6 16v Multijet - 120 HP ","desc":"Zvýšení výkonu motoru (chiptuning) vozidla Jeep Compass 1.6 16v Multijet - 120 HP je možné z původních 83 kW (115 HP) až na 117 kW (161 HP) a nárůst točivého momentu ze 295 Nm až na 417 Nm.,Maximální rychlost se po úpravě zvýší o + 9 KM/H a kombinovaná spotřeba se sníží v průměru o -0,70 L / 100 KM.","imgUrl":"./previews/compass__mp552_.png","fullDesc":"Níže naleznete parametry před a po úpravě Standard pro vozidlo: Jeep Compass 1.6 16v Multijet - 120 HP. Modelová řada MP552, vyráběná od roku 2016. Úprava tohoto modelu se provádí připojením na konektory řídící jednotky bez rozebírání jednotky. Řídící jednotka motoru od společnosti Bosch. Typ řídící jednotky EDC17C69. Předpokládaná doba úpravy tohoto modelu je 1.5 - 2.5 hodiny.","numbers":["Výkon HP","115 HP","150 HP","Výkon kW","83 kW","109 kW","Točivý moment Nm","295 Nm","382 Nm","Maximální rychlost","","+ 6 KM/H","Spotřeba město","","-0,50 L / 100 KM","Kombinovaná spotřeba","","-0,40 L / 100 KM","Spotřeba mimo město","","-0,30 L / 100 KM"],"chartPower":"./chartPower/compass__mp552_1185091.png","chartTorque":"./chartTorque/compass__mp552_1185091.png"},{"id":"compass__mp552_1185096","fullName":"ChipTuning - Jeep Compass 2.0 16v Multijet - 140 HP ","desc":"Zvýšení výkonu motoru (chiptuning) vozidla Jeep Compass 2.0 16v Multijet - 140 HP je možné z původních 101 kW (138 HP) až na 134 kW (182 HP) a nárůst točivého momentu ze 348 Nm až na 481 Nm.,Maximální rychlost se po úpravě zvýší o + 9 KM/H a kombinovaná spotřeba se sníží v průměru o -0,70 L / 100 KM.","imgUrl":"./previews/compass__mp552_.png","fullDesc":"Níže naleznete parametry před a po úpravě Standard pro vozidlo: Jeep Compass 2.0 16v Multijet - 140 HP. Modelová řada MP552, vyráběná od roku 2016. Úprava tohoto modelu se provádí připojením na konektory řídící jednotky bez rozebírání jednotky. Řídící jednotka motoru od společnosti Bosch. Typ řídící jednotky EDC17C69. Předpokládaná doba úpravy tohoto modelu je 1.5 - 2.5 hodiny.","numbers":["Výkon HP","138 HP","172 HP","Výkon kW","101 kW","126 kW","Točivý moment Nm","348 Nm","443 Nm","Maximální rychlost","","+ 6 KM/H","Spotřeba město","","-0,50 L / 100 KM","Kombinovaná spotřeba","","-0,40 L / 100 KM","Spotřeba mimo město","","-0,30 L / 100 KM"],"chartPower":"./chartPower/compass__mp552_1185096.png","chartTorque":"./chartTorque/compass__mp552_1185096.png"},{"id":"compass__mp552_1185095","fullName":"ChipTuning - Jeep Compass 2.0 16v Multijet - 170 HP ","desc":"Zvýšení výkonu motoru (chiptuning) vozidla Jeep Compass 2.0 16v Multijet - 170 HP je možné z původních 124 kW (169 HP) až na 158 kW (216 HP) a nárůst točivého momentu ze 349 Nm až na 482 Nm.,Maximální rychlost se po úpravě zvýší o + 9 KM/H a kombinovaná spotřeba se sníží v průměru o -0,70 L / 100 KM.","imgUrl":"./previews/compass__mp552_.png","fullDesc":"Níže naleznete parametry před a po úpravě Standard pro vozidlo: Jeep Compass 2.0 16v Multijet - 170 HP. Modelová řada MP552, vyráběná od roku 2016. Úprava tohoto modelu se provádí připojením na konektory řídící jednotky bez rozebírání jednotky. Řídící jednotka motoru od společnosti Bosch. Typ řídící jednotky EDC17C69. Předpokládaná doba úpravy tohoto modelu je 1.5 - 2.5 hodiny.","numbers":["Výkon HP","169 HP","205 HP","Výkon kW","124 kW","150 kW","Točivý moment Nm","349 Nm","444 Nm","Maximální rychlost","","+ 6 KM/H","Spotřeba město","","-0,50 L / 100 KM","Kombinovaná spotřeba","","-0,40 L / 100 KM","Spotřeba mimo město","","-0,30 L / 100 KM"],"chartPower":"./chartPower/compass__mp552_1185095.png","chartTorque":"./chartTorque/compass__mp552_1185095.png"},{"id":"compass__mp552_1185115","fullName":"ChipTuning - Jeep Compass 2.4L 16v Multiair II - 186 HP ","desc":"Zvýšení výkonu motoru (chiptuning) vozidla Jeep Compass 2.4L 16v Multiair II - 186 HP je možné z původních 140 kW (189 HP) až na 154 kW (209 HP) a nárůst točivého momentu ze 235 Nm až na 263 Nm.,Maximální rychlost se po úpravě zvýší o + 3 KM/H a kombinovaná spotřeba se sníží v průměru o -0,60 L / 100 KM.","imgUrl":"./previews/compass__mp552_.png","fullDesc":"Níže naleznete parametry před a po úpravě Standard pro vozidlo: Jeep Compass 2.4L 16v Multiair II - 186 HP. Modelová řada MP552, vyráběná od roku 2017. Úprava tohoto modelu se provádí přes diagnostickou zásuvku. Řídící jednotka motoru od společnosti Continental. Typ řídící jednotky GPEC3. Předpokládaná doba úpravy tohoto modelu je 1 - 2 hodiny.","numbers":["Výkon HP","189 HP","209 HP","Výkon kW","140 kW","154 kW","Točivý moment Nm","235 Nm","263 Nm","Maximální rychlost","","+ 3 KM/H","Spotřeba město","","-0,40 L / 100 KM","Kombinovaná spotřeba","","-0,30 L / 100 KM","Spotřeba mimo město","","-0,20 L / 100 KM"],"chartPower":"./chartPower/compass__mp552_1185115.png","chartTorque":"./chartTorque/compass__mp552_1185115.png"},{"id":"grand_cherokee_( 2nd)_wj_1185118","fullName":"ChipTuning - Jeep Grand Cherokee 2.7 CRD - 163 HP ","desc":"Zvýšení výkonu motoru (chiptuning) vozidla Jeep Grand Cherokee 2.7 CRD - 163 HP je možné z původních 122 kW (165 HP) až na 160 kW (216 HP) a nárůst točivého momentu až na 539 Nm.,Maximální rychlost se po úpravě zvýší o + 5 KM/H a kombinovaná spotřeba se sníží v průměru o -0,50 L / 100 KM.","imgUrl":"./previews/grand_cherokee_( 2nd)_wj_.png","fullDesc":"Níže naleznete parametry před a po úpravě Standard pro vozidlo: Jeep Grand Cherokee 2.7 CRD - 163 HP. Modelová řada WJ Úprava tohoto modelu se provádí přes diagnostickou zásuvku. Řídící jednotka motoru od společnosti Bosch. Typ řídící jednotky EDC15C2. Předpokládaná doba úpravy tohoto modelu je 1 - 2 hodiny.","numbers":["Výkon HP","165 HP","204 HP","Výkon kW","122 kW","151 kW","Točivý moment Nm","-","+105 Nm","Maximální rychlost","","+ 3 KM/H","Spotřeba město","","-0,30 L / 100 KM","Kombinovaná spotřeba","","-0,25 L / 100 KM","Spotřeba mimo město","","-0,20 L / 100 KM"],"chartPower":"./chartPower/grand_cherokee_( 2nd)_wj_1185118.png","chartTorque":""},{"id":"grand_cherokee_( 3rd)_wk_1185119","fullName":"ChipTuning - Jeep Grand Cherokee 3.0 CRD - 218 HP ","desc":"Zvýšení výkonu motoru (chiptuning) vozidla Jeep Grand Cherokee 3.0 CRD - 218 HP je možné z původních 158 kW (216 HP) až na 202 kW (276 HP) a nárůst točivého momentu ze 508 Nm až na 651 Nm.,Maximální rychlost se po úpravě zvýší o + 13 KM/H a kombinovaná spotřeba se sníží v průměru o -1,00 L / 100 KM.","imgUrl":"./previews/grand_cherokee_( 3rd)_wk_.png","fullDesc":"Níže naleznete parametry před a po úpravě Standard pro vozidlo: Jeep Grand Cherokee 3.0 CRD - 218 HP. Modelová řada WK, vyráběná od roku 2007. Úprava tohoto modelu se provádí přes diagnostickou zásuvku. Řídící jednotka motoru od společnosti Bosch. Typ řídící jednotky EDC16CP31 nebo EDC16U31. Předpokládaná doba úpravy tohoto modelu je 1 - 2 hodiny.","numbers":["Výkon HP","216 HP","262 HP","Výkon kW","158 kW","192 kW","Točivý moment Nm","508 Nm","610 Nm","Maximální rychlost","","+ 10 KM/H","Spotřeba město","","-0,70 L / 100 KM","Kombinovaná spotřeba","","-0,60 L / 100 KM","Spotřeba mimo město","","-0,50 L / 100 KM"],"chartPower":"./chartPower/grand_cherokee_( 3rd)_wk_1185119.png","chartTorque":"./chartTorque/grand_cherokee_( 3rd)_wk_1185119.png"},{"id":"grand_cherokee_( 3rd)_wk_1185127","fullName":"ChipTuning - Jeep Grand Cherokee 5.7 V8 - 362 HP ","desc":"Zvýšení výkonu motoru (chiptuning) vozidla Jeep Grand Cherokee 5.7 V8 - 362 HP je možné z původních 270 kW (366 HP) až na 297 kW (402 HP) a nárůst točivého momentu až na 582 Nm.,Maximální rychlost se po úpravě zvýší o + 7 KM/H a kombinovaná spotřeba se sníží v průměru o -0,70 L / 100 KM.","imgUrl":"./previews/grand_cherokee_( 3rd)_wk_.png","fullDesc":"Níže naleznete parametry před a po úpravě Standard pro vozidlo: Jeep Grand Cherokee 5.7 V8 - 362 HP. Modelová řada WK, vyráběná od roku 2009. Úprava tohoto modelu se provádí přes diagnostickou zásuvku. Řídící jednotka motoru od společnosti Motorola. Typ řídící jednotky NGC5. Předpokládaná doba úpravy tohoto modelu je 1 - 2 hodiny.","numbers":["Výkon HP","366 HP","402 HP","Výkon kW","270 kW","297 kW","Točivý moment Nm","-","+57 Nm","Maximální rychlost","","+ 7 KM/H","Spotřeba město","","-0,50 L / 100 KM","Kombinovaná spotřeba","","-0,40 L / 100 KM","Spotřeba mimo město","","-0,30 L / 100 KM"],"chartPower":"./chartPower/grand_cherokee_( 3rd)_wk_1185127.png","chartTorque":""},{"id":"grand_cherokee_( 3rd)_wk_1185129","fullName":"ChipTuning - Jeep Grand Cherokee 6.1 V8 SRT8 - 426 HP ","desc":"Zvýšení výkonu motoru (chiptuning) vozidla Jeep Grand Cherokee 6.1 V8 SRT8 - 426 HP je možné z původních 313 kW (426 HP) až na 366 kW (498 HP) a nárůst točivého momentu až na 716 Nm.,Maximální rychlost se po úpravě zvýší o + 16 KM/H a kombinovaná spotřeba se sníží v průměru o -1,20 L / 100 KM.","imgUrl":"./previews/grand_cherokee_( 3rd)_wk_.png","fullDesc":"Níže naleznete parametry před a po úpravě Standard pro vozidlo: Jeep Grand Cherokee 6.1 V8 SRT8 - 426 HP. Modelová řada WK, vyráběná od roku 2006. Úprava tohoto modelu se provádí přes diagnostickou zásuvku. Řídící jednotka motoru od společnosti Motorola. Typ řídící jednotky NGC4. Předpokládaná doba úpravy tohoto modelu je 1 - 2 hodiny.","numbers":["Výkon HP","426 HP","481 HP","Výkon kW","313 kW","354 kW","Točivý moment Nm","-","+84 Nm","Maximální rychlost","","+ 12 KM/H","Spotřeba město","","-0,80 L / 100 KM","Kombinovaná spotřeba","","-0,70 L / 100 KM","Spotřeba mimo město","","-0,65 L / 100 KM"],"chartPower":"./chartPower/grand_cherokee_( 3rd)_wk_1185129.png","chartTorque":""},{"id":"grand_cherokee_( 4th)_wk2_1185130","fullName":"ChipTuning - Jeep Grand Cherokee 3.0 V6 CRD - 190 HP ","desc":"Zvýšení výkonu motoru (chiptuning) vozidla Jeep Grand Cherokee 3.0 V6 CRD - 190 HP je možné z původních 138 kW (188 HP) až na 176 kW (240 HP) a nárůst točivého momentu ze 438 Nm až na 561 Nm.,Maximální rychlost se po úpravě zvýší o + 13 KM/H a kombinovaná spotřeba se sníží v průměru o -1,00 L / 100 KM.","imgUrl":"./previews/grand_cherokee_( 4th)_wk2_.png","fullDesc":"Níže naleznete parametry před a po úpravě Standard pro vozidlo: Jeep Grand Cherokee 3.0 V6 CRD - 190 HP. Modelová řada WK2, vyráběná od roku 2011. Úprava tohoto modelu se provádí přes diagnostickou zásuvku. Řídící jednotka motoru od společnosti Bosch. Typ řídící jednotky EDC17C79. Předpokládaná doba úpravy tohoto modelu je 1 - 2 hodiny.","numbers":["Výkon HP","188 HP","228 HP","Výkon kW","138 kW","167 kW","Točivý moment Nm","438 Nm","526 Nm","Maximální rychlost","","+ 10 KM/H","Spotřeba město","","-0,70 L / 100 KM","Kombinovaná spotřeba","","-0,60 L / 100 KM","Spotřeba mimo město","","-0,50 L / 100 KM"],"chartPower":"./chartPower/grand_cherokee_( 4th)_wk2_1185130.png","chartTorque":"./chartTorque/grand_cherokee_( 4th)_wk2_1185130.png"},{"id":"grand_cherokee_( 4th)_wk2_1185136","fullName":"ChipTuning - Jeep Grand Cherokee 3.0 V6 CRD - 239 HP ","desc":"Zvýšení výkonu motoru (chiptuning) vozidla Jeep Grand Cherokee 3.0 V6 CRD - 239 HP je možné z původních 176 kW (239 HP) až na 224 kW (304 HP) a nárůst točivého momentu ze 550 Nm až na 704 Nm.,Maximální rychlost se po úpravě zvýší o + 13 KM/H a kombinovaná spotřeba se sníží v průměru o -1,00 L / 100 KM.","imgUrl":"./previews/grand_cherokee_( 4th)_wk2_.png","fullDesc":"Níže naleznete parametry před a po úpravě Standard pro vozidlo: Jeep Grand Cherokee 3.0 V6 CRD - 239 HP. Modelová řada WK2, vyráběná od roku 2014. Úprava tohoto modelu se provádí přes diagnostickou zásuvku. Řídící jednotka motoru od společnosti Bosch. Typ řídící jednotky EDC17C49. Předpokládaná doba úpravy tohoto modelu je 1 - 2 hodiny.","numbers":["Výkon HP","239 HP","289 HP","Výkon kW","176 kW","213 kW","Točivý moment Nm","550 Nm","660 Nm","Maximální rychlost","","+ 10 KM/H","Spotřeba město","","-0,70 L / 100 KM","Kombinovaná spotřeba","","-0,60 L / 100 KM","Spotřeba mimo město","","-0,50 L / 100 KM"],"chartPower":"./chartPower/grand_cherokee_( 4th)_wk2_1185136.png","chartTorque":"./chartTorque/grand_cherokee_( 4th)_wk2_1185136.png"},{"id":"grand_cherokee_( 4th)_wk2_1185149","fullName":"ChipTuning - Jeep Grand Cherokee 6.4 V8 - 401 HP ","desc":"Zvýšení výkonu motoru (chiptuning) vozidla Jeep Grand Cherokee 6.4 V8 - 401 HP je možné z původních 291 kW (397 HP) až na 321 kW (437 HP) a nárůst točivého momentu ze 556 Nm až na 618 Nm.,Maximální rychlost se po úpravě zvýší o + 7 KM/H a kombinovaná spotřeba se sníží v průměru o -0,70 L / 100 KM.","imgUrl":"./previews/grand_cherokee_( 4th)_wk2_.png","fullDesc":"Níže naleznete parametry před a po úpravě Standard pro vozidlo: Jeep Grand Cherokee 6.4 V8 - 401 HP. Modelová řada WK2, vyráběná od roku 2012. Úprava tohoto modelu se provádí přes diagnostickou zásuvku. Řídící jednotka motoru od společnosti Continental. Typ řídící jednotky GPEC2. Předpokládaná doba úpravy tohoto modelu je 1 - 2 hodiny.","numbers":["Výkon HP","397 HP","437 HP","Výkon kW","291 kW","321 kW","Točivý moment Nm","556 Nm","618 Nm","Maximální rychlost","","+ 7 KM/H","Spotřeba město","","-0,50 L / 100 KM","Kombinovaná spotřeba","","-0,40 L / 100 KM","Spotřeba mimo město","","-0,30 L / 100 KM"],"chartPower":"./chartPower/grand_cherokee_( 4th)_wk2_1185149.png","chartTorque":"./chartTorque/grand_cherokee_( 4th)_wk2_1185149.png"},{"id":"grand_commander__(k8)_1185152","fullName":"ChipTuning - Jeep Grand Commander 2.0L GME T4 Hurricane - 274 HP ","desc":"Zvýšení výkonu motoru (chiptuning) vozidla Jeep Grand Commander 2.0L GME T4 Hurricane - 274 HP je možné z původních 196 kW (269 HP) až na 238 kW (326 HP) a nárůst točivého momentu ze 395 Nm až na 529 Nm.,Maximální rychlost se po úpravě zvýší o + 9 KM/H a kombinovaná spotřeba se sníží v průměru o -0,70 L / 100 KM.","imgUrl":"./previews/grand_commander__(k8)_.png","fullDesc":"Níže naleznete parametry před a po úpravě Standard pro vozidlo: Jeep Grand Commander 2.0L GME T4 Hurricane - 274 HP. Modelová řada (K8), vyráběná od roku 2018. Řídící jednotka motoru od společnosti Continental. Typ řídící jednotky GPEC4. Předpokládaná doba úpravy tohoto modelu je 2 - 4 hodiny.","numbers":["Výkon HP","269 HP","313 HP","Výkon kW","196 kW","228 kW","Točivý moment Nm","395 Nm","491 Nm","Maximální rychlost","","+ 6 KM/H","Spotřeba město","","-0,50 L / 100 KM","Kombinovaná spotřeba","","-0,40 L / 100 KM","Spotřeba mimo město","","-0,30 L / 100 KM"],"chartPower":"./chartPower/grand_commander__(k8)_1185152.png","chartTorque":"./chartTorque/grand_commander__(k8)_1185152.png"},{"id":"liberty__kj_1185154","fullName":"ChipTuning - Jeep Liberty 2.5 CRD - 143 HP ","desc":"Zvýšení výkonu motoru (chiptuning) vozidla Jeep Liberty 2.5 CRD - 143 HP je možné z původních 101 kW (139 HP) až na 134 kW (183 HP) a nárůst točivého momentu až na 466 Nm.,Maximální rychlost se po úpravě zvýší o + 5 KM/H a kombinovaná spotřeba se sníží v průměru o -0,50 L / 100 KM.","imgUrl":"./previews/liberty__kj_.png","fullDesc":"Níže naleznete parametry před a po úpravě Standard pro vozidlo: Jeep Liberty 2.5 CRD - 143 HP. Modelová řada KJ Úprava tohoto modelu se provádí přes diagnostickou zásuvku. Řídící jednotka motoru od společnosti Bosch. Typ řídící jednotky EDC15C2. Předpokládaná doba úpravy tohoto modelu je 1 - 2 hodiny.","numbers":["Výkon HP","139 HP","173 HP","Výkon kW","101 kW","126 kW","Točivý moment Nm","-","+92 Nm","Maximální rychlost","","+ 3 KM/H","Spotřeba město","","-0,30 L / 100 KM","Kombinovaná spotřeba","","-0,25 L / 100 KM","Spotřeba mimo město","","-0,20 L / 100 KM"],"chartPower":"./chartPower/liberty__kj_1185154.png","chartTorque":""},{"id":"liberty__kj_1185155","fullName":"ChipTuning - Jeep Liberty 2.8 16 VCRD - 150 HP ","desc":"Zvýšení výkonu motoru (chiptuning) vozidla Jeep Liberty 2.8 16 VCRD - 150 HP je možné z původních 109 kW (149 HP) až na 143 kW (196 HP) a nárůst točivého momentu až na 490 Nm.,Maximální rychlost se po úpravě zvýší o + 5 KM/H a kombinovaná spotřeba se sníží v průměru o -0,50 L / 100 KM.","imgUrl":"./previews/liberty__kj_.png","fullDesc":"Níže naleznete parametry před a po úpravě Standard pro vozidlo: Jeep Liberty 2.8 16 VCRD - 150 HP. Modelová řada KJ Úprava tohoto modelu se provádí přes diagnostickou zásuvku. Řídící jednotka motoru od společnosti Bosch. Typ řídící jednotky EDC15C2. Předpokládaná doba úpravy tohoto modelu je 1 - 2 hodiny.","numbers":["Výkon HP","149 HP","185 HP","Výkon kW","109 kW","135 kW","Točivý moment Nm","-","+96 Nm","Maximální rychlost","","+ 3 KM/H","Spotřeba město","","-0,30 L / 100 KM","Kombinovaná spotřeba","","-0,25 L / 100 KM","Spotřeba mimo město","","-0,20 L / 100 KM"],"chartPower":"./chartPower/liberty__kj_1185155.png","chartTorque":""},{"id":"liberty__kj_1185156","fullName":"ChipTuning - Jeep Liberty 2.8 16 VCRD - 163 HP ","desc":"Zvýšení výkonu motoru (chiptuning) vozidla Jeep Liberty 2.8 16 VCRD - 163 HP je možné z původních 120 kW (163 HP) až na 158 kW (214 HP) a nárůst točivého momentu ze 400 Nm až na 551 Nm.,Maximální rychlost se po úpravě zvýší o + 5 KM/H a kombinovaná spotřeba se sníží v průměru o -0,50 L / 100 KM.","imgUrl":"./previews/liberty__kj_.png","fullDesc":"Níže naleznete parametry před a po úpravě Standard pro vozidlo: Jeep Liberty 2.8 16 VCRD - 163 HP. Modelová řada KJ Úprava tohoto modelu se provádí přes diagnostickou zásuvku. Řídící jednotka motoru od společnosti Bosch. Typ řídící jednotky EDC16C2. Předpokládaná doba úpravy tohoto modelu je 1 - 2 hodiny.","numbers":["Výkon HP","163 HP","202 HP","Výkon kW","120 kW","149 kW","Točivý moment Nm","400 Nm","508 Nm","Maximální rychlost","","+ 3 KM/H","Spotřeba město","","-0,30 L / 100 KM","Kombinovaná spotřeba","","-0,25 L / 100 KM","Spotřeba mimo město","","-0,20 L / 100 KM"],"chartPower":"./chartPower/liberty__kj_1185156.png","chartTorque":"./chartTorque/liberty__kj_1185156.png"},{"id":"liberty__kj_1185157","fullName":"ChipTuning - Jeep Liberty 2.8 16 VCRD - 177 HP ","desc":"Zvýšení výkonu motoru (chiptuning) vozidla Jeep Liberty 2.8 16 VCRD - 177 HP je možné z původních 126 kW (173 HP) až na 161 kW (221 HP) a nárůst točivého momentu až na 536 Nm.,Maximální rychlost se po úpravě zvýší o + 5 KM/H a kombinovaná spotřeba se sníží v průměru o -0,50 L / 100 KM.","imgUrl":"./previews/liberty__kj_.png","fullDesc":"Níže naleznete parametry před a po úpravě Standard pro vozidlo: Jeep Liberty 2.8 16 VCRD - 177 HP. Modelová řada KJ Úprava tohoto modelu se provádí přes diagnostickou zásuvku. Řídící jednotka motoru od společnosti Bosch. Typ řídící jednotky EDC16CP31 nebo EDC16U31. Předpokládaná doba úpravy tohoto modelu je 1 - 2 hodiny.","numbers":["Výkon HP","173 HP","210 HP","Výkon kW","126 kW","153 kW","Točivý moment Nm","-","+84 Nm","Maximální rychlost","","+ 3 KM/H","Spotřeba město","","-0,30 L / 100 KM","Kombinovaná spotřeba","","-0,25 L / 100 KM","Spotřeba mimo město","","-0,20 L / 100 KM"],"chartPower":"./chartPower/liberty__kj_1185157.png","chartTorque":""},{"id":"patriot___1185159","fullName":"ChipTuning - Jeep Patriot 2.0 CRD - 140 HP ","desc":"Zvýšení výkonu motoru (chiptuning) vozidla Jeep Patriot 2.0 CRD - 140 HP je možné z původních 98 kW (135 HP) až na 131 kW (179 HP) a nárůst točivého momentu ze 305 Nm až na 431 Nm.,Maximální rychlost se po úpravě zvýší o + 9 KM/H a kombinovaná spotřeba se sníží v průměru o -0,70 L / 100 KM.","imgUrl":"./previews/patriot___.png","fullDesc":"Níže naleznete parametry před a po úpravě Standard pro vozidlo: Jeep Patriot 2.0 CRD - 140 HP. Modelová řada vyráběná od roku 2006. Úprava tohoto modelu se provádí přes diagnostickou zásuvku. Řídící jednotka motoru od společnosti Bosch. Typ řídící jednotky EDC16U31. Předpokládaná doba úpravy tohoto modelu je 1 - 2 hodiny.","numbers":["Výkon HP","135 HP","169 HP","Výkon kW","98 kW","123 kW","Točivý moment Nm","305 Nm","395 Nm","Maximální rychlost","","+ 6 KM/H","Spotřeba město","","-0,50 L / 100 KM","Kombinovaná spotřeba","","-0,40 L / 100 KM","Spotřeba mimo město","","-0,30 L / 100 KM"],"chartPower":"./chartPower/patriot___1185159.png","chartTorque":"./chartTorque/patriot___1185159.png"},{"id":"patriot___1185165","fullName":"ChipTuning - Jeep Patriot 2.2 CRD DPF - 163 HP ","desc":"Zvýšení výkonu motoru (chiptuning) vozidla Jeep Patriot 2.2 CRD DPF - 163 HP je možné z původních 122 kW (165 HP) až na 160 kW (216 HP) a nárůst točivého momentu ze 322 Nm až na 452 Nm.,Maximální rychlost se po úpravě zvýší o + 11 KM/H a kombinovaná spotřeba se sníží v průměru o -0,90 L / 100 KM.","imgUrl":"./previews/patriot___.png","fullDesc":"Níže naleznete parametry před a po úpravě Standard pro vozidlo: Jeep Patriot 2.2 CRD DPF - 163 HP. Modelová řada vyráběná od roku 2011. Úprava tohoto modelu se provádí přes diagnostickou zásuvku. Řídící jednotka motoru od společnosti Delphi. Typ řídící jednotky DCM3.5 - CRD2. Předpokládaná doba úpravy tohoto modelu je 1 - 2 hodiny.","numbers":["Výkon HP","165 HP","204 HP","Výkon kW","122 kW","151 kW","Točivý moment Nm","322 Nm","415 Nm","Maximální rychlost","","+ 8 KM/H","Spotřeba město","","-0,60 L / 100 KM","Kombinovaná spotřeba","","-0,50 L / 100 KM","Spotřeba mimo město","","-0,40 L / 100 KM"],"chartPower":"./chartPower/patriot___1185165.png","chartTorque":"./chartTorque/patriot___1185165.png"},{"id":"renegade___1185241","fullName":"ChipTuning - Jeep Renegade 1.6 16v CRD - 120 HP ","desc":"Zvýšení výkonu motoru (chiptuning) vozidla Jeep Renegade 1.6 16v CRD - 120 HP je možné z původních 85 kW (117 HP) až na 119 kW (163 HP) a nárůst točivého momentu ze 297 Nm až na 419 Nm.,Maximální rychlost se po úpravě zvýší o + 9 KM/H a kombinovaná spotřeba se sníží v průměru o -0,70 L / 100 KM.","imgUrl":"./previews/renegade___.png","fullDesc":"Níže naleznete parametry před a po úpravě Standard pro vozidlo: Jeep Renegade 1.6 16v CRD - 120 HP. Modelová řada vyráběná od roku 2014. Úprava tohoto modelu se provádí připojením na konektory řídící jednotky bez rozebírání jednotky. Řídící jednotka motoru od společnosti Bosch. Typ řídící jednotky EDC17C69. Předpokládaná doba úpravy tohoto modelu je 1.5 - 2.5 hodiny.","numbers":["Výkon HP","117 HP","152 HP","Výkon kW","85 kW","111 kW","Točivý moment Nm","297 Nm","384 Nm","Maximální rychlost","","+ 6 KM/H","Spotřeba město","","-0,50 L / 100 KM","Kombinovaná spotřeba","","-0,40 L / 100 KM","Spotřeba mimo město","","-0,30 L / 100 KM"],"chartPower":"./chartPower/renegade___1185241.png","chartTorque":"./chartTorque/renegade___1185241.png"},{"id":"renegade__bu_1185182","fullName":"ChipTuning - Jeep Renegade 1.0 12v GSE - 120 HP ","desc":"Zvýšení výkonu motoru (chiptuning) vozidla Jeep Renegade 1.0 12v GSE - 120 HP je možné z původních 93 kW (125 HP) až na 120 kW (163 HP) a nárůst točivého momentu ze 195 Nm až na 264 Nm.,Maximální rychlost se po úpravě zvýší o + 5 KM/H a kombinovaná spotřeba se sníží v průměru o -0,50 L / 100 KM.","imgUrl":"./previews/renegade__bu_.png","fullDesc":"Níže naleznete parametry před a po úpravě Standard pro vozidlo: Jeep Renegade 1.0 12v GSE - 120 HP. Modelová řada BU, vyráběná od roku 2018. Řídící jednotka motoru od společnosti Continental. Typ řídící jednotky GPEC4LM. Předpokládaná doba úpravy tohoto modelu je 2 - 4 hodiny.","numbers":["Výkon HP","125 HP","154 HP","Výkon kW","93 kW","114 kW","Točivý moment Nm","195 Nm","244 Nm","Maximální rychlost","","+ 3 KM/H","Spotřeba město","","-0,30 L / 100 KM","Kombinovaná spotřeba","","-0,25 L / 100 KM","Spotřeba mimo město","","-0,20 L / 100 KM"],"chartPower":"./chartPower/renegade__bu_1185182.png","chartTorque":"./chartTorque/renegade__bu_1185182.png"},{"id":"renegade__bu_1185184","fullName":"ChipTuning - Jeep Renegade 1.3 16v GSE 4WD Automat - 180 HP ","desc":"Zvýšení výkonu motoru (chiptuning) vozidla Jeep Renegade 1.3 16v GSE 4WD Automat - 180 HP je možné z původních 135 kW (183 HP) až na 174 kW (236 HP) a nárůst točivého momentu ze 288 Nm až na 385 Nm.,Maximální rychlost se po úpravě zvýší o + 7 KM/H a kombinovaná spotřeba se sníží v průměru o -0,60 L / 100 KM.","imgUrl":"./previews/renegade__bu_.png","fullDesc":"Níže naleznete parametry před a po úpravě Standard pro vozidlo: Jeep Renegade 1.3 16v GSE 4WD Automat - 180 HP. Modelová řada BU, vyráběná od roku 2018. Řídící jednotka motoru od společnosti Continental. Typ řídící jednotky GPEC4LM. Tato úprava je přizpůsobena pro automatickou převodovku. Předpokládaná doba úpravy tohoto modelu je 2 - 4 hodiny.","numbers":["Výkon HP","183 HP","224 HP","Výkon kW","135 kW","165 kW","Točivý moment Nm","288 Nm","357 Nm","Maximální rychlost","","+ 4 KM/H","Spotřeba město","","-0,40 L / 100 KM","Kombinovaná spotřeba","","-0,35 L / 100 KM","Spotřeba mimo město","","-0,30 L / 100 KM"],"chartPower":"./chartPower/renegade__bu_1185184.png","chartTorque":"./chartTorque/renegade__bu_1185184.png"},{"id":"renegade__bu_1185186","fullName":"ChipTuning - Jeep Renegade 1.3 16v GSE Automat - 150 HP ","desc":"Zvýšení výkonu motoru (chiptuning) vozidla Jeep Renegade 1.3 16v GSE Automat - 150 HP je možné z původních 110 kW (150 HP) až na 143 kW (194 HP) a nárůst točivého momentu ze 270 Nm až na 362 Nm.,Maximální rychlost se po úpravě zvýší o + 7 KM/H a kombinovaná spotřeba se sníží v průměru o -0,60 L / 100 KM.","imgUrl":"./previews/renegade__bu_.png","fullDesc":"Níže naleznete parametry před a po úpravě Standard pro vozidlo: Jeep Renegade 1.3 16v GSE Automat - 150 HP. Modelová řada BU, vyráběná od roku 2018. Řídící jednotka motoru od společnosti Continental. Typ řídící jednotky GPEC4LM. Tato úprava je přizpůsobena pro automatickou převodovku. Předpokládaná doba úpravy tohoto modelu je 2 - 4 hodiny.","numbers":["Výkon HP","150 HP","184 HP","Výkon kW","110 kW","135 kW","Točivý moment Nm","270 Nm","336 Nm","Maximální rychlost","","+ 4 KM/H","Spotřeba město","","-0,40 L / 100 KM","Kombinovaná spotřeba","","-0,35 L / 100 KM","Spotřeba mimo město","","-0,30 L / 100 KM"],"chartPower":"./chartPower/renegade__bu_1185186.png","chartTorque":"./chartTorque/renegade__bu_1185186.png"},{"id":"renegade__bu_1185191","fullName":"ChipTuning - Jeep Renegade 1.4 16v MultiAir Turbo - 140 HP ","desc":"Zvýšení výkonu motoru (chiptuning) vozidla Jeep Renegade 1.4 16v MultiAir Turbo - 140 HP je možné z původních 108 kW (145 HP) až na 141 kW (189 HP) a nárůst točivého momentu ze 235 Nm až na 319 Nm.,Maximální rychlost se po úpravě zvýší o + 7 KM/H a kombinovaná spotřeba se sníží v průměru o -0,60 L / 100 KM.","imgUrl":"./previews/renegade__bu_.png","fullDesc":"Níže naleznete parametry před a po úpravě Standard pro vozidlo: Jeep Renegade 1.4 16v MultiAir Turbo - 140 HP. Modelová řada BU, vyráběná od roku 2014. Úprava tohoto modelu se provádí přes diagnostickou zásuvku. Řídící jednotka motoru od společnosti Magneti Marelli. Typ řídící jednotky 8GMK. Předpokládaná doba úpravy tohoto modelu je 1 - 2 hodiny.","numbers":["Výkon HP","145 HP","179 HP","Výkon kW","108 kW","133 kW","Točivý moment Nm","235 Nm","295 Nm","Maximální rychlost","","+ 4 KM/H","Spotřeba město","","-0,40 L / 100 KM","Kombinovaná spotřeba","","-0,35 L / 100 KM","Spotřeba mimo město","","-0,30 L / 100 KM"],"chartPower":"./chartPower/renegade__bu_1185191.png","chartTorque":"./chartTorque/renegade__bu_1185191.png"},{"id":"renegade__bu_1185206","fullName":"ChipTuning - Jeep Renegade 1.4 16v MultiAir Turbo 4X4 - 170 HP ","desc":"Zvýšení výkonu motoru (chiptuning) vozidla Jeep Renegade 1.4 16v MultiAir Turbo 4X4 - 170 HP je možné z původních 130 kW (175 HP) až na 169 kW (228 HP) a nárůst točivého momentu ze 255 Nm až na 346 Nm.,Maximální rychlost se po úpravě zvýší o + 7 KM/H a kombinovaná spotřeba se sníží v průměru o -0,60 L / 100 KM.","imgUrl":"./previews/renegade__bu_.png","fullDesc":"Níže naleznete parametry před a po úpravě Standard pro vozidlo: Jeep Renegade 1.4 16v MultiAir Turbo 4X4 - 170 HP. Modelová řada BU, vyráběná od roku 2014. Úprava tohoto modelu se provádí přes diagnostickou zásuvku. Řídící jednotka motoru od společnosti Magneti Marelli. Typ řídící jednotky 8GMK. Předpokládaná doba úpravy tohoto modelu je 1 - 2 hodiny.","numbers":["Výkon HP","175 HP","216 HP","Výkon kW","130 kW","160 kW","Točivý moment Nm","255 Nm","320 Nm","Maximální rychlost","","+ 4 KM/H","Spotřeba město","","-0,40 L / 100 KM","Kombinovaná spotřeba","","-0,35 L / 100 KM","Spotřeba mimo město","","-0,30 L / 100 KM"],"chartPower":"./chartPower/renegade__bu_1185206.png","chartTorque":"./chartTorque/renegade__bu_1185206.png"},{"id":"renegade__bu_1185231","fullName":"ChipTuning - Jeep Renegade 1.8 16v E.TorQ FLEX - 135 HP ","desc":"Zvýšení výkonu motoru (chiptuning) vozidla Jeep Renegade 1.8 16v E.TorQ FLEX - 135 HP je možné z původních 102 kW (138 HP) až na 112 kW (153 HP) a nárůst točivého momentu ze 187 Nm až na 209 Nm.,Maximální rychlost se po úpravě zvýší o + 2 KM/H a kombinovaná spotřeba se sníží v průměru o -0,50 L / 100 KM.","imgUrl":"./previews/renegade__bu_.png","fullDesc":"Níže naleznete parametry před a po úpravě Standard pro vozidlo: Jeep Renegade 1.8 16v E.TorQ FLEX - 135 HP. Modelová řada BU, vyráběná od roku 2016. Úprava tohoto modelu se provádí přes diagnostickou zásuvku. Řídící jednotka motoru od společnosti Magneti Marelli. Typ řídící jednotky IAW 10GF. Předpokládaná doba úpravy tohoto modelu je 1 - 2 hodiny.","numbers":["Výkon HP","138 HP","153 HP","Výkon kW","102 kW","112 kW","Točivý moment Nm","187 Nm","209 Nm","Maximální rychlost","","+ 2 KM/H","Spotřeba město","","-0,30 L / 100 KM","Kombinovaná spotřeba","","-0,25 L / 100 KM","Spotřeba mimo město","","-0,20 L / 100 KM"],"chartPower":"./chartPower/renegade__bu_1185231.png","chartTorque":"./chartTorque/renegade__bu_1185231.png"},{"id":"renegade__bu_1185174","fullName":"ChipTuning - Jeep Renegade 2.0 16v CRD 4x4 - 120 HP ","desc":"Zvýšení výkonu motoru (chiptuning) vozidla Jeep Renegade 2.0 16v CRD 4x4 - 120 HP je možné z původních 91 kW (123 HP) až na 125 kW (169 HP) a nárůst točivého momentu až na 405 Nm.,Maximální rychlost se po úpravě zvýší o + 9 KM/H a kombinovaná spotřeba se sníží v průměru o -0,70 L / 100 KM.","imgUrl":"./previews/renegade__bu_.png","fullDesc":"Níže naleznete parametry před a po úpravě Standard pro vozidlo: Jeep Renegade 2.0 16v CRD 4x4 - 120 HP. Modelová řada BU, vyráběná od roku 2014. Úprava tohoto modelu se provádí připojením na konektory řídící jednotky bez rozebírání jednotky. Řídící jednotka motoru od společnosti Bosch. Typ řídící jednotky EDC17C69. Předpokládaná doba úpravy tohoto modelu je 1.5 - 2.5 hodiny.","numbers":["Výkon HP","123 HP","158 HP","Výkon kW","91 kW","117 kW","Točivý moment Nm","-","+83 Nm","Maximální rychlost","","+ 6 KM/H","Spotřeba město","","-0,50 L / 100 KM","Kombinovaná spotřeba","","-0,40 L / 100 KM","Spotřeba mimo město","","-0,30 L / 100 KM"],"chartPower":"./chartPower/renegade__bu_1185174.png","chartTorque":""},{"id":"renegade__bu_1185173","fullName":"ChipTuning - Jeep Renegade 2.0 16v CRD 4x4 - 140 HP ","desc":"Zvýšení výkonu motoru (chiptuning) vozidla Jeep Renegade 2.0 16v CRD 4x4 - 140 HP je možné z původních 101 kW (138 HP) až na 134 kW (182 HP) a nárůst točivého momentu až na 458 Nm.,Maximální rychlost se po úpravě zvýší o + 9 KM/H a kombinovaná spotřeba se sníží v průměru o -0,70 L / 100 KM.","imgUrl":"./previews/renegade__bu_.png","fullDesc":"Níže naleznete parametry před a po úpravě Standard pro vozidlo: Jeep Renegade 2.0 16v CRD 4x4 - 140 HP. Modelová řada BU, vyráběná od roku 2014. Úprava tohoto modelu se provádí připojením na konektory řídící jednotky bez rozebírání jednotky. Řídící jednotka motoru od společnosti Bosch. Typ řídící jednotky EDC17C69. Předpokládaná doba úpravy tohoto modelu je 1.5 - 2.5 hodiny.","numbers":["Výkon HP","138 HP","172 HP","Výkon kW","101 kW","126 kW","Točivý moment Nm","-","+90 Nm","Maximální rychlost","","+ 6 KM/H","Spotřeba město","","-0,50 L / 100 KM","Kombinovaná spotřeba","","-0,40 L / 100 KM","Spotřeba mimo město","","-0,30 L / 100 KM"],"chartPower":"./chartPower/renegade__bu_1185173.png","chartTorque":""},{"id":"renegade__bu_1185175","fullName":"ChipTuning - Jeep Renegade 2.0 16v CRD 4x4 - 170 HP ","desc":"Zvýšení výkonu motoru (chiptuning) vozidla Jeep Renegade 2.0 16v CRD 4x4 - 170 HP je možné z původních 128 kW (173 HP) až na 162 kW (220 HP) a nárůst točivého momentu až na 563 Nm.,Maximální rychlost se po úpravě zvýší o + 9 KM/H a kombinovaná spotřeba se sníží v průměru o -0,70 L / 100 KM.","imgUrl":"./previews/renegade__bu_.png","fullDesc":"Níže naleznete parametry před a po úpravě Standard pro vozidlo: Jeep Renegade 2.0 16v CRD 4x4 - 170 HP. Modelová řada BU, vyráběná od roku 2014. Úprava tohoto modelu se provádí připojením na konektory řídící jednotky bez rozebírání jednotky. Řídící jednotka motoru od společnosti Bosch. Typ řídící jednotky EDC17C69. Předpokládaná doba úpravy tohoto modelu je 1.5 - 2.5 hodiny.","numbers":["Výkon HP","173 HP","209 HP","Výkon kW","128 kW","154 kW","Točivý moment Nm","-","+110 Nm","Maximální rychlost","","+ 6 KM/H","Spotřeba město","","-0,50 L / 100 KM","Kombinovaná spotřeba","","-0,40 L / 100 KM","Spotřeba mimo město","","-0,30 L / 100 KM"],"chartPower":"./chartPower/renegade__bu_1185175.png","chartTorque":""},{"id":"renegade__kl_1185235","fullName":"ChipTuning - Jeep Renegade 2.4L 16v Multiair II - 186 HP ","desc":"Zvýšení výkonu motoru (chiptuning) vozidla Jeep Renegade 2.4L 16v Multiair II - 186 HP je možné z původních 135 kW (184 HP) až na 149 kW (204 HP) a nárůst točivého momentu ze 230 Nm až na 258 Nm.,Maximální rychlost se po úpravě zvýší o + 3 KM/H a kombinovaná spotřeba se sníží v průměru o -0,60 L / 100 KM.","imgUrl":"./previews/renegade__kl_.png","fullDesc":"Níže naleznete parametry před a po úpravě Standard pro vozidlo: Jeep Renegade 2.4L 16v Multiair II - 186 HP. Modelová řada KL, vyráběná od roku 2014. Úprava tohoto modelu se provádí přes diagnostickou zásuvku. Řídící jednotka motoru od společnosti Continental. Typ řídící jednotky GPEC3. Předpokládaná doba úpravy tohoto modelu je 1 - 2 hodiny.","numbers":["Výkon HP","184 HP","204 HP","Výkon kW","135 kW","149 kW","Točivý moment Nm","230 Nm","258 Nm","Maximální rychlost","","+ 3 KM/H","Spotřeba město","","-0,40 L / 100 KM","Kombinovaná spotřeba","","-0,30 L / 100 KM","Spotřeba mimo město","","-0,20 L / 100 KM"],"chartPower":"./chartPower/renegade__kl_1185235.png","chartTorque":"./chartTorque/renegade__kl_1185235.png"},{"id":"wrangler___1185248","fullName":"ChipTuning - Jeep Wrangler 2.8 CRD - 177 HP ","desc":"Zvýšení výkonu motoru (chiptuning) vozidla Jeep Wrangler 2.8 CRD - 177 HP je možné z původních 130 kW (177 HP) až na 165 kW (225 HP) a nárůst točivého momentu až na 540 Nm.,Maximální rychlost se po úpravě zvýší o + 5 KM/H a kombinovaná spotřeba se sníží v průměru o -0,50 L / 100 KM.","imgUrl":"./previews/wrangler___.png","fullDesc":"Níže naleznete parametry před a po úpravě Standard pro vozidlo: Jeep Wrangler 2.8 CRD - 177 HP. Úprava tohoto modelu se provádí přes diagnostickou zásuvku. Řídící jednotka motoru od společnosti Bosch. Typ řídící jednotky EDC16CP31 nebo EDC16U31. Předpokládaná doba úpravy tohoto modelu je 1 - 2 hodiny.","numbers":["Výkon HP","177 HP","214 HP","Výkon kW","130 kW","157 kW","Točivý moment Nm","-","+84 Nm","Maximální rychlost","","+ 3 KM/H","Spotřeba město","","-0,30 L / 100 KM","Kombinovaná spotřeba","","-0,25 L / 100 KM","Spotřeba mimo město","","-0,20 L / 100 KM"],"chartPower":"./chartPower/wrangler___1185248.png","chartTorque":""},{"id":"wrangler___1185245","fullName":"ChipTuning - Jeep Wrangler 2.8 CRD - 200 HP ","desc":"Zvýšení výkonu motoru (chiptuning) vozidla Jeep Wrangler 2.8 CRD - 200 HP je možné z původních 150 kW (203 HP) až na 190 kW (258 HP) a nárůst točivého momentu až na 613 Nm.,Maximální rychlost se po úpravě zvýší o + 5 KM/H a kombinovaná spotřeba se sníží v průměru o -0,50 L / 100 KM.","imgUrl":"./previews/wrangler___.png","fullDesc":"Níže naleznete parametry před a po úpravě Standard pro vozidlo: Jeep Wrangler 2.8 CRD - 200 HP. Modelová řada vyráběná od roku 2011. Úprava tohoto modelu se provádí přes diagnostickou zásuvku. Řídící jednotka motoru od společnosti Bosch. Typ řídící jednotky EDC17CP27. Předpokládaná doba úpravy tohoto modelu je 1 - 2 hodiny.","numbers":["Výkon HP","203 HP","245 HP","Výkon kW","150 kW","181 kW","Točivý moment Nm","-","+95 Nm","Maximální rychlost","","+ 3 KM/H","Spotřeba město","","-0,30 L / 100 KM","Kombinovaná spotřeba","","-0,25 L / 100 KM","Spotřeba mimo město","","-0,20 L / 100 KM"],"chartPower":"./chartPower/wrangler___1185245.png","chartTorque":""},{"id":"wrangler___1185250","fullName":"ChipTuning - Jeep Wrangler 3.8 V6 - 205 HP ","desc":"Zvýšení výkonu motoru (chiptuning) vozidla Jeep Wrangler 3.8 V6 - 205 HP je možné z původních 152 kW (206 HP) až na 167 kW (229 HP) a nárůst točivého momentu až na 333 Nm.,Maximální rychlost se po úpravě zvýší o + 1 KM/H a kombinovaná spotřeba se sníží v průměru o -0,30 L / 100 KM.","imgUrl":"./previews/wrangler___.png","fullDesc":"Níže naleznete parametry před a po úpravě Standard pro vozidlo: Jeep Wrangler 3.8 V6 - 205 HP. Modelová řada vyráběná od roku 2007. Úprava tohoto modelu se provádí přes diagnostickou zásuvku. Řídící jednotka motoru od společnosti Motorola. Typ řídící jednotky NGC4. Předpokládaná doba úpravy tohoto modelu je 1 - 2 hodiny.","numbers":["Výkon HP","206 HP","229 HP","Výkon kW","152 kW","167 kW","Točivý moment Nm","-","+36 Nm","Maximální rychlost","","+ 1 KM/H","Spotřeba město","","-0,20 L / 100 KM","Kombinovaná spotřeba","","-0,20 L / 100 KM","Spotřeba mimo město","","-0,10 L / 100 KM"],"chartPower":"./chartPower/wrangler___1185250.png","chartTorque":""},{"id":"wrangler___1185251","fullName":"ChipTuning - Jeep Wrangler 3.8 V6 - 211 HP ","desc":"Zvýšení výkonu motoru (chiptuning) vozidla Jeep Wrangler 3.8 V6 - 211 HP je možné z původních 153 kW (209 HP) až na 169 kW (232 HP) a nárůst točivého momentu až na 338 Nm.,Maximální rychlost se po úpravě zvýší o + 1 KM/H a kombinovaná spotřeba se sníží v průměru o -0,30 L / 100 KM.","imgUrl":"./previews/wrangler___.png","fullDesc":"Níže naleznete parametry před a po úpravě Standard pro vozidlo: Jeep Wrangler 3.8 V6 - 211 HP. Modelová řada vyráběná od roku 2009. Úprava tohoto modelu se provádí přes diagnostickou zásuvku. Řídící jednotka motoru od společnosti Motorola. Typ řídící jednotky NGC5. Předpokládaná doba úpravy tohoto modelu je 1 - 2 hodiny.","numbers":["Výkon HP","209 HP","232 HP","Výkon kW","153 kW","169 kW","Točivý moment Nm","-","+36 Nm","Maximální rychlost","","+ 1 KM/H","Spotřeba město","","-0,20 L / 100 KM","Kombinovaná spotřeba","","-0,20 L / 100 KM","Spotřeba mimo město","","-0,10 L / 100 KM"],"chartPower":"./chartPower/wrangler___1185251.png","chartTorque":""},{"id":"wrangler___1185252","fullName":"ChipTuning - Jeep Wrangler 4.0 - 193 HP ","desc":"Zvýšení výkonu motoru (chiptuning) vozidla Jeep Wrangler 4.0 - 193 HP je možné z původních 140 kW (191 HP) až na 154 kW (212 HP) a nárůst točivého momentu ze 317 Nm až na 355 Nm.,Maximální rychlost se po úpravě zvýší o + 7 KM/H a kombinovaná spotřeba se sníží v průměru o -0,70 L / 100 KM.","imgUrl":"./previews/wrangler___.png","fullDesc":"Níže naleznete parametry před a po úpravě Standard pro vozidlo: Jeep Wrangler 4.0 - 193 HP. Modelová řada vyráběná od roku 2004. Řídící jednotka motoru od společnosti Motorola. Typ řídící jednotky NGC3. Předpokládaná doba úpravy tohoto modelu je 2 - 4 hodiny.","numbers":["Výkon HP","191 HP","212 HP","Výkon kW","140 kW","154 kW","Točivý moment Nm","317 Nm","355 Nm","Maximální rychlost","","+ 7 KM/H","Spotřeba město","","-0,50 L / 100 KM","Kombinovaná spotřeba","","-0,40 L / 100 KM","Spotřeba mimo město","","-0,30 L / 100 KM"],"chartPower":"./chartPower/wrangler___1185252.png","chartTorque":"./chartTorque/wrangler___1185252.png"},{"id":"wrangler__(jl)_1185243","fullName":"ChipTuning - Jeep Wrangler 2.0L GME T4 Hurricane - 274 HP ","desc":"Zvýšení výkonu motoru (chiptuning) vozidla Jeep Wrangler 2.0L GME T4 Hurricane - 274 HP je možné z původních 205 kW (278 HP) až na 247 kW (335 HP) a nárůst točivého momentu ze 404 Nm až na 538 Nm.,Maximální rychlost se po úpravě zvýší o + 9 KM/H a kombinovaná spotřeba se sníží v průměru o -0,70 L / 100 KM.","imgUrl":"./previews/wrangler__(jl)_.png","fullDesc":"Níže naleznete parametry před a po úpravě Standard pro vozidlo: Jeep Wrangler 2.0L GME T4 Hurricane - 274 HP. Modelová řada (JL), vyráběná od roku 2018. Řídící jednotka motoru od společnosti Continental. Typ řídící jednotky GPEC4. Předpokládaná doba úpravy tohoto modelu je 2 - 4 hodiny.","numbers":["Výkon HP","278 HP","322 HP","Výkon kW","205 kW","237 kW","Točivý moment Nm","404 Nm","500 Nm","Maximální rychlost","","+ 6 KM/H","Spotřeba město","","-0,50 L / 100 KM","Kombinovaná spotřeba","","-0,40 L / 100 KM","Spotřeba mimo město","","-0,30 L / 100 KM"],"chartPower":"./chartPower/wrangler__(jl)_1185243.png","chartTorque":"./chartTorque/wrangler__(jl)_1185243.png"}]