[{"id":"x-bow___1185723","fullName":"ChipTuning - KTM X-Bow 2.0 TFSI - 241 HP ","desc":"Zvýšení výkonu motoru (chiptuning) vozidla KTM X-Bow 2.0 TFSI - 241 HP je možné z původních 182 kW (246 HP) až na 230 kW (312 HP) a nárůst točivého momentu ze 396 Nm až na 528 Nm.,Maximální rychlost se po úpravě zvýší o + 9 KM/H a kombinovaná spotřeba se sníží v průměru o -0,70 L / 100 KM.","imgUrl":"./previews/x-bow___.png","fullDesc":"Níže naleznete parametry před a po úpravě Standard pro vozidlo: KTM X-Bow 2.0 TFSI - 241 HP. Modelová řada vyráběná od roku 2008. Úprava tohoto modelu se provádí přes diagnostickou zásuvku. Řídící jednotka motoru od společnosti Bosch. Typ řídící jednotky MED9.1. Předpokládaná doba úpravy tohoto modelu je 1 - 2 hodiny.","numbers":["Výkon HP","246 HP","297 HP","Výkon kW","182 kW","219 kW","Točivý moment Nm","396 Nm","490 Nm","Maximální rychlost","","+ 6 KM/H","Spotřeba město","","-0,50 L / 100 KM","Kombinovaná spotřeba","","-0,40 L / 100 KM","Spotřeba mimo město","","-0,30 L / 100 KM"],"chartPower":"./chartPower/x-bow___1185723.png","chartTorque":"./chartTorque/x-bow___1185723.png"},{"id":"x-bow_gt___1185743","fullName":"ChipTuning - KTM X-Bow GT 2.0 TFSI - 286 HP ","desc":"Zvýšení výkonu motoru (chiptuning) vozidla KTM X-Bow GT 2.0 TFSI - 286 HP je možné z původních 212 kW (288 HP) až na 256 kW (348 HP) a nárůst točivého momentu ze 422 Nm až na 563 Nm.,Maximální rychlost se po úpravě zvýší o + 9 KM/H a kombinovaná spotřeba se sníží v průměru o -0,70 L / 100 KM.","imgUrl":"./previews/x-bow_gt___.png","fullDesc":"Níže naleznete parametry před a po úpravě Standard pro vozidlo: KTM X-Bow GT 2.0 TFSI - 286 HP. Modelová řada vyráběná od roku 2013. Úprava tohoto modelu se provádí přes diagnostickou zásuvku. Řídící jednotka motoru od společnosti Bosch. Typ řídící jednotky MED9.1. Předpokládaná doba úpravy tohoto modelu je 1 - 2 hodiny.","numbers":["Výkon HP","288 HP","334 HP","Výkon kW","212 kW","246 kW","Točivý moment Nm","422 Nm","523 Nm","Maximální rychlost","","+ 6 KM/H","Spotřeba město","","-0,50 L / 100 KM","Kombinovaná spotřeba","","-0,40 L / 100 KM","Spotřeba mimo město","","-0,30 L / 100 KM"],"chartPower":"./chartPower/x-bow_gt___1185743.png","chartTorque":"./chartTorque/x-bow_gt___1185743.png"},{"id":"x-bow_r___1185753","fullName":"ChipTuning - KTM X-Bow R 2.0 TFSI - 299 HP ","desc":"Zvýšení výkonu motoru (chiptuning) vozidla KTM X-Bow R 2.0 TFSI - 299 HP je možné z původních 218 kW (297 HP) až na 264 kW (359 HP) a nárůst točivého momentu ze 398 Nm až na 532 Nm.,Maximální rychlost se po úpravě zvýší o + 9 KM/H a kombinovaná spotřeba se sníží v průměru o -0,70 L / 100 KM.","imgUrl":"./previews/x-bow_r___.png","fullDesc":"Níže naleznete parametry před a po úpravě Standard pro vozidlo: KTM X-Bow R 2.0 TFSI - 299 HP. Modelová řada vyráběná od roku 2011. Úprava tohoto modelu se provádí přes diagnostickou zásuvku. Řídící jednotka motoru od společnosti Bosch. Typ řídící jednotky MED9.1. Předpokládaná doba úpravy tohoto modelu je 1 - 2 hodiny.","numbers":["Výkon HP","297 HP","345 HP","Výkon kW","218 kW","253 kW","Točivý moment Nm","398 Nm","494 Nm","Maximální rychlost","","+ 6 KM/H","Spotřeba město","","-0,50 L / 100 KM","Kombinovaná spotřeba","","-0,40 L / 100 KM","Spotřeba mimo město","","-0,30 L / 100 KM"],"chartPower":"./chartPower/x-bow_r___1185753.png","chartTorque":"./chartTorque/x-bow_r___1185753.png"},{"id":"x-bow_rr___1185767","fullName":"ChipTuning - KTM X-Bow RR 2.0 TFSI - 299 HP ","desc":"Zvýšení výkonu motoru (chiptuning) vozidla KTM X-Bow RR 2.0 TFSI - 299 HP je možné z původních 222 kW (301 HP) až na 268 kW (363 HP) a nárůst točivého momentu ze 402 Nm až na 536 Nm.,Maximální rychlost se po úpravě zvýší o + 9 KM/H a kombinovaná spotřeba se sníží v průměru o -0,70 L / 100 KM.","imgUrl":"./previews/x-bow_rr___.png","fullDesc":"Níže naleznete parametry před a po úpravě Standard pro vozidlo: KTM X-Bow RR 2.0 TFSI - 299 HP. Modelová řada vyráběná od roku 2012. Úprava tohoto modelu se provádí přes diagnostickou zásuvku. Řídící jednotka motoru od společnosti Bosch. Typ řídící jednotky MED9.1. Předpokládaná doba úpravy tohoto modelu je 1 - 2 hodiny.","numbers":["Výkon HP","301 HP","349 HP","Výkon kW","222 kW","257 kW","Točivý moment Nm","402 Nm","498 Nm","Maximální rychlost","","+ 6 KM/H","Spotřeba město","","-0,50 L / 100 KM","Kombinovaná spotřeba","","-0,40 L / 100 KM","Spotřeba mimo město","","-0,30 L / 100 KM"],"chartPower":"./chartPower/x-bow_rr___1185767.png","chartTorque":"./chartTorque/x-bow_rr___1185767.png"}]