[{"id":"niva___1185779","fullName":"ChipTuning - Lada Niva 1.7 8v - 80 HP ","desc":"Zvýšení výkonu motoru (chiptuning) vozidla Lada Niva 1.7 8v - 80 HP je možné z původních 62 kW (83 HP) až na 68 kW (92 HP) a nárůst točivého momentu až na 133 Nm.,Maximální rychlost se po úpravě zvýší o + 1 KM/H a kombinovaná spotřeba se sníží v průměru o -0,30 L / 100 KM.","imgUrl":"./previews/niva___.png","fullDesc":"Níže naleznete parametry před a po úpravě Standard pro vozidlo: Lada Niva 1.7 8v - 80 HP. Řídící jednotka motoru od společnosti Bosch. Typ řídící jednotky M7.9.7. Předpokládaná doba úpravy tohoto modelu je 2 - 4 hodiny.","numbers":["Výkon HP","83 HP","92 HP","Výkon kW","62 kW","68 kW","Točivý moment Nm","-","+14 Nm","Maximální rychlost","","+ 1 KM/H","Spotřeba město","","-0,20 L / 100 KM","Kombinovaná spotřeba","","-0,20 L / 100 KM","Spotřeba mimo město","","-0,10 L / 100 KM"],"chartPower":"./chartPower/niva___1185779.png","chartTorque":""},{"id":"niva___1185780","fullName":"ChipTuning - Lada Niva 1.7 MPi - 80 HP ","desc":"Zvýšení výkonu motoru (chiptuning) vozidla Lada Niva 1.7 MPi - 80 HP je možné z původních 60 kW (81 HP) až na 66 kW (90 HP) a nárůst točivého momentu ze 132 Nm až na 148 Nm.,Maximální rychlost se po úpravě zvýší o + 2 KM/H a kombinovaná spotřeba se sníží v průměru o -0,50 L / 100 KM.","imgUrl":"./previews/niva___.png","fullDesc":"Níže naleznete parametry před a po úpravě Standard pro vozidlo: Lada Niva 1.7 MPi - 80 HP. Modelová řada vyráběná od roku 2015. Úprava tohoto modelu se provádí připojením na konektory řídící jednotky bez rozebírání jednotky. Řídící jednotka motoru od společnosti Bosch. Typ řídící jednotky ME17.9.71. Předpokládaná doba úpravy tohoto modelu je 1.5 - 2.5 hodiny.","numbers":["Výkon HP","81 HP","90 HP","Výkon kW","60 kW","66 kW","Točivý moment Nm","132 Nm","148 Nm","Maximální rychlost","","+ 2 KM/H","Spotřeba město","","-0,30 L / 100 KM","Kombinovaná spotřeba","","-0,25 L / 100 KM","Spotřeba mimo město","","-0,20 L / 100 KM"],"chartPower":"./chartPower/niva___1185780.png","chartTorque":"./chartTorque/niva___1185780.png"},{"id":"xray___1185785","fullName":"ChipTuning - Lada Xray 1.6 16v - 105 HP ","desc":"Zvýšení výkonu motoru (chiptuning) vozidla Lada Xray 1.6 16v - 105 HP je možné z původních 80 kW (108 HP) až na 88 kW (120 HP) a nárůst točivého momentu ze 151 Nm až na 169 Nm.,Maximální rychlost se po úpravě zvýší o + 2 KM/H a kombinovaná spotřeba se sníží v průměru o -0,50 L / 100 KM.","imgUrl":"./previews/xray___.png","fullDesc":"Níže naleznete parametry před a po úpravě Standard pro vozidlo: Lada Xray 1.6 16v - 105 HP. Modelová řada vyráběná od roku 2016. Úprava tohoto modelu se provádí přes diagnostickou zásuvku. Řídící jednotka motoru od společnosti Continental. Typ řídící jednotky EMS3125. Předpokládaná doba úpravy tohoto modelu je 1 - 2 hodiny.","numbers":["Výkon HP","108 HP","120 HP","Výkon kW","80 kW","88 kW","Točivý moment Nm","151 Nm","169 Nm","Maximální rychlost","","+ 2 KM/H","Spotřeba město","","-0,30 L / 100 KM","Kombinovaná spotřeba","","-0,25 L / 100 KM","Spotřeba mimo město","","-0,20 L / 100 KM"],"chartPower":"./chartPower/xray___1185785.png","chartTorque":"./chartTorque/xray___1185785.png"}]