[{"id":"aventador___1185788","fullName":"ChipTuning - Lamborghini Aventador 6.5 V12 LP700-4 - 700 HP ","desc":"Zvýšení výkonu motoru (chiptuning) vozidla Lamborghini Aventador 6.5 V12 LP700-4 - 700 HP je možné z původních 512 kW (697 HP) až na 558 kW (760 HP) a nárůst točivého momentu ze 687 Nm až na 763 Nm.,Maximální rychlost se po úpravě zvýší o + 7 KM/H a kombinovaná spotřeba se sníží v průměru o -0,70 L / 100 KM.","imgUrl":"./previews/aventador___.png","fullDesc":"Níže naleznete parametry před a po úpravě Standard pro vozidlo: Lamborghini Aventador 6.5 V12 LP700-4 - 700 HP. Modelová řada vyráběná od roku 2011. Řídící jednotka motoru od společnosti Campi. Typ řídící jednotky LIE. Předpokládaná doba úpravy tohoto modelu je 2 - 4 hodiny.","numbers":["Výkon HP","697 HP","760 HP","Výkon kW","512 kW","558 kW","Točivý moment Nm","687 Nm","763 Nm","Maximální rychlost","","+ 7 KM/H","Spotřeba město","","-0,50 L / 100 KM","Kombinovaná spotřeba","","-0,40 L / 100 KM","Spotřeba mimo město","","-0,30 L / 100 KM"],"chartPower":"./chartPower/aventador___1185788.png","chartTorque":"./chartTorque/aventador___1185788.png"},{"id":"gallardo___1185793","fullName":"ChipTuning - Lamborghini Gallardo 5.0 V10 - 500 HP ","desc":"Zvýšení výkonu motoru (chiptuning) vozidla Lamborghini Gallardo 5.0 V10 - 500 HP je možné z původních 371 kW (503 HP) až na 408 kW (553 HP) a nárůst točivého momentu ze 513 Nm až na 569 Nm.,Maximální rychlost se po úpravě zvýší o + 7 KM/H a kombinovaná spotřeba se sníží v průměru o -0,70 L / 100 KM.","imgUrl":"./previews/gallardo___.png","fullDesc":"Níže naleznete parametry před a po úpravě Standard pro vozidlo: Lamborghini Gallardo 5.0 V10 - 500 HP. Modelová řada vyráběná od roku 2003. Řídící jednotka motoru od společnosti Campi. Typ řídící jednotky 05S. Předpokládaná doba úpravy tohoto modelu je 2 - 4 hodiny.","numbers":["Výkon HP","503 HP","553 HP","Výkon kW","371 kW","408 kW","Točivý moment Nm","513 Nm","569 Nm","Maximální rychlost","","+ 7 KM/H","Spotřeba město","","-0,50 L / 100 KM","Kombinovaná spotřeba","","-0,40 L / 100 KM","Spotřeba mimo město","","-0,30 L / 100 KM"],"chartPower":"./chartPower/gallardo___1185793.png","chartTorque":"./chartTorque/gallardo___1185793.png"},{"id":"gallardo___1185796","fullName":"ChipTuning - Lamborghini Gallardo 5.0 V10 - 520 HP ","desc":"Zvýšení výkonu motoru (chiptuning) vozidla Lamborghini Gallardo 5.0 V10 - 520 HP je možné z původních 378 kW (516 HP) až na 416 kW (568 HP) a nárůst točivého momentu ze 506 Nm až na 562 Nm.,Maximální rychlost se po úpravě zvýší o + 7 KM/H a kombinovaná spotřeba se sníží v průměru o -0,70 L / 100 KM.","imgUrl":"./previews/gallardo___.png","fullDesc":"Níže naleznete parametry před a po úpravě Standard pro vozidlo: Lamborghini Gallardo 5.0 V10 - 520 HP. Modelová řada vyráběná od roku 2006. Řídící jednotka motoru od společnosti Campi. Typ řídící jednotky 05S. Předpokládaná doba úpravy tohoto modelu je 2 - 4 hodiny.","numbers":["Výkon HP","516 HP","568 HP","Výkon kW","378 kW","416 kW","Točivý moment Nm","506 Nm","562 Nm","Maximální rychlost","","+ 7 KM/H","Spotřeba město","","-0,50 L / 100 KM","Kombinovaná spotřeba","","-0,40 L / 100 KM","Spotřeba mimo město","","-0,30 L / 100 KM"],"chartPower":"./chartPower/gallardo___1185796.png","chartTorque":"./chartTorque/gallardo___1185796.png"},{"id":"gallardo___1185799","fullName":"ChipTuning - Lamborghini Gallardo 5.0 V10 E-Gear - 500 HP ","desc":"Zvýšení výkonu motoru (chiptuning) vozidla Lamborghini Gallardo 5.0 V10 E-Gear - 500 HP je možné z původních 372 kW (504 HP) až na 409 kW (554 HP) a nárůst točivého momentu ze 514 Nm až na 570 Nm.,Maximální rychlost se po úpravě zvýší o + 7 KM/H a kombinovaná spotřeba se sníží v průměru o -0,70 L / 100 KM.","imgUrl":"./previews/gallardo___.png","fullDesc":"Níže naleznete parametry před a po úpravě Standard pro vozidlo: Lamborghini Gallardo 5.0 V10 E-Gear - 500 HP. Modelová řada vyráběná od roku 2003. Řídící jednotka motoru od společnosti Campi. Typ řídící jednotky 05S. Předpokládaná doba úpravy tohoto modelu je 2 - 4 hodiny.","numbers":["Výkon HP","504 HP","554 HP","Výkon kW","372 kW","409 kW","Točivý moment Nm","514 Nm","570 Nm","Maximální rychlost","","+ 7 KM/H","Spotřeba město","","-0,50 L / 100 KM","Kombinovaná spotřeba","","-0,40 L / 100 KM","Spotřeba mimo město","","-0,30 L / 100 KM"],"chartPower":"./chartPower/gallardo___1185799.png","chartTorque":"./chartTorque/gallardo___1185799.png"},{"id":"gallardo___1185802","fullName":"ChipTuning - Lamborghini Gallardo 5.0 V10 E-Gear - 520 HP ","desc":"Zvýšení výkonu motoru (chiptuning) vozidla Lamborghini Gallardo 5.0 V10 E-Gear - 520 HP je možné z původních 387 kW (525 HP) až na 425 kW (577 HP) a nárůst točivého momentu ze 515 Nm až na 571 Nm.,Maximální rychlost se po úpravě zvýší o + 7 KM/H a kombinovaná spotřeba se sníží v průměru o -0,70 L / 100 KM.","imgUrl":"./previews/gallardo___.png","fullDesc":"Níže naleznete parametry před a po úpravě Standard pro vozidlo: Lamborghini Gallardo 5.0 V10 E-Gear - 520 HP. Modelová řada vyráběná od roku 2006. Řídící jednotka motoru od společnosti Campi. Typ řídící jednotky 05S. Předpokládaná doba úpravy tohoto modelu je 2 - 4 hodiny.","numbers":["Výkon HP","525 HP","577 HP","Výkon kW","387 kW","425 kW","Točivý moment Nm","515 Nm","571 Nm","Maximální rychlost","","+ 7 KM/H","Spotřeba město","","-0,50 L / 100 KM","Kombinovaná spotřeba","","-0,40 L / 100 KM","Spotřeba mimo město","","-0,30 L / 100 KM"],"chartPower":"./chartPower/gallardo___1185802.png","chartTorque":"./chartTorque/gallardo___1185802.png"},{"id":"gallardo___1185805","fullName":"ChipTuning - Lamborghini Gallardo 5.0 V10 SE - 520 HP ","desc":"Zvýšení výkonu motoru (chiptuning) vozidla Lamborghini Gallardo 5.0 V10 SE - 520 HP je možné z původních 386 kW (524 HP) až na 424 kW (576 HP) a nárůst točivého momentu ze 514 Nm až na 570 Nm.,Maximální rychlost se po úpravě zvýší o + 7 KM/H a kombinovaná spotřeba se sníží v průměru o -0,70 L / 100 KM.","imgUrl":"./previews/gallardo___.png","fullDesc":"Níže naleznete parametry před a po úpravě Standard pro vozidlo: Lamborghini Gallardo 5.0 V10 SE - 520 HP. Modelová řada vyráběná od roku 2006. Řídící jednotka motoru od společnosti Campi. Typ řídící jednotky 05S. Předpokládaná doba úpravy tohoto modelu je 2 - 4 hodiny.","numbers":["Výkon HP","524 HP","576 HP","Výkon kW","386 kW","424 kW","Točivý moment Nm","514 Nm","570 Nm","Maximální rychlost","","+ 7 KM/H","Spotřeba město","","-0,50 L / 100 KM","Kombinovaná spotřeba","","-0,40 L / 100 KM","Spotřeba mimo město","","-0,30 L / 100 KM"],"chartPower":"./chartPower/gallardo___1185805.png","chartTorque":"./chartTorque/gallardo___1185805.png"},{"id":"gallardo___1185807","fullName":"ChipTuning - Lamborghini Gallardo 5.0 V10 SE E-Gear - 520 HP ","desc":"Zvýšení výkonu motoru (chiptuning) vozidla Lamborghini Gallardo 5.0 V10 SE E-Gear - 520 HP je možné z původních 387 kW (525 HP) až na 425 kW (577 HP) a nárůst točivého momentu ze 515 Nm až na 571 Nm.,Maximální rychlost se po úpravě zvýší o + 7 KM/H a kombinovaná spotřeba se sníží v průměru o -0,70 L / 100 KM.","imgUrl":"./previews/gallardo___.png","fullDesc":"Níže naleznete parametry před a po úpravě Standard pro vozidlo: Lamborghini Gallardo 5.0 V10 SE E-Gear - 520 HP. Modelová řada vyráběná od roku 2006. Řídící jednotka motoru od společnosti Campi. Typ řídící jednotky 05S. Předpokládaná doba úpravy tohoto modelu je 2 - 4 hodiny.","numbers":["Výkon HP","525 HP","577 HP","Výkon kW","387 kW","425 kW","Točivý moment Nm","515 Nm","571 Nm","Maximální rychlost","","+ 7 KM/H","Spotřeba město","","-0,50 L / 100 KM","Kombinovaná spotřeba","","-0,40 L / 100 KM","Spotřeba mimo město","","-0,30 L / 100 KM"],"chartPower":"./chartPower/gallardo___1185807.png","chartTorque":"./chartTorque/gallardo___1185807.png"},{"id":"gallardo___1185809","fullName":"ChipTuning - Lamborghini Gallardo 5.0 V10 Spyder - 520 HP ","desc":"Zvýšení výkonu motoru (chiptuning) vozidla Lamborghini Gallardo 5.0 V10 Spyder - 520 HP je možné z původních 385 kW (523 HP) až na 423 kW (575 HP) a nárůst točivého momentu ze 513 Nm až na 569 Nm.,Maximální rychlost se po úpravě zvýší o + 7 KM/H a kombinovaná spotřeba se sníží v průměru o -0,70 L / 100 KM.","imgUrl":"./previews/gallardo___.png","fullDesc":"Níže naleznete parametry před a po úpravě Standard pro vozidlo: Lamborghini Gallardo 5.0 V10 Spyder - 520 HP. Modelová řada vyráběná od roku 2006. Řídící jednotka motoru od společnosti Campi. Typ řídící jednotky 05S. Předpokládaná doba úpravy tohoto modelu je 2 - 4 hodiny.","numbers":["Výkon HP","523 HP","575 HP","Výkon kW","385 kW","423 kW","Točivý moment Nm","513 Nm","569 Nm","Maximální rychlost","","+ 7 KM/H","Spotřeba město","","-0,50 L / 100 KM","Kombinovaná spotřeba","","-0,40 L / 100 KM","Spotřeba mimo město","","-0,30 L / 100 KM"],"chartPower":"./chartPower/gallardo___1185809.png","chartTorque":"./chartTorque/gallardo___1185809.png"},{"id":"gallardo___1185812","fullName":"ChipTuning - Lamborghini Gallardo 5.0 V10 Spyder E-Gear - 520 HP ","desc":"Zvýšení výkonu motoru (chiptuning) vozidla Lamborghini Gallardo 5.0 V10 Spyder E-Gear - 520 HP je možné z původních 386 kW (524 HP) až na 424 kW (576 HP) a nárůst točivého momentu ze 514 Nm až na 570 Nm.,Maximální rychlost se po úpravě zvýší o + 7 KM/H a kombinovaná spotřeba se sníží v průměru o -0,70 L / 100 KM.","imgUrl":"./previews/gallardo___.png","fullDesc":"Níže naleznete parametry před a po úpravě Standard pro vozidlo: Lamborghini Gallardo 5.0 V10 Spyder E-Gear - 520 HP. Modelová řada vyráběná od roku 2006. Řídící jednotka motoru od společnosti Campi. Typ řídící jednotky 05S. Předpokládaná doba úpravy tohoto modelu je 2 - 4 hodiny.","numbers":["Výkon HP","524 HP","576 HP","Výkon kW","386 kW","424 kW","Točivý moment Nm","514 Nm","570 Nm","Maximální rychlost","","+ 7 KM/H","Spotřeba město","","-0,50 L / 100 KM","Kombinovaná spotřeba","","-0,40 L / 100 KM","Spotřeba mimo město","","-0,30 L / 100 KM"],"chartPower":"./chartPower/gallardo___1185812.png","chartTorque":"./chartTorque/gallardo___1185812.png"},{"id":"gallardo___1185815","fullName":"ChipTuning - Lamborghini Gallardo 5.0 V10 Superleggera - 530 HP ","desc":"Zvýšení výkonu motoru (chiptuning) vozidla Lamborghini Gallardo 5.0 V10 Superleggera - 530 HP je možné z původních 385 kW (525 HP) až na 424 kW (578 HP) a nárůst točivého momentu ze 505 Nm až na 561 Nm.,Maximální rychlost se po úpravě zvýší o + 7 KM/H a kombinovaná spotřeba se sníží v průměru o -0,70 L / 100 KM.","imgUrl":"./previews/gallardo___.png","fullDesc":"Níže naleznete parametry před a po úpravě Standard pro vozidlo: Lamborghini Gallardo 5.0 V10 Superleggera - 530 HP. Modelová řada vyráběná od roku 2008. Řídící jednotka motoru od společnosti Campi. Typ řídící jednotky 05S. Předpokládaná doba úpravy tohoto modelu je 2 - 4 hodiny.","numbers":["Výkon HP","525 HP","578 HP","Výkon kW","385 kW","424 kW","Točivý moment Nm","505 Nm","561 Nm","Maximální rychlost","","+ 7 KM/H","Spotřeba město","","-0,50 L / 100 KM","Kombinovaná spotřeba","","-0,40 L / 100 KM","Spotřeba mimo město","","-0,30 L / 100 KM"],"chartPower":"./chartPower/gallardo___1185815.png","chartTorque":"./chartTorque/gallardo___1185815.png"},{"id":"gallardo___1185816","fullName":"ChipTuning - Lamborghini Gallardo 5.2 V10 LP550-2 - 551 HP ","desc":"Zvýšení výkonu motoru (chiptuning) vozidla Lamborghini Gallardo 5.2 V10 LP550-2 - 551 HP je možné z původních 401 kW (547 HP) až na 437 kW (597 HP) a nárůst točivého momentu ze 536 Nm až na 595 Nm.,Maximální rychlost se po úpravě zvýší o + 7 KM/H a kombinovaná spotřeba se sníží v průměru o -0,70 L / 100 KM.","imgUrl":"./previews/gallardo___.png","fullDesc":"Níže naleznete parametry před a po úpravě Standard pro vozidlo: Lamborghini Gallardo 5.2 V10 LP550-2 - 551 HP. Modelová řada vyráběná od roku 2009. Úprava tohoto modelu se provádí přes diagnostickou zásuvku. Řídící jednotka motoru od společnosti Bosch. Typ řídící jednotky MED9.1.1. Předpokládaná doba úpravy tohoto modelu je 1 - 2 hodiny.","numbers":["Výkon HP","547 HP","597 HP","Výkon kW","401 kW","437 kW","Točivý moment Nm","536 Nm","595 Nm","Maximální rychlost","","+ 7 KM/H","Spotřeba město","","-0,50 L / 100 KM","Kombinovaná spotřeba","","-0,40 L / 100 KM","Spotřeba mimo město","","-0,30 L / 100 KM"],"chartPower":"./chartPower/gallardo___1185816.png","chartTorque":"./chartTorque/gallardo___1185816.png"},{"id":"gallardo___1185826","fullName":"ChipTuning - Lamborghini Gallardo 5.2 V10 LP550-2 E-Gear - 551 HP ","desc":"Zvýšení výkonu motoru (chiptuning) vozidla Lamborghini Gallardo 5.2 V10 LP550-2 E-Gear - 551 HP je možné z původních 400 kW (546 HP) až na 436 kW (596 HP) a nárůst točivého momentu ze 535 Nm až na 594 Nm.,Maximální rychlost se po úpravě zvýší o + 7 KM/H a kombinovaná spotřeba se sníží v průměru o -0,70 L / 100 KM.","imgUrl":"./previews/gallardo___.png","fullDesc":"Níže naleznete parametry před a po úpravě Standard pro vozidlo: Lamborghini Gallardo 5.2 V10 LP550-2 E-Gear - 551 HP. Modelová řada vyráběná od roku 2009. Úprava tohoto modelu se provádí přes diagnostickou zásuvku. Řídící jednotka motoru od společnosti Bosch. Typ řídící jednotky MED9.1.1. Předpokládaná doba úpravy tohoto modelu je 1 - 2 hodiny.","numbers":["Výkon HP","546 HP","596 HP","Výkon kW","400 kW","436 kW","Točivý moment Nm","535 Nm","594 Nm","Maximální rychlost","","+ 7 KM/H","Spotřeba město","","-0,50 L / 100 KM","Kombinovaná spotřeba","","-0,40 L / 100 KM","Spotřeba mimo město","","-0,30 L / 100 KM"],"chartPower":"./chartPower/gallardo___1185826.png","chartTorque":"./chartTorque/gallardo___1185826.png"},{"id":"gallardo___1185841","fullName":"ChipTuning - Lamborghini Gallardo 5.2 V10 LP560-4 - 560 HP ","desc":"Zvýšení výkonu motoru (chiptuning) vozidla Lamborghini Gallardo 5.2 V10 LP560-4 - 560 HP je možné z původních 414 kW (562 HP) až na 451 kW (612 HP) a nárůst točivého momentu ze 542 Nm až na 601 Nm.,Maximální rychlost se po úpravě zvýší o + 7 KM/H a kombinovaná spotřeba se sníží v průměru o -0,70 L / 100 KM.","imgUrl":"./previews/gallardo___.png","fullDesc":"Níže naleznete parametry před a po úpravě Standard pro vozidlo: Lamborghini Gallardo 5.2 V10 LP560-4 - 560 HP. Modelová řada vyráběná od roku 2008. Úprava tohoto modelu se provádí přes diagnostickou zásuvku. Řídící jednotka motoru od společnosti Bosch. Typ řídící jednotky MED9.1.1. Předpokládaná doba úpravy tohoto modelu je 1 - 2 hodiny.","numbers":["Výkon HP","562 HP","612 HP","Výkon kW","414 kW","451 kW","Točivý moment Nm","542 Nm","601 Nm","Maximální rychlost","","+ 7 KM/H","Spotřeba město","","-0,50 L / 100 KM","Kombinovaná spotřeba","","-0,40 L / 100 KM","Spotřeba mimo město","","-0,30 L / 100 KM"],"chartPower":"./chartPower/gallardo___1185841.png","chartTorque":"./chartTorque/gallardo___1185841.png"},{"id":"gallardo___1185853","fullName":"ChipTuning - Lamborghini Gallardo 5.2 V10 LP560-4 E-Gear - 560 HP ","desc":"Zvýšení výkonu motoru (chiptuning) vozidla Lamborghini Gallardo 5.2 V10 LP560-4 E-Gear - 560 HP je možné z původních 413 kW (561 HP) až na 450 kW (611 HP) a nárůst točivého momentu ze 541 Nm až na 600 Nm.,Maximální rychlost se po úpravě zvýší o + 7 KM/H a kombinovaná spotřeba se sníží v průměru o -0,70 L / 100 KM.","imgUrl":"./previews/gallardo___.png","fullDesc":"Níže naleznete parametry před a po úpravě Standard pro vozidlo: Lamborghini Gallardo 5.2 V10 LP560-4 E-Gear - 560 HP. Modelová řada vyráběná od roku 2008. Úprava tohoto modelu se provádí přes diagnostickou zásuvku. Řídící jednotka motoru od společnosti Bosch. Typ řídící jednotky MED9.1.1. Předpokládaná doba úpravy tohoto modelu je 1 - 2 hodiny.","numbers":["Výkon HP","561 HP","611 HP","Výkon kW","413 kW","450 kW","Točivý moment Nm","541 Nm","600 Nm","Maximální rychlost","","+ 7 KM/H","Spotřeba město","","-0,50 L / 100 KM","Kombinovaná spotřeba","","-0,40 L / 100 KM","Spotřeba mimo město","","-0,30 L / 100 KM"],"chartPower":"./chartPower/gallardo___1185853.png","chartTorque":"./chartTorque/gallardo___1185853.png"},{"id":"gallardo___1185871","fullName":"ChipTuning - Lamborghini Gallardo 5.2 V10 LP560-4 Spyder - 560 HP ","desc":"Zvýšení výkonu motoru (chiptuning) vozidla Lamborghini Gallardo 5.2 V10 LP560-4 Spyder - 560 HP je možné z původních 413 kW (561 HP) až na 450 kW (611 HP) a nárůst točivého momentu ze 541 Nm až na 600 Nm.,Maximální rychlost se po úpravě zvýší o + 7 KM/H a kombinovaná spotřeba se sníží v průměru o -0,70 L / 100 KM.","imgUrl":"./previews/gallardo___.png","fullDesc":"Níže naleznete parametry před a po úpravě Standard pro vozidlo: Lamborghini Gallardo 5.2 V10 LP560-4 Spyder - 560 HP. Modelová řada vyráběná od roku 2008. Úprava tohoto modelu se provádí přes diagnostickou zásuvku. Řídící jednotka motoru od společnosti Bosch. Typ řídící jednotky MED9.1.1. Předpokládaná doba úpravy tohoto modelu je 1 - 2 hodiny.","numbers":["Výkon HP","561 HP","611 HP","Výkon kW","413 kW","450 kW","Točivý moment Nm","541 Nm","600 Nm","Maximální rychlost","","+ 7 KM/H","Spotřeba město","","-0,50 L / 100 KM","Kombinovaná spotřeba","","-0,40 L / 100 KM","Spotřeba mimo město","","-0,30 L / 100 KM"],"chartPower":"./chartPower/gallardo___1185871.png","chartTorque":"./chartTorque/gallardo___1185871.png"},{"id":"gallardo___1185883","fullName":"ChipTuning - Lamborghini Gallardo 5.2 V10 LP560-4 Spyder E-Gear - 560 HP ","desc":"Zvýšení výkonu motoru (chiptuning) vozidla Lamborghini Gallardo 5.2 V10 LP560-4 Spyder E-Gear - 560 HP je možné z původních 407 kW (555 HP) až na 444 kW (605 HP) a nárůst točivého momentu ze 535 Nm až na 594 Nm.,Maximální rychlost se po úpravě zvýší o + 7 KM/H a kombinovaná spotřeba se sníží v průměru o -0,70 L / 100 KM.","imgUrl":"./previews/gallardo___.png","fullDesc":"Níže naleznete parametry před a po úpravě Standard pro vozidlo: Lamborghini Gallardo 5.2 V10 LP560-4 Spyder E-Gear - 560 HP. Modelová řada vyráběná od roku 2008. Úprava tohoto modelu se provádí přes diagnostickou zásuvku. Řídící jednotka motoru od společnosti Bosch. Typ řídící jednotky MED9.1.1. Předpokládaná doba úpravy tohoto modelu je 1 - 2 hodiny.","numbers":["Výkon HP","555 HP","605 HP","Výkon kW","407 kW","444 kW","Točivý moment Nm","535 Nm","594 Nm","Maximální rychlost","","+ 7 KM/H","Spotřeba město","","-0,50 L / 100 KM","Kombinovaná spotřeba","","-0,40 L / 100 KM","Spotřeba mimo město","","-0,30 L / 100 KM"],"chartPower":"./chartPower/gallardo___1185883.png","chartTorque":"./chartTorque/gallardo___1185883.png"},{"id":"gallardo___1185901","fullName":"ChipTuning - Lamborghini Gallardo 5.2 V10 LP570-4 Spyder Performante - 570 HP ","desc":"Zvýšení výkonu motoru (chiptuning) vozidla Lamborghini Gallardo 5.2 V10 LP570-4 Spyder Performante - 570 HP je možné z původních 414 kW (565 HP) až na 452 kW (616 HP) a nárůst točivého momentu ze 535 Nm až na 594 Nm.,Maximální rychlost se po úpravě zvýší o + 7 KM/H a kombinovaná spotřeba se sníží v průměru o -0,70 L / 100 KM.","imgUrl":"./previews/gallardo___.png","fullDesc":"Níže naleznete parametry před a po úpravě Standard pro vozidlo: Lamborghini Gallardo 5.2 V10 LP570-4 Spyder Performante - 570 HP. Modelová řada vyráběná od roku 2011. Úprava tohoto modelu se provádí přes diagnostickou zásuvku. Řídící jednotka motoru od společnosti Bosch. Typ řídící jednotky MED9.1.1. Předpokládaná doba úpravy tohoto modelu je 1 - 2 hodiny.","numbers":["Výkon HP","565 HP","616 HP","Výkon kW","414 kW","452 kW","Točivý moment Nm","535 Nm","594 Nm","Maximální rychlost","","+ 7 KM/H","Spotřeba město","","-0,50 L / 100 KM","Kombinovaná spotřeba","","-0,40 L / 100 KM","Spotřeba mimo město","","-0,30 L / 100 KM"],"chartPower":"./chartPower/gallardo___1185901.png","chartTorque":"./chartTorque/gallardo___1185901.png"},{"id":"gallardo___1185907","fullName":"ChipTuning - Lamborghini Gallardo 5.2 V10 LP570-4 Spyder Performante E-Gear - 570 HP ","desc":"Zvýšení výkonu motoru (chiptuning) vozidla Lamborghini Gallardo 5.2 V10 LP570-4 Spyder Performante E-Gear - 570 HP je možné z původních 418 kW (569 HP) až na 456 kW (620 HP) a nárůst točivého momentu ze 539 Nm až na 598 Nm.,Maximální rychlost se po úpravě zvýší o + 7 KM/H a kombinovaná spotřeba se sníží v průměru o -0,70 L / 100 KM.","imgUrl":"./previews/gallardo___.png","fullDesc":"Níže naleznete parametry před a po úpravě Standard pro vozidlo: Lamborghini Gallardo 5.2 V10 LP570-4 Spyder Performante E-Gear - 570 HP. Modelová řada vyráběná od roku 2011. Úprava tohoto modelu se provádí přes diagnostickou zásuvku. Řídící jednotka motoru od společnosti Bosch. Typ řídící jednotky MED9.1.1. Předpokládaná doba úpravy tohoto modelu je 1 - 2 hodiny.","numbers":["Výkon HP","569 HP","620 HP","Výkon kW","418 kW","456 kW","Točivý moment Nm","539 Nm","598 Nm","Maximální rychlost","","+ 7 KM/H","Spotřeba město","","-0,50 L / 100 KM","Kombinovaná spotřeba","","-0,40 L / 100 KM","Spotřeba mimo město","","-0,30 L / 100 KM"],"chartPower":"./chartPower/gallardo___1185907.png","chartTorque":"./chartTorque/gallardo___1185907.png"},{"id":"gallardo___1185916","fullName":"ChipTuning - Lamborghini Gallardo 5.2 V10 LP570-4 Superleggera - 570 HP ","desc":"Zvýšení výkonu motoru (chiptuning) vozidla Lamborghini Gallardo 5.2 V10 LP570-4 Superleggera - 570 HP je možné z původních 419 kW (570 HP) až na 457 kW (621 HP) a nárůst točivého momentu ze 540 Nm až na 599 Nm.,Maximální rychlost se po úpravě zvýší o + 7 KM/H a kombinovaná spotřeba se sníží v průměru o -0,70 L / 100 KM.","imgUrl":"./previews/gallardo___.png","fullDesc":"Níže naleznete parametry před a po úpravě Standard pro vozidlo: Lamborghini Gallardo 5.2 V10 LP570-4 Superleggera - 570 HP. Modelová řada vyráběná od roku 2011. Úprava tohoto modelu se provádí přes diagnostickou zásuvku. Řídící jednotka motoru od společnosti Bosch. Typ řídící jednotky MED9.1.1. Předpokládaná doba úpravy tohoto modelu je 1 - 2 hodiny.","numbers":["Výkon HP","570 HP","621 HP","Výkon kW","419 kW","457 kW","Točivý moment Nm","540 Nm","599 Nm","Maximální rychlost","","+ 7 KM/H","Spotřeba město","","-0,50 L / 100 KM","Kombinovaná spotřeba","","-0,40 L / 100 KM","Spotřeba mimo město","","-0,30 L / 100 KM"],"chartPower":"./chartPower/gallardo___1185916.png","chartTorque":"./chartTorque/gallardo___1185916.png"},{"id":"gallardo___1185922","fullName":"ChipTuning - Lamborghini Gallardo 5.2 V10 LP570-4 Superleggera E-Gear - 570 HP ","desc":"Zvýšení výkonu motoru (chiptuning) vozidla Lamborghini Gallardo 5.2 V10 LP570-4 Superleggera E-Gear - 570 HP je možné z původních 416 kW (567 HP) až na 454 kW (618 HP) a nárůst točivého momentu ze 537 Nm až na 596 Nm.,Maximální rychlost se po úpravě zvýší o + 7 KM/H a kombinovaná spotřeba se sníží v průměru o -0,70 L / 100 KM.","imgUrl":"./previews/gallardo___.png","fullDesc":"Níže naleznete parametry před a po úpravě Standard pro vozidlo: Lamborghini Gallardo 5.2 V10 LP570-4 Superleggera E-Gear - 570 HP. Modelová řada vyráběná od roku 2011. Úprava tohoto modelu se provádí přes diagnostickou zásuvku. Řídící jednotka motoru od společnosti Bosch. Typ řídící jednotky MED9.1.1. Předpokládaná doba úpravy tohoto modelu je 1 - 2 hodiny.","numbers":["Výkon HP","567 HP","618 HP","Výkon kW","416 kW","454 kW","Točivý moment Nm","537 Nm","596 Nm","Maximální rychlost","","+ 7 KM/H","Spotřeba město","","-0,50 L / 100 KM","Kombinovaná spotřeba","","-0,40 L / 100 KM","Spotřeba mimo město","","-0,30 L / 100 KM"],"chartPower":"./chartPower/gallardo___1185922.png","chartTorque":"./chartTorque/gallardo___1185922.png"},{"id":"huracan___1185931","fullName":"ChipTuning - Lamborghini Huracan 5.2 V10 LP610-4 - 609 HP ","desc":"Zvýšení výkonu motoru (chiptuning) vozidla Lamborghini Huracan 5.2 V10 LP610-4 - 609 HP je možné z původních 449 kW (610 HP) až na 524 kW (713 HP) a nárůst točivého momentu ze 691 Nm až na 827 Nm.,Maximální rychlost se po úpravě zvýší o + 16 KM/H a kombinovaná spotřeba se sníží v průměru o -1,20 L / 100 KM.","imgUrl":"./previews/huracan___.png","fullDesc":"Níže naleznete parametry před a po úpravě Standard pro vozidlo: Lamborghini Huracan 5.2 V10 LP610-4 - 609 HP. Modelová řada vyráběná od roku 2014. Úprava tohoto modelu se provádí přes diagnostickou zásuvku. Řídící jednotka motoru od společnosti Bosch. Typ řídící jednotky MED17.1.1 M&S. Předpokládaná doba úpravy tohoto modelu je 1 - 2 hodiny.","numbers":["Výkon HP","610 HP","689 HP","Výkon kW","449 kW","507 kW","Točivý moment Nm","691 Nm","788 Nm","Maximální rychlost","","+ 12 KM/H","Spotřeba město","","-0,80 L / 100 KM","Kombinovaná spotřeba","","-0,70 L / 100 KM","Spotřeba mimo město","","-0,65 L / 100 KM"],"chartPower":"./chartPower/huracan___1185931.png","chartTorque":"./chartTorque/huracan___1185931.png"},{"id":"murcielago___1185941","fullName":"ChipTuning - Lamborghini Murcielago 6.2 V12 - 579 HP ","desc":"Zvýšení výkonu motoru (chiptuning) vozidla Lamborghini Murcielago 6.2 V12 - 579 HP je možné z původních 424 kW (577 HP) až na 462 kW (629 HP) a nárůst točivého momentu ze 648 Nm až na 720 Nm.,Maximální rychlost se po úpravě zvýší o + 7 KM/H a kombinovaná spotřeba se sníží v průměru o -0,70 L / 100 KM.","imgUrl":"./previews/murcielago___.png","fullDesc":"Níže naleznete parametry před a po úpravě Standard pro vozidlo: Lamborghini Murcielago 6.2 V12 - 579 HP. Modelová řada vyráběná od roku 2001. Řídící jednotka motoru od společnosti Campi. Typ řídící jednotky 05S. Předpokládaná doba úpravy tohoto modelu je 2 - 4 hodiny.","numbers":["Výkon HP","577 HP","629 HP","Výkon kW","424 kW","462 kW","Točivý moment Nm","648 Nm","720 Nm","Maximální rychlost","","+ 7 KM/H","Spotřeba město","","-0,50 L / 100 KM","Kombinovaná spotřeba","","-0,40 L / 100 KM","Spotřeba mimo město","","-0,30 L / 100 KM"],"chartPower":"./chartPower/murcielago___1185941.png","chartTorque":"./chartTorque/murcielago___1185941.png"},{"id":"murcielago___1185947","fullName":"ChipTuning - Lamborghini Murcielago 6.2 V12 E-Gear - 579 HP ","desc":"Zvýšení výkonu motoru (chiptuning) vozidla Lamborghini Murcielago 6.2 V12 E-Gear - 579 HP je možné z původních 427 kW (580 HP) až na 465 kW (632 HP) a nárůst točivého momentu ze 651 Nm až na 723 Nm.,Maximální rychlost se po úpravě zvýší o + 7 KM/H a kombinovaná spotřeba se sníží v průměru o -0,70 L / 100 KM.","imgUrl":"./previews/murcielago___.png","fullDesc":"Níže naleznete parametry před a po úpravě Standard pro vozidlo: Lamborghini Murcielago 6.2 V12 E-Gear - 579 HP. Modelová řada vyráběná od roku 2004. Řídící jednotka motoru od společnosti Campi. Typ řídící jednotky 05S. Předpokládaná doba úpravy tohoto modelu je 2 - 4 hodiny.","numbers":["Výkon HP","580 HP","632 HP","Výkon kW","427 kW","465 kW","Točivý moment Nm","651 Nm","723 Nm","Maximální rychlost","","+ 7 KM/H","Spotřeba město","","-0,50 L / 100 KM","Kombinovaná spotřeba","","-0,40 L / 100 KM","Spotřeba mimo město","","-0,30 L / 100 KM"],"chartPower":"./chartPower/murcielago___1185947.png","chartTorque":"./chartTorque/murcielago___1185947.png"},{"id":"murcielago___1185950","fullName":"ChipTuning - Lamborghini Murcielago 6.5 V12 LP640 - 641 HP ","desc":"Zvýšení výkonu motoru (chiptuning) vozidla Lamborghini Murcielago 6.5 V12 LP640 - 641 HP je možné z původních 467 kW (637 HP) až na 509 kW (695 HP) a nárůst točivého momentu ze 656 Nm až na 729 Nm.,Maximální rychlost se po úpravě zvýší o + 7 KM/H a kombinovaná spotřeba se sníží v průměru o -0,70 L / 100 KM.","imgUrl":"./previews/murcielago___.png","fullDesc":"Níže naleznete parametry před a po úpravě Standard pro vozidlo: Lamborghini Murcielago 6.5 V12 LP640 - 641 HP. Modelová řada vyráběná od roku 2006. Řídící jednotka motoru od společnosti Campi. Typ řídící jednotky 05S. Předpokládaná doba úpravy tohoto modelu je 2 - 4 hodiny.","numbers":["Výkon HP","637 HP","695 HP","Výkon kW","467 kW","509 kW","Točivý moment Nm","656 Nm","729 Nm","Maximální rychlost","","+ 7 KM/H","Spotřeba město","","-0,50 L / 100 KM","Kombinovaná spotřeba","","-0,40 L / 100 KM","Spotřeba mimo město","","-0,30 L / 100 KM"],"chartPower":"./chartPower/murcielago___1185950.png","chartTorque":"./chartTorque/murcielago___1185950.png"},{"id":"murcielago___1185956","fullName":"ChipTuning - Lamborghini Murcielago 6.5 V12 LP640 E-Gear - 641 HP ","desc":"Zvýšení výkonu motoru (chiptuning) vozidla Lamborghini Murcielago 6.5 V12 LP640 E-Gear - 641 HP je možné z původních 466 kW (636 HP) až na 508 kW (694 HP) a nárůst točivého momentu ze 655 Nm až na 728 Nm.,Maximální rychlost se po úpravě zvýší o + 7 KM/H a kombinovaná spotřeba se sníží v průměru o -0,70 L / 100 KM.","imgUrl":"./previews/murcielago___.png","fullDesc":"Níže naleznete parametry před a po úpravě Standard pro vozidlo: Lamborghini Murcielago 6.5 V12 LP640 E-Gear - 641 HP. Modelová řada vyráběná od roku 2006. Řídící jednotka motoru od společnosti Campi. Typ řídící jednotky 05S. Předpokládaná doba úpravy tohoto modelu je 2 - 4 hodiny.","numbers":["Výkon HP","636 HP","694 HP","Výkon kW","466 kW","508 kW","Točivý moment Nm","655 Nm","728 Nm","Maximální rychlost","","+ 7 KM/H","Spotřeba město","","-0,50 L / 100 KM","Kombinovaná spotřeba","","-0,40 L / 100 KM","Spotřeba mimo město","","-0,30 L / 100 KM"],"chartPower":"./chartPower/murcielago___1185956.png","chartTorque":"./chartTorque/murcielago___1185956.png"},{"id":"urus___1185962","fullName":"ChipTuning - Lamborghini Urus 4.0 V8 Turbo Automat - 650 HP ","desc":"Zvýšení výkonu motoru (chiptuning) vozidla Lamborghini Urus 4.0 V8 Turbo Automat - 650 HP je možné z původních 482 kW (654 HP) až na 556 kW (755 HP) a nárůst točivého momentu ze 854 Nm až na 969 Nm.,Maximální rychlost se po úpravě zvýší o + 16 KM/H a kombinovaná spotřeba se sníží v průměru o -1,20 L / 100 KM.","imgUrl":"./previews/urus___.png","fullDesc":"Níže naleznete parametry před a po úpravě Standard pro vozidlo: Lamborghini Urus 4.0 V8 Turbo Automat - 650 HP. Modelová řada vyráběná od roku 2018. Úprava tohoto modelu se provádí připojením na konektory řídící jednotky bez rozebírání jednotky. Řídící jednotka motoru od společnosti Bosch. Typ řídící jednotky MG1CS008. Tato úprava je přizpůsobena pro automatickou převodovku. Předpokládaná doba úpravy tohoto modelu je 1.5 - 2.5 hodiny.","numbers":["Výkon HP","654 HP","732 HP","Výkon kW","482 kW","539 kW","Točivý moment Nm","854 Nm","936 Nm","Maximální rychlost","","+ 12 KM/H","Spotřeba město","","-0,80 L / 100 KM","Kombinovaná spotřeba","","-0,70 L / 100 KM","Spotřeba mimo město","","-0,65 L / 100 KM"],"chartPower":"./chartPower/urus___1185962.png","chartTorque":"./chartTorque/urus___1185962.png"}]