[{"id":"delta_(_3rd)__1185970","fullName":"ChipTuning - Lancia Delta 1.4 16v MultiAir Turbo - 140 HP ","desc":"Zvýšení výkonu motoru (chiptuning) vozidla Lancia Delta 1.4 16v MultiAir Turbo - 140 HP je možné z původních 100 kW (137 HP) až na 133 kW (181 HP) a nárůst točivého momentu ze 227 Nm až na 311 Nm.,Maximální rychlost se po úpravě zvýší o + 7 KM/H a kombinovaná spotřeba se sníží v průměru o -0,60 L / 100 KM.","imgUrl":"./previews/delta_(_3rd)__.png","fullDesc":"Níže naleznete parametry před a po úpravě Standard pro vozidlo: Lancia Delta 1.4 16v MultiAir Turbo - 140 HP. Modelová řada vyráběná od roku 2010. Úprava tohoto modelu se provádí přes diagnostickou zásuvku. Řídící jednotka motoru od společnosti Magneti Marelli. Typ řídící jednotky 8GMF. Předpokládaná doba úpravy tohoto modelu je 1 - 2 hodiny.","numbers":["Výkon HP","137 HP","171 HP","Výkon kW","100 kW","125 kW","Točivý moment Nm","227 Nm","287 Nm","Maximální rychlost","","+ 4 KM/H","Spotřeba město","","-0,40 L / 100 KM","Kombinovaná spotřeba","","-0,35 L / 100 KM","Spotřeba mimo město","","-0,30 L / 100 KM"],"chartPower":"./chartPower/delta_(_3rd)__1185970.png","chartTorque":"./chartTorque/delta_(_3rd)__1185970.png"},{"id":"delta_(_3rd)__1185977","fullName":"ChipTuning - Lancia Delta 1.4 16v T-Jet - 120 HP ","desc":"Zvýšení výkonu motoru (chiptuning) vozidla Lancia Delta 1.4 16v T-Jet - 120 HP je možné z původních 83 kW (115 HP) až na 110 kW (153 HP) a nárůst točivého momentu až na 225 Nm.,Maximální rychlost se po úpravě zvýší o + 5 KM/H a kombinovaná spotřeba se sníží v průměru o -0,50 L / 100 KM.","imgUrl":"./previews/delta_(_3rd)__.png","fullDesc":"Níže naleznete parametry před a po úpravě Standard pro vozidlo: Lancia Delta 1.4 16v T-Jet - 120 HP. Modelová řada vyráběná od roku 2008. Úprava tohoto modelu se provádí přes diagnostickou zásuvku. Řídící jednotka motoru od společnosti Bosch. Typ řídící jednotky ME7.9.10. Předpokládaná doba úpravy tohoto modelu je 1 - 2 hodiny.","numbers":["Výkon HP","115 HP","144 HP","Výkon kW","83 kW","104 kW","Točivý moment Nm","-","+44 Nm","Maximální rychlost","","+ 3 KM/H","Spotřeba město","","-0,30 L / 100 KM","Kombinovaná spotřeba","","-0,25 L / 100 KM","Spotřeba mimo město","","-0,20 L / 100 KM"],"chartPower":"./chartPower/delta_(_3rd)__1185977.png","chartTorque":""},{"id":"delta_(_3rd)__1185978","fullName":"ChipTuning - Lancia Delta 1.4 16v T-Jet - 150 HP ","desc":"Zvýšení výkonu motoru (chiptuning) vozidla Lancia Delta 1.4 16v T-Jet - 150 HP je možné z původních 110 kW (150 HP) až na 144 kW (197 HP) a nárůst točivého momentu až na 287 Nm.,Maximální rychlost se po úpravě zvýší o + 5 KM/H a kombinovaná spotřeba se sníží v průměru o -0,50 L / 100 KM.","imgUrl":"./previews/delta_(_3rd)__.png","fullDesc":"Níže naleznete parametry před a po úpravě Standard pro vozidlo: Lancia Delta 1.4 16v T-Jet - 150 HP. Modelová řada vyráběná od roku 2008. Úprava tohoto modelu se provádí přes diagnostickou zásuvku. Řídící jednotka motoru od společnosti Bosch. Typ řídící jednotky ME7.9.10. Předpokládaná doba úpravy tohoto modelu je 1 - 2 hodiny.","numbers":["Výkon HP","150 HP","186 HP","Výkon kW","110 kW","136 kW","Točivý moment Nm","-","+55 Nm","Maximální rychlost","","+ 3 KM/H","Spotřeba město","","-0,30 L / 100 KM","Kombinovaná spotřeba","","-0,25 L / 100 KM","Spotřeba mimo město","","-0,20 L / 100 KM"],"chartPower":"./chartPower/delta_(_3rd)__1185978.png","chartTorque":""},{"id":"delta_(_3rd)__1185966","fullName":"ChipTuning - Lancia Delta 1.6 16v Mjet - 120 HP ","desc":"Zvýšení výkonu motoru (chiptuning) vozidla Lancia Delta 1.6 16v Mjet - 120 HP je možné z původních 87 kW (119 HP) až na 121 kW (165 HP) a nárůst točivého momentu až na 401 Nm.,Maximální rychlost se po úpravě zvýší o + 5 KM/H a kombinovaná spotřeba se sníží v průměru o -0,50 L / 100 KM.","imgUrl":"./previews/delta_(_3rd)__.png","fullDesc":"Níže naleznete parametry před a po úpravě Standard pro vozidlo: Lancia Delta 1.6 16v Mjet - 120 HP. Úprava tohoto modelu se provádí přes diagnostickou zásuvku. Řídící jednotka motoru od společnosti Bosch. Typ řídící jednotky EDC16C39. Předpokládaná doba úpravy tohoto modelu je 1 - 2 hodiny.","numbers":["Výkon HP","119 HP","154 HP","Výkon kW","87 kW","113 kW","Točivý moment Nm","-","+83 Nm","Maximální rychlost","","+ 3 KM/H","Spotřeba město","","-0,30 L / 100 KM","Kombinovaná spotřeba","","-0,25 L / 100 KM","Spotřeba mimo město","","-0,20 L / 100 KM"],"chartPower":"./chartPower/delta_(_3rd)__1185966.png","chartTorque":""},{"id":"delta_(_3rd)__1185979","fullName":"ChipTuning - Lancia Delta 1.8 Di Turbo-Jet - 200 HP ","desc":"Zvýšení výkonu motoru (chiptuning) vozidla Lancia Delta 1.8 Di Turbo-Jet - 200 HP je možné z původních 145 kW (198 HP) až na 191 kW (260 HP) a nárůst točivého momentu až na 390 Nm.,Maximální rychlost se po úpravě zvýší o + 5 KM/H a kombinovaná spotřeba se sníží v průměru o -0,50 L / 100 KM.","imgUrl":"./previews/delta_(_3rd)__.png","fullDesc":"Níže naleznete parametry před a po úpravě Standard pro vozidlo: Lancia Delta 1.8 Di Turbo-Jet - 200 HP. Úprava tohoto modelu se provádí přes diagnostickou zásuvku. Řídící jednotka motoru od společnosti Bosch. Typ řídící jednotky MED17.3.1. Předpokládaná doba úpravy tohoto modelu je 1 - 2 hodiny.","numbers":["Výkon HP","198 HP","246 HP","Výkon kW","145 kW","180 kW","Točivý moment Nm","-","+79 Nm","Maximální rychlost","","+ 3 KM/H","Spotřeba město","","-0,30 L / 100 KM","Kombinovaná spotřeba","","-0,25 L / 100 KM","Spotřeba mimo město","","-0,20 L / 100 KM"],"chartPower":"./chartPower/delta_(_3rd)__1185979.png","chartTorque":""},{"id":"delta_(_3rd)__1185968","fullName":"ChipTuning - Lancia Delta 1.9 16v Mjet TwinTurbo - 190 HP ","desc":"Zvýšení výkonu motoru (chiptuning) vozidla Lancia Delta 1.9 16v Mjet TwinTurbo - 190 HP je možné z původních 135 kW (185 HP) až na 173 kW (237 HP) a nárůst točivého momentu až na 577 Nm.,Maximální rychlost se po úpravě zvýší o + 5 KM/H a kombinovaná spotřeba se sníží v průměru o -0,50 L / 100 KM.","imgUrl":"./previews/delta_(_3rd)__.png","fullDesc":"Níže naleznete parametry před a po úpravě Standard pro vozidlo: Lancia Delta 1.9 16v Mjet TwinTurbo - 190 HP. Úprava tohoto modelu se provádí přes diagnostickou zásuvku. Řídící jednotka motoru od společnosti Bosch. Typ řídící jednotky EDC16C39. Předpokládaná doba úpravy tohoto modelu je 1 - 2 hodiny.","numbers":["Výkon HP","185 HP","225 HP","Výkon kW","135 kW","164 kW","Točivý moment Nm","-","+91 Nm","Maximální rychlost","","+ 3 KM/H","Spotřeba město","","-0,30 L / 100 KM","Kombinovaná spotřeba","","-0,25 L / 100 KM","Spotřeba mimo město","","-0,20 L / 100 KM"],"chartPower":"./chartPower/delta_(_3rd)__1185968.png","chartTorque":""},{"id":"k___1185982","fullName":"ChipTuning - Lancia K 2.0 20v - 155 HP ","desc":"Zvýšení výkonu motoru (chiptuning) vozidla Lancia K 2.0 20v - 155 HP je možné z původních 110 kW (151 HP) až na 121 kW (168 HP) a nárůst točivého momentu až na 246 Nm.,Maximální rychlost se po úpravě zvýší o + 1 KM/H a kombinovaná spotřeba se sníží v průměru o -0,30 L / 100 KM.","imgUrl":"./previews/k___.png","fullDesc":"Níže naleznete parametry před a po úpravě Standard pro vozidlo: Lancia K 2.0 20v - 155 HP. Úprava tohoto modelu se provádí přes diagnostickou zásuvku. Řídící jednotka motoru od společnosti Bosch. Typ řídící jednotky ME3.1. Předpokládaná doba úpravy tohoto modelu je 1 - 2 hodiny.","numbers":["Výkon HP","151 HP","168 HP","Výkon kW","110 kW","121 kW","Točivý moment Nm","-","+27 Nm","Maximální rychlost","","+ 1 KM/H","Spotřeba město","","-0,20 L / 100 KM","Kombinovaná spotřeba","","-0,20 L / 100 KM","Spotřeba mimo město","","-0,10 L / 100 KM"],"chartPower":"./chartPower/k___1185982.png","chartTorque":""},{"id":"k___1185981","fullName":"ChipTuning - Lancia K 2.4 JTD - 136 HP ","desc":"Zvýšení výkonu motoru (chiptuning) vozidla Lancia K 2.4 JTD - 136 HP je možné z původních 98 kW (134 HP) až na 136 kW (185 HP) a nárůst točivého momentu až na 446 Nm.,Maximální rychlost se po úpravě zvýší o + 5 KM/H a kombinovaná spotřeba se sníží v průměru o -0,50 L / 100 KM.","imgUrl":"./previews/k___.png","fullDesc":"Níže naleznete parametry před a po úpravě Standard pro vozidlo: Lancia K 2.4 JTD - 136 HP. Úprava tohoto modelu se provádí přes diagnostickou zásuvku. Řídící jednotka motoru od společnosti Bosch. Typ řídící jednotky EDC15C5. Předpokládaná doba úpravy tohoto modelu je 1 - 2 hodiny.","numbers":["Výkon HP","134 HP","173 HP","Výkon kW","98 kW","127 kW","Točivý moment Nm","-","+88 Nm","Maximální rychlost","","+ 3 KM/H","Spotřeba město","","-0,30 L / 100 KM","Kombinovaná spotřeba","","-0,25 L / 100 KM","Spotřeba mimo město","","-0,20 L / 100 KM"],"chartPower":"./chartPower/k___1185981.png","chartTorque":""},{"id":"lybra___1185983","fullName":"ChipTuning - Lancia Lybra 1.9 JTD - 105 HP ","desc":"Zvýšení výkonu motoru (chiptuning) vozidla Lancia Lybra 1.9 JTD - 105 HP je možné z původních 76 kW (104 HP) až na 105 kW (143 HP) a nárůst točivého momentu až na 344 Nm.,Maximální rychlost se po úpravě zvýší o + 5 KM/H a kombinovaná spotřeba se sníží v průměru o -0,50 L / 100 KM.","imgUrl":"./previews/lybra___.png","fullDesc":"Níže naleznete parametry před a po úpravě Standard pro vozidlo: Lancia Lybra 1.9 JTD - 105 HP. Úprava tohoto modelu se provádí přes diagnostickou zásuvku. Řídící jednotka motoru od společnosti Bosch. Typ řídící jednotky EDC15C5. Předpokládaná doba úpravy tohoto modelu je 1 - 2 hodiny.","numbers":["Výkon HP","104 HP","134 HP","Výkon kW","76 kW","98 kW","Točivý moment Nm","-","+68 Nm","Maximální rychlost","","+ 3 KM/H","Spotřeba město","","-0,30 L / 100 KM","Kombinovaná spotřeba","","-0,25 L / 100 KM","Spotřeba mimo město","","-0,20 L / 100 KM"],"chartPower":"./chartPower/lybra___1185983.png","chartTorque":""},{"id":"lybra___1185984","fullName":"ChipTuning - Lancia Lybra 1.9 JTD - 110 HP ","desc":"Zvýšení výkonu motoru (chiptuning) vozidla Lancia Lybra 1.9 JTD - 110 HP je možné z původních 77 kW (106 HP) až na 107 kW (148 HP) a nárůst točivého momentu až na 365 Nm.,Maximální rychlost se po úpravě zvýší o + 9 KM/H a kombinovaná spotřeba se sníží v průměru o -0,70 L / 100 KM.","imgUrl":"./previews/lybra___.png","fullDesc":"Níže naleznete parametry před a po úpravě Standard pro vozidlo: Lancia Lybra 1.9 JTD - 110 HP. Úprava tohoto modelu se provádí přes diagnostickou zásuvku. Řídící jednotka motoru od společnosti Bosch. Typ řídící jednotky EDC15C7. Předpokládaná doba úpravy tohoto modelu je 1 - 2 hodiny.","numbers":["Výkon HP","106 HP","138 HP","Výkon kW","77 kW","100 kW","Točivý moment Nm","-","+76 Nm","Maximální rychlost","","+ 6 KM/H","Spotřeba město","","-0,50 L / 100 KM","Kombinovaná spotřeba","","-0,40 L / 100 KM","Spotřeba mimo město","","-0,30 L / 100 KM"],"chartPower":"./chartPower/lybra___1185984.png","chartTorque":""},{"id":"lybra___1185985","fullName":"ChipTuning - Lancia Lybra 1.9 JTD - 116 HP ","desc":"Zvýšení výkonu motoru (chiptuning) vozidla Lancia Lybra 1.9 JTD - 116 HP je možné z původních 83 kW (114 HP) až na 116 kW (158 HP) a nárůst točivého momentu až na 386 Nm.,Maximální rychlost se po úpravě zvýší o + 9 KM/H a kombinovaná spotřeba se sníží v průměru o -0,70 L / 100 KM.","imgUrl":"./previews/lybra___.png","fullDesc":"Níže naleznete parametry před a po úpravě Standard pro vozidlo: Lancia Lybra 1.9 JTD - 116 HP. Úprava tohoto modelu se provádí přes diagnostickou zásuvku. Řídící jednotka motoru od společnosti Bosch. Typ řídící jednotky EDC15C7. Předpokládaná doba úpravy tohoto modelu je 1 - 2 hodiny.","numbers":["Výkon HP","114 HP","148 HP","Výkon kW","83 kW","108 kW","Točivý moment Nm","-","+80 Nm","Maximální rychlost","","+ 6 KM/H","Spotřeba město","","-0,50 L / 100 KM","Kombinovaná spotřeba","","-0,40 L / 100 KM","Spotřeba mimo město","","-0,30 L / 100 KM"],"chartPower":"./chartPower/lybra___1185985.png","chartTorque":""},{"id":"lybra___1185989","fullName":"ChipTuning - Lancia Lybra 2.0 20v - 150 HP ","desc":"Zvýšení výkonu motoru (chiptuning) vozidla Lancia Lybra 2.0 20v - 150 HP je možné z původních 111 kW (151 HP) až na 122 kW (168 HP) a nárůst točivého momentu až na 243 Nm.,Maximální rychlost se po úpravě zvýší o + 1 KM/H a kombinovaná spotřeba se sníží v průměru o -0,30 L / 100 KM.","imgUrl":"./previews/lybra___.png","fullDesc":"Níže naleznete parametry před a po úpravě Standard pro vozidlo: Lancia Lybra 2.0 20v - 150 HP. Úprava tohoto modelu se provádí přes diagnostickou zásuvku. Řídící jednotka motoru od společnosti Bosch. Typ řídící jednotky ME3.1. Předpokládaná doba úpravy tohoto modelu je 1 - 2 hodiny.","numbers":["Výkon HP","151 HP","168 HP","Výkon kW","111 kW","122 kW","Točivý moment Nm","-","+26 Nm","Maximální rychlost","","+ 1 KM/H","Spotřeba město","","-0,20 L / 100 KM","Kombinovaná spotřeba","","-0,20 L / 100 KM","Spotřeba mimo město","","-0,10 L / 100 KM"],"chartPower":"./chartPower/lybra___1185989.png","chartTorque":""},{"id":"lybra___1185987","fullName":"ChipTuning - Lancia Lybra 2.0 20v - 150 HP ","desc":"Zvýšení výkonu motoru (chiptuning) vozidla Lancia Lybra 2.0 20v - 150 HP je možné z původních 111 kW (151 HP) až na 122 kW (168 HP) a nárůst točivého momentu až na 243 Nm.,Maximální rychlost se po úpravě zvýší o + 1 KM/H a kombinovaná spotřeba se sníží v průměru o -0,30 L / 100 KM.","imgUrl":"./previews/lybra___.png","fullDesc":"Níže naleznete parametry před a po úpravě Standard pro vozidlo: Lancia Lybra 2.0 20v - 150 HP. Úprava tohoto modelu se provádí přes diagnostickou zásuvku. Řídící jednotka motoru od společnosti Bosch. Typ řídící jednotky ME3.1. Předpokládaná doba úpravy tohoto modelu je 1 - 2 hodiny.","numbers":["Výkon HP","151 HP","168 HP","Výkon kW","111 kW","122 kW","Točivý moment Nm","-","+26 Nm","Maximální rychlost","","+ 1 KM/H","Spotřeba město","","-0,20 L / 100 KM","Kombinovaná spotřeba","","-0,20 L / 100 KM","Spotřeba mimo město","","-0,10 L / 100 KM"],"chartPower":"./chartPower/lybra___1185987.png","chartTorque":""},{"id":"lybra___1185988","fullName":"ChipTuning - Lancia Lybra 2.4 JTD - 140 HP ","desc":"Zvýšení výkonu motoru (chiptuning) vozidla Lancia Lybra 2.4 JTD - 140 HP je možné z původních 102 kW (139 HP) až na 135 kW (183 HP) a nárůst točivého momentu až na 459 Nm.,Maximální rychlost se po úpravě zvýší o + 11 KM/H a kombinovaná spotřeba se sníží v průměru o -0,90 L / 100 KM.","imgUrl":"./previews/lybra___.png","fullDesc":"Níže naleznete parametry před a po úpravě Standard pro vozidlo: Lancia Lybra 2.4 JTD - 140 HP. Úprava tohoto modelu se provádí přes diagnostickou zásuvku. Řídící jednotka motoru od společnosti Bosch. Typ řídící jednotky EDC15C7. Předpokládaná doba úpravy tohoto modelu je 1 - 2 hodiny.","numbers":["Výkon HP","139 HP","173 HP","Výkon kW","102 kW","127 kW","Točivý moment Nm","-","+90 Nm","Maximální rychlost","","+ 8 KM/H","Spotřeba město","","-0,60 L / 100 KM","Kombinovaná spotřeba","","-0,50 L / 100 KM","Spotřeba mimo město","","-0,40 L / 100 KM"],"chartPower":"./chartPower/lybra___1185988.png","chartTorque":""},{"id":"lybra___1185986","fullName":"ChipTuning - Lancia Lybra 2.4 JTD - 150 HP ","desc":"Zvýšení výkonu motoru (chiptuning) vozidla Lancia Lybra 2.4 JTD - 150 HP je možné z původních 105 kW (145 HP) až na 139 kW (192 HP) a nárůst točivého momentu až na 486 Nm.,Maximální rychlost se po úpravě zvýší o + 11 KM/H a kombinovaná spotřeba se sníží v průměru o -0,90 L / 100 KM.","imgUrl":"./previews/lybra___.png","fullDesc":"Níže naleznete parametry před a po úpravě Standard pro vozidlo: Lancia Lybra 2.4 JTD - 150 HP. Úprava tohoto modelu se provádí přes diagnostickou zásuvku. Řídící jednotka motoru od společnosti Bosch. Typ řídící jednotky EDC15C7. Předpokládaná doba úpravy tohoto modelu je 1 - 2 hodiny.","numbers":["Výkon HP","145 HP","181 HP","Výkon kW","105 kW","131 kW","Točivý moment Nm","-","+96 Nm","Maximální rychlost","","+ 8 KM/H","Spotřeba město","","-0,60 L / 100 KM","Kombinovaná spotřeba","","-0,50 L / 100 KM","Spotřeba mimo město","","-0,40 L / 100 KM"],"chartPower":"./chartPower/lybra___1185986.png","chartTorque":""},{"id":"musa___1185992","fullName":"ChipTuning - Lancia Musa 1.3 16v Mjet - 69 HP ","desc":"Zvýšení výkonu motoru (chiptuning) vozidla Lancia Musa 1.3 16v Mjet - 69 HP je možné z původních 53 kW (71 HP) až na 74 kW (98 HP) a nárůst točivého momentu až na 231 Nm.,Maximální rychlost se po úpravě zvýší o + 7 KM/H a kombinovaná spotřeba se sníží v průměru o -0,60 L / 100 KM.","imgUrl":"./previews/musa___.png","fullDesc":"Níže naleznete parametry před a po úpravě Standard pro vozidlo: Lancia Musa 1.3 16v Mjet - 69 HP. Úprava tohoto modelu se provádí přes diagnostickou zásuvku. Řídící jednotka motoru od společnosti Magneti Marelli. Typ řídící jednotky MJD6JF. Předpokládaná doba úpravy tohoto modelu je 1 - 2 hodiny.","numbers":["Výkon HP","71 HP","92 HP","Výkon kW","53 kW","69 kW","Točivý moment Nm","-","+45 Nm","Maximální rychlost","","+ 4 KM/H","Spotřeba město","","-0,40 L / 100 KM","Kombinovaná spotřeba","","-0,35 L / 100 KM","Spotřeba mimo město","","-0,30 L / 100 KM"],"chartPower":"./chartPower/musa___1185992.png","chartTorque":""},{"id":"musa___1185990","fullName":"ChipTuning - Lancia Musa 1.3 16v Mjet - 90 HP ","desc":"Zvýšení výkonu motoru (chiptuning) vozidla Lancia Musa 1.3 16v Mjet - 90 HP je možné z původních 62 kW (86 HP) až na 88 kW (122 HP) a nárůst točivého momentu ze 186 Nm až na 257 Nm.,Maximální rychlost se po úpravě zvýší o + 7 KM/H a kombinovaná spotřeba se sníží v průměru o -0,60 L / 100 KM.","imgUrl":"./previews/musa___.png","fullDesc":"Níže naleznete parametry před a po úpravě Standard pro vozidlo: Lancia Musa 1.3 16v Mjet - 90 HP. Modelová řada vyráběná od roku 2008. Úprava tohoto modelu se provádí přes diagnostickou zásuvku. Řídící jednotka motoru od společnosti Magneti Marelli. Typ řídící jednotky MJD6F3. Předpokládaná doba úpravy tohoto modelu je 1 - 2 hodiny.","numbers":["Výkon HP","86 HP","114 HP","Výkon kW","62 kW","82 kW","Točivý moment Nm","186 Nm","237 Nm","Maximální rychlost","","+ 4 KM/H","Spotřeba město","","-0,40 L / 100 KM","Kombinovaná spotřeba","","-0,35 L / 100 KM","Spotřeba mimo město","","-0,30 L / 100 KM"],"chartPower":"./chartPower/musa___1185990.png","chartTorque":"./chartTorque/musa___1185990.png"},{"id":"musa___1185994","fullName":"ChipTuning - Lancia Musa 1.3 16v Mjet DPF - 95 HP ","desc":"Zvýšení výkonu motoru (chiptuning) vozidla Lancia Musa 1.3 16v Mjet DPF - 95 HP je možné z původních 67 kW (92 HP) až na 96 kW (130 HP) a nárůst točivého momentu až na 309 Nm.,Maximální rychlost se po úpravě zvýší o + 7 KM/H a kombinovaná spotřeba se sníží v průměru o -0,60 L / 100 KM.","imgUrl":"./previews/musa___.png","fullDesc":"Níže naleznete parametry před a po úpravě Standard pro vozidlo: Lancia Musa 1.3 16v Mjet DPF - 95 HP. Modelová řada vyráběná od roku 2010. Úprava tohoto modelu se provádí přes diagnostickou zásuvku. Řídící jednotka motoru od společnosti Magneti Marelli. Typ řídící jednotky MJ8DF. Předpokládaná doba úpravy tohoto modelu je 1 - 2 hodiny.","numbers":["Výkon HP","92 HP","121 HP","Výkon kW","67 kW","89 kW","Točivý moment Nm","-","+61 Nm","Maximální rychlost","","+ 4 KM/H","Spotřeba město","","-0,40 L / 100 KM","Kombinovaná spotřeba","","-0,35 L / 100 KM","Spotřeba mimo město","","-0,30 L / 100 KM"],"chartPower":"./chartPower/musa___1185994.png","chartTorque":""},{"id":"musa___1186004","fullName":"ChipTuning - Lancia Musa 1.4  8v - 78 HP ","desc":"Zvýšení výkonu motoru (chiptuning) vozidla Lancia Musa 1.4 8v - 78 HP je možné z původních 56 kW (77 HP) až na 62 kW (86 HP) a nárůst točivého momentu až na 124 Nm.,Maximální rychlost se po úpravě zvýší o + 1 KM/H a kombinovaná spotřeba se sníží v průměru o -0,30 L / 100 KM.","imgUrl":"./previews/musa___.png","fullDesc":"Níže naleznete parametry před a po úpravě Standard pro vozidlo: Lancia Musa 1.4 8v - 78 HP. Úprava tohoto modelu se provádí přes diagnostickou zásuvku. Řídící jednotka motoru od společnosti Magneti Marelli. Typ řídící jednotky IAW 5SF. Předpokládaná doba úpravy tohoto modelu je 1 - 2 hodiny.","numbers":["Výkon HP","77 HP","86 HP","Výkon kW","56 kW","62 kW","Točivý moment Nm","-","+13 Nm","Maximální rychlost","","+ 1 KM/H","Spotřeba město","","-0,20 L / 100 KM","Kombinovaná spotřeba","","-0,20 L / 100 KM","Spotřeba mimo město","","-0,10 L / 100 KM"],"chartPower":"./chartPower/musa___1186004.png","chartTorque":""},{"id":"musa___1186005","fullName":"ChipTuning - Lancia Musa 1.4 16v - 95 HP ","desc":"Zvýšení výkonu motoru (chiptuning) vozidla Lancia Musa 1.4 16v - 95 HP je možné z původních 71 kW (96 HP) až na 78 kW (106 HP) a nárůst točivého momentu až na 154 Nm.,Maximální rychlost se po úpravě zvýší o + 1 KM/H a kombinovaná spotřeba se sníží v průměru o -0,30 L / 100 KM.","imgUrl":"./previews/musa___.png","fullDesc":"Níže naleznete parametry před a po úpravě Standard pro vozidlo: Lancia Musa 1.4 16v - 95 HP. Modelová řada vyráběná od roku 2004. Úprava tohoto modelu se provádí přes diagnostickou zásuvku. Řídící jednotka motoru od společnosti Bosch. Typ řídící jednotky ME7.3.1 nebo ME7.9.10. Předpokládaná doba úpravy tohoto modelu je 1 - 2 hodiny.","numbers":["Výkon HP","96 HP","106 HP","Výkon kW","71 kW","78 kW","Točivý moment Nm","-","+16 Nm","Maximální rychlost","","+ 1 KM/H","Spotřeba město","","-0,20 L / 100 KM","Kombinovaná spotřeba","","-0,20 L / 100 KM","Spotřeba mimo město","","-0,10 L / 100 KM"],"chartPower":"./chartPower/musa___1186005.png","chartTorque":""},{"id":"musa___1186000","fullName":"ChipTuning - Lancia Musa 1.6 16v Mjet - 120 HP ","desc":"Zvýšení výkonu motoru (chiptuning) vozidla Lancia Musa 1.6 16v Mjet - 120 HP je možné z původních 89 kW (121 HP) až na 123 kW (167 HP) a nárůst točivého momentu až na 403 Nm.,Maximální rychlost se po úpravě zvýší o + 5 KM/H a kombinovaná spotřeba se sníží v průměru o -0,50 L / 100 KM.","imgUrl":"./previews/musa___.png","fullDesc":"Níže naleznete parametry před a po úpravě Standard pro vozidlo: Lancia Musa 1.6 16v Mjet - 120 HP. Úprava tohoto modelu se provádí přes diagnostickou zásuvku. Řídící jednotka motoru od společnosti Bosch. Typ řídící jednotky EDC16C39. Předpokládaná doba úpravy tohoto modelu je 1 - 2 hodiny.","numbers":["Výkon HP","121 HP","156 HP","Výkon kW","89 kW","115 kW","Točivý moment Nm","-","+83 Nm","Maximální rychlost","","+ 3 KM/H","Spotřeba město","","-0,30 L / 100 KM","Kombinovaná spotřeba","","-0,25 L / 100 KM","Spotřeba mimo město","","-0,20 L / 100 KM"],"chartPower":"./chartPower/musa___1186000.png","chartTorque":""},{"id":"musa___1186002","fullName":"ChipTuning - Lancia Musa 1.9  8v Mjet - 101 HP ","desc":"Zvýšení výkonu motoru (chiptuning) vozidla Lancia Musa 1.9 8v Mjet - 101 HP je možné z původních 70 kW (97 HP) až na 97 kW (135 HP) a nárůst točivého momentu až na 327 Nm.,Maximální rychlost se po úpravě zvýší o + 5 KM/H a kombinovaná spotřeba se sníží v průměru o -0,50 L / 100 KM.","imgUrl":"./previews/musa___.png","fullDesc":"Níže naleznete parametry před a po úpravě Standard pro vozidlo: Lancia Musa 1.9 8v Mjet - 101 HP. Úprava tohoto modelu se provádí přes diagnostickou zásuvku. Řídící jednotka motoru od společnosti Bosch. Typ řídící jednotky EDC16C8. Předpokládaná doba úpravy tohoto modelu je 1 - 2 hodiny.","numbers":["Výkon HP","97 HP","126 HP","Výkon kW","70 kW","91 kW","Točivý moment Nm","-","+65 Nm","Maximální rychlost","","+ 3 KM/H","Spotřeba město","","-0,30 L / 100 KM","Kombinovaná spotřeba","","-0,25 L / 100 KM","Spotřeba mimo město","","-0,20 L / 100 KM"],"chartPower":"./chartPower/musa___1186002.png","chartTorque":""},{"id":"new_ypsilon___1186007","fullName":"ChipTuning - Lancia New Ypsilon 1.3 16v Mjet DPF - 95 HP ","desc":"Zvýšení výkonu motoru (chiptuning) vozidla Lancia New Ypsilon 1.3 16v Mjet DPF - 95 HP je možné z původních 70 kW (95 HP) až na 99 kW (133 HP) a nárůst točivého momentu až na 312 Nm.,Maximální rychlost se po úpravě zvýší o + 7 KM/H a kombinovaná spotřeba se sníží v průměru o -0,60 L / 100 KM.","imgUrl":"./previews/new_ypsilon___.png","fullDesc":"Níže naleznete parametry před a po úpravě Standard pro vozidlo: Lancia New Ypsilon 1.3 16v Mjet DPF - 95 HP. Modelová řada vyráběná od roku 2011. Úprava tohoto modelu se provádí přes diagnostickou zásuvku. Řídící jednotka motoru od společnosti Magneti Marelli. Typ řídící jednotky MJ8DF. Předpokládaná doba úpravy tohoto modelu je 1 - 2 hodiny.","numbers":["Výkon HP","95 HP","124 HP","Výkon kW","70 kW","92 kW","Točivý moment Nm","-","+61 Nm","Maximální rychlost","","+ 4 KM/H","Spotřeba město","","-0,40 L / 100 KM","Kombinovaná spotřeba","","-0,35 L / 100 KM","Spotřeba mimo město","","-0,30 L / 100 KM"],"chartPower":"./chartPower/new_ypsilon___1186007.png","chartTorque":""},{"id":"new_ypsilon___1186010","fullName":"ChipTuning - Lancia New Ypsilon 1.3 16v Multijet - 95 HP ","desc":"Zvýšení výkonu motoru (chiptuning) vozidla Lancia New Ypsilon 1.3 16v Multijet - 95 HP je možné z původních 72 kW (97 HP) až na 101 kW (135 HP) a nárůst točivého momentu ze 202 Nm až na 278 Nm.,Maximální rychlost se po úpravě zvýší o + 7 KM/H a kombinovaná spotřeba se sníží v průměru o -0,60 L / 100 KM.","imgUrl":"./previews/new_ypsilon___.png","fullDesc":"Níže naleznete parametry před a po úpravě Standard pro vozidlo: Lancia New Ypsilon 1.3 16v Multijet - 95 HP. Modelová řada vyráběná od roku 2016. Úprava tohoto modelu se provádí přes diagnostickou zásuvku. Řídící jednotka motoru od společnosti Magneti Marelli. Typ řídící jednotky MJ9DF. Předpokládaná doba úpravy tohoto modelu je 1 - 2 hodiny.","numbers":["Výkon HP","97 HP","126 HP","Výkon kW","72 kW","94 kW","Točivý moment Nm","202 Nm","256 Nm","Maximální rychlost","","+ 4 KM/H","Spotřeba město","","-0,40 L / 100 KM","Kombinovaná spotřeba","","-0,35 L / 100 KM","Spotřeba mimo město","","-0,30 L / 100 KM"],"chartPower":"./chartPower/new_ypsilon___1186010.png","chartTorque":"./chartTorque/new_ypsilon___1186010.png"},{"id":"new_ypsilon___1186025","fullName":"ChipTuning - Lancia New Ypsilon 900 Twin Air Turbo - 86 HP ","desc":"Zvýšení výkonu motoru (chiptuning) vozidla Lancia New Ypsilon 900 Twin Air Turbo - 86 HP je možné z původních 58 kW (81 HP) až na 80 kW (111 HP) a nárůst točivého momentu až na 151 Nm.,Maximální rychlost se po úpravě zvýší o + 5 KM/H a kombinovaná spotřeba se sníží v průměru o -0,50 L / 100 KM.","imgUrl":"./previews/new_ypsilon___.png","fullDesc":"Níže naleznete parametry před a po úpravě Standard pro vozidlo: Lancia New Ypsilon 900 Twin Air Turbo - 86 HP. Modelová řada vyráběná od roku 2011. Úprava tohoto modelu se provádí přes diagnostickou zásuvku. Řídící jednotka motoru od společnosti Magneti Marelli. Typ řídící jednotky 8GSF. Předpokládaná doba úpravy tohoto modelu je 1 - 2 hodiny.","numbers":["Výkon HP","81 HP","104 HP","Výkon kW","58 kW","75 kW","Točivý moment Nm","-","+26 Nm","Maximální rychlost","","+ 3 KM/H","Spotřeba město","","-0,30 L / 100 KM","Kombinovaná spotřeba","","-0,25 L / 100 KM","Spotřeba mimo město","","-0,20 L / 100 KM"],"chartPower":"./chartPower/new_ypsilon___1186025.png","chartTorque":""},{"id":"new_ypsilon___1186026","fullName":"ChipTuning - Lancia New Ypsilon 900 Twin Air Turbo - 86 HP ","desc":"Zvýšení výkonu motoru (chiptuning) vozidla Lancia New Ypsilon 900 Twin Air Turbo - 86 HP je možné z původních 59 kW (82 HP) až na 81 kW (112 HP) a nárůst točivého momentu ze 141 Nm až na 194 Nm.,Maximální rychlost se po úpravě zvýší o + 5 KM/H a kombinovaná spotřeba se sníží v průměru o -0,50 L / 100 KM.","imgUrl":"./previews/new_ypsilon___.png","fullDesc":"Níže naleznete parametry před a po úpravě Standard pro vozidlo: Lancia New Ypsilon 900 Twin Air Turbo - 86 HP. Modelová řada vyráběná od roku 2011. Úprava tohoto modelu se provádí přes diagnostickou zásuvku. Řídící jednotka motoru od společnosti Magneti Marelli. Typ řídící jednotky 8GSF. Předpokládaná doba úpravy tohoto modelu je 1 - 2 hodiny.","numbers":["Výkon HP","82 HP","105 HP","Výkon kW","59 kW","76 kW","Točivý moment Nm","141 Nm","179 Nm","Maximální rychlost","","+ 3 KM/H","Spotřeba město","","-0,30 L / 100 KM","Kombinovaná spotřeba","","-0,25 L / 100 KM","Spotřeba mimo město","","-0,20 L / 100 KM"],"chartPower":"./chartPower/new_ypsilon___1186026.png","chartTorque":"./chartTorque/new_ypsilon___1186026.png"},{"id":"phedra_(_1st)__1186007","fullName":"ChipTuning - Lancia New Ypsilon 1.3 16v Mjet DPF - 95 HP ","desc":"Zvýšení výkonu motoru (chiptuning) vozidla Lancia New Ypsilon 1.3 16v Mjet DPF - 95 HP je možné z původních 65 kW (90 HP) až na 94 kW (128 HP) a nárůst točivého momentu až na 307 Nm.,Maximální rychlost se po úpravě zvýší o + 7 KM/H a kombinovaná spotřeba se sníží v průměru o -0,60 L / 100 KM.","imgUrl":"./previews/phedra_(_1st)__.png","fullDesc":"Níže naleznete parametry před a po úpravě Standard pro vozidlo: Lancia New Ypsilon 1.3 16v Mjet DPF - 95 HP. Modelová řada vyráběná od roku 2011. Úprava tohoto modelu se provádí přes diagnostickou zásuvku. Řídící jednotka motoru od společnosti Magneti Marelli. Typ řídící jednotky MJ8DF. Předpokládaná doba úpravy tohoto modelu je 1 - 2 hodiny.","numbers":["Výkon HP","90 HP","119 HP","Výkon kW","65 kW","87 kW","Točivý moment Nm","-","+61 Nm","Maximální rychlost","","+ 4 KM/H","Spotřeba město","","-0,40 L / 100 KM","Kombinovaná spotřeba","","-0,35 L / 100 KM","Spotřeba mimo město","","-0,30 L / 100 KM"],"chartPower":"./chartPower/phedra_(_1st)__1186007.png","chartTorque":""},{"id":"phedra_(_1st)__1186010","fullName":"ChipTuning - Lancia New Ypsilon 1.3 16v Multijet - 95 HP ","desc":"Zvýšení výkonu motoru (chiptuning) vozidla Lancia New Ypsilon 1.3 16v Multijet - 95 HP je možné z původních 70 kW (95 HP) až na 99 kW (133 HP) a nárůst točivého momentu ze 200 Nm až na 276 Nm.,Maximální rychlost se po úpravě zvýší o + 7 KM/H a kombinovaná spotřeba se sníží v průměru o -0,60 L / 100 KM.","imgUrl":"./previews/phedra_(_1st)__.png","fullDesc":"Níže naleznete parametry před a po úpravě Standard pro vozidlo: Lancia New Ypsilon 1.3 16v Multijet - 95 HP. Modelová řada vyráběná od roku 2016. Úprava tohoto modelu se provádí přes diagnostickou zásuvku. Řídící jednotka motoru od společnosti Magneti Marelli. Typ řídící jednotky MJ9DF. Předpokládaná doba úpravy tohoto modelu je 1 - 2 hodiny.","numbers":["Výkon HP","95 HP","124 HP","Výkon kW","70 kW","92 kW","Točivý moment Nm","200 Nm","254 Nm","Maximální rychlost","","+ 4 KM/H","Spotřeba město","","-0,40 L / 100 KM","Kombinovaná spotřeba","","-0,35 L / 100 KM","Spotřeba mimo město","","-0,30 L / 100 KM"],"chartPower":"./chartPower/phedra_(_1st)__1186010.png","chartTorque":"./chartTorque/phedra_(_1st)__1186010.png"},{"id":"phedra_(_1st)__1186025","fullName":"ChipTuning - Lancia New Ypsilon 1.3 16v Multijet - 95 HP ","desc":"Zvýšení výkonu motoru (chiptuning) vozidla Lancia New Ypsilon 1.3 16v Multijet - 95 HP je možné z původních 71 kW (96 HP) až na 100 kW (134 HP) a nárůst točivého momentu ze 201 Nm až na 277 Nm.,Maximální rychlost se po úpravě zvýší o + 7 KM/H a kombinovaná spotřeba se sníží v průměru o -0,60 L / 100 KM.","imgUrl":"./previews/phedra_(_1st)__.png","fullDesc":"Níže naleznete parametry před a po úpravě Standard pro vozidlo: Lancia New Ypsilon 1.3 16v Multijet - 95 HP. Modelová řada vyráběná od roku 2016. Úprava tohoto modelu se provádí přes diagnostickou zásuvku. Řídící jednotka motoru od společnosti Magneti Marelli. Typ řídící jednotky MJ9DF. Předpokládaná doba úpravy tohoto modelu je 1 - 2 hodiny.","numbers":["Výkon HP","96 HP","125 HP","Výkon kW","71 kW","93 kW","Točivý moment Nm","201 Nm","255 Nm","Maximální rychlost","","+ 4 KM/H","Spotřeba město","","-0,40 L / 100 KM","Kombinovaná spotřeba","","-0,35 L / 100 KM","Spotřeba mimo město","","-0,30 L / 100 KM"],"chartPower":"./chartPower/phedra_(_1st)__1186025.png","chartTorque":"./chartTorque/phedra_(_1st)__1186025.png"},{"id":"phedra_(_1st)__1186026","fullName":"ChipTuning - Lancia New Ypsilon 900 Twin Air Turbo - 86 HP ","desc":"Zvýšení výkonu motoru (chiptuning) vozidla Lancia New Ypsilon 900 Twin Air Turbo - 86 HP je možné z původních 67 kW (90 HP) až na 89 kW (120 HP) a nárůst točivého momentu ze 149 Nm až na 202 Nm.,Maximální rychlost se po úpravě zvýší o + 5 KM/H a kombinovaná spotřeba se sníží v průměru o -0,50 L / 100 KM.","imgUrl":"./previews/phedra_(_1st)__.png","fullDesc":"Níže naleznete parametry před a po úpravě Standard pro vozidlo: Lancia New Ypsilon 900 Twin Air Turbo - 86 HP. Modelová řada vyráběná od roku 2011. Úprava tohoto modelu se provádí přes diagnostickou zásuvku. Řídící jednotka motoru od společnosti Magneti Marelli. Typ řídící jednotky 8GSF. Předpokládaná doba úpravy tohoto modelu je 1 - 2 hodiny.","numbers":["Výkon HP","90 HP","113 HP","Výkon kW","67 kW","84 kW","Točivý moment Nm","149 Nm","187 Nm","Maximální rychlost","","+ 3 KM/H","Spotřeba město","","-0,30 L / 100 KM","Kombinovaná spotřeba","","-0,25 L / 100 KM","Spotřeba mimo město","","-0,20 L / 100 KM"],"chartPower":"./chartPower/phedra_(_1st)__1186026.png","chartTorque":"./chartTorque/phedra_(_1st)__1186026.png"},{"id":"phedra_(_2nd)__1186038","fullName":"ChipTuning - Lancia Phedra 2.2 16v HDI TwinTurbo - 170 HP ","desc":"Zvýšení výkonu motoru (chiptuning) vozidla Lancia Phedra 2.2 16v HDI TwinTurbo - 170 HP je možné z původních 130 kW (175 HP) až na 164 kW (222 HP) a nárůst točivého momentu až na 565 Nm.,Maximální rychlost se po úpravě zvýší o + 11 KM/H a kombinovaná spotřeba se sníží v průměru o -0,90 L / 100 KM.","imgUrl":"./previews/phedra_(_2nd)__.png","fullDesc":"Níže naleznete parametry před a po úpravě Standard pro vozidlo: Lancia Phedra 2.2 16v HDI TwinTurbo - 170 HP. Úprava tohoto modelu se provádí přes diagnostickou zásuvku. Řídící jednotka motoru od společnosti Bosch. Typ řídící jednotky EDC16CP39. Předpokládaná doba úpravy tohoto modelu je 1 - 2 hodiny.","numbers":["Výkon HP","175 HP","211 HP","Výkon kW","130 kW","156 kW","Točivý moment Nm","-","+110 Nm","Maximální rychlost","","+ 8 KM/H","Spotřeba město","","-0,60 L / 100 KM","Kombinovaná spotřeba","","-0,50 L / 100 KM","Spotřeba mimo město","","-0,40 L / 100 KM"],"chartPower":"./chartPower/phedra_(_2nd)__1186038.png","chartTorque":""},{"id":"thema___1186040","fullName":"ChipTuning - Lancia Thema 3.0 24v Mjet II - 117 HP ","desc":"Zvýšení výkonu motoru (chiptuning) vozidla Lancia Thema 3.0 24v Mjet II - 117 HP je možné z původních 137 kW (114 HP) až na 175 kW (147 HP) a nárůst točivého momentu ze 437 Nm až na 560 Nm.,Maximální rychlost se po úpravě zvýší o + 13 KM/H a kombinovaná spotřeba se sníží v průměru o -1,00 L / 100 KM.","imgUrl":"./previews/thema___.png","fullDesc":"Níže naleznete parametry před a po úpravě Standard pro vozidlo: Lancia Thema 3.0 24v Mjet II - 117 HP. Modelová řada vyráběná od roku 2011. Úprava tohoto modelu se provádí přes diagnostickou zásuvku. Řídící jednotka motoru od společnosti Bosch. Typ řídící jednotky EDC17C49. Předpokládaná doba úpravy tohoto modelu je 1 - 2 hodiny.","numbers":["Výkon HP","114 HP","139 HP","Výkon kW","137 kW","166 kW","Točivý moment Nm","437 Nm","525 Nm","Maximální rychlost","","+ 10 KM/H","Spotřeba město","","-0,70 L / 100 KM","Kombinovaná spotřeba","","-0,60 L / 100 KM","Spotřeba mimo město","","-0,50 L / 100 KM"],"chartPower":"./chartPower/thema___1186040.png","chartTorque":"./chartTorque/thema___1186040.png"},{"id":"thema___1186039","fullName":"ChipTuning - Lancia Thema 3.0 24v Mjet II - 115 HP ","desc":"Zvýšení výkonu motoru (chiptuning) vozidla Lancia Thema 3.0 24v Mjet II - 115 HP je možné z původních 178 kW (117 HP) až na 226 kW (148 HP) a nárůst točivého momentu ze 552 Nm až na 706 Nm.,Maximální rychlost se po úpravě zvýší o + 13 KM/H a kombinovaná spotřeba se sníží v průměru o -1,00 L / 100 KM.","imgUrl":"./previews/thema___.png","fullDesc":"Níže naleznete parametry před a po úpravě Standard pro vozidlo: Lancia Thema 3.0 24v Mjet II - 115 HP. Modelová řada vyráběná od roku 2011. Úprava tohoto modelu se provádí přes diagnostickou zásuvku. Řídící jednotka motoru od společnosti Bosch. Typ řídící jednotky EDC17C49. Předpokládaná doba úpravy tohoto modelu je 1 - 2 hodiny.","numbers":["Výkon HP","117 HP","141 HP","Výkon kW","178 kW","215 kW","Točivý moment Nm","552 Nm","662 Nm","Maximální rychlost","","+ 10 KM/H","Spotřeba město","","-0,70 L / 100 KM","Kombinovaná spotřeba","","-0,60 L / 100 KM","Spotřeba mimo město","","-0,50 L / 100 KM"],"chartPower":"./chartPower/thema___1186039.png","chartTorque":"./chartTorque/thema___1186039.png"},{"id":"thesis___1186057","fullName":"ChipTuning - Lancia Thesis 2.0 20v Turbo - 185 HP ","desc":"Zvýšení výkonu motoru (chiptuning) vozidla Lancia Thesis 2.0 20v Turbo - 185 HP je možné z původních 137 kW (186 HP) až na 180 kW (243 HP) a nárůst točivého momentu až na 363 Nm.,Maximální rychlost se po úpravě zvýší o + 5 KM/H a kombinovaná spotřeba se sníží v průměru o -0,50 L / 100 KM.","imgUrl":"./previews/thesis___.png","fullDesc":"Níže naleznete parametry před a po úpravě Standard pro vozidlo: Lancia Thesis 2.0 20v Turbo - 185 HP. Úprava tohoto modelu se provádí přes diagnostickou zásuvku. Řídící jednotka motoru od společnosti Bosch. Typ řídící jednotky ME7.3.1. Předpokládaná doba úpravy tohoto modelu je 1 - 2 hodiny.","numbers":["Výkon HP","186 HP","230 HP","Výkon kW","137 kW","170 kW","Točivý moment Nm","-","+73 Nm","Maximální rychlost","","+ 3 KM/H","Spotřeba město","","-0,30 L / 100 KM","Kombinovaná spotřeba","","-0,25 L / 100 KM","Spotřeba mimo město","","-0,20 L / 100 KM"],"chartPower":"./chartPower/thesis___1186057.png","chartTorque":""},{"id":"thesis___1186058","fullName":"ChipTuning - Lancia Thesis 2.4 20v - 170 HP ","desc":"Zvýšení výkonu motoru (chiptuning) vozidla Lancia Thesis 2.4 20v - 170 HP je možné z původních 121 kW (166 HP) až na 134 kW (185 HP) a nárůst točivého momentu až na 270 Nm.,Maximální rychlost se po úpravě zvýší o + 1 KM/H a kombinovaná spotřeba se sníží v průměru o -0,30 L / 100 KM.","imgUrl":"./previews/thesis___.png","fullDesc":"Níže naleznete parametry před a po úpravě Standard pro vozidlo: Lancia Thesis 2.4 20v - 170 HP. Úprava tohoto modelu se provádí přes diagnostickou zásuvku. Řídící jednotka motoru od společnosti Bosch. Typ řídící jednotky ME3.1. Předpokládaná doba úpravy tohoto modelu je 1 - 2 hodiny.","numbers":["Výkon HP","166 HP","185 HP","Výkon kW","121 kW","134 kW","Točivý moment Nm","-","+29 Nm","Maximální rychlost","","+ 1 KM/H","Spotřeba město","","-0,20 L / 100 KM","Kombinovaná spotřeba","","-0,20 L / 100 KM","Spotřeba mimo město","","-0,10 L / 100 KM"],"chartPower":"./chartPower/thesis___1186058.png","chartTorque":""},{"id":"thesis___1186051","fullName":"ChipTuning - Lancia Thesis 2.4 20v Mjet - 175 HP ","desc":"Zvýšení výkonu motoru (chiptuning) vozidla Lancia Thesis 2.4 20v Mjet - 175 HP je možné z původních 134 kW (180 HP) až na 169 kW (228 HP) a nárůst točivého momentu až na 582 Nm.,Maximální rychlost se po úpravě zvýší o + 5 KM/H a kombinovaná spotřeba se sníží v průměru o -0,50 L / 100 KM.","imgUrl":"./previews/thesis___.png","fullDesc":"Níže naleznete parametry před a po úpravě Standard pro vozidlo: Lancia Thesis 2.4 20v Mjet - 175 HP. Úprava tohoto modelu se provádí přes diagnostickou zásuvku. Řídící jednotka motoru od společnosti Bosch. Typ řídící jednotky EDC16C8. Předpokládaná doba úpravy tohoto modelu je 1 - 2 hodiny.","numbers":["Výkon HP","180 HP","217 HP","Výkon kW","134 kW","161 kW","Točivý moment Nm","-","+113 Nm","Maximální rychlost","","+ 3 KM/H","Spotřeba město","","-0,30 L / 100 KM","Kombinovaná spotřeba","","-0,25 L / 100 KM","Spotřeba mimo město","","-0,20 L / 100 KM"],"chartPower":"./chartPower/thesis___1186051.png","chartTorque":""},{"id":"thesis___1186052","fullName":"ChipTuning - Lancia Thesis 2.4 20v Mjet - 200 HP ","desc":"Zvýšení výkonu motoru (chiptuning) vozidla Lancia Thesis 2.4 20v Mjet - 200 HP je možné z původních 146 kW (199 HP) až na 186 kW (254 HP) a nárůst točivého momentu až na 609 Nm.,Maximální rychlost se po úpravě zvýší o + 5 KM/H a kombinovaná spotřeba se sníží v průměru o -0,50 L / 100 KM.","imgUrl":"./previews/thesis___.png","fullDesc":"Níže naleznete parametry před a po úpravě Standard pro vozidlo: Lancia Thesis 2.4 20v Mjet - 200 HP. Úprava tohoto modelu se provádí přes diagnostickou zásuvku. Řídící jednotka motoru od společnosti Bosch. Typ řídící jednotky EDC16C39. Předpokládaná doba úpravy tohoto modelu je 1 - 2 hodiny.","numbers":["Výkon HP","199 HP","241 HP","Výkon kW","146 kW","177 kW","Točivý moment Nm","-","+95 Nm","Maximální rychlost","","+ 3 KM/H","Spotřeba město","","-0,30 L / 100 KM","Kombinovaná spotřeba","","-0,25 L / 100 KM","Spotřeba mimo město","","-0,20 L / 100 KM"],"chartPower":"./chartPower/thesis___1186052.png","chartTorque":""},{"id":"thesis___1186055","fullName":"ChipTuning - Lancia Thesis 2.4 JTD - 140 HP ","desc":"Zvýšení výkonu motoru (chiptuning) vozidla Lancia Thesis 2.4 JTD - 140 HP je možné z původních 103 kW (140 HP) až na 136 kW (184 HP) a nárůst točivého momentu až na 460 Nm.,Maximální rychlost se po úpravě zvýší o + 11 KM/H a kombinovaná spotřeba se sníží v průměru o -0,90 L / 100 KM.","imgUrl":"./previews/thesis___.png","fullDesc":"Níže naleznete parametry před a po úpravě Standard pro vozidlo: Lancia Thesis 2.4 JTD - 140 HP. Úprava tohoto modelu se provádí přes diagnostickou zásuvku. Řídící jednotka motoru od společnosti Bosch. Typ řídící jednotky EDC15C7. Předpokládaná doba úpravy tohoto modelu je 1 - 2 hodiny.","numbers":["Výkon HP","140 HP","174 HP","Výkon kW","103 kW","128 kW","Točivý moment Nm","-","+90 Nm","Maximální rychlost","","+ 8 KM/H","Spotřeba město","","-0,60 L / 100 KM","Kombinovaná spotřeba","","-0,50 L / 100 KM","Spotřeba mimo město","","-0,40 L / 100 KM"],"chartPower":"./chartPower/thesis___1186055.png","chartTorque":""},{"id":"thesis___1186056","fullName":"ChipTuning - Lancia Thesis 2.4 JTD - 150 HP ","desc":"Zvýšení výkonu motoru (chiptuning) vozidla Lancia Thesis 2.4 JTD - 150 HP je možné z původních 114 kW (154 HP) až na 148 kW (201 HP) a nárůst točivého momentu až na 495 Nm.,Maximální rychlost se po úpravě zvýší o + 11 KM/H a kombinovaná spotřeba se sníží v průměru o -0,90 L / 100 KM.","imgUrl":"./previews/thesis___.png","fullDesc":"Níže naleznete parametry před a po úpravě Standard pro vozidlo: Lancia Thesis 2.4 JTD - 150 HP. Úprava tohoto modelu se provádí přes diagnostickou zásuvku. Řídící jednotka motoru od společnosti Bosch. Typ řídící jednotky EDC15C7. Předpokládaná doba úpravy tohoto modelu je 1 - 2 hodiny.","numbers":["Výkon HP","154 HP","190 HP","Výkon kW","114 kW","140 kW","Točivý moment Nm","-","+96 Nm","Maximální rychlost","","+ 8 KM/H","Spotřeba město","","-0,60 L / 100 KM","Kombinovaná spotřeba","","-0,50 L / 100 KM","Spotřeba mimo město","","-0,40 L / 100 KM"],"chartPower":"./chartPower/thesis___1186056.png","chartTorque":""},{"id":"thesis___1186059","fullName":"ChipTuning - Lancia Thesis 3.0 V6 - 215 HP ","desc":"Zvýšení výkonu motoru (chiptuning) vozidla Lancia Thesis 3.0 V6 - 215 HP je možné z původních 157 kW (214 HP) až na 173 kW (238 HP) a nárůst točivého momentu až na 346 Nm.,Maximální rychlost se po úpravě zvýší o + 1 KM/H a kombinovaná spotřeba se sníží v průměru o -0,30 L / 100 KM.","imgUrl":"./previews/thesis___.png","fullDesc":"Níže naleznete parametry před a po úpravě Standard pro vozidlo: Lancia Thesis 3.0 V6 - 215 HP. Úprava tohoto modelu se provádí přes diagnostickou zásuvku. Řídící jednotka motoru od společnosti Bosch. Typ řídící jednotky ME3.1. Předpokládaná doba úpravy tohoto modelu je 1 - 2 hodiny.","numbers":["Výkon HP","214 HP","238 HP","Výkon kW","157 kW","173 kW","Točivý moment Nm","-","+37 Nm","Maximální rychlost","","+ 1 KM/H","Spotřeba město","","-0,20 L / 100 KM","Kombinovaná spotřeba","","-0,20 L / 100 KM","Spotřeba mimo město","","-0,10 L / 100 KM"],"chartPower":"./chartPower/thesis___1186059.png","chartTorque":""},{"id":"thesis___1186060","fullName":"ChipTuning - Lancia Thesis 3.2 V6 - 230 HP ","desc":"Zvýšení výkonu motoru (chiptuning) vozidla Lancia Thesis 3.2 V6 - 230 HP je možné z původních 170 kW (231 HP) až na 187 kW (256 HP) a nárůst točivého momentu až na 372 Nm.,Maximální rychlost se po úpravě zvýší o + 1 KM/H a kombinovaná spotřeba se sníží v průměru o -0,30 L / 100 KM.","imgUrl":"./previews/thesis___.png","fullDesc":"Níže naleznete parametry před a po úpravě Standard pro vozidlo: Lancia Thesis 3.2 V6 - 230 HP. Úprava tohoto modelu se provádí přes diagnostickou zásuvku. Řídící jednotka motoru od společnosti Bosch. Typ řídící jednotky ME7.3.1. Předpokládaná doba úpravy tohoto modelu je 1 - 2 hodiny.","numbers":["Výkon HP","231 HP","256 HP","Výkon kW","170 kW","187 kW","Točivý moment Nm","-","+40 Nm","Maximální rychlost","","+ 1 KM/H","Spotřeba město","","-0,20 L / 100 KM","Kombinovaná spotřeba","","-0,20 L / 100 KM","Spotřeba mimo město","","-0,10 L / 100 KM"],"chartPower":"./chartPower/thesis___1186060.png","chartTorque":""},{"id":"y___1186063","fullName":"ChipTuning - Lancia Y 1.2  8v - 60 HP ","desc":"Zvýšení výkonu motoru (chiptuning) vozidla Lancia Y 1.2 8v - 60 HP je možné z původních 45 kW (61 HP) až na 49 kW (68 HP) a nárůst točivého momentu až na 97 Nm.,Maximální rychlost se po úpravě zvýší o + 1 KM/H a kombinovaná spotřeba se sníží v průměru o -0,30 L / 100 KM.","imgUrl":"./previews/y___.png","fullDesc":"Níže naleznete parametry před a po úpravě Standard pro vozidlo: Lancia Y 1.2 8v - 60 HP. Úprava tohoto modelu se provádí přes diagnostickou zásuvku. Řídící jednotka motoru od společnosti Magneti Marelli. Typ řídící jednotky IAW 59F. Předpokládaná doba úpravy tohoto modelu je 1 - 2 hodiny.","numbers":["Výkon HP","61 HP","68 HP","Výkon kW","45 kW","49 kW","Točivý moment Nm","-","+10 Nm","Maximální rychlost","","+ 1 KM/H","Spotřeba město","","-0,20 L / 100 KM","Kombinovaná spotřeba","","-0,20 L / 100 KM","Spotřeba mimo město","","-0,10 L / 100 KM"],"chartPower":"./chartPower/y___1186063.png","chartTorque":""},{"id":"y___1186064","fullName":"ChipTuning - Lancia Y 1.2 16v - 80 HP ","desc":"Zvýšení výkonu motoru (chiptuning) vozidla Lancia Y 1.2 16v - 80 HP je možné z původních 58 kW (79 HP) až na 64 kW (88 HP) a nárůst točivého momentu až na 129 Nm.,Maximální rychlost se po úpravě zvýší o + 1 KM/H a kombinovaná spotřeba se sníží v průměru o -0,30 L / 100 KM.","imgUrl":"./previews/y___.png","fullDesc":"Níže naleznete parametry před a po úpravě Standard pro vozidlo: Lancia Y 1.2 16v - 80 HP. Úprava tohoto modelu se provádí přes diagnostickou zásuvku. Řídící jednotka motoru od společnosti Bosch. Typ řídící jednotky ME3.1. Předpokládaná doba úpravy tohoto modelu je 1 - 2 hodiny.","numbers":["Výkon HP","79 HP","88 HP","Výkon kW","58 kW","64 kW","Točivý moment Nm","-","+14 Nm","Maximální rychlost","","+ 1 KM/H","Spotřeba město","","-0,20 L / 100 KM","Kombinovaná spotřeba","","-0,20 L / 100 KM","Spotřeba mimo město","","-0,10 L / 100 KM"],"chartPower":"./chartPower/y___1186064.png","chartTorque":""},{"id":"ypsilon_(_2nd)__1186065","fullName":"ChipTuning - Lancia Ypsilon 1.2  8v - 69 HP ","desc":"Zvýšení výkonu motoru (chiptuning) vozidla Lancia Ypsilon 1.2 8v - 69 HP je možné z původních 56 kW (74 HP) až na 61 kW (82 HP) a nárůst točivého momentu až na 117 Nm.,Maximální rychlost se po úpravě zvýší o + 1 KM/H a kombinovaná spotřeba se sníží v průměru o -0,30 L / 100 KM.","imgUrl":"./previews/ypsilon_(_2nd)__.png","fullDesc":"Níže naleznete parametry před a po úpravě Standard pro vozidlo: Lancia Ypsilon 1.2 8v - 69 HP. Modelová řada vyráběná od roku 2011. Úprava tohoto modelu se provádí přes diagnostickou zásuvku. Řídící jednotka motoru od společnosti Magneti Marelli. Typ řídící jednotky 9GF. Předpokládaná doba úpravy tohoto modelu je 1 - 2 hodiny.","numbers":["Výkon HP","74 HP","82 HP","Výkon kW","56 kW","61 kW","Točivý moment Nm","-","+12 Nm","Maximální rychlost","","+ 1 KM/H","Spotřeba město","","-0,20 L / 100 KM","Kombinovaná spotřeba","","-0,20 L / 100 KM","Spotřeba mimo město","","-0,10 L / 100 KM"],"chartPower":"./chartPower/ypsilon_(_2nd)__1186065.png","chartTorque":""},{"id":"ypsilon___1186065","fullName":"ChipTuning - Lancia Ypsilon 1.2  8v - 69 HP ","desc":"Zvýšení výkonu motoru (chiptuning) vozidla Lancia Ypsilon 1.2 8v - 69 HP je možné z původních 48 kW (66 HP) až na 53 kW (74 HP) a nárůst točivého momentu až na 109 Nm.,Maximální rychlost se po úpravě zvýší o + 1 KM/H a kombinovaná spotřeba se sníží v průměru o -0,30 L / 100 KM.","imgUrl":"./previews/ypsilon___.png","fullDesc":"Níže naleznete parametry před a po úpravě Standard pro vozidlo: Lancia Ypsilon 1.2 8v - 69 HP. Modelová řada vyráběná od roku 2011. Úprava tohoto modelu se provádí přes diagnostickou zásuvku. Řídící jednotka motoru od společnosti Magneti Marelli. Typ řídící jednotky 9GF. Předpokládaná doba úpravy tohoto modelu je 1 - 2 hodiny.","numbers":["Výkon HP","66 HP","74 HP","Výkon kW","48 kW","53 kW","Točivý moment Nm","-","+12 Nm","Maximální rychlost","","+ 1 KM/H","Spotřeba město","","-0,20 L / 100 KM","Kombinovaná spotřeba","","-0,20 L / 100 KM","Spotřeba mimo město","","-0,10 L / 100 KM"],"chartPower":"./chartPower/ypsilon___1186065.png","chartTorque":""},{"id":"z___1186084","fullName":"ChipTuning - Lancia Z 2.0 JTD - 110 HP ","desc":"Zvýšení výkonu motoru (chiptuning) vozidla Lancia Z 2.0 JTD - 110 HP je možné z původních 76 kW (105 HP) až na 106 kW (147 HP) a nárůst točivého momentu až na 364 Nm.,Maximální rychlost se po úpravě zvýší o + 5 KM/H a kombinovaná spotřeba se sníží v průměru o -0,50 L / 100 KM.","imgUrl":"./previews/z___.png","fullDesc":"Níže naleznete parametry před a po úpravě Standard pro vozidlo: Lancia Z 2.0 JTD - 110 HP. Úprava tohoto modelu se provádí přes diagnostickou zásuvku. Řídící jednotka motoru od společnosti Bosch. Typ řídící jednotky EDC15C2. Předpokládaná doba úpravy tohoto modelu je 1 - 2 hodiny.","numbers":["Výkon HP","105 HP","137 HP","Výkon kW","76 kW","99 kW","Točivý moment Nm","-","+76 Nm","Maximální rychlost","","+ 3 KM/H","Spotřeba město","","-0,30 L / 100 KM","Kombinovaná spotřeba","","-0,25 L / 100 KM","Spotřeba mimo město","","-0,20 L / 100 KM"],"chartPower":"./chartPower/z___1186084.png","chartTorque":""}]