[{"id":"es_xz10_axza10_1186736","fullName":"ChipTuning - Lexus ES ES250 2.5 VVT-iE 16v CVT - 207 HP ","desc":"Zvýšení výkonu motoru (chiptuning) vozidla Lexus ES ES250 2.5 VVT-iE 16v CVT - 207 HP je možné z původních 157 kW (212 HP) až na 172 kW (235 HP) a nárůst točivého momentu ze 248 Nm až na 277 Nm.,Maximální rychlost se po úpravě zvýší o + 3 KM/H a kombinovaná spotřeba se sníží v průměru o -0,60 L / 100 KM.","imgUrl":"./previews/es_xz10_axza10_.png","fullDesc":"Níže naleznete parametry před a po úpravě Standard pro vozidlo: Lexus ES ES250 2.5 VVT-iE 16v CVT - 207 HP. Modelová řada AXZA10, vyráběná od roku 2018. Úprava tohoto modelu se provádí přes diagnostickou zásuvku. Řídící jednotka motoru od společnosti Denso. Typ řídící jednotky R7F701202. Předpokládaná doba úpravy tohoto modelu je 1 - 2 hodiny.","numbers":["Výkon HP","212 HP","235 HP","Výkon kW","157 kW","172 kW","Točivý moment Nm","248 Nm","277 Nm","Maximální rychlost","","+ 3 KM/H","Spotřeba město","","-0,40 L / 100 KM","Kombinovaná spotřeba","","-0,30 L / 100 KM","Spotřeba mimo město","","-0,20 L / 100 KM"],"chartPower":"./chartPower/es_xz10_axza10_1186736.png","chartTorque":"./chartTorque/es_xz10_axza10_1186736.png"},{"id":"es_xz10_axza10_1186739","fullName":"ChipTuning - Lexus ES ES260 2.5 VVT-iE 16v CVT - 207 HP ","desc":"Zvýšení výkonu motoru (chiptuning) vozidla Lexus ES ES260 2.5 VVT-iE 16v CVT - 207 HP je možné z původních 151 kW (206 HP) až na 166 kW (229 HP) a nárůst točivého momentu ze 242 Nm až na 271 Nm.,Maximální rychlost se po úpravě zvýší o + 3 KM/H a kombinovaná spotřeba se sníží v průměru o -0,60 L / 100 KM.","imgUrl":"./previews/es_xz10_axza10_.png","fullDesc":"Níže naleznete parametry před a po úpravě Standard pro vozidlo: Lexus ES ES260 2.5 VVT-iE 16v CVT - 207 HP. Modelová řada AXZA10, vyráběná od roku 2018. Úprava tohoto modelu se provádí přes diagnostickou zásuvku. Řídící jednotka motoru od společnosti Denso. Typ řídící jednotky R7F701202. Předpokládaná doba úpravy tohoto modelu je 1 - 2 hodiny.","numbers":["Výkon HP","206 HP","229 HP","Výkon kW","151 kW","166 kW","Točivý moment Nm","242 Nm","271 Nm","Maximální rychlost","","+ 3 KM/H","Spotřeba město","","-0,40 L / 100 KM","Kombinovaná spotřeba","","-0,30 L / 100 KM","Spotřeba mimo město","","-0,20 L / 100 KM"],"chartPower":"./chartPower/es_xz10_axza10_1186739.png","chartTorque":"./chartTorque/es_xz10_axza10_1186739.png"},{"id":"es_xz10_axza10_1186742","fullName":"ChipTuning - Lexus ES ES300h 2.5 VVT-iE Hybrid 16v E-CVT - 222 HP ","desc":"Zvýšení výkonu motoru (chiptuning) vozidla Lexus ES ES300h 2.5 VVT-iE Hybrid 16v E-CVT - 222 HP je možné z původních 161 kW (220 HP) až na 177 kW (244 HP) a nárůst točivého momentu ze 277 Nm až na 310 Nm.,Maximální rychlost se po úpravě zvýší o + 3 KM/H a kombinovaná spotřeba se sníží v průměru o -0,60 L / 100 KM.","imgUrl":"./previews/es_xz10_axza10_.png","fullDesc":"Níže naleznete parametry před a po úpravě Standard pro vozidlo: Lexus ES ES300h 2.5 VVT-iE Hybrid 16v E-CVT - 222 HP. Modelová řada AXZA10, vyráběná od roku 2018. Úprava tohoto modelu se provádí přes diagnostickou zásuvku. Řídící jednotka motoru od společnosti Denso. Typ řídící jednotky R7F701202. Předpokládaná doba úpravy tohoto modelu je 1 - 2 hodiny.","numbers":["Výkon HP","220 HP","244 HP","Výkon kW","161 kW","177 kW","Točivý moment Nm","277 Nm","310 Nm","Maximální rychlost","","+ 3 KM/H","Spotřeba město","","-0,40 L / 100 KM","Kombinovaná spotřeba","","-0,30 L / 100 KM","Spotřeba mimo město","","-0,20 L / 100 KM"],"chartPower":"./chartPower/es_xz10_axza10_1186742.png","chartTorque":"./chartTorque/es_xz10_axza10_1186742.png"},{"id":"es_xz10_axzh10_1186745","fullName":"ChipTuning - Lexus ES ES300h 2.5 VVT-iE Hybrid 16v E-CVT - 178 HP ","desc":"Zvýšení výkonu motoru (chiptuning) vozidla Lexus ES ES300h 2.5 VVT-iE Hybrid 16v E-CVT - 178 HP je možné z původních 126 kW (173 HP) až na 139 kW (193 HP) a nárůst točivého momentu ze 216 Nm až na 243 Nm.,Maximální rychlost se po úpravě zvýší o + 3 KM/H a kombinovaná spotřeba se sníží v průměru o -0,60 L / 100 KM.","imgUrl":"./previews/es_xz10_axzh10_.png","fullDesc":"Níže naleznete parametry před a po úpravě Standard pro vozidlo: Lexus ES ES300h 2.5 VVT-iE Hybrid 16v E-CVT - 178 HP. Modelová řada AXZH10, vyráběná od roku 2018. Úprava tohoto modelu se provádí přes diagnostickou zásuvku. Řídící jednotka motoru od společnosti Denso. Typ řídící jednotky R7F701202. Předpokládaná doba úpravy tohoto modelu je 1 - 2 hodiny.","numbers":["Výkon HP","173 HP","193 HP","Výkon kW","126 kW","139 kW","Točivý moment Nm","216 Nm","243 Nm","Maximální rychlost","","+ 3 KM/H","Spotřeba město","","-0,40 L / 100 KM","Kombinovaná spotřeba","","-0,30 L / 100 KM","Spotřeba mimo město","","-0,20 L / 100 KM"],"chartPower":"./chartPower/es_xz10_axzh10_1186745.png","chartTorque":"./chartTorque/es_xz10_axzh10_1186745.png"},{"id":"es__gsv40_1186748","fullName":"ChipTuning - Lexus ES ES350 3.5 V6 VVT-i - 276 HP ","desc":"Zvýšení výkonu motoru (chiptuning) vozidla Lexus ES ES350 3.5 V6 VVT-i - 276 HP je možné z původních 200 kW (273 HP) až na 220 kW (301 HP) a nárůst točivého momentu ze 343 Nm až na 385 Nm.,Maximální rychlost se po úpravě zvýší o + 5 KM/H a kombinovaná spotřeba se sníží v průměru o -0,70 L / 100 KM.","imgUrl":"./previews/es__gsv40_.png","fullDesc":"Níže naleznete parametry před a po úpravě Standard pro vozidlo: Lexus ES ES350 3.5 V6 VVT-i - 276 HP. Modelová řada GSV40, vyráběná od roku 2006. Řídící jednotka motoru od společnosti nebo Denso. Typ řídící jednotky nebo NA1. Předpokládaná doba úpravy tohoto modelu je 2 - 4 hodiny.","numbers":["Výkon HP","273 HP","301 HP","Výkon kW","200 kW","220 kW","Točivý moment Nm","343 Nm","385 Nm","Maximální rychlost","","+ 5 KM/H","Spotřeba město","","-0,50 L / 100 KM","Kombinovaná spotřeba","","-0,40 L / 100 KM","Spotřeba mimo město","","-0,30 L / 100 KM"],"chartPower":"./chartPower/es__gsv40_1186748.png","chartTorque":"./chartTorque/es__gsv40_1186748.png"},{"id":"es__xv70_1186755","fullName":"ChipTuning - Lexus ES ES350 3.5 V6 VVT-i - 305 HP ","desc":"Zvýšení výkonu motoru (chiptuning) vozidla Lexus ES ES350 3.5 V6 VVT-i - 305 HP je možné z původních 220 kW (301 HP) až na 242 kW (332 HP) a nárůst točivého momentu ze 358 Nm až na 401 Nm.,Maximální rychlost se po úpravě zvýší o + 5 KM/H a kombinovaná spotřeba se sníží v průměru o -0,70 L / 100 KM.","imgUrl":"./previews/es__xv70_.png","fullDesc":"Níže naleznete parametry před a po úpravě Standard pro vozidlo: Lexus ES ES350 3.5 V6 VVT-i - 305 HP. Modelová řada XV70, vyráběná od roku 2018. Úprava tohoto modelu se provádí přes diagnostickou zásuvku. Řídící jednotka motoru od společnosti Denso. Typ řídící jednotky 89661-04xxx (CAN). Předpokládaná doba úpravy tohoto modelu je 1 - 2 hodiny.","numbers":["Výkon HP","301 HP","332 HP","Výkon kW","220 kW","242 kW","Točivý moment Nm","358 Nm","401 Nm","Maximální rychlost","","+ 5 KM/H","Spotřeba město","","-0,50 L / 100 KM","Kombinovaná spotřeba","","-0,40 L / 100 KM","Spotřeba mimo město","","-0,30 L / 100 KM"],"chartPower":"./chartPower/es__xv70_1186755.png","chartTorque":"./chartTorque/es__xv70_1186755.png"},{"id":"gs__grl12_1186756","fullName":"ChipTuning - Lexus GS GS350 3.5 V6 VVT-i - 316 HP ","desc":"Zvýšení výkonu motoru (chiptuning) vozidla Lexus GS GS350 3.5 V6 VVT-i - 316 HP je možné z původních 230 kW (314 HP) až na 253 kW (346 HP) a nárůst točivého momentu ze 378 Nm až na 424 Nm.,Maximální rychlost se po úpravě zvýší o + 5 KM/H a kombinovaná spotřeba se sníží v průměru o -0,70 L / 100 KM.","imgUrl":"./previews/gs__grl12_.png","fullDesc":"Níže naleznete parametry před a po úpravě Standard pro vozidlo: Lexus GS GS350 3.5 V6 VVT-i - 316 HP. Modelová řada GRL12, vyráběná od roku 2015. Úprava tohoto modelu se provádí přes diagnostickou zásuvku. Řídící jednotka motoru od společnosti Denso. Typ řídící jednotky 89661-04xxx (CAN). Předpokládaná doba úpravy tohoto modelu je 1 - 2 hodiny.","numbers":["Výkon HP","314 HP","346 HP","Výkon kW","230 kW","253 kW","Točivý moment Nm","378 Nm","424 Nm","Maximální rychlost","","+ 5 KM/H","Spotřeba město","","-0,50 L / 100 KM","Kombinovaná spotřeba","","-0,40 L / 100 KM","Spotřeba mimo město","","-0,30 L / 100 KM"],"chartPower":"./chartPower/gs__grl12_1186756.png","chartTorque":"./chartTorque/gs__grl12_1186756.png"},{"id":"gs__grl16_1186760","fullName":"ChipTuning - Lexus GS GS350 3.5 V6 VVT-i - 316 HP ","desc":"Zvýšení výkonu motoru (chiptuning) vozidla Lexus GS GS350 3.5 V6 VVT-i - 316 HP je možné z původních 236 kW (320 HP) až na 259 kW (352 HP) a nárůst točivého momentu ze 384 Nm až na 430 Nm.,Maximální rychlost se po úpravě zvýší o + 5 KM/H a kombinovaná spotřeba se sníží v průměru o -0,70 L / 100 KM.","imgUrl":"./previews/gs__grl16_.png","fullDesc":"Níže naleznete parametry před a po úpravě Standard pro vozidlo: Lexus GS GS350 3.5 V6 VVT-i - 316 HP. Modelová řada GRL16, vyráběná od roku 2015. Úprava tohoto modelu se provádí přes diagnostickou zásuvku. Řídící jednotka motoru od společnosti Denso. Typ řídící jednotky 89661-04xxx (CAN). Předpokládaná doba úpravy tohoto modelu je 1 - 2 hodiny.","numbers":["Výkon HP","320 HP","352 HP","Výkon kW","236 kW","259 kW","Točivý moment Nm","384 Nm","430 Nm","Maximální rychlost","","+ 5 KM/H","Spotřeba město","","-0,50 L / 100 KM","Kombinovaná spotřeba","","-0,40 L / 100 KM","Spotřeba mimo město","","-0,30 L / 100 KM"],"chartPower":"./chartPower/gs__grl16_1186760.png","chartTorque":"./chartTorque/gs__grl16_1186760.png"},{"id":"gs__grs190_1186766","fullName":"ChipTuning - Lexus GS GS300 3.0 V6 VVT-i - 231 HP ","desc":"Zvýšení výkonu motoru (chiptuning) vozidla Lexus GS GS300 3.0 V6 VVT-i - 231 HP je možné z původních 168 kW (229 HP) až na 185 kW (254 HP) a nárůst točivého momentu ze 298 Nm až na 334 Nm.,Maximální rychlost se po úpravě zvýší o + 5 KM/H a kombinovaná spotřeba se sníží v průměru o -0,70 L / 100 KM.","imgUrl":"./previews/gs__grs190_.png","fullDesc":"Níže naleznete parametry před a po úpravě Standard pro vozidlo: Lexus GS GS300 3.0 V6 VVT-i - 231 HP. Modelová řada GRS190, vyráběná od roku 2007. Úprava tohoto modelu se provádí přes diagnostickou zásuvku. Řídící jednotka motoru od společnosti Denso. Typ řídící jednotky 275036-8730 (CAN). Předpokládaná doba úpravy tohoto modelu je 1 - 2 hodiny.","numbers":["Výkon HP","229 HP","254 HP","Výkon kW","168 kW","185 kW","Točivý moment Nm","298 Nm","334 Nm","Maximální rychlost","","+ 5 KM/H","Spotřeba město","","-0,50 L / 100 KM","Kombinovaná spotřeba","","-0,40 L / 100 KM","Spotřeba mimo město","","-0,30 L / 100 KM"],"chartPower":"./chartPower/gs__grs190_1186766.png","chartTorque":"./chartTorque/gs__grs190_1186766.png"},{"id":"gs__grs190_1186764","fullName":"ChipTuning - Lexus GS GS300 3.0 V6 VVT-i - 256 HP ","desc":"Zvýšení výkonu motoru (chiptuning) vozidla Lexus GS GS300 3.0 V6 VVT-i - 256 HP je možné z původních 186 kW (254 HP) až na 205 kW (282 HP) a nárůst točivého momentu ze 308 Nm až na 345 Nm.,Maximální rychlost se po úpravě zvýší o + 5 KM/H a kombinovaná spotřeba se sníží v průměru o -0,70 L / 100 KM.","imgUrl":"./previews/gs__grs190_.png","fullDesc":"Níže naleznete parametry před a po úpravě Standard pro vozidlo: Lexus GS GS300 3.0 V6 VVT-i - 256 HP. Modelová řada GRS190, vyráběná od roku 2005. Úprava tohoto modelu se provádí přes diagnostickou zásuvku. Řídící jednotka motoru od společnosti Denso. Typ řídící jednotky 275036-8730 (CAN). Předpokládaná doba úpravy tohoto modelu je 1 - 2 hodiny.","numbers":["Výkon HP","254 HP","282 HP","Výkon kW","186 kW","205 kW","Točivý moment Nm","308 Nm","345 Nm","Maximální rychlost","","+ 5 KM/H","Spotřeba město","","-0,50 L / 100 KM","Kombinovaná spotřeba","","-0,40 L / 100 KM","Spotřeba mimo město","","-0,30 L / 100 KM"],"chartPower":"./chartPower/gs__grs190_1186764.png","chartTorque":"./chartTorque/gs__grs190_1186764.png"},{"id":"gs__grs191_1186769","fullName":"ChipTuning - Lexus GS GS350 3.5 V6 VVT-i - 307 HP ","desc":"Zvýšení výkonu motoru (chiptuning) vozidla Lexus GS GS350 3.5 V6 VVT-i - 307 HP je možné z původních 225 kW (306 HP) až na 248 kW (337 HP) a nárůst točivého momentu ze 370 Nm až na 415 Nm.,Maximální rychlost se po úpravě zvýší o + 1 KM/H a kombinovaná spotřeba se sníží v průměru o -0,30 L / 100 KM.","imgUrl":"./previews/gs__grs191_.png","fullDesc":"Níže naleznete parametry před a po úpravě Standard pro vozidlo: Lexus GS GS350 3.5 V6 VVT-i - 307 HP. Modelová řada GRS191, vyráběná od roku 2007. Úprava tohoto modelu se provádí přes diagnostickou zásuvku. Řídící jednotka motoru od společnosti Denso. Typ řídící jednotky 275036-1470 (CAN). Předpokládaná doba úpravy tohoto modelu je 1 - 2 hodiny.","numbers":["Výkon HP","306 HP","337 HP","Výkon kW","225 kW","248 kW","Točivý moment Nm","370 Nm","415 Nm","Maximální rychlost","","+ 1 KM/H","Spotřeba město","","-0,20 L / 100 KM","Kombinovaná spotřeba","","-0,20 L / 100 KM","Spotřeba mimo město","","-0,10 L / 100 KM"],"chartPower":"./chartPower/gs__grs191_1186769.png","chartTorque":"./chartTorque/gs__grs191_1186769.png"},{"id":"gs__grs196_1186769","fullName":"ChipTuning - Lexus GS GS350 3.5 V6 VVT-i - 307 HP ","desc":"Zvýšení výkonu motoru (chiptuning) vozidla Lexus GS GS350 3.5 V6 VVT-i - 307 HP je možné z původních 230 kW (311 HP) až na 253 kW (342 HP) a nárůst točivého momentu ze 375 Nm až na 420 Nm.,Maximální rychlost se po úpravě zvýší o + 1 KM/H a kombinovaná spotřeba se sníží v průměru o -0,30 L / 100 KM.","imgUrl":"./previews/gs__grs196_.png","fullDesc":"Níže naleznete parametry před a po úpravě Standard pro vozidlo: Lexus GS GS350 3.5 V6 VVT-i - 307 HP. Modelová řada GRS191, vyráběná od roku 2007. Úprava tohoto modelu se provádí přes diagnostickou zásuvku. Řídící jednotka motoru od společnosti Denso. Typ řídící jednotky 275036-1470 (CAN). Předpokládaná doba úpravy tohoto modelu je 1 - 2 hodiny.","numbers":["Výkon HP","311 HP","342 HP","Výkon kW","230 kW","253 kW","Točivý moment Nm","375 Nm","420 Nm","Maximální rychlost","","+ 1 KM/H","Spotřeba město","","-0,20 L / 100 KM","Kombinovaná spotřeba","","-0,20 L / 100 KM","Spotřeba mimo město","","-0,10 L / 100 KM"],"chartPower":"./chartPower/gs__grs196_1186769.png","chartTorque":"./chartTorque/gs__grs196_1186769.png"},{"id":"gs__gws191_1186780","fullName":"ChipTuning - Lexus GS GS450h 3.5 V6 Hybrid - 344 HP ","desc":"Zvýšení výkonu motoru (chiptuning) vozidla Lexus GS GS450h 3.5 V6 Hybrid - 344 HP je možné z původních 255 kW (346 HP) až na 280 kW (380 HP) a nárůst točivého momentu ze 492 Nm až na 546 Nm.,Maximální rychlost se po úpravě zvýší o + 1 KM/H a kombinovaná spotřeba se sníží v průměru o -0,30 L / 100 KM.","imgUrl":"./previews/gs__gws191_.png","fullDesc":"Níže naleznete parametry před a po úpravě Standard pro vozidlo: Lexus GS GS450h 3.5 V6 Hybrid - 344 HP. Modelová řada GWS191, vyráběná od roku 2006. Úprava tohoto modelu se provádí přes diagnostickou zásuvku. Řídící jednotka motoru od společnosti Denso. Typ řídící jednotky 275036-2440 (CAN). Předpokládaná doba úpravy tohoto modelu je 1 - 2 hodiny.","numbers":["Výkon HP","346 HP","380 HP","Výkon kW","255 kW","280 kW","Točivý moment Nm","492 Nm","546 Nm","Maximální rychlost","","+ 1 KM/H","Spotřeba město","","-0,20 L / 100 KM","Kombinovaná spotřeba","","-0,20 L / 100 KM","Spotřeba mimo město","","-0,10 L / 100 KM"],"chartPower":"./chartPower/gs__gws191_1186780.png","chartTorque":"./chartTorque/gs__gws191_1186780.png"},{"id":"gx__urj150_1186787","fullName":"ChipTuning - Lexus GX GX460 4.6 V8 VVT-i - 305 HP ","desc":"Zvýšení výkonu motoru (chiptuning) vozidla Lexus GX GX460 4.6 V8 VVT-i - 305 HP je možné z původních 223 kW (304 HP) až na 245 kW (335 HP) a nárůst točivého momentu ze 445 Nm až na 494 Nm.,Maximální rychlost se po úpravě zvýší o + 1 KM/H a kombinovaná spotřeba se sníží v průměru o -0,30 L / 100 KM.","imgUrl":"./previews/gx__urj150_.png","fullDesc":"Níže naleznete parametry před a po úpravě Standard pro vozidlo: Lexus GX GX460 4.6 V8 VVT-i - 305 HP. Modelová řada URJ150, vyráběná od roku 2009. Řídící jednotka motoru od společnosti Denso. Typ řídící jednotky 275036-3410. Předpokládaná doba úpravy tohoto modelu je 2 - 4 hodiny.","numbers":["Výkon HP","304 HP","335 HP","Výkon kW","223 kW","245 kW","Točivý moment Nm","445 Nm","494 Nm","Maximální rychlost","","+ 1 KM/H","Spotřeba město","","-0,20 L / 100 KM","Kombinovaná spotřeba","","-0,20 L / 100 KM","Spotřeba mimo město","","-0,10 L / 100 KM"],"chartPower":"./chartPower/gx__urj150_1186787.png","chartTorque":"./chartTorque/gx__urj150_1186787.png"},{"id":"is__ale20_1186790","fullName":"ChipTuning - Lexus IS IS220d 2.2 16v D-CAT - 177 HP ","desc":"Zvýšení výkonu motoru (chiptuning) vozidla Lexus IS IS220d 2.2 16v D-CAT - 177 HP je možné z původních 133 kW (180 HP) až na 168 kW (228 HP) a nárůst točivého momentu ze 403 Nm až na 554 Nm.,Maximální rychlost se po úpravě zvýší o + 11 KM/H a kombinovaná spotřeba se sníží v průměru o -0,90 L / 100 KM.","imgUrl":"./previews/is__ale20_.png","fullDesc":"Níže naleznete parametry před a po úpravě Standard pro vozidlo: Lexus IS IS220d 2.2 16v D-CAT - 177 HP. Modelová řada ALE20, vyráběná od roku 2005. Úprava tohoto modelu se provádí přes diagnostickou zásuvku. Řídící jednotka motoru od společnosti Denso. Typ řídící jednotky 175822-773 (CAN). Předpokládaná doba úpravy tohoto modelu je 1 - 2 hodiny.","numbers":["Výkon HP","180 HP","217 HP","Výkon kW","133 kW","160 kW","Točivý moment Nm","403 Nm","511 Nm","Maximální rychlost","","+ 8 KM/H","Spotřeba město","","-0,60 L / 100 KM","Kombinovaná spotřeba","","-0,50 L / 100 KM","Spotřeba mimo město","","-0,40 L / 100 KM"],"chartPower":"./chartPower/is__ale20_1186790.png","chartTorque":"./chartTorque/is__ale20_1186790.png"},{"id":"is__gse20_1186798","fullName":"ChipTuning - Lexus IS IS250 2.5 V6 VVT-i - 208 HP ","desc":"Zvýšení výkonu motoru (chiptuning) vozidla Lexus IS IS250 2.5 V6 VVT-i - 208 HP je možné z původních 154 kW (209 HP) až na 169 kW (232 HP) a nárůst točivého momentu ze 253 Nm až na 283 Nm.,Maximální rychlost se po úpravě zvýší o + 3 KM/H a kombinovaná spotřeba se sníží v průměru o -0,60 L / 100 KM.","imgUrl":"./previews/is__gse20_.png","fullDesc":"Níže naleznete parametry před a po úpravě Standard pro vozidlo: Lexus IS IS250 2.5 V6 VVT-i - 208 HP. Modelová řada GSE20, vyráběná od roku 2005. Úprava tohoto modelu se provádí přes diagnostickou zásuvku. Řídící jednotka motoru od společnosti Denso. Typ řídící jednotky 275036-8730 (CAN). Předpokládaná doba úpravy tohoto modelu je 1 - 2 hodiny.","numbers":["Výkon HP","209 HP","232 HP","Výkon kW","154 kW","169 kW","Točivý moment Nm","253 Nm","283 Nm","Maximální rychlost","","+ 3 KM/H","Spotřeba město","","-0,40 L / 100 KM","Kombinovaná spotřeba","","-0,30 L / 100 KM","Spotřeba mimo město","","-0,20 L / 100 KM"],"chartPower":"./chartPower/is__gse20_1186798.png","chartTorque":"./chartTorque/is__gse20_1186798.png"},{"id":"is__gse21_1186807","fullName":"ChipTuning - Lexus IS IS350 3.5 V6 VVT-i - 310 HP ","desc":"Zvýšení výkonu motoru (chiptuning) vozidla Lexus IS IS350 3.5 V6 VVT-i - 310 HP je možné z původních 224 kW (306 HP) až na 247 kW (337 HP) a nárůst točivého momentu ze 371 Nm až na 416 Nm.,Maximální rychlost se po úpravě zvýší o + 1 KM/H a kombinovaná spotřeba se sníží v průměru o -0,30 L / 100 KM.","imgUrl":"./previews/is__gse21_.png","fullDesc":"Níže naleznete parametry před a po úpravě Standard pro vozidlo: Lexus IS IS350 3.5 V6 VVT-i - 310 HP. Modelová řada GSE21, vyráběná od roku 2005. Úprava tohoto modelu se provádí přes diagnostickou zásuvku. Řídící jednotka motoru od společnosti Denso. Typ řídící jednotky 275036-8730 (CAN). Předpokládaná doba úpravy tohoto modelu je 1 - 2 hodiny.","numbers":["Výkon HP","306 HP","337 HP","Výkon kW","224 kW","247 kW","Točivý moment Nm","371 Nm","416 Nm","Maximální rychlost","","+ 1 KM/H","Spotřeba město","","-0,20 L / 100 KM","Kombinovaná spotřeba","","-0,20 L / 100 KM","Spotřeba mimo město","","-0,10 L / 100 KM"],"chartPower":"./chartPower/is__gse21_1186807.png","chartTorque":"./chartTorque/is__gse21_1186807.png"},{"id":"is__gse31_1186816","fullName":"ChipTuning - Lexus IS IS350 3.5 V6 VVT-i - 310 HP ","desc":"Zvýšení výkonu motoru (chiptuning) vozidla Lexus IS IS350 3.5 V6 VVT-i - 310 HP je možné z původních 233 kW (315 HP) až na 256 kW (346 HP) a nárůst točivého momentu ze 380 Nm až na 425 Nm.,Maximální rychlost se po úpravě zvýší o + 1 KM/H a kombinovaná spotřeba se sníží v průměru o -0,30 L / 100 KM.","imgUrl":"./previews/is__gse31_.png","fullDesc":"Níže naleznete parametry před a po úpravě Standard pro vozidlo: Lexus IS IS350 3.5 V6 VVT-i - 310 HP. Modelová řada GSE31, vyráběná od roku 2013. Úprava tohoto modelu se provádí přes diagnostickou zásuvku. Řídící jednotka motoru od společnosti Denso. Typ řídící jednotky 275036-3410 (CAN). Předpokládaná doba úpravy tohoto modelu je 1 - 2 hodiny.","numbers":["Výkon HP","315 HP","346 HP","Výkon kW","233 kW","256 kW","Točivý moment Nm","380 Nm","425 Nm","Maximální rychlost","","+ 1 KM/H","Spotřeba město","","-0,20 L / 100 KM","Kombinovaná spotřeba","","-0,20 L / 100 KM","Spotřeba mimo město","","-0,10 L / 100 KM"],"chartPower":"./chartPower/is__gse31_1186816.png","chartTorque":"./chartTorque/is__gse31_1186816.png"},{"id":"is__use20_1186819","fullName":"ChipTuning - Lexus IS IS-F 5.0 V8 - 423 HP ","desc":"Zvýšení výkonu motoru (chiptuning) vozidla Lexus IS IS-F 5.0 V8 - 423 HP je možné z původních 312 kW (424 HP) až na 343 kW (466 HP) a nárůst točivého momentu ze 504 Nm až na 559 Nm.,Maximální rychlost se po úpravě zvýší o + 7 KM/H a kombinovaná spotřeba se sníží v průměru o -0,70 L / 100 KM.","imgUrl":"./previews/is__use20_.png","fullDesc":"Níže naleznete parametry před a po úpravě Standard pro vozidlo: Lexus IS IS-F 5.0 V8 - 423 HP. Modelová řada USE20, vyráběná od roku 2007. Úprava tohoto modelu se provádí přes diagnostickou zásuvku. Řídící jednotka motoru od společnosti Denso. Typ řídící jednotky 275036-3410. Předpokládaná doba úpravy tohoto modelu je 1 - 2 hodiny.","numbers":["Výkon HP","424 HP","466 HP","Výkon kW","312 kW","343 kW","Točivý moment Nm","504 Nm","559 Nm","Maximální rychlost","","+ 7 KM/H","Spotřeba město","","-0,50 L / 100 KM","Kombinovaná spotřeba","","-0,40 L / 100 KM","Spotřeba mimo město","","-0,30 L / 100 KM"],"chartPower":"./chartPower/is__use20_1186819.png","chartTorque":"./chartTorque/is__use20_1186819.png"},{"id":"is__xe30_1186825","fullName":"ChipTuning - Lexus IS IS350 3.5 V6 VVT-i - 316 HP ","desc":"Zvýšení výkonu motoru (chiptuning) vozidla Lexus IS IS350 3.5 V6 VVT-i - 316 HP je možné z původních 237 kW (321 HP) až na 260 kW (353 HP) a nárůst točivého momentu ze 367 Nm až na 410 Nm.,Maximální rychlost se po úpravě zvýší o + 5 KM/H a kombinovaná spotřeba se sníží v průměru o -0,70 L / 100 KM.","imgUrl":"./previews/is__xe30_.png","fullDesc":"Níže naleznete parametry před a po úpravě Standard pro vozidlo: Lexus IS IS350 3.5 V6 VVT-i - 316 HP. Modelová řada XE30, vyráběná od roku 2018. Úprava tohoto modelu se provádí přes diagnostickou zásuvku. Řídící jednotka motoru od společnosti Denso. Typ řídící jednotky 89661-04xxx (CAN). Předpokládaná doba úpravy tohoto modelu je 1 - 2 hodiny.","numbers":["Výkon HP","321 HP","353 HP","Výkon kW","237 kW","260 kW","Točivý moment Nm","367 Nm","410 Nm","Maximální rychlost","","+ 5 KM/H","Spotřeba město","","-0,50 L / 100 KM","Kombinovaná spotřeba","","-0,40 L / 100 KM","Spotřeba mimo město","","-0,30 L / 100 KM"],"chartPower":"./chartPower/is__xe30_1186825.png","chartTorque":"./chartTorque/is__xe30_1186825.png"},{"id":"ls__ucf30_1186826","fullName":"ChipTuning - Lexus LS LS430 4.3 V8 VVT-i - 294 HP ","desc":"Zvýšení výkonu motoru (chiptuning) vozidla Lexus LS LS430 4.3 V8 VVT-i - 294 HP je možné z původních 214 kW (292 HP) až na 236 kW (321 HP) a nárůst točivého momentu ze 432 Nm až na 480 Nm.,Maximální rychlost se po úpravě zvýší o + 7 KM/H a kombinovaná spotřeba se sníží v průměru o -0,70 L / 100 KM.","imgUrl":"./previews/ls__ucf30_.png","fullDesc":"Níže naleznete parametry před a po úpravě Standard pro vozidlo: Lexus LS LS430 4.3 V8 VVT-i - 294 HP. Modelová řada UCF30, vyráběná od roku 2001. Úprava tohoto modelu se provádí přes diagnostickou zásuvku. Řídící jednotka motoru od společnosti Denso. Typ řídící jednotky 275036-7461 (CAN_1) nebo 275036-8730. Předpokládaná doba úpravy tohoto modelu je 1 - 2 hodiny.","numbers":["Výkon HP","292 HP","321 HP","Výkon kW","214 kW","236 kW","Točivý moment Nm","432 Nm","480 Nm","Maximální rychlost","","+ 7 KM/H","Spotřeba město","","-0,50 L / 100 KM","Kombinovaná spotřeba","","-0,40 L / 100 KM","Spotřeba mimo město","","-0,30 L / 100 KM"],"chartPower":"./chartPower/ls__ucf30_1186826.png","chartTorque":"./chartTorque/ls__ucf30_1186826.png"},{"id":"ls__usf40_1186838","fullName":"ChipTuning - Lexus LS LS460 4.6 V8 VVT-i - 390 HP ","desc":"Zvýšení výkonu motoru (chiptuning) vozidla Lexus LS LS460 4.6 V8 VVT-i - 390 HP je možné z původních 287 kW (390 HP) až na 316 kW (429 HP) a nárůst točivého momentu ze 500 Nm až na 555 Nm.,Maximální rychlost se po úpravě zvýší o + 7 KM/H a kombinovaná spotřeba se sníží v průměru o -0,70 L / 100 KM.","imgUrl":"./previews/ls__usf40_.png","fullDesc":"Níže naleznete parametry před a po úpravě Standard pro vozidlo: Lexus LS LS460 4.6 V8 VVT-i - 390 HP. Modelová řada USF40, vyráběná od roku 2006. Úprava tohoto modelu se provádí přes diagnostickou zásuvku. Řídící jednotka motoru od společnosti Denso. Typ řídící jednotky 275036-3410 (CAN). Předpokládaná doba úpravy tohoto modelu je 1 - 2 hodiny.","numbers":["Výkon HP","390 HP","429 HP","Výkon kW","287 kW","316 kW","Točivý moment Nm","500 Nm","555 Nm","Maximální rychlost","","+ 7 KM/H","Spotřeba město","","-0,50 L / 100 KM","Kombinovaná spotřeba","","-0,40 L / 100 KM","Spotřeba mimo město","","-0,30 L / 100 KM"],"chartPower":"./chartPower/ls__usf40_1186838.png","chartTorque":"./chartTorque/ls__usf40_1186838.png"},{"id":"ls__usf41_1186840","fullName":"ChipTuning - Lexus LS LS460 L 4.6 V8 VVT-i - 390 HP ","desc":"Zvýšení výkonu motoru (chiptuning) vozidla Lexus LS LS460 L 4.6 V8 VVT-i - 390 HP je možné z původních 289 kW (392 HP) až na 318 kW (431 HP) a nárůst točivého momentu ze 502 Nm až na 557 Nm.,Maximální rychlost se po úpravě zvýší o + 7 KM/H a kombinovaná spotřeba se sníží v průměru o -0,70 L / 100 KM.","imgUrl":"./previews/ls__usf41_.png","fullDesc":"Níže naleznete parametry před a po úpravě Standard pro vozidlo: Lexus LS LS460 L 4.6 V8 VVT-i - 390 HP. Modelová řada USF41, vyráběná od roku 2006. Úprava tohoto modelu se provádí přes diagnostickou zásuvku. Řídící jednotka motoru od společnosti Denso. Typ řídící jednotky 275036-3410 (CAN). Předpokládaná doba úpravy tohoto modelu je 1 - 2 hodiny.","numbers":["Výkon HP","392 HP","431 HP","Výkon kW","289 kW","318 kW","Točivý moment Nm","502 Nm","557 Nm","Maximální rychlost","","+ 7 KM/H","Spotřeba město","","-0,50 L / 100 KM","Kombinovaná spotřeba","","-0,40 L / 100 KM","Spotřeba mimo město","","-0,30 L / 100 KM"],"chartPower":"./chartPower/ls__usf41_1186840.png","chartTorque":"./chartTorque/ls__usf41_1186840.png"},{"id":"ls__usf45_1186842","fullName":"ChipTuning - Lexus LS LS460 4.6 V8 VVT-i - 390 HP ","desc":"Zvýšení výkonu motoru (chiptuning) vozidla Lexus LS LS460 4.6 V8 VVT-i - 390 HP je možné z původních 291 kW (394 HP) až na 320 kW (433 HP) a nárůst točivého momentu ze 504 Nm až na 559 Nm.,Maximální rychlost se po úpravě zvýší o + 7 KM/H a kombinovaná spotřeba se sníží v průměru o -0,70 L / 100 KM.","imgUrl":"./previews/ls__usf45_.png","fullDesc":"Níže naleznete parametry před a po úpravě Standard pro vozidlo: Lexus LS LS460 4.6 V8 VVT-i - 390 HP. Modelová řada USF45, vyráběná od roku 2008. Úprava tohoto modelu se provádí přes diagnostickou zásuvku. Řídící jednotka motoru od společnosti Denso. Typ řídící jednotky 275036-3410 (CAN). Předpokládaná doba úpravy tohoto modelu je 1 - 2 hodiny.","numbers":["Výkon HP","394 HP","433 HP","Výkon kW","291 kW","320 kW","Točivý moment Nm","504 Nm","559 Nm","Maximální rychlost","","+ 7 KM/H","Spotřeba město","","-0,50 L / 100 KM","Kombinovaná spotřeba","","-0,40 L / 100 KM","Spotřeba mimo město","","-0,30 L / 100 KM"],"chartPower":"./chartPower/ls__usf45_1186842.png","chartTorque":"./chartTorque/ls__usf45_1186842.png"},{"id":"ls__usf46_1186844","fullName":"ChipTuning - Lexus LS LS460 L 4.6 V8 VVT-i - 390 HP ","desc":"Zvýšení výkonu motoru (chiptuning) vozidla Lexus LS LS460 L 4.6 V8 VVT-i - 390 HP je možné z původních 289 kW (392 HP) až na 318 kW (431 HP) a nárůst točivého momentu ze 502 Nm až na 557 Nm.,Maximální rychlost se po úpravě zvýší o + 7 KM/H a kombinovaná spotřeba se sníží v průměru o -0,70 L / 100 KM.","imgUrl":"./previews/ls__usf46_.png","fullDesc":"Níže naleznete parametry před a po úpravě Standard pro vozidlo: Lexus LS LS460 L 4.6 V8 VVT-i - 390 HP. Modelová řada USF46, vyráběná od roku 2008. Úprava tohoto modelu se provádí přes diagnostickou zásuvku. Řídící jednotka motoru od společnosti Denso. Typ řídící jednotky 275036-3410 (CAN). Předpokládaná doba úpravy tohoto modelu je 1 - 2 hodiny.","numbers":["Výkon HP","392 HP","431 HP","Výkon kW","289 kW","318 kW","Točivý moment Nm","502 Nm","557 Nm","Maximální rychlost","","+ 7 KM/H","Spotřeba město","","-0,50 L / 100 KM","Kombinovaná spotřeba","","-0,40 L / 100 KM","Spotřeba mimo město","","-0,30 L / 100 KM"],"chartPower":"./chartPower/ls__usf46_1186844.png","chartTorque":"./chartTorque/ls__usf46_1186844.png"},{"id":"ls__xf50_1186846","fullName":"ChipTuning - Lexus LS LS350 3.5 V6 VVT-i - 322 HP ","desc":"Zvýšení výkonu motoru (chiptuning) vozidla Lexus LS LS350 3.5 V6 VVT-i - 322 HP je možné z původních 238 kW (323 HP) až na 262 kW (355 HP) a nárůst točivého momentu ze 381 Nm až na 427 Nm.,Maximální rychlost se po úpravě zvýší o + 5 KM/H a kombinovaná spotřeba se sníží v průměru o -0,70 L / 100 KM.","imgUrl":"./previews/ls__xf50_.png","fullDesc":"Níže naleznete parametry před a po úpravě Standard pro vozidlo: Lexus LS LS350 3.5 V6 VVT-i - 322 HP. Modelová řada XF50, vyráběná od roku 2017. Úprava tohoto modelu se provádí přes diagnostickou zásuvku. Řídící jednotka motoru od společnosti Denso. Typ řídící jednotky 89661-04xxx (CAN). Předpokládaná doba úpravy tohoto modelu je 1 - 2 hodiny.","numbers":["Výkon HP","323 HP","355 HP","Výkon kW","238 kW","262 kW","Točivý moment Nm","381 Nm","427 Nm","Maximální rychlost","","+ 5 KM/H","Spotřeba město","","-0,50 L / 100 KM","Kombinovaná spotřeba","","-0,40 L / 100 KM","Spotřeba mimo město","","-0,30 L / 100 KM"],"chartPower":"./chartPower/ls__xf50_1186846.png","chartTorque":"./chartTorque/ls__xf50_1186846.png"},{"id":"lx__urj201_1186848","fullName":"ChipTuning - Lexus LX LX570 5.7 V8 VVT-i - 367 HP ","desc":"Zvýšení výkonu motoru (chiptuning) vozidla Lexus LX LX570 5.7 V8 VVT-i - 367 HP je možné z původních 268 kW (365 HP) až na 295 kW (402 HP) a nárůst točivého momentu ze 528 Nm až na 586 Nm.,Maximální rychlost se po úpravě zvýší o + 7 KM/H a kombinovaná spotřeba se sníží v průměru o -0,70 L / 100 KM.","imgUrl":"./previews/lx__urj201_.png","fullDesc":"Níže naleznete parametry před a po úpravě Standard pro vozidlo: Lexus LX LX570 5.7 V8 VVT-i - 367 HP. Modelová řada URJ201, vyráběná od roku 2007. Úprava tohoto modelu se provádí přes diagnostickou zásuvku. Řídící jednotka motoru od společnosti Denso. Typ řídící jednotky 275036-5920 (CAN). Předpokládaná doba úpravy tohoto modelu je 1 - 2 hodiny.","numbers":["Výkon HP","365 HP","402 HP","Výkon kW","268 kW","295 kW","Točivý moment Nm","528 Nm","586 Nm","Maximální rychlost","","+ 7 KM/H","Spotřeba město","","-0,50 L / 100 KM","Kombinovaná spotřeba","","-0,40 L / 100 KM","Spotřeba mimo město","","-0,30 L / 100 KM"],"chartPower":"./chartPower/lx__urj201_1186848.png","chartTorque":"./chartTorque/lx__urj201_1186848.png"},{"id":"nx__agz10_1186852","fullName":"ChipTuning - Lexus NX NX200t 2.0 16v D-4ST - 238 HP ","desc":"Zvýšení výkonu motoru (chiptuning) vozidla Lexus NX NX200t 2.0 16v D-4ST - 238 HP je možné z původních 180 kW (243 HP) až na 228 kW (308 HP) a nárůst točivého momentu ze 355 Nm až na 473 Nm.,Maximální rychlost se po úpravě zvýší o + 9 KM/H a kombinovaná spotřeba se sníží v průměru o -0,70 L / 100 KM.","imgUrl":"./previews/nx__agz10_.png","fullDesc":"Níže naleznete parametry před a po úpravě Standard pro vozidlo: Lexus NX NX200t 2.0 16v D-4ST - 238 HP. Modelová řada AGZ10, vyráběná od roku 2014. Úprava tohoto modelu se provádí přes diagnostickou zásuvku. Řídící jednotka motoru od společnosti Denso. Typ řídící jednotky 89661-78100. Předpokládaná doba úpravy tohoto modelu je 1 - 2 hodiny.","numbers":["Výkon HP","243 HP","293 HP","Výkon kW","180 kW","217 kW","Točivý moment Nm","355 Nm","439 Nm","Maximální rychlost","","+ 6 KM/H","Spotřeba město","","-0,50 L / 100 KM","Kombinovaná spotřeba","","-0,40 L / 100 KM","Spotřeba mimo město","","-0,30 L / 100 KM"],"chartPower":"./chartPower/nx__agz10_1186852.png","chartTorque":"./chartTorque/nx__agz10_1186852.png"},{"id":"nx__agz15_1186852","fullName":"ChipTuning - Lexus NX NX200t 2.0 16v D-4ST - 238 HP ","desc":"Zvýšení výkonu motoru (chiptuning) vozidla Lexus NX NX200t 2.0 16v D-4ST - 238 HP je možné z původních 178 kW (241 HP) až na 226 kW (306 HP) a nárůst točivého momentu ze 353 Nm až na 471 Nm.,Maximální rychlost se po úpravě zvýší o + 9 KM/H a kombinovaná spotřeba se sníží v průměru o -0,70 L / 100 KM.","imgUrl":"./previews/nx__agz15_.png","fullDesc":"Níže naleznete parametry před a po úpravě Standard pro vozidlo: Lexus NX NX200t 2.0 16v D-4ST - 238 HP. Modelová řada AGZ10, vyráběná od roku 2014. Úprava tohoto modelu se provádí přes diagnostickou zásuvku. Řídící jednotka motoru od společnosti Denso. Typ řídící jednotky 89661-78100. Předpokládaná doba úpravy tohoto modelu je 1 - 2 hodiny.","numbers":["Výkon HP","241 HP","291 HP","Výkon kW","178 kW","215 kW","Točivý moment Nm","353 Nm","437 Nm","Maximální rychlost","","+ 6 KM/H","Spotřeba město","","-0,50 L / 100 KM","Kombinovaná spotřeba","","-0,40 L / 100 KM","Spotřeba mimo město","","-0,30 L / 100 KM"],"chartPower":"./chartPower/nx__agz15_1186852.png","chartTorque":"./chartTorque/nx__agz15_1186852.png"},{"id":"rc__gsc10_1186858","fullName":"ChipTuning - Lexus RC RC350 3.5 V6 VVT-i - 316 HP ","desc":"Zvýšení výkonu motoru (chiptuning) vozidla Lexus RC RC350 3.5 V6 VVT-i - 316 HP je možné z původních 233 kW (317 HP) až na 256 kW (349 HP) a nárůst točivého momentu ze 363 Nm až na 406 Nm.,Maximální rychlost se po úpravě zvýší o + 5 KM/H a kombinovaná spotřeba se sníží v průměru o -0,70 L / 100 KM.","imgUrl":"./previews/rc__gsc10_.png","fullDesc":"Níže naleznete parametry před a po úpravě Standard pro vozidlo: Lexus RC RC350 3.5 V6 VVT-i - 316 HP. Modelová řada GSC10, vyráběná od roku 2018. Úprava tohoto modelu se provádí přes diagnostickou zásuvku. Řídící jednotka motoru od společnosti Denso. Typ řídící jednotky 89661-04xxx (CAN). Předpokládaná doba úpravy tohoto modelu je 1 - 2 hodiny.","numbers":["Výkon HP","317 HP","349 HP","Výkon kW","233 kW","256 kW","Točivý moment Nm","363 Nm","406 Nm","Maximální rychlost","","+ 5 KM/H","Spotřeba město","","-0,50 L / 100 KM","Kombinovaná spotřeba","","-0,40 L / 100 KM","Spotřeba mimo město","","-0,30 L / 100 KM"],"chartPower":"./chartPower/rc__gsc10_1186858.png","chartTorque":"./chartTorque/rc__gsc10_1186858.png"},{"id":"rx__ggl20_1186859","fullName":"ChipTuning - Lexus RX RX350 3.5 V6 VVT-i - 299 HP ","desc":"Zvýšení výkonu motoru (chiptuning) vozidla Lexus RX RX350 3.5 V6 VVT-i - 299 HP je možné z původních 225 kW (304 HP) až na 247 kW (334 HP) a nárůst točivého momentu ze 367 Nm až na 410 Nm.,Maximální rychlost se po úpravě zvýší o + 5 KM/H a kombinovaná spotřeba se sníží v průměru o -0,70 L / 100 KM.","imgUrl":"./previews/rx__ggl20_.png","fullDesc":"Níže naleznete parametry před a po úpravě Standard pro vozidlo: Lexus RX RX350 3.5 V6 VVT-i - 299 HP. Modelová řada GGL20, vyráběná od roku 2015. Úprava tohoto modelu se provádí přes diagnostickou zásuvku. Řídící jednotka motoru od společnosti Denso. Typ řídící jednotky 89661-04xxx (CAN). Předpokládaná doba úpravy tohoto modelu je 1 - 2 hodiny.","numbers":["Výkon HP","304 HP","334 HP","Výkon kW","225 kW","247 kW","Točivý moment Nm","367 Nm","410 Nm","Maximální rychlost","","+ 5 KM/H","Spotřeba město","","-0,50 L / 100 KM","Kombinovaná spotřeba","","-0,40 L / 100 KM","Spotřeba mimo město","","-0,30 L / 100 KM"],"chartPower":"./chartPower/rx__ggl20_1186859.png","chartTorque":"./chartTorque/rx__ggl20_1186859.png"},{"id":"rx__ggl25_1186863","fullName":"ChipTuning - Lexus RX RX350 3.5 V6 VVT-i - 299 HP ","desc":"Zvýšení výkonu motoru (chiptuning) vozidla Lexus RX RX350 3.5 V6 VVT-i - 299 HP je možné z původních 217 kW (296 HP) až na 239 kW (326 HP) a nárůst točivého momentu ze 359 Nm až na 402 Nm.,Maximální rychlost se po úpravě zvýší o + 5 KM/H a kombinovaná spotřeba se sníží v průměru o -0,70 L / 100 KM.","imgUrl":"./previews/rx__ggl25_.png","fullDesc":"Níže naleznete parametry před a po úpravě Standard pro vozidlo: Lexus RX RX350 3.5 V6 VVT-i - 299 HP. Modelová řada GGL25, vyráběná od roku 2015. Úprava tohoto modelu se provádí přes diagnostickou zásuvku. Řídící jednotka motoru od společnosti Denso. Typ řídící jednotky 89661-04xxx (CAN). Předpokládaná doba úpravy tohoto modelu je 1 - 2 hodiny.","numbers":["Výkon HP","296 HP","326 HP","Výkon kW","217 kW","239 kW","Točivý moment Nm","359 Nm","402 Nm","Maximální rychlost","","+ 5 KM/H","Spotřeba město","","-0,50 L / 100 KM","Kombinovaná spotřeba","","-0,40 L / 100 KM","Spotřeba mimo město","","-0,30 L / 100 KM"],"chartPower":"./chartPower/rx__ggl25_1186863.png","chartTorque":"./chartTorque/rx__ggl25_1186863.png"},{"id":"rx__gsu35_1186867","fullName":"ChipTuning - Lexus RX RX350 3.5 V6 VVT-i - 276 HP ","desc":"Zvýšení výkonu motoru (chiptuning) vozidla Lexus RX RX350 3.5 V6 VVT-i - 276 HP je možné z původních 208 kW (281 HP) až na 228 kW (309 HP) a nárůst točivého momentu ze 347 Nm až na 388 Nm.,Maximální rychlost se po úpravě zvýší o + 5 KM/H a kombinovaná spotřeba se sníží v průměru o -0,70 L / 100 KM.","imgUrl":"./previews/rx__gsu35_.png","fullDesc":"Níže naleznete parametry před a po úpravě Standard pro vozidlo: Lexus RX RX350 3.5 V6 VVT-i - 276 HP. Modelová řada GSU35, vyráběná od roku 2006. Úprava tohoto modelu se provádí přes diagnostickou zásuvku. Řídící jednotka motoru od společnosti Denso. Typ řídící jednotky 275063-0360. Předpokládaná doba úpravy tohoto modelu je 1 - 2 hodiny.","numbers":["Výkon HP","281 HP","309 HP","Výkon kW","208 kW","228 kW","Točivý moment Nm","347 Nm","388 Nm","Maximální rychlost","","+ 5 KM/H","Spotřeba město","","-0,50 L / 100 KM","Kombinovaná spotřeba","","-0,40 L / 100 KM","Spotřeba mimo město","","-0,30 L / 100 KM"],"chartPower":"./chartPower/rx__gsu35_1186867.png","chartTorque":"./chartTorque/rx__gsu35_1186867.png"},{"id":"rx__gyl1_- al10_1186870","fullName":"ChipTuning - Lexus RX RX450h 3.5 V6 Hybrid - 249 HP ","desc":"Zvýšení výkonu motoru (chiptuning) vozidla Lexus RX RX450h 3.5 V6 Hybrid - 249 HP je možné z původních 188 kW (254 HP) až na 206 kW (281 HP) a nárůst točivého momentu ze 315 Nm až na 352 Nm.,Maximální rychlost se po úpravě zvýší o + 5 KM/H a kombinovaná spotřeba se sníží v průměru o -0,70 L / 100 KM.","imgUrl":"./previews/rx__gyl1_- al10_.png","fullDesc":"Níže naleznete parametry před a po úpravě Standard pro vozidlo: Lexus RX RX450h 3.5 V6 Hybrid - 249 HP. Modelová řada GYL1 - AL10, vyráběná od roku 2008. Úprava tohoto modelu se provádí přes diagnostickou zásuvku. Řídící jednotka motoru od společnosti Denso. Typ řídící jednotky 275036-6110 . Předpokládaná doba úpravy tohoto modelu je 1 - 2 hodiny.","numbers":["Výkon HP","254 HP","281 HP","Výkon kW","188 kW","206 kW","Točivý moment Nm","315 Nm","352 Nm","Maximální rychlost","","+ 5 KM/H","Spotřeba město","","-0,50 L / 100 KM","Kombinovaná spotřeba","","-0,40 L / 100 KM","Spotřeba mimo město","","-0,30 L / 100 KM"],"chartPower":"./chartPower/rx__gyl1_- al10_1186870.png","chartTorque":"./chartTorque/rx__gyl1_- al10_1186870.png"},{"id":"rx__gyl10_1186875","fullName":"ChipTuning - Lexus RX RX450h 3.5 V6 Hybrid - 296 HP ","desc":"Zvýšení výkonu motoru (chiptuning) vozidla Lexus RX RX450h 3.5 V6 Hybrid - 296 HP je možné z původních 223 kW (301 HP) až na 245 kW (331 HP) a nárůst točivého momentu ze 373 Nm až na 417 Nm.,Maximální rychlost se po úpravě zvýší o + 5 KM/H a kombinovaná spotřeba se sníží v průměru o -0,70 L / 100 KM.","imgUrl":"./previews/rx__gyl10_.png","fullDesc":"Níže naleznete parametry před a po úpravě Standard pro vozidlo: Lexus RX RX450h 3.5 V6 Hybrid - 296 HP. Modelová řada GYL10, vyráběná od roku 2008. Úprava tohoto modelu se provádí přes diagnostickou zásuvku. Řídící jednotka motoru od společnosti Denso. Typ řídící jednotky 275036-6110 . Předpokládaná doba úpravy tohoto modelu je 1 - 2 hodiny.","numbers":["Výkon HP","301 HP","331 HP","Výkon kW","223 kW","245 kW","Točivý moment Nm","373 Nm","417 Nm","Maximální rychlost","","+ 5 KM/H","Spotřeba město","","-0,50 L / 100 KM","Kombinovaná spotřeba","","-0,40 L / 100 KM","Spotřeba mimo město","","-0,30 L / 100 KM"],"chartPower":"./chartPower/rx__gyl10_1186875.png","chartTorque":"./chartTorque/rx__gyl10_1186875.png"},{"id":"rx__gyl15_1186880","fullName":"ChipTuning - Lexus RX RX450h 3.5 V6 Hybrid - 296 HP ","desc":"Zvýšení výkonu motoru (chiptuning) vozidla Lexus RX RX450h 3.5 V6 Hybrid - 296 HP je možné z původních 213 kW (291 HP) až na 235 kW (321 HP) a nárůst točivého momentu ze 363 Nm až na 407 Nm.,Maximální rychlost se po úpravě zvýší o + 5 KM/H a kombinovaná spotřeba se sníží v průměru o -0,70 L / 100 KM.","imgUrl":"./previews/rx__gyl15_.png","fullDesc":"Níže naleznete parametry před a po úpravě Standard pro vozidlo: Lexus RX RX450h 3.5 V6 Hybrid - 296 HP. Modelová řada GYL15, vyráběná od roku 2008. Úprava tohoto modelu se provádí přes diagnostickou zásuvku. Řídící jednotka motoru od společnosti Denso. Typ řídící jednotky 275036-6110 . Předpokládaná doba úpravy tohoto modelu je 1 - 2 hodiny.","numbers":["Výkon HP","291 HP","321 HP","Výkon kW","213 kW","235 kW","Točivý moment Nm","363 Nm","407 Nm","Maximální rychlost","","+ 5 KM/H","Spotřeba město","","-0,50 L / 100 KM","Kombinovaná spotřeba","","-0,40 L / 100 KM","Spotřeba mimo město","","-0,30 L / 100 KM"],"chartPower":"./chartPower/rx__gyl15_1186880.png","chartTorque":"./chartTorque/rx__gyl15_1186880.png"},{"id":"ux_za10_mzaa10_1186885","fullName":"ChipTuning - Lexus Ux UX200 2.0 VVT-iE - 174 HP ","desc":"Zvýšení výkonu motoru (chiptuning) vozidla Lexus Ux UX200 2.0 VVT-iE - 174 HP je možné z původních 125 kW (171 HP) až na 138 kW (190 HP) a nárůst točivého momentu ze 206 Nm až na 231 Nm.,Maximální rychlost se po úpravě zvýší o + 2 KM/H a kombinovaná spotřeba se sníží v průměru o -0,50 L / 100 KM.","imgUrl":"./previews/ux_za10_mzaa10_.png","fullDesc":"Níže naleznete parametry před a po úpravě Standard pro vozidlo: Lexus Ux UX200 2.0 VVT-iE - 174 HP. Modelová řada MZAA10, vyráběná od roku 2018. Úprava tohoto modelu se provádí přes diagnostickou zásuvku. Řídící jednotka motoru od společnosti Denso. Typ řídící jednotky R7F701202. Předpokládaná doba úpravy tohoto modelu je 1 - 2 hodiny.","numbers":["Výkon HP","171 HP","190 HP","Výkon kW","125 kW","138 kW","Točivý moment Nm","206 Nm","231 Nm","Maximální rychlost","","+ 2 KM/H","Spotřeba město","","-0,30 L / 100 KM","Kombinovaná spotřeba","","-0,25 L / 100 KM","Spotřeba mimo město","","-0,20 L / 100 KM"],"chartPower":"./chartPower/ux_za10_mzaa10_1186885.png","chartTorque":"./chartTorque/ux_za10_mzaa10_1186885.png"},{"id":"ux_za10_mzah1x_1186888","fullName":"ChipTuning - Lexus Ux UX250h 2.0 VVT-iE Hybrid 16v  -CVT - 146 HP ","desc":"Zvýšení výkonu motoru (chiptuning) vozidla Lexus Ux UX250h 2.0 VVT-iE Hybrid 16v -CVT - 146 HP je možné z původních 102 kW (141 HP) až na 113 kW (157 HP) a nárůst točivého momentu ze 183 Nm až na 206 Nm.,Maximální rychlost se po úpravě zvýší o + 2 KM/H a kombinovaná spotřeba se sníží v průměru o -0,50 L / 100 KM.","imgUrl":"./previews/ux_za10_mzah1x_.png","fullDesc":"Níže naleznete parametry před a po úpravě Standard pro vozidlo: Lexus Ux UX250h 2.0 VVT-iE Hybrid 16v -CVT - 146 HP. Modelová řada MZAH1x, vyráběná od roku 2018. Úprava tohoto modelu se provádí přes diagnostickou zásuvku. Řídící jednotka motoru od společnosti Denso. Typ řídící jednotky R7F701202. Předpokládaná doba úpravy tohoto modelu je 1 - 2 hodiny.","numbers":["Výkon HP","141 HP","157 HP","Výkon kW","102 kW","113 kW","Točivý moment Nm","183 Nm","206 Nm","Maximální rychlost","","+ 2 KM/H","Spotřeba město","","-0,30 L / 100 KM","Kombinovaná spotřeba","","-0,25 L / 100 KM","Spotřeba mimo město","","-0,20 L / 100 KM"],"chartPower":"./chartPower/ux_za10_mzah1x_1186888.png","chartTorque":"./chartTorque/ux_za10_mzah1x_1186888.png"}]