[{"id":"2-eleven___1186913","fullName":"ChipTuning - Lotus 2-Eleven 1.8 16v VVTL-i Supercharged - 256 HP ","desc":"Zvýšení výkonu motoru (chiptuning) vozidla Lotus 2-Eleven 1.8 16v VVTL-i Supercharged - 256 HP je možné z původních 190 kW (258 HP) až na 241 kW (328 HP) a nárůst točivého momentu ze 244 Nm až na 332 Nm.,Maximální rychlost se po úpravě zvýší o + 9 KM/H a kombinovaná spotřeba se sníží v průměru o -0,70 L / 100 KM.","imgUrl":"./previews/2-eleven___.png","fullDesc":"Níže naleznete parametry před a po úpravě Standard pro vozidlo: Lotus 2-Eleven 1.8 16v VVTL-i Supercharged - 256 HP. Modelová řada vyráběná od roku 2007. Úprava tohoto modelu se provádí přes diagnostickou zásuvku. Řídící jednotka motoru od společnosti EFI. Typ řídící jednotky T4E. Předpokládaná doba úpravy tohoto modelu je 1 - 2 hodiny.","numbers":["Výkon HP","258 HP","312 HP","Výkon kW","190 kW","229 kW","Točivý moment Nm","244 Nm","307 Nm","Maximální rychlost","","+ 6 KM/H","Spotřeba město","","-0,50 L / 100 KM","Kombinovaná spotřeba","","-0,40 L / 100 KM","Spotřeba mimo město","","-0,30 L / 100 KM"],"chartPower":"./chartPower/2-eleven___1186913.png","chartTorque":"./chartTorque/2-eleven___1186913.png"},{"id":"3-eleven___1186918","fullName":"ChipTuning - Lotus 3-Eleven 3.5 V6 24v VVTL-i Race Supercharged - 466 HP ","desc":"Zvýšení výkonu motoru (chiptuning) vozidla Lotus 3-Eleven 3.5 V6 24v VVTL-i Race Supercharged - 466 HP je možné z původních 339 kW (462 HP) až na 398 kW (541 HP) a nárůst točivého momentu ze 521 Nm až na 654 Nm.,Maximální rychlost se po úpravě zvýší o + 13 KM/H a kombinovaná spotřeba se sníží v průměru o -1,00 L / 100 KM.","imgUrl":"./previews/3-eleven___.png","fullDesc":"Níže naleznete parametry před a po úpravě Standard pro vozidlo: Lotus 3-Eleven 3.5 V6 24v VVTL-i Race Supercharged - 466 HP. Modelová řada vyráběná od roku 2015. Úprava tohoto modelu se provádí přes diagnostickou zásuvku. Řídící jednotka motoru od společnosti EFI. Typ řídící jednotky T6E. Předpokládaná doba úpravy tohoto modelu je 1 - 2 hodiny.","numbers":["Výkon HP","462 HP","523 HP","Výkon kW","339 kW","384 kW","Točivý moment Nm","521 Nm","616 Nm","Maximální rychlost","","+ 10 KM/H","Spotřeba město","","-0,70 L / 100 KM","Kombinovaná spotřeba","","-0,60 L / 100 KM","Spotřeba mimo město","","-0,50 L / 100 KM"],"chartPower":"./chartPower/3-eleven___1186918.png","chartTorque":"./chartTorque/3-eleven___1186918.png"},{"id":"3-eleven___1186923","fullName":"ChipTuning - Lotus 3-Eleven 3.5 V6 24v VVTL-i Road Supercharged - 416 HP ","desc":"Zvýšení výkonu motoru (chiptuning) vozidla Lotus 3-Eleven 3.5 V6 24v VVTL-i Road Supercharged - 416 HP je možné z původních 310 kW (420 HP) až na 362 kW (490 HP) a nárůst točivého momentu ze 414 Nm až na 551 Nm.,Maximální rychlost se po úpravě zvýší o + 13 KM/H a kombinovaná spotřeba se sníží v průměru o -1,00 L / 100 KM.","imgUrl":"./previews/3-eleven___.png","fullDesc":"Níže naleznete parametry před a po úpravě Standard pro vozidlo: Lotus 3-Eleven 3.5 V6 24v VVTL-i Road Supercharged - 416 HP. Modelová řada vyráběná od roku 2015. Úprava tohoto modelu se provádí přes diagnostickou zásuvku. Řídící jednotka motoru od společnosti EFI. Typ řídící jednotky T6E. Předpokládaná doba úpravy tohoto modelu je 1 - 2 hodiny.","numbers":["Výkon HP","420 HP","474 HP","Výkon kW","310 kW","350 kW","Točivý moment Nm","414 Nm","512 Nm","Maximální rychlost","","+ 10 KM/H","Spotřeba město","","-0,70 L / 100 KM","Kombinovaná spotřeba","","-0,60 L / 100 KM","Spotřeba mimo město","","-0,50 L / 100 KM"],"chartPower":"./chartPower/3-eleven___1186923.png","chartTorque":"./chartTorque/3-eleven___1186923.png"},{"id":"elise_s2__1186928","fullName":"ChipTuning - Lotus Elise 1.8 16v VVT Supercharged - 222 HP ","desc":"Zvýšení výkonu motoru (chiptuning) vozidla Lotus Elise 1.8 16v VVT Supercharged - 222 HP je možné z původních 160 kW (219 HP) až na 204 kW (280 HP) a nárůst točivého momentu ze 209 Nm až na 286 Nm.,Maximální rychlost se po úpravě zvýší o + 9 KM/H a kombinovaná spotřeba se sníží v průměru o -0,70 L / 100 KM.","imgUrl":"./previews/elise_s2__.png","fullDesc":"Níže naleznete parametry před a po úpravě Standard pro vozidlo: Lotus Elise 1.8 16v VVT Supercharged - 222 HP. Modelová řada vyráběná od roku 2004. Úprava tohoto modelu se provádí přes diagnostickou zásuvku. Řídící jednotka motoru od společnosti EFI. Typ řídící jednotky T4 nebo T4E. Předpokládaná doba úpravy tohoto modelu je 1 - 2 hodiny.","numbers":["Výkon HP","219 HP","266 HP","Výkon kW","160 kW","194 kW","Točivý moment Nm","209 Nm","264 Nm","Maximální rychlost","","+ 6 KM/H","Spotřeba město","","-0,50 L / 100 KM","Kombinovaná spotřeba","","-0,40 L / 100 KM","Spotřeba mimo město","","-0,30 L / 100 KM"],"chartPower":"./chartPower/elise_s2__1186928.png","chartTorque":"./chartTorque/elise_s2__1186928.png"},{"id":"elise_s2__1186934","fullName":"ChipTuning - Lotus Elise 1.8 16v VVTL-i Supercharged - 222 HP ","desc":"Zvýšení výkonu motoru (chiptuning) vozidla Lotus Elise 1.8 16v VVTL-i Supercharged - 222 HP je možné z původních 163 kW (222 HP) až na 207 kW (283 HP) a nárůst točivého momentu ze 212 Nm až na 289 Nm.,Maximální rychlost se po úpravě zvýší o + 9 KM/H a kombinovaná spotřeba se sníží v průměru o -0,70 L / 100 KM.","imgUrl":"./previews/elise_s2__.png","fullDesc":"Níže naleznete parametry před a po úpravě Standard pro vozidlo: Lotus Elise 1.8 16v VVTL-i Supercharged - 222 HP. Modelová řada vyráběná od roku 2008. Úprava tohoto modelu se provádí přes diagnostickou zásuvku. Řídící jednotka motoru od společnosti EFI. Typ řídící jednotky T4E. Předpokládaná doba úpravy tohoto modelu je 1 - 2 hodiny.","numbers":["Výkon HP","222 HP","269 HP","Výkon kW","163 kW","197 kW","Točivý moment Nm","212 Nm","267 Nm","Maximální rychlost","","+ 6 KM/H","Spotřeba město","","-0,50 L / 100 KM","Kombinovaná spotřeba","","-0,40 L / 100 KM","Spotřeba mimo město","","-0,30 L / 100 KM"],"chartPower":"./chartPower/elise_s2__1186934.png","chartTorque":"./chartTorque/elise_s2__1186934.png"},{"id":"elise_s2__1186937","fullName":"ChipTuning - Lotus Elise 111 1.8 16v - 122 HP ","desc":"Zvýšení výkonu motoru (chiptuning) vozidla Lotus Elise 111 1.8 16v - 122 HP je možné z původních 88 kW (120 HP) až na 97 kW (133 HP) a nárůst točivého momentu ze 166 Nm až na 186 Nm.,Maximální rychlost se po úpravě zvýší o + 2 KM/H a kombinovaná spotřeba se sníží v průměru o -0,50 L / 100 KM.","imgUrl":"./previews/elise_s2__.png","fullDesc":"Níže naleznete parametry před a po úpravě Standard pro vozidlo: Lotus Elise 111 1.8 16v - 122 HP. Modelová řada vyráběná od roku 2001. Úprava tohoto modelu se provádí přes diagnostickou zásuvku. Řídící jednotka motoru od společnosti EFI. Typ řídící jednotky K4. Předpokládaná doba úpravy tohoto modelu je 1 - 2 hodiny.","numbers":["Výkon HP","120 HP","133 HP","Výkon kW","88 kW","97 kW","Točivý moment Nm","166 Nm","186 Nm","Maximální rychlost","","+ 2 KM/H","Spotřeba město","","-0,30 L / 100 KM","Kombinovaná spotřeba","","-0,25 L / 100 KM","Spotřeba mimo město","","-0,20 L / 100 KM"],"chartPower":"./chartPower/elise_s2__1186937.png","chartTorque":"./chartTorque/elise_s2__1186937.png"},{"id":"elise_s2__1186943","fullName":"ChipTuning - Lotus Elise 111R 1.8 16v VVT - 192 HP ","desc":"Zvýšení výkonu motoru (chiptuning) vozidla Lotus Elise 111R 1.8 16v VVT - 192 HP je možné z původních 142 kW (193 HP) až na 156 kW (214 HP) a nárůst točivého momentu ze 182 Nm až na 204 Nm.,Maximální rychlost se po úpravě zvýší o + 2 KM/H a kombinovaná spotřeba se sníží v průměru o -0,50 L / 100 KM.","imgUrl":"./previews/elise_s2__.png","fullDesc":"Níže naleznete parametry před a po úpravě Standard pro vozidlo: Lotus Elise 111R 1.8 16v VVT - 192 HP. Modelová řada vyráběná od roku 2004. Úprava tohoto modelu se provádí přes diagnostickou zásuvku. Řídící jednotka motoru od společnosti EFI. Typ řídící jednotky T4 nebo T4E. Předpokládaná doba úpravy tohoto modelu je 1 - 2 hodiny.","numbers":["Výkon HP","193 HP","214 HP","Výkon kW","142 kW","156 kW","Točivý moment Nm","182 Nm","204 Nm","Maximální rychlost","","+ 2 KM/H","Spotřeba město","","-0,30 L / 100 KM","Kombinovaná spotřeba","","-0,25 L / 100 KM","Spotřeba mimo město","","-0,20 L / 100 KM"],"chartPower":"./chartPower/elise_s2__1186943.png","chartTorque":"./chartTorque/elise_s2__1186943.png"},{"id":"elise_s2__1186949","fullName":"ChipTuning - Lotus Elise 111S 1.8 16v VVC - 160 HP ","desc":"Zvýšení výkonu motoru (chiptuning) vozidla Lotus Elise 111S 1.8 16v VVC - 160 HP je možné z původních 115 kW (157 HP) až na 127 kW (175 HP) a nárůst točivého momentu ze 172 Nm až na 193 Nm.,Maximální rychlost se po úpravě zvýší o + 2 KM/H a kombinovaná spotřeba se sníží v průměru o -0,50 L / 100 KM.","imgUrl":"./previews/elise_s2__.png","fullDesc":"Níže naleznete parametry před a po úpravě Standard pro vozidlo: Lotus Elise 111S 1.8 16v VVC - 160 HP. Modelová řada vyráběná od roku 2001. Úprava tohoto modelu se provádí přes diagnostickou zásuvku. Řídící jednotka motoru od společnosti EFI. Typ řídící jednotky K4. Předpokládaná doba úpravy tohoto modelu je 1 - 2 hodiny.","numbers":["Výkon HP","157 HP","175 HP","Výkon kW","115 kW","127 kW","Točivý moment Nm","172 Nm","193 Nm","Maximální rychlost","","+ 2 KM/H","Spotřeba město","","-0,30 L / 100 KM","Kombinovaná spotřeba","","-0,25 L / 100 KM","Spotřeba mimo město","","-0,20 L / 100 KM"],"chartPower":"./chartPower/elise_s2__1186949.png","chartTorque":"./chartTorque/elise_s2__1186949.png"},{"id":"elise_s2__1186955","fullName":"ChipTuning - Lotus Elise R 1.8 16v VVTL-i - 192 HP ","desc":"Zvýšení výkonu motoru (chiptuning) vozidla Lotus Elise R 1.8 16v VVTL-i - 192 HP je možné z původních 146 kW (197 HP) až na 160 kW (218 HP) a nárůst točivého momentu ze 186 Nm až na 208 Nm.,Maximální rychlost se po úpravě zvýší o + 2 KM/H a kombinovaná spotřeba se sníží v průměru o -0,50 L / 100 KM.","imgUrl":"./previews/elise_s2__.png","fullDesc":"Níže naleznete parametry před a po úpravě Standard pro vozidlo: Lotus Elise R 1.8 16v VVTL-i - 192 HP. Modelová řada vyráběná od roku 2008. Úprava tohoto modelu se provádí přes diagnostickou zásuvku. Řídící jednotka motoru od společnosti EFI. Typ řídící jednotky T4E. Předpokládaná doba úpravy tohoto modelu je 1 - 2 hodiny.","numbers":["Výkon HP","197 HP","218 HP","Výkon kW","146 kW","160 kW","Točivý moment Nm","186 Nm","208 Nm","Maximální rychlost","","+ 2 KM/H","Spotřeba město","","-0,30 L / 100 KM","Kombinovaná spotřeba","","-0,25 L / 100 KM","Spotřeba mimo město","","-0,20 L / 100 KM"],"chartPower":"./chartPower/elise_s2__1186955.png","chartTorque":"./chartTorque/elise_s2__1186955.png"},{"id":"elise_s2__1186958","fullName":"ChipTuning - Lotus Elise S 1.8 16v VVT - 136 HP ","desc":"Zvýšení výkonu motoru (chiptuning) vozidla Lotus Elise S 1.8 16v VVT - 136 HP je možné z původních 102 kW (138 HP) až na 112 kW (153 HP) a nárůst točivého momentu ze 174 Nm až na 195 Nm.,Maximální rychlost se po úpravě zvýší o + 2 KM/H a kombinovaná spotřeba se sníží v průměru o -0,50 L / 100 KM.","imgUrl":"./previews/elise_s2__.png","fullDesc":"Níže naleznete parametry před a po úpravě Standard pro vozidlo: Lotus Elise S 1.8 16v VVT - 136 HP. Modelová řada vyráběná od roku 2006. Úprava tohoto modelu se provádí přes diagnostickou zásuvku. Řídící jednotka motoru od společnosti EFI. Typ řídící jednotky T4E. Předpokládaná doba úpravy tohoto modelu je 1 - 2 hodiny.","numbers":["Výkon HP","138 HP","153 HP","Výkon kW","102 kW","112 kW","Točivý moment Nm","174 Nm","195 Nm","Maximální rychlost","","+ 2 KM/H","Spotřeba město","","-0,30 L / 100 KM","Kombinovaná spotřeba","","-0,25 L / 100 KM","Spotřeba mimo město","","-0,20 L / 100 KM"],"chartPower":"./chartPower/elise_s2__1186958.png","chartTorque":"./chartTorque/elise_s2__1186958.png"},{"id":"elise_s3__1186961","fullName":"ChipTuning - Lotus Elise 1.6 16v VVT-i - 136 HP ","desc":"Zvýšení výkonu motoru (chiptuning) vozidla Lotus Elise 1.6 16v VVT-i - 136 HP je možné z původních 103 kW (139 HP) až na 113 kW (154 HP) a nárůst točivého momentu ze 163 Nm až na 182 Nm.,Maximální rychlost se po úpravě zvýší o + 2 KM/H a kombinovaná spotřeba se sníží v průměru o -0,50 L / 100 KM.","imgUrl":"./previews/elise_s3__.png","fullDesc":"Níže naleznete parametry před a po úpravě Standard pro vozidlo: Lotus Elise 1.6 16v VVT-i - 136 HP. Modelová řada vyráběná od roku 2010. Úprava tohoto modelu se provádí přes diagnostickou zásuvku. Řídící jednotka motoru od společnosti EFI. Typ řídící jednotky T6E. Předpokládaná doba úpravy tohoto modelu je 1 - 2 hodiny.","numbers":["Výkon HP","139 HP","154 HP","Výkon kW","103 kW","113 kW","Točivý moment Nm","163 Nm","182 Nm","Maximální rychlost","","+ 2 KM/H","Spotřeba město","","-0,30 L / 100 KM","Kombinovaná spotřeba","","-0,25 L / 100 KM","Spotřeba mimo město","","-0,20 L / 100 KM"],"chartPower":"./chartPower/elise_s3__1186961.png","chartTorque":"./chartTorque/elise_s3__1186961.png"},{"id":"elise_s3__1186971","fullName":"ChipTuning - Lotus Elise CUP 220 1.8 16v VVTL-i Supercharged - 220 HP ","desc":"Zvýšení výkonu motoru (chiptuning) vozidla Lotus Elise CUP 220 1.8 16v VVTL-i Supercharged - 220 HP je možné z původních 165 kW (223 HP) až na 209 kW (283 HP) a nárůst točivého momentu ze 253 Nm až na 344 Nm.,Maximální rychlost se po úpravě zvýší o + 9 KM/H a kombinovaná spotřeba se sníží v průměru o -0,70 L / 100 KM.","imgUrl":"./previews/elise_s3__.png","fullDesc":"Níže naleznete parametry před a po úpravě Standard pro vozidlo: Lotus Elise CUP 220 1.8 16v VVTL-i Supercharged - 220 HP. Modelová řada vyráběná od roku 2016. Úprava tohoto modelu se provádí přes diagnostickou zásuvku. Řídící jednotka motoru od společnosti EFI. Typ řídící jednotky T6E. Předpokládaná doba úpravy tohoto modelu je 1 - 2 hodiny.","numbers":["Výkon HP","223 HP","269 HP","Výkon kW","165 kW","199 kW","Točivý moment Nm","253 Nm","318 Nm","Maximální rychlost","","+ 6 KM/H","Spotřeba město","","-0,50 L / 100 KM","Kombinovaná spotřeba","","-0,40 L / 100 KM","Spotřeba mimo město","","-0,30 L / 100 KM"],"chartPower":"./chartPower/elise_s3__1186971.png","chartTorque":"./chartTorque/elise_s3__1186971.png"},{"id":"elise_s3__1186975","fullName":"ChipTuning - Lotus Elise CUP 250 1.8 16v VVTL-i Supercharged - 246 HP ","desc":"Zvýšení výkonu motoru (chiptuning) vozidla Lotus Elise CUP 250 1.8 16v VVTL-i Supercharged - 246 HP je možné z původních 186 kW (251 HP) až na 235 kW (319 HP) a nárůst točivého momentu ze 255 Nm až na 346 Nm.,Maximální rychlost se po úpravě zvýší o + 9 KM/H a kombinovaná spotřeba se sníží v průměru o -0,70 L / 100 KM.","imgUrl":"./previews/elise_s3__.png","fullDesc":"Níže naleznete parametry před a po úpravě Standard pro vozidlo: Lotus Elise CUP 250 1.8 16v VVTL-i Supercharged - 246 HP. Modelová řada vyráběná od roku 2016. Úprava tohoto modelu se provádí přes diagnostickou zásuvku. Řídící jednotka motoru od společnosti EFI. Typ řídící jednotky T6E. Předpokládaná doba úpravy tohoto modelu je 1 - 2 hodiny.","numbers":["Výkon HP","251 HP","303 HP","Výkon kW","186 kW","224 kW","Točivý moment Nm","255 Nm","320 Nm","Maximální rychlost","","+ 6 KM/H","Spotřeba město","","-0,50 L / 100 KM","Kombinovaná spotřeba","","-0,40 L / 100 KM","Spotřeba mimo město","","-0,30 L / 100 KM"],"chartPower":"./chartPower/elise_s3__1186975.png","chartTorque":"./chartTorque/elise_s3__1186975.png"},{"id":"elise_s3__1186979","fullName":"ChipTuning - Lotus Elise CUP 260 1.8 16v VVTL-i Supercharged - 253 HP ","desc":"Zvýšení výkonu motoru (chiptuning) vozidla Lotus Elise CUP 260 1.8 16v VVTL-i Supercharged - 253 HP je možné z původních 185 kW (252 HP) až na 236 kW (321 HP) a nárůst točivého momentu ze 264 Nm až na 368 Nm.,Maximální rychlost se po úpravě zvýší o + 9 KM/H a kombinovaná spotřeba se sníží v průměru o -0,70 L / 100 KM.","imgUrl":"./previews/elise_s3__.png","fullDesc":"Níže naleznete parametry před a po úpravě Standard pro vozidlo: Lotus Elise CUP 260 1.8 16v VVTL-i Supercharged - 253 HP. Modelová řada vyráběná od roku 2017. Úprava tohoto modelu se provádí přes diagnostickou zásuvku. Řídící jednotka motoru od společnosti EFI. Typ řídící jednotky T6E. Předpokládaná doba úpravy tohoto modelu je 1 - 2 hodiny.","numbers":["Výkon HP","252 HP","305 HP","Výkon kW","185 kW","224 kW","Točivý moment Nm","264 Nm","338 Nm","Maximální rychlost","","+ 6 KM/H","Spotřeba město","","-0,50 L / 100 KM","Kombinovaná spotřeba","","-0,40 L / 100 KM","Spotřeba mimo město","","-0,30 L / 100 KM"],"chartPower":"./chartPower/elise_s3__1186979.png","chartTorque":"./chartTorque/elise_s3__1186979.png"},{"id":"elise_s3__1186982","fullName":"ChipTuning - Lotus Elise R 1.8 16v VVTL-i - 192 HP ","desc":"Zvýšení výkonu motoru (chiptuning) vozidla Lotus Elise R 1.8 16v VVTL-i - 192 HP je možné z původních 142 kW (193 HP) až na 156 kW (214 HP) a nárůst točivého momentu ze 182 Nm až na 204 Nm.,Maximální rychlost se po úpravě zvýší o + 2 KM/H a kombinovaná spotřeba se sníží v průměru o -0,50 L / 100 KM.","imgUrl":"./previews/elise_s3__.png","fullDesc":"Níže naleznete parametry před a po úpravě Standard pro vozidlo: Lotus Elise R 1.8 16v VVTL-i - 192 HP. Modelová řada vyráběná od roku 2010. Úprava tohoto modelu se provádí přes diagnostickou zásuvku. Řídící jednotka motoru od společnosti EFI. Typ řídící jednotky T4E. Předpokládaná doba úpravy tohoto modelu je 1 - 2 hodiny.","numbers":["Výkon HP","193 HP","214 HP","Výkon kW","142 kW","156 kW","Točivý moment Nm","182 Nm","204 Nm","Maximální rychlost","","+ 2 KM/H","Spotřeba město","","-0,30 L / 100 KM","Kombinovaná spotřeba","","-0,25 L / 100 KM","Spotřeba mimo město","","-0,20 L / 100 KM"],"chartPower":"./chartPower/elise_s3__1186982.png","chartTorque":"./chartTorque/elise_s3__1186982.png"},{"id":"elise_s3__1186988","fullName":"ChipTuning - Lotus Elise S 1.8 16v VVTL-i Supercharged - 220 HP ","desc":"Zvýšení výkonu motoru (chiptuning) vozidla Lotus Elise S 1.8 16v VVTL-i Supercharged - 220 HP je možné z původních 162 kW (220 HP) až na 206 kW (280 HP) a nárůst točivého momentu ze 250 Nm až na 341 Nm.,Maximální rychlost se po úpravě zvýší o + 9 KM/H a kombinovaná spotřeba se sníží v průměru o -0,70 L / 100 KM.","imgUrl":"./previews/elise_s3__.png","fullDesc":"Níže naleznete parametry před a po úpravě Standard pro vozidlo: Lotus Elise S 1.8 16v VVTL-i Supercharged - 220 HP. Modelová řada vyráběná od roku 2010. Úprava tohoto modelu se provádí přes diagnostickou zásuvku. Řídící jednotka motoru od společnosti EFI. Typ řídící jednotky T4E. Předpokládaná doba úpravy tohoto modelu je 1 - 2 hodiny.","numbers":["Výkon HP","220 HP","266 HP","Výkon kW","162 kW","196 kW","Točivý moment Nm","250 Nm","315 Nm","Maximální rychlost","","+ 6 KM/H","Spotřeba město","","-0,50 L / 100 KM","Kombinovaná spotřeba","","-0,40 L / 100 KM","Spotřeba mimo město","","-0,30 L / 100 KM"],"chartPower":"./chartPower/elise_s3__1186988.png","chartTorque":"./chartTorque/elise_s3__1186988.png"},{"id":"elise_s3__1186994","fullName":"ChipTuning - Lotus Elise SC 1.8 16v VVTL-i Supercharged - 220 HP ","desc":"Zvýšení výkonu motoru (chiptuning) vozidla Lotus Elise SC 1.8 16v VVTL-i Supercharged - 220 HP je možné z původních 158 kW (216 HP) až na 202 kW (276 HP) a nárůst točivého momentu ze 208 Nm až na 285 Nm.,Maximální rychlost se po úpravě zvýší o + 9 KM/H a kombinovaná spotřeba se sníží v průměru o -0,70 L / 100 KM.","imgUrl":"./previews/elise_s3__.png","fullDesc":"Níže naleznete parametry před a po úpravě Standard pro vozidlo: Lotus Elise SC 1.8 16v VVTL-i Supercharged - 220 HP. Modelová řada vyráběná od roku 2010. Úprava tohoto modelu se provádí přes diagnostickou zásuvku. Řídící jednotka motoru od společnosti EFI. Typ řídící jednotky T4E. Předpokládaná doba úpravy tohoto modelu je 1 - 2 hodiny.","numbers":["Výkon HP","216 HP","262 HP","Výkon kW","158 kW","192 kW","Točivý moment Nm","208 Nm","263 Nm","Maximální rychlost","","+ 6 KM/H","Spotřeba město","","-0,50 L / 100 KM","Kombinovaná spotřeba","","-0,40 L / 100 KM","Spotřeba mimo město","","-0,30 L / 100 KM"],"chartPower":"./chartPower/elise_s3__1186994.png","chartTorque":"./chartTorque/elise_s3__1186994.png"},{"id":"europa___1187000","fullName":"ChipTuning - Lotus Europa S 2.0 16v Turbo - 200 HP ","desc":"Zvýšení výkonu motoru (chiptuning) vozidla Lotus Europa S 2.0 16v Turbo - 200 HP je možné z původních 149 kW (202 HP) až na 195 kW (264 HP) a nárůst točivého momentu ze 274 Nm až na 380 Nm.,Maximální rychlost se po úpravě zvýší o + 9 KM/H a kombinovaná spotřeba se sníží v průměru o -0,70 L / 100 KM.","imgUrl":"./previews/europa___.png","fullDesc":"Níže naleznete parametry před a po úpravě Standard pro vozidlo: Lotus Europa S 2.0 16v Turbo - 200 HP. Modelová řada vyráběná od roku 2006. Úprava tohoto modelu se provádí přes diagnostickou zásuvku. Řídící jednotka motoru od společnosti Bosch. Typ řídící jednotky ME7.6.2. Předpokládaná doba úpravy tohoto modelu je 1 - 2 hodiny.","numbers":["Výkon HP","202 HP","250 HP","Výkon kW","149 kW","184 kW","Točivý moment Nm","274 Nm","350 Nm","Maximální rychlost","","+ 6 KM/H","Spotřeba město","","-0,50 L / 100 KM","Kombinovaná spotřeba","","-0,40 L / 100 KM","Spotřeba mimo město","","-0,30 L / 100 KM"],"chartPower":"./chartPower/europa___1187000.png","chartTorque":"./chartTorque/europa___1187000.png"},{"id":"evora___1187005","fullName":"ChipTuning - Lotus Evora 3.5 V6 24v VVTL-i - 280 HP ","desc":"Zvýšení výkonu motoru (chiptuning) vozidla Lotus Evora 3.5 V6 24v VVTL-i - 280 HP je možné z původních 207 kW (281 HP) až na 228 kW (309 HP) a nárůst točivého momentu ze 351 Nm až na 393 Nm.,Maximální rychlost se po úpravě zvýší o + 5 KM/H a kombinovaná spotřeba se sníží v průměru o -0,70 L / 100 KM.","imgUrl":"./previews/evora___.png","fullDesc":"Níže naleznete parametry před a po úpravě Standard pro vozidlo: Lotus Evora 3.5 V6 24v VVTL-i - 280 HP. Modelová řada vyráběná od roku 2009. Úprava tohoto modelu se provádí přes diagnostickou zásuvku. Řídící jednotka motoru od společnosti EFI. Typ řídící jednotky T6E. Předpokládaná doba úpravy tohoto modelu je 1 - 2 hodiny.","numbers":["Výkon HP","281 HP","309 HP","Výkon kW","207 kW","228 kW","Točivý moment Nm","351 Nm","393 Nm","Maximální rychlost","","+ 5 KM/H","Spotřeba město","","-0,50 L / 100 KM","Kombinovaná spotřeba","","-0,40 L / 100 KM","Spotřeba mimo město","","-0,30 L / 100 KM"],"chartPower":"./chartPower/evora___1187005.png","chartTorque":"./chartTorque/evora___1187005.png"},{"id":"evora___1187009","fullName":"ChipTuning - Lotus Evora 400 3.5 V6 24v VVTL-i Supercharged - 405 HP ","desc":"Zvýšení výkonu motoru (chiptuning) vozidla Lotus Evora 400 3.5 V6 24v VVTL-i Supercharged - 405 HP je možné z původních 302 kW (409 HP) až na 353 kW (478 HP) a nárůst točivého momentu ze 414 Nm až na 551 Nm.,Maximální rychlost se po úpravě zvýší o + 13 KM/H a kombinovaná spotřeba se sníží v průměru o -1,00 L / 100 KM.","imgUrl":"./previews/evora___.png","fullDesc":"Níže naleznete parametry před a po úpravě Standard pro vozidlo: Lotus Evora 400 3.5 V6 24v VVTL-i Supercharged - 405 HP. Modelová řada vyráběná od roku 2016. Úprava tohoto modelu se provádí přes diagnostickou zásuvku. Řídící jednotka motoru od společnosti EFI. Typ řídící jednotky T6E. Předpokládaná doba úpravy tohoto modelu je 1 - 2 hodiny.","numbers":["Výkon HP","409 HP","462 HP","Výkon kW","302 kW","341 kW","Točivý moment Nm","414 Nm","512 Nm","Maximální rychlost","","+ 10 KM/H","Spotřeba město","","-0,70 L / 100 KM","Kombinovaná spotřeba","","-0,60 L / 100 KM","Spotřeba mimo město","","-0,50 L / 100 KM"],"chartPower":"./chartPower/evora___1187009.png","chartTorque":"./chartTorque/evora___1187009.png"},{"id":"evora___1187013","fullName":"ChipTuning - Lotus Evora 400 IPS 3.5 V6 24v VVTL-i Supercharged - 405 HP ","desc":"Zvýšení výkonu motoru (chiptuning) vozidla Lotus Evora 400 IPS 3.5 V6 24v VVTL-i Supercharged - 405 HP je možné z původních 296 kW (403 HP) až na 347 kW (472 HP) a nárůst točivého momentu ze 408 Nm až na 545 Nm.,Maximální rychlost se po úpravě zvýší o + 13 KM/H a kombinovaná spotřeba se sníží v průměru o -1,00 L / 100 KM.","imgUrl":"./previews/evora___.png","fullDesc":"Níže naleznete parametry před a po úpravě Standard pro vozidlo: Lotus Evora 400 IPS 3.5 V6 24v VVTL-i Supercharged - 405 HP. Modelová řada vyráběná od roku 2016. Úprava tohoto modelu se provádí přes diagnostickou zásuvku. Řídící jednotka motoru od společnosti EFI. Typ řídící jednotky T6E. Předpokládaná doba úpravy tohoto modelu je 1 - 2 hodiny.","numbers":["Výkon HP","403 HP","456 HP","Výkon kW","296 kW","335 kW","Točivý moment Nm","408 Nm","506 Nm","Maximální rychlost","","+ 10 KM/H","Spotřeba město","","-0,70 L / 100 KM","Kombinovaná spotřeba","","-0,60 L / 100 KM","Spotřeba mimo město","","-0,50 L / 100 KM"],"chartPower":"./chartPower/evora___1187013.png","chartTorque":"./chartTorque/evora___1187013.png"},{"id":"evora___1187017","fullName":"ChipTuning - Lotus Evora GT410 Sport 3.5 V6 24v VVTL-i Supercharged - 416 HP ","desc":"Zvýšení výkonu motoru (chiptuning) vozidla Lotus Evora GT410 Sport 3.5 V6 24v VVTL-i Supercharged - 416 HP je možné z původních 302 kW (412 HP) až na 354 kW (482 HP) a nárůst točivého momentu ze 436 Nm až na 547 Nm.,Maximální rychlost se po úpravě zvýší o + 13 KM/H a kombinovaná spotřeba se sníží v průměru o -1,00 L / 100 KM.","imgUrl":"./previews/evora___.png","fullDesc":"Níže naleznete parametry před a po úpravě Standard pro vozidlo: Lotus Evora GT410 Sport 3.5 V6 24v VVTL-i Supercharged - 416 HP. Modelová řada vyráběná od roku 2016. Úprava tohoto modelu se provádí přes diagnostickou zásuvku. Řídící jednotka motoru od společnosti EFI. Typ řídící jednotky T6E. Předpokládaná doba úpravy tohoto modelu je 1 - 2 hodiny.","numbers":["Výkon HP","412 HP","466 HP","Výkon kW","302 kW","342 kW","Točivý moment Nm","436 Nm","515 Nm","Maximální rychlost","","+ 10 KM/H","Spotřeba město","","-0,70 L / 100 KM","Kombinovaná spotřeba","","-0,60 L / 100 KM","Spotřeba mimo město","","-0,50 L / 100 KM"],"chartPower":"./chartPower/evora___1187017.png","chartTorque":"./chartTorque/evora___1187017.png"},{"id":"evora___1187021","fullName":"ChipTuning - Lotus Evora GT410 Sport IPS 3.5 V6 24v VVTL-i Supercharged - 416 HP ","desc":"Zvýšení výkonu motoru (chiptuning) vozidla Lotus Evora GT410 Sport IPS 3.5 V6 24v VVTL-i Supercharged - 416 HP je možné z původních 305 kW (415 HP) až na 357 kW (485 HP) a nárůst točivého momentu ze 439 Nm až na 550 Nm.,Maximální rychlost se po úpravě zvýší o + 13 KM/H a kombinovaná spotřeba se sníží v průměru o -1,00 L / 100 KM.","imgUrl":"./previews/evora___.png","fullDesc":"Níže naleznete parametry před a po úpravě Standard pro vozidlo: Lotus Evora GT410 Sport IPS 3.5 V6 24v VVTL-i Supercharged - 416 HP. Modelová řada vyráběná od roku 2016. Úprava tohoto modelu se provádí přes diagnostickou zásuvku. Řídící jednotka motoru od společnosti EFI. Typ řídící jednotky T6E. Předpokládaná doba úpravy tohoto modelu je 1 - 2 hodiny.","numbers":["Výkon HP","415 HP","469 HP","Výkon kW","305 kW","345 kW","Točivý moment Nm","439 Nm","518 Nm","Maximální rychlost","","+ 10 KM/H","Spotřeba město","","-0,70 L / 100 KM","Kombinovaná spotřeba","","-0,60 L / 100 KM","Spotřeba mimo město","","-0,50 L / 100 KM"],"chartPower":"./chartPower/evora___1187021.png","chartTorque":"./chartTorque/evora___1187021.png"},{"id":"evora___1187025","fullName":"ChipTuning - Lotus Evora GT430 Sport 3.5 V6 24v VVTL-i Supercharged - 436 HP ","desc":"Zvýšení výkonu motoru (chiptuning) vozidla Lotus Evora GT430 Sport 3.5 V6 24v VVTL-i Supercharged - 436 HP je možné z původních 318 kW (433 HP) až na 373 kW (507 HP) a nárůst točivého momentu ze 437 Nm až na 548 Nm.,Maximální rychlost se po úpravě zvýší o + 13 KM/H a kombinovaná spotřeba se sníží v průměru o -1,00 L / 100 KM.","imgUrl":"./previews/evora___.png","fullDesc":"Níže naleznete parametry před a po úpravě Standard pro vozidlo: Lotus Evora GT430 Sport 3.5 V6 24v VVTL-i Supercharged - 436 HP. Modelová řada vyráběná od roku 2017. Úprava tohoto modelu se provádí přes diagnostickou zásuvku. Řídící jednotka motoru od společnosti EFI. Typ řídící jednotky T6E. Předpokládaná doba úpravy tohoto modelu je 1 - 2 hodiny.","numbers":["Výkon HP","433 HP","490 HP","Výkon kW","318 kW","360 kW","Točivý moment Nm","437 Nm","516 Nm","Maximální rychlost","","+ 10 KM/H","Spotřeba město","","-0,70 L / 100 KM","Kombinovaná spotřeba","","-0,60 L / 100 KM","Spotřeba mimo město","","-0,50 L / 100 KM"],"chartPower":"./chartPower/evora___1187025.png","chartTorque":"./chartTorque/evora___1187025.png"},{"id":"evora___1187028","fullName":"ChipTuning - Lotus Evora GT430 Sport IPS 3.5 V6 24v VVTL-i Supercharged - 436 HP ","desc":"Zvýšení výkonu motoru (chiptuning) vozidla Lotus Evora GT430 Sport IPS 3.5 V6 24v VVTL-i Supercharged - 436 HP je možné z původních 319 kW (434 HP) až na 374 kW (508 HP) a nárůst točivého momentu ze 448 Nm až na 561 Nm.,Maximální rychlost se po úpravě zvýší o + 13 KM/H a kombinovaná spotřeba se sníží v průměru o -1,00 L / 100 KM.","imgUrl":"./previews/evora___.png","fullDesc":"Níže naleznete parametry před a po úpravě Standard pro vozidlo: Lotus Evora GT430 Sport IPS 3.5 V6 24v VVTL-i Supercharged - 436 HP. Modelová řada vyráběná od roku 2017. Úprava tohoto modelu se provádí přes diagnostickou zásuvku. Řídící jednotka motoru od společnosti EFI. Typ řídící jednotky T6E. Předpokládaná doba úpravy tohoto modelu je 1 - 2 hodiny.","numbers":["Výkon HP","434 HP","491 HP","Výkon kW","319 kW","361 kW","Točivý moment Nm","448 Nm","529 Nm","Maximální rychlost","","+ 10 KM/H","Spotřeba město","","-0,70 L / 100 KM","Kombinovaná spotřeba","","-0,60 L / 100 KM","Spotřeba mimo město","","-0,50 L / 100 KM"],"chartPower":"./chartPower/evora___1187028.png","chartTorque":"./chartTorque/evora___1187028.png"},{"id":"evora___1187031","fullName":"ChipTuning - Lotus Evora IPS 3.5 V6 24v VVTL-i - 280 HP ","desc":"Zvýšení výkonu motoru (chiptuning) vozidla Lotus Evora IPS 3.5 V6 24v VVTL-i - 280 HP je možné z původních 205 kW (279 HP) až na 226 kW (307 HP) a nárůst točivého momentu ze 349 Nm až na 391 Nm.,Maximální rychlost se po úpravě zvýší o + 5 KM/H a kombinovaná spotřeba se sníží v průměru o -0,70 L / 100 KM.","imgUrl":"./previews/evora___.png","fullDesc":"Níže naleznete parametry před a po úpravě Standard pro vozidlo: Lotus Evora IPS 3.5 V6 24v VVTL-i - 280 HP. Modelová řada vyráběná od roku 2009. Úprava tohoto modelu se provádí přes diagnostickou zásuvku. Řídící jednotka motoru od společnosti EFI. Typ řídící jednotky T6E. Předpokládaná doba úpravy tohoto modelu je 1 - 2 hodiny.","numbers":["Výkon HP","279 HP","307 HP","Výkon kW","205 kW","226 kW","Točivý moment Nm","349 Nm","391 Nm","Maximální rychlost","","+ 5 KM/H","Spotřeba město","","-0,50 L / 100 KM","Kombinovaná spotřeba","","-0,40 L / 100 KM","Spotřeba mimo město","","-0,30 L / 100 KM"],"chartPower":"./chartPower/evora___1187031.png","chartTorque":"./chartTorque/evora___1187031.png"},{"id":"evora___1187035","fullName":"ChipTuning - Lotus Evora S 3.5 V6 24v VVTL-i Supercharged - 350 HP ","desc":"Zvýšení výkonu motoru (chiptuning) vozidla Lotus Evora S 3.5 V6 24v VVTL-i Supercharged - 350 HP je možné z původních 252 kW (345 HP) až na 278 kW (380 HP) a nárůst točivého momentu ze 395 Nm až na 443 Nm.,Maximální rychlost se po úpravě zvýší o + 5 KM/H a kombinovaná spotřeba se sníží v průměru o -0,70 L / 100 KM.","imgUrl":"./previews/evora___.png","fullDesc":"Níže naleznete parametry před a po úpravě Standard pro vozidlo: Lotus Evora S 3.5 V6 24v VVTL-i Supercharged - 350 HP. Modelová řada vyráběná od roku 2010. Úprava tohoto modelu se provádí přes diagnostickou zásuvku. Řídící jednotka motoru od společnosti EFI. Typ řídící jednotky T6E. Předpokládaná doba úpravy tohoto modelu je 1 - 2 hodiny.","numbers":["Výkon HP","345 HP","380 HP","Výkon kW","252 kW","278 kW","Točivý moment Nm","395 Nm","443 Nm","Maximální rychlost","","+ 5 KM/H","Spotřeba město","","-0,50 L / 100 KM","Kombinovaná spotřeba","","-0,40 L / 100 KM","Spotřeba mimo město","","-0,30 L / 100 KM"],"chartPower":"./chartPower/evora___1187035.png","chartTorque":"./chartTorque/evora___1187035.png"},{"id":"evora___1187042","fullName":"ChipTuning - Lotus Evora S IPS 3.5 V6 24v VVTL-i Supercharged - 350 HP ","desc":"Zvýšení výkonu motoru (chiptuning) vozidla Lotus Evora S IPS 3.5 V6 24v VVTL-i Supercharged - 350 HP je možné z původních 260 kW (353 HP) až na 286 kW (388 HP) a nárůst točivého momentu ze 403 Nm až na 451 Nm.,Maximální rychlost se po úpravě zvýší o + 5 KM/H a kombinovaná spotřeba se sníží v průměru o -0,70 L / 100 KM.","imgUrl":"./previews/evora___.png","fullDesc":"Níže naleznete parametry před a po úpravě Standard pro vozidlo: Lotus Evora S IPS 3.5 V6 24v VVTL-i Supercharged - 350 HP. Modelová řada vyráběná od roku 2010. Úprava tohoto modelu se provádí přes diagnostickou zásuvku. Řídící jednotka motoru od společnosti EFI. Typ řídící jednotky T6E. Předpokládaná doba úpravy tohoto modelu je 1 - 2 hodiny.","numbers":["Výkon HP","353 HP","388 HP","Výkon kW","260 kW","286 kW","Točivý moment Nm","403 Nm","451 Nm","Maximální rychlost","","+ 5 KM/H","Spotřeba město","","-0,50 L / 100 KM","Kombinovaná spotřeba","","-0,40 L / 100 KM","Spotřeba mimo město","","-0,30 L / 100 KM"],"chartPower":"./chartPower/evora___1187042.png","chartTorque":"./chartTorque/evora___1187042.png"},{"id":"evora___1187049","fullName":"ChipTuning - Lotus Evora Sport 410 3.5 V6 24v VVTL-i Supercharged - 416 HP ","desc":"Zvýšení výkonu motoru (chiptuning) vozidla Lotus Evora Sport 410 3.5 V6 24v VVTL-i Supercharged - 416 HP je možné z původních 309 kW (419 HP) až na 361 kW (489 HP) a nárůst točivého momentu ze 423 Nm až na 564 Nm.,Maximální rychlost se po úpravě zvýší o + 13 KM/H a kombinovaná spotřeba se sníží v průměru o -1,00 L / 100 KM.","imgUrl":"./previews/evora___.png","fullDesc":"Níže naleznete parametry před a po úpravě Standard pro vozidlo: Lotus Evora Sport 410 3.5 V6 24v VVTL-i Supercharged - 416 HP. Modelová řada vyráběná od roku 2016. Úprava tohoto modelu se provádí přes diagnostickou zásuvku. Řídící jednotka motoru od společnosti EFI. Typ řídící jednotky T6E. Předpokládaná doba úpravy tohoto modelu je 1 - 2 hodiny.","numbers":["Výkon HP","419 HP","473 HP","Výkon kW","309 kW","349 kW","Točivý moment Nm","423 Nm","524 Nm","Maximální rychlost","","+ 10 KM/H","Spotřeba město","","-0,70 L / 100 KM","Kombinovaná spotřeba","","-0,60 L / 100 KM","Spotřeba mimo město","","-0,50 L / 100 KM"],"chartPower":"./chartPower/evora___1187049.png","chartTorque":"./chartTorque/evora___1187049.png"},{"id":"evora___1187053","fullName":"ChipTuning - Lotus Evora Sport 410 IPS 3.5 V6 24v VVTL-i Supercharged - 416 HP ","desc":"Zvýšení výkonu motoru (chiptuning) vozidla Lotus Evora Sport 410 IPS 3.5 V6 24v VVTL-i Supercharged - 416 HP je možné z původních 301 kW (411 HP) až na 353 kW (481 HP) a nárůst točivého momentu ze 415 Nm až na 556 Nm.,Maximální rychlost se po úpravě zvýší o + 13 KM/H a kombinovaná spotřeba se sníží v průměru o -1,00 L / 100 KM.","imgUrl":"./previews/evora___.png","fullDesc":"Níže naleznete parametry před a po úpravě Standard pro vozidlo: Lotus Evora Sport 410 IPS 3.5 V6 24v VVTL-i Supercharged - 416 HP. Modelová řada vyráběná od roku 2016. Úprava tohoto modelu se provádí přes diagnostickou zásuvku. Řídící jednotka motoru od společnosti EFI. Typ řídící jednotky T6E. Předpokládaná doba úpravy tohoto modelu je 1 - 2 hodiny.","numbers":["Výkon HP","411 HP","465 HP","Výkon kW","301 kW","341 kW","Točivý moment Nm","415 Nm","516 Nm","Maximální rychlost","","+ 10 KM/H","Spotřeba město","","-0,70 L / 100 KM","Kombinovaná spotřeba","","-0,60 L / 100 KM","Spotřeba mimo město","","-0,50 L / 100 KM"],"chartPower":"./chartPower/evora___1187053.png","chartTorque":"./chartTorque/evora___1187053.png"},{"id":"exige_s2__1187057","fullName":"ChipTuning - Lotus Exige 1.8 16v VVTL-i - 192 HP ","desc":"Zvýšení výkonu motoru (chiptuning) vozidla Lotus Exige 1.8 16v VVTL-i - 192 HP je možné z původních 137 kW (188 HP) až na 151 kW (209 HP) a nárůst točivého momentu ze 177 Nm až na 199 Nm.,Maximální rychlost se po úpravě zvýší o + 2 KM/H a kombinovaná spotřeba se sníží v průměru o -0,50 L / 100 KM.","imgUrl":"./previews/exige_s2__.png","fullDesc":"Níže naleznete parametry před a po úpravě Standard pro vozidlo: Lotus Exige 1.8 16v VVTL-i - 192 HP. Modelová řada vyráběná od roku 2004. Úprava tohoto modelu se provádí přes diagnostickou zásuvku. Řídící jednotka motoru od společnosti EFI. Typ řídící jednotky T4. Předpokládaná doba úpravy tohoto modelu je 1 - 2 hodiny.","numbers":["Výkon HP","188 HP","209 HP","Výkon kW","137 kW","151 kW","Točivý moment Nm","177 Nm","199 Nm","Maximální rychlost","","+ 2 KM/H","Spotřeba město","","-0,30 L / 100 KM","Kombinovaná spotřeba","","-0,25 L / 100 KM","Spotřeba mimo město","","-0,20 L / 100 KM"],"chartPower":"./chartPower/exige_s2__1187057.png","chartTorque":"./chartTorque/exige_s2__1187057.png"},{"id":"exige_s2__1187062","fullName":"ChipTuning - Lotus Exige 240R 1.8 16v VVTL-i Supercharged - 239 HP ","desc":"Zvýšení výkonu motoru (chiptuning) vozidla Lotus Exige 240R 1.8 16v VVTL-i Supercharged - 239 HP je možné z původních 172 kW (235 HP) až na 220 kW (300 HP) a nárůst točivého momentu ze 211 Nm až na 289 Nm.,Maximální rychlost se po úpravě zvýší o + 9 KM/H a kombinovaná spotřeba se sníží v průměru o -0,70 L / 100 KM.","imgUrl":"./previews/exige_s2__.png","fullDesc":"Níže naleznete parametry před a po úpravě Standard pro vozidlo: Lotus Exige 240R 1.8 16v VVTL-i Supercharged - 239 HP. Modelová řada vyráběná od roku 2005. Úprava tohoto modelu se provádí přes diagnostickou zásuvku. Řídící jednotka motoru od společnosti EFI. Typ řídící jednotky T4. Předpokládaná doba úpravy tohoto modelu je 1 - 2 hodiny.","numbers":["Výkon HP","235 HP","285 HP","Výkon kW","172 kW","209 kW","Točivý moment Nm","211 Nm","267 Nm","Maximální rychlost","","+ 6 KM/H","Spotřeba město","","-0,50 L / 100 KM","Kombinovaná spotřeba","","-0,40 L / 100 KM","Spotřeba mimo město","","-0,30 L / 100 KM"],"chartPower":"./chartPower/exige_s2__1187062.png","chartTorque":"./chartTorque/exige_s2__1187062.png"},{"id":"exige_s2__1187064","fullName":"ChipTuning - Lotus Exige CUP 240 1.8 16v VVTL-i Supercharged - 243 HP ","desc":"Zvýšení výkonu motoru (chiptuning) vozidla Lotus Exige CUP 240 1.8 16v VVTL-i Supercharged - 243 HP je možné z původních 175 kW (239 HP) až na 224 kW (305 HP) a nárůst točivého momentu ze 208 Nm až na 285 Nm.,Maximální rychlost se po úpravě zvýší o + 9 KM/H a kombinovaná spotřeba se sníží v průměru o -0,70 L / 100 KM.","imgUrl":"./previews/exige_s2__.png","fullDesc":"Níže naleznete parametry před a po úpravě Standard pro vozidlo: Lotus Exige CUP 240 1.8 16v VVTL-i Supercharged - 243 HP. Modelová řada vyráběná od roku 2008. Úprava tohoto modelu se provádí přes diagnostickou zásuvku. Řídící jednotka motoru od společnosti EFI. Typ řídící jednotky T4E. Předpokládaná doba úpravy tohoto modelu je 1 - 2 hodiny.","numbers":["Výkon HP","239 HP","290 HP","Výkon kW","175 kW","213 kW","Točivý moment Nm","208 Nm","263 Nm","Maximální rychlost","","+ 6 KM/H","Spotřeba město","","-0,50 L / 100 KM","Kombinovaná spotřeba","","-0,40 L / 100 KM","Spotřeba mimo město","","-0,30 L / 100 KM"],"chartPower":"./chartPower/exige_s2__1187064.png","chartTorque":"./chartTorque/exige_s2__1187064.png"},{"id":"exige_s2__1187068","fullName":"ChipTuning - Lotus Exige CUP 255 1.8 16v VVTL-i Supercharged - 254 HP ","desc":"Zvýšení výkonu motoru (chiptuning) vozidla Lotus Exige CUP 255 1.8 16v VVTL-i Supercharged - 254 HP je možné z původních 186 kW (253 HP) až na 237 kW (322 HP) a nárůst točivého momentu ze 241 Nm až na 329 Nm.,Maximální rychlost se po úpravě zvýší o + 9 KM/H a kombinovaná spotřeba se sníží v průměru o -0,70 L / 100 KM.","imgUrl":"./previews/exige_s2__.png","fullDesc":"Níže naleznete parametry před a po úpravě Standard pro vozidlo: Lotus Exige CUP 255 1.8 16v VVTL-i Supercharged - 254 HP. Modelová řada vyráběná od roku 2008. Úprava tohoto modelu se provádí přes diagnostickou zásuvku. Řídící jednotka motoru od společnosti EFI. Typ řídící jednotky T4E. Předpokládaná doba úpravy tohoto modelu je 1 - 2 hodiny.","numbers":["Výkon HP","253 HP","306 HP","Výkon kW","186 kW","225 kW","Točivý moment Nm","241 Nm","304 Nm","Maximální rychlost","","+ 6 KM/H","Spotřeba město","","-0,50 L / 100 KM","Kombinovaná spotřeba","","-0,40 L / 100 KM","Spotřeba mimo město","","-0,30 L / 100 KM"],"chartPower":"./chartPower/exige_s2__1187068.png","chartTorque":"./chartTorque/exige_s2__1187068.png"},{"id":"exige_s2__1187072","fullName":"ChipTuning - Lotus Exige CUP 260 1.8 16v VVTL-i Supercharged - 260 HP ","desc":"Zvýšení výkonu motoru (chiptuning) vozidla Lotus Exige CUP 260 1.8 16v VVTL-i Supercharged - 260 HP je možné z původních 193 kW (262 HP) až na 245 kW (334 HP) a nárůst točivého momentu ze 238 Nm až na 323 Nm.,Maximální rychlost se po úpravě zvýší o + 9 KM/H a kombinovaná spotřeba se sníží v průměru o -0,70 L / 100 KM.","imgUrl":"./previews/exige_s2__.png","fullDesc":"Níže naleznete parametry před a po úpravě Standard pro vozidlo: Lotus Exige CUP 260 1.8 16v VVTL-i Supercharged - 260 HP. Modelová řada vyráběná od roku 2009. Úprava tohoto modelu se provádí přes diagnostickou zásuvku. Řídící jednotka motoru od společnosti EFI. Typ řídící jednotky T4E. Předpokládaná doba úpravy tohoto modelu je 1 - 2 hodiny.","numbers":["Výkon HP","262 HP","317 HP","Výkon kW","193 kW","233 kW","Točivý moment Nm","238 Nm","299 Nm","Maximální rychlost","","+ 6 KM/H","Spotřeba město","","-0,50 L / 100 KM","Kombinovaná spotřeba","","-0,40 L / 100 KM","Spotřeba mimo město","","-0,30 L / 100 KM"],"chartPower":"./chartPower/exige_s2__1187072.png","chartTorque":"./chartTorque/exige_s2__1187072.png"},{"id":"exige_s2__1187075","fullName":"ChipTuning - Lotus Exige S 1.8 16v VVTL-i Supercharged - 222 HP ","desc":"Zvýšení výkonu motoru (chiptuning) vozidla Lotus Exige S 1.8 16v VVTL-i Supercharged - 222 HP je možné z původních 158 kW (217 HP) až na 202 kW (278 HP) a nárůst točivého momentu ze 210 Nm až na 288 Nm.,Maximální rychlost se po úpravě zvýší o + 9 KM/H a kombinovaná spotřeba se sníží v průměru o -0,70 L / 100 KM.","imgUrl":"./previews/exige_s2__.png","fullDesc":"Níže naleznete parametry před a po úpravě Standard pro vozidlo: Lotus Exige S 1.8 16v VVTL-i Supercharged - 222 HP. Modelová řada vyráběná od roku 2006. Úprava tohoto modelu se provádí přes diagnostickou zásuvku. Řídící jednotka motoru od společnosti EFI. Typ řídící jednotky T4E. Předpokládaná doba úpravy tohoto modelu je 1 - 2 hodiny.","numbers":["Výkon HP","217 HP","264 HP","Výkon kW","158 kW","192 kW","Točivý moment Nm","210 Nm","266 Nm","Maximální rychlost","","+ 6 KM/H","Spotřeba město","","-0,50 L / 100 KM","Kombinovaná spotřeba","","-0,40 L / 100 KM","Spotřeba mimo město","","-0,30 L / 100 KM"],"chartPower":"./chartPower/exige_s2__1187075.png","chartTorque":"./chartTorque/exige_s2__1187075.png"},{"id":"exige_s2__1187078","fullName":"ChipTuning - Lotus Exige S 240 1.8 16v VVTL-i Supercharged - 243 HP ","desc":"Zvýšení výkonu motoru (chiptuning) vozidla Lotus Exige S 240 1.8 16v VVTL-i Supercharged - 243 HP je možné z původních 174 kW (238 HP) až na 223 kW (304 HP) a nárůst točivého momentu ze 207 Nm až na 284 Nm.,Maximální rychlost se po úpravě zvýší o + 9 KM/H a kombinovaná spotřeba se sníží v průměru o -0,70 L / 100 KM.","imgUrl":"./previews/exige_s2__.png","fullDesc":"Níže naleznete parametry před a po úpravě Standard pro vozidlo: Lotus Exige S 240 1.8 16v VVTL-i Supercharged - 243 HP. Modelová řada vyráběná od roku 2008. Úprava tohoto modelu se provádí přes diagnostickou zásuvku. Řídící jednotka motoru od společnosti EFI. Typ řídící jednotky T4E. Předpokládaná doba úpravy tohoto modelu je 1 - 2 hodiny.","numbers":["Výkon HP","238 HP","289 HP","Výkon kW","174 kW","212 kW","Točivý moment Nm","207 Nm","262 Nm","Maximální rychlost","","+ 6 KM/H","Spotřeba město","","-0,50 L / 100 KM","Kombinovaná spotřeba","","-0,40 L / 100 KM","Spotřeba mimo město","","-0,30 L / 100 KM"],"chartPower":"./chartPower/exige_s2__1187078.png","chartTorque":"./chartTorque/exige_s2__1187078.png"},{"id":"exige_s2__1187082","fullName":"ChipTuning - Lotus Exige S 260 1.8 16v VVTL-i Supercharged - 260 HP ","desc":"Zvýšení výkonu motoru (chiptuning) vozidla Lotus Exige S 260 1.8 16v VVTL-i Supercharged - 260 HP je možné z původních 191 kW (260 HP) až na 243 kW (332 HP) a nárůst točivého momentu ze 236 Nm až na 321 Nm.,Maximální rychlost se po úpravě zvýší o + 9 KM/H a kombinovaná spotřeba se sníží v průměru o -0,70 L / 100 KM.","imgUrl":"./previews/exige_s2__.png","fullDesc":"Níže naleznete parametry před a po úpravě Standard pro vozidlo: Lotus Exige S 260 1.8 16v VVTL-i Supercharged - 260 HP. Modelová řada vyráběná od roku 2009. Úprava tohoto modelu se provádí přes diagnostickou zásuvku. Řídící jednotka motoru od společnosti EFI. Typ řídící jednotky T4E. Předpokládaná doba úpravy tohoto modelu je 1 - 2 hodiny.","numbers":["Výkon HP","260 HP","315 HP","Výkon kW","191 kW","231 kW","Točivý moment Nm","236 Nm","297 Nm","Maximální rychlost","","+ 6 KM/H","Spotřeba město","","-0,50 L / 100 KM","Kombinovaná spotřeba","","-0,40 L / 100 KM","Spotřeba mimo město","","-0,30 L / 100 KM"],"chartPower":"./chartPower/exige_s2__1187082.png","chartTorque":"./chartTorque/exige_s2__1187082.png"},{"id":"exige_s2__1187085","fullName":"ChipTuning - Lotus Exige S RGB 1.8 16v VVTL-i Supercharged - 260 HP ","desc":"Zvýšení výkonu motoru (chiptuning) vozidla Lotus Exige S RGB 1.8 16v VVTL-i Supercharged - 260 HP je možné z původních 186 kW (255 HP) až na 238 kW (327 HP) a nárůst točivého momentu ze 231 Nm až na 316 Nm.,Maximální rychlost se po úpravě zvýší o + 9 KM/H a kombinovaná spotřeba se sníží v průměru o -0,70 L / 100 KM.","imgUrl":"./previews/exige_s2__.png","fullDesc":"Níže naleznete parametry před a po úpravě Standard pro vozidlo: Lotus Exige S RGB 1.8 16v VVTL-i Supercharged - 260 HP. Modelová řada vyráběná od roku 2010. Úprava tohoto modelu se provádí přes diagnostickou zásuvku. Řídící jednotka motoru od společnosti EFI. Typ řídící jednotky T4E. Předpokládaná doba úpravy tohoto modelu je 1 - 2 hodiny.","numbers":["Výkon HP","255 HP","310 HP","Výkon kW","186 kW","226 kW","Točivý moment Nm","231 Nm","292 Nm","Maximální rychlost","","+ 6 KM/H","Spotřeba město","","-0,50 L / 100 KM","Kombinovaná spotřeba","","-0,40 L / 100 KM","Spotřeba mimo město","","-0,30 L / 100 KM"],"chartPower":"./chartPower/exige_s2__1187085.png","chartTorque":"./chartTorque/exige_s2__1187085.png"},{"id":"exige_s3__1187087","fullName":"ChipTuning - Lotus Exige CUP 3.5 V6 24v VVTL-i Supercharged - 350 HP ","desc":"Zvýšení výkonu motoru (chiptuning) vozidla Lotus Exige CUP 3.5 V6 24v VVTL-i Supercharged - 350 HP je možné z původních 258 kW (351 HP) až na 284 kW (386 HP) a nárůst točivého momentu ze 401 Nm až na 449 Nm.,Maximální rychlost se po úpravě zvýší o + 5 KM/H a kombinovaná spotřeba se sníží v průměru o -0,70 L / 100 KM.","imgUrl":"./previews/exige_s3__.png","fullDesc":"Níže naleznete parametry před a po úpravě Standard pro vozidlo: Lotus Exige CUP 3.5 V6 24v VVTL-i Supercharged - 350 HP. Modelová řada vyráběná od roku 2013. Úprava tohoto modelu se provádí přes diagnostickou zásuvku. Řídící jednotka motoru od společnosti EFI. Typ řídící jednotky T6E. Předpokládaná doba úpravy tohoto modelu je 1 - 2 hodiny.","numbers":["Výkon HP","351 HP","386 HP","Výkon kW","258 kW","284 kW","Točivý moment Nm","401 Nm","449 Nm","Maximální rychlost","","+ 5 KM/H","Spotřeba město","","-0,50 L / 100 KM","Kombinovaná spotřeba","","-0,40 L / 100 KM","Spotřeba mimo město","","-0,30 L / 100 KM"],"chartPower":"./chartPower/exige_s3__1187087.png","chartTorque":"./chartTorque/exige_s3__1187087.png"},{"id":"exige_s3__1187091","fullName":"ChipTuning - Lotus Exige CUP 360 3.5 V6 24v VVTL-i Supercharged - 350 HP ","desc":"Zvýšení výkonu motoru (chiptuning) vozidla Lotus Exige CUP 360 3.5 V6 24v VVTL-i Supercharged - 350 HP je možné z původních 253 kW (346 HP) až na 279 kW (381 HP) a nárůst točivého momentu ze 396 Nm až na 444 Nm.,Maximální rychlost se po úpravě zvýší o + 5 KM/H a kombinovaná spotřeba se sníží v průměru o -0,70 L / 100 KM.","imgUrl":"./previews/exige_s3__.png","fullDesc":"Níže naleznete parametry před a po úpravě Standard pro vozidlo: Lotus Exige CUP 360 3.5 V6 24v VVTL-i Supercharged - 350 HP. Modelová řada vyráběná od roku 2015. Úprava tohoto modelu se provádí přes diagnostickou zásuvku. Řídící jednotka motoru od společnosti EFI. Typ řídící jednotky T6E. Předpokládaná doba úpravy tohoto modelu je 1 - 2 hodiny.","numbers":["Výkon HP","346 HP","381 HP","Výkon kW","253 kW","279 kW","Točivý moment Nm","396 Nm","444 Nm","Maximální rychlost","","+ 5 KM/H","Spotřeba město","","-0,50 L / 100 KM","Kombinovaná spotřeba","","-0,40 L / 100 KM","Spotřeba mimo město","","-0,30 L / 100 KM"],"chartPower":"./chartPower/exige_s3__1187091.png","chartTorque":"./chartTorque/exige_s3__1187091.png"},{"id":"exige_s3__1187096","fullName":"ChipTuning - Lotus Exige CUP 380 3.5 V6 24v VVTL-i Supercharged - 380 HP ","desc":"Zvýšení výkonu motoru (chiptuning) vozidla Lotus Exige CUP 380 3.5 V6 24v VVTL-i Supercharged - 380 HP je možné z původních 276 kW (376 HP) až na 323 kW (440 HP) a nárůst točivého momentu ze 406 Nm až na 543 Nm.,Maximální rychlost se po úpravě zvýší o + 13 KM/H a kombinovaná spotřeba se sníží v průměru o -1,00 L / 100 KM.","imgUrl":"./previews/exige_s3__.png","fullDesc":"Níže naleznete parametry před a po úpravě Standard pro vozidlo: Lotus Exige CUP 380 3.5 V6 24v VVTL-i Supercharged - 380 HP. Modelová řada vyráběná od roku 2016. Úprava tohoto modelu se provádí přes diagnostickou zásuvku. Řídící jednotka motoru od společnosti EFI. Typ řídící jednotky T6E. Předpokládaná doba úpravy tohoto modelu je 1 - 2 hodiny.","numbers":["Výkon HP","376 HP","425 HP","Výkon kW","276 kW","312 kW","Točivý moment Nm","406 Nm","504 Nm","Maximální rychlost","","+ 10 KM/H","Spotřeba město","","-0,70 L / 100 KM","Kombinovaná spotřeba","","-0,60 L / 100 KM","Spotřeba mimo město","","-0,50 L / 100 KM"],"chartPower":"./chartPower/exige_s3__1187096.png","chartTorque":"./chartTorque/exige_s3__1187096.png"},{"id":"exige_s3__1187100","fullName":"ChipTuning - Lotus Exige CUP 430 3.5 V6 24v VVTL-i Supercharged - 430 HP ","desc":"Zvýšení výkonu motoru (chiptuning) vozidla Lotus Exige CUP 430 3.5 V6 24v VVTL-i Supercharged - 430 HP je možné z původních 311 kW (425 HP) až na 364 kW (498 HP) a nárůst točivého momentu ze 435 Nm až na 546 Nm.,Maximální rychlost se po úpravě zvýší o + 13 KM/H a kombinovaná spotřeba se sníží v průměru o -1,00 L / 100 KM.","imgUrl":"./previews/exige_s3__.png","fullDesc":"Níže naleznete parametry před a po úpravě Standard pro vozidlo: Lotus Exige CUP 430 3.5 V6 24v VVTL-i Supercharged - 430 HP. Modelová řada vyráběná od roku 2017. Úprava tohoto modelu se provádí přes diagnostickou zásuvku. Řídící jednotka motoru od společnosti EFI. Typ řídící jednotky T6E. Předpokládaná doba úpravy tohoto modelu je 1 - 2 hodiny.","numbers":["Výkon HP","425 HP","481 HP","Výkon kW","311 kW","352 kW","Točivý moment Nm","435 Nm","514 Nm","Maximální rychlost","","+ 10 KM/H","Spotřeba město","","-0,70 L / 100 KM","Kombinovaná spotřeba","","-0,60 L / 100 KM","Spotřeba mimo město","","-0,50 L / 100 KM"],"chartPower":"./chartPower/exige_s3__1187100.png","chartTorque":"./chartTorque/exige_s3__1187100.png"},{"id":"exige_s3__1187103","fullName":"ChipTuning - Lotus Exige CUP R 3.5 V6 24v VVTL-i Supercharged - 366 HP ","desc":"Zvýšení výkonu motoru (chiptuning) vozidla Lotus Exige CUP R 3.5 V6 24v VVTL-i Supercharged - 366 HP je možné z původních 269 kW (366 HP) až na 315 kW (428 HP) a nárůst točivého momentu ze 413 Nm až na 552 Nm.,Maximální rychlost se po úpravě zvýší o + 13 KM/H a kombinovaná spotřeba se sníží v průměru o -1,00 L / 100 KM.","imgUrl":"./previews/exige_s3__.png","fullDesc":"Níže naleznete parametry před a po úpravě Standard pro vozidlo: Lotus Exige CUP R 3.5 V6 24v VVTL-i Supercharged - 366 HP. Modelová řada vyráběná od roku 2013. Úprava tohoto modelu se provádí přes diagnostickou zásuvku. Řídící jednotka motoru od společnosti EFI. Typ řídící jednotky T6E. Předpokládaná doba úpravy tohoto modelu je 1 - 2 hodiny.","numbers":["Výkon HP","366 HP","414 HP","Výkon kW","269 kW","304 kW","Točivý moment Nm","413 Nm","512 Nm","Maximální rychlost","","+ 10 KM/H","Spotřeba město","","-0,70 L / 100 KM","Kombinovaná spotřeba","","-0,60 L / 100 KM","Spotřeba mimo město","","-0,50 L / 100 KM"],"chartPower":"./chartPower/exige_s3__1187103.png","chartTorque":"./chartTorque/exige_s3__1187103.png"},{"id":"exige_s3__1187107","fullName":"ChipTuning - Lotus Exige S 3.5 V6 24v VVTL-i Supercharged - 350 HP ","desc":"Zvýšení výkonu motoru (chiptuning) vozidla Lotus Exige S 3.5 V6 24v VVTL-i Supercharged - 350 HP je možné z původních 254 kW (347 HP) až na 280 kW (382 HP) a nárůst točivého momentu ze 397 Nm až na 445 Nm.,Maximální rychlost se po úpravě zvýší o + 5 KM/H a kombinovaná spotřeba se sníží v průměru o -0,70 L / 100 KM.","imgUrl":"./previews/exige_s3__.png","fullDesc":"Níže naleznete parametry před a po úpravě Standard pro vozidlo: Lotus Exige S 3.5 V6 24v VVTL-i Supercharged - 350 HP. Modelová řada vyráběná od roku 2011. Úprava tohoto modelu se provádí přes diagnostickou zásuvku. Řídící jednotka motoru od společnosti EFI. Typ řídící jednotky T6E. Předpokládaná doba úpravy tohoto modelu je 1 - 2 hodiny.","numbers":["Výkon HP","347 HP","382 HP","Výkon kW","254 kW","280 kW","Točivý moment Nm","397 Nm","445 Nm","Maximální rychlost","","+ 5 KM/H","Spotřeba město","","-0,50 L / 100 KM","Kombinovaná spotřeba","","-0,40 L / 100 KM","Spotřeba mimo město","","-0,30 L / 100 KM"],"chartPower":"./chartPower/exige_s3__1187107.png","chartTorque":"./chartTorque/exige_s3__1187107.png"},{"id":"exige_s3__1187112","fullName":"ChipTuning - Lotus Exige S Roadster 3.5 V6 24v VVTL-i Supercharged - 350 HP ","desc":"Zvýšení výkonu motoru (chiptuning) vozidla Lotus Exige S Roadster 3.5 V6 24v VVTL-i Supercharged - 350 HP je možné z původních 252 kW (345 HP) až na 278 kW (380 HP) a nárůst točivého momentu ze 395 Nm až na 443 Nm.,Maximální rychlost se po úpravě zvýší o + 5 KM/H a kombinovaná spotřeba se sníží v průměru o -0,70 L / 100 KM.","imgUrl":"./previews/exige_s3__.png","fullDesc":"Níže naleznete parametry před a po úpravě Standard pro vozidlo: Lotus Exige S Roadster 3.5 V6 24v VVTL-i Supercharged - 350 HP. Modelová řada vyráběná od roku 2013. Úprava tohoto modelu se provádí přes diagnostickou zásuvku. Řídící jednotka motoru od společnosti EFI. Typ řídící jednotky T6E. Předpokládaná doba úpravy tohoto modelu je 1 - 2 hodiny.","numbers":["Výkon HP","345 HP","380 HP","Výkon kW","252 kW","278 kW","Točivý moment Nm","395 Nm","443 Nm","Maximální rychlost","","+ 5 KM/H","Spotřeba město","","-0,50 L / 100 KM","Kombinovaná spotřeba","","-0,40 L / 100 KM","Spotřeba mimo město","","-0,30 L / 100 KM"],"chartPower":"./chartPower/exige_s3__1187112.png","chartTorque":"./chartTorque/exige_s3__1187112.png"},{"id":"exige_s3__1187116","fullName":"ChipTuning - Lotus Exige Sport 380 3.5 V6 24v VVTL-i Supercharged - 380 HP ","desc":"Zvýšení výkonu motoru (chiptuning) vozidla Lotus Exige Sport 380 3.5 V6 24v VVTL-i Supercharged - 380 HP je možné z původních 279 kW (379 HP) až na 326 kW (443 HP) a nárůst točivého momentu ze 409 Nm až na 546 Nm.,Maximální rychlost se po úpravě zvýší o + 13 KM/H a kombinovaná spotřeba se sníží v průměru o -1,00 L / 100 KM.","imgUrl":"./previews/exige_s3__.png","fullDesc":"Níže naleznete parametry před a po úpravě Standard pro vozidlo: Lotus Exige Sport 380 3.5 V6 24v VVTL-i Supercharged - 380 HP. Modelová řada vyráběná od roku 2016. Úprava tohoto modelu se provádí přes diagnostickou zásuvku. Řídící jednotka motoru od společnosti EFI. Typ řídící jednotky T6E. Předpokládaná doba úpravy tohoto modelu je 1 - 2 hodiny.","numbers":["Výkon HP","379 HP","428 HP","Výkon kW","279 kW","315 kW","Točivý moment Nm","409 Nm","507 Nm","Maximální rychlost","","+ 10 KM/H","Spotřeba město","","-0,70 L / 100 KM","Kombinovaná spotřeba","","-0,60 L / 100 KM","Spotřeba mimo město","","-0,50 L / 100 KM"],"chartPower":"./chartPower/exige_s3__1187116.png","chartTorque":"./chartTorque/exige_s3__1187116.png"},{"id":"exige_s3__1187120","fullName":"ChipTuning - Lotus Exige Sport 410 3.5 V6 24v VVTL-i Supercharged - 409 HP ","desc":"Zvýšení výkonu motoru (chiptuning) vozidla Lotus Exige Sport 410 3.5 V6 24v VVTL-i Supercharged - 409 HP je možné z původních 302 kW (410 HP) až na 353 kW (479 HP) a nárůst točivého momentu ze 411 Nm až na 548 Nm.,Maximální rychlost se po úpravě zvýší o + 13 KM/H a kombinovaná spotřeba se sníží v průměru o -1,00 L / 100 KM.","imgUrl":"./previews/exige_s3__.png","fullDesc":"Níže naleznete parametry před a po úpravě Standard pro vozidlo: Lotus Exige Sport 410 3.5 V6 24v VVTL-i Supercharged - 409 HP. Modelová řada vyráběná od roku 2018. Úprava tohoto modelu se provádí přes diagnostickou zásuvku. Řídící jednotka motoru od společnosti EFI. Typ řídící jednotky T6E. Předpokládaná doba úpravy tohoto modelu je 1 - 2 hodiny.","numbers":["Výkon HP","410 HP","463 HP","Výkon kW","302 kW","341 kW","Točivý moment Nm","411 Nm","509 Nm","Maximální rychlost","","+ 10 KM/H","Spotřeba město","","-0,70 L / 100 KM","Kombinovaná spotřeba","","-0,60 L / 100 KM","Spotřeba mimo město","","-0,50 L / 100 KM"],"chartPower":"./chartPower/exige_s3__1187120.png","chartTorque":"./chartTorque/exige_s3__1187120.png"}]