[{"id":"coupe_(4200 gt)___1187167","fullName":"ChipTuning - Maserati Coupe 4.2 V8 Coupe Cambiocorsa - 390 HP ","desc":"Zvýšení výkonu motoru (chiptuning) vozidla Maserati Coupe 4.2 V8 Coupe Cambiocorsa - 390 HP je možné z původních 291 kW (394 HP) až na 320 kW (433 HP) a nárůst točivého momentu ze 455 Nm až na 505 Nm.,Maximální rychlost se po úpravě zvýší o + 1 KM/H a kombinovaná spotřeba se sníží v průměru o -0,30 L / 100 KM.","imgUrl":"./previews/coupe_(4200 gt)___.png","fullDesc":"Níže naleznete parametry před a po úpravě Standard pro vozidlo: Maserati Coupe 4.2 V8 Coupe Cambiocorsa - 390 HP. Modelová řada vyráběná od roku 2002. Řídící jednotka motoru od společnosti Bosch. Typ řídící jednotky ME7.3.2. Předpokládaná doba úpravy tohoto modelu je 2 - 4 hodiny.","numbers":["Výkon HP","394 HP","433 HP","Výkon kW","291 kW","320 kW","Točivý moment Nm","455 Nm","505 Nm","Maximální rychlost","","+ 1 KM/H","Spotřeba město","","-0,20 L / 100 KM","Kombinovaná spotřeba","","-0,20 L / 100 KM","Spotřeba mimo město","","-0,10 L / 100 KM"],"chartPower":"./chartPower/coupe_(4200 gt)___1187167.png","chartTorque":"./chartTorque/coupe_(4200 gt)___1187167.png"},{"id":"coupe_(4200 gt)___1187168","fullName":"ChipTuning - Maserati Coupe 4.2 V8 Coupe Cambiocorsa - 396 HP ","desc":"Zvýšení výkonu motoru (chiptuning) vozidla Maserati Coupe 4.2 V8 Coupe Cambiocorsa - 396 HP je možné z původních 286 kW (391 HP) až na 315 kW (431 HP) a nárůst točivého momentu ze 447 Nm až na 497 Nm.,Maximální rychlost se po úpravě zvýší o + 1 KM/H a kombinovaná spotřeba se sníží v průměru o -0,30 L / 100 KM.","imgUrl":"./previews/coupe_(4200 gt)___.png","fullDesc":"Níže naleznete parametry před a po úpravě Standard pro vozidlo: Maserati Coupe 4.2 V8 Coupe Cambiocorsa - 396 HP. Modelová řada vyráběná od roku 2002. Řídící jednotka motoru od společnosti Bosch. Typ řídící jednotky ME7.3.2. Předpokládaná doba úpravy tohoto modelu je 2 - 4 hodiny.","numbers":["Výkon HP","391 HP","431 HP","Výkon kW","286 kW","315 kW","Točivý moment Nm","447 Nm","497 Nm","Maximální rychlost","","+ 1 KM/H","Spotřeba město","","-0,20 L / 100 KM","Kombinovaná spotřeba","","-0,20 L / 100 KM","Spotřeba mimo město","","-0,10 L / 100 KM"],"chartPower":"./chartPower/coupe_(4200 gt)___1187168.png","chartTorque":"./chartTorque/coupe_(4200 gt)___1187168.png"},{"id":"coupe_(4200 gt)___1187178","fullName":"ChipTuning - Maserati Coupe 4.2 V8 Coupe GT - 390 HP ","desc":"Zvýšení výkonu motoru (chiptuning) vozidla Maserati Coupe 4.2 V8 Coupe GT - 390 HP je možné z původních 287 kW (390 HP) až na 316 kW (429 HP) a nárůst točivého momentu ze 451 Nm až na 501 Nm.,Maximální rychlost se po úpravě zvýší o + 1 KM/H a kombinovaná spotřeba se sníží v průměru o -0,30 L / 100 KM.","imgUrl":"./previews/coupe_(4200 gt)___.png","fullDesc":"Níže naleznete parametry před a po úpravě Standard pro vozidlo: Maserati Coupe 4.2 V8 Coupe GT - 390 HP. Modelová řada vyráběná od roku 2002. Řídící jednotka motoru od společnosti Bosch. Typ řídící jednotky ME7.3.2. Předpokládaná doba úpravy tohoto modelu je 2 - 4 hodiny.","numbers":["Výkon HP","390 HP","429 HP","Výkon kW","287 kW","316 kW","Točivý moment Nm","451 Nm","501 Nm","Maximální rychlost","","+ 1 KM/H","Spotřeba město","","-0,20 L / 100 KM","Kombinovaná spotřeba","","-0,20 L / 100 KM","Spotřeba mimo město","","-0,10 L / 100 KM"],"chartPower":"./chartPower/coupe_(4200 gt)___1187178.png","chartTorque":"./chartTorque/coupe_(4200 gt)___1187178.png"},{"id":"coupe_(4200 gt)___1187179","fullName":"ChipTuning - Maserati Coupe 4.2 V8 Coupe GT - 396 HP ","desc":"Zvýšení výkonu motoru (chiptuning) vozidla Maserati Coupe 4.2 V8 Coupe GT - 396 HP je možné z původních 296 kW (401 HP) až na 325 kW (441 HP) a nárůst točivého momentu ze 457 Nm až na 507 Nm.,Maximální rychlost se po úpravě zvýší o + 1 KM/H a kombinovaná spotřeba se sníží v průměru o -0,30 L / 100 KM.","imgUrl":"./previews/coupe_(4200 gt)___.png","fullDesc":"Níže naleznete parametry před a po úpravě Standard pro vozidlo: Maserati Coupe 4.2 V8 Coupe GT - 396 HP. Modelová řada vyráběná od roku 2002. Řídící jednotka motoru od společnosti Bosch. Typ řídící jednotky ME7.3.2. Předpokládaná doba úpravy tohoto modelu je 2 - 4 hodiny.","numbers":["Výkon HP","401 HP","441 HP","Výkon kW","296 kW","325 kW","Točivý moment Nm","457 Nm","507 Nm","Maximální rychlost","","+ 1 KM/H","Spotřeba město","","-0,20 L / 100 KM","Kombinovaná spotřeba","","-0,20 L / 100 KM","Spotřeba mimo město","","-0,10 L / 100 KM"],"chartPower":"./chartPower/coupe_(4200 gt)___1187179.png","chartTorque":"./chartTorque/coupe_(4200 gt)___1187179.png"},{"id":"ghibli___1187221","fullName":"ChipTuning - Maserati Ghibli 3.0 V6 24v BiTurbo - 330 HP ","desc":"Zvýšení výkonu motoru (chiptuning) vozidla Maserati Ghibli 3.0 V6 24v BiTurbo - 330 HP je možné z původních 240 kW (327 HP) až na 291 kW (396 HP) a nárůst točivého momentu ze 497 Nm až na 623 Nm.,Maximální rychlost se po úpravě zvýší o + 16 KM/H a kombinovaná spotřeba se sníží v průměru o -1,20 L / 100 KM.","imgUrl":"./previews/ghibli___.png","fullDesc":"Níže naleznete parametry před a po úpravě Standard pro vozidlo: Maserati Ghibli 3.0 V6 24v BiTurbo - 330 HP. Modelová řada vyráběná od roku 2013. Úprava tohoto modelu se provádí připojením na konektory řídící jednotky bez rozebírání jednotky. Řídící jednotka motoru od společnosti Bosch. Typ řídící jednotky MED17.3.4. Předpokládaná doba úpravy tohoto modelu je 1.5 - 2.5 hodiny.","numbers":["Výkon HP","327 HP","380 HP","Výkon kW","240 kW","279 kW","Točivý moment Nm","497 Nm","587 Nm","Maximální rychlost","","+ 12 KM/H","Spotřeba město","","-0,80 L / 100 KM","Kombinovaná spotřeba","","-0,70 L / 100 KM","Spotřeba mimo město","","-0,65 L / 100 KM"],"chartPower":"./chartPower/ghibli___1187221.png","chartTorque":"./chartTorque/ghibli___1187221.png"},{"id":"ghibli___1187227","fullName":"ChipTuning - Maserati Ghibli 3.0 V6 24v BiTurbo S - 409 HP ","desc":"Zvýšení výkonu motoru (chiptuning) vozidla Maserati Ghibli 3.0 V6 24v BiTurbo S - 409 HP je možné z původních 302 kW (410 HP) až na 353 kW (479 HP) a nárůst točivého momentu ze 551 Nm až na 690 Nm.,Maximální rychlost se po úpravě zvýší o + 16 KM/H a kombinovaná spotřeba se sníží v průměru o -1,20 L / 100 KM.","imgUrl":"./previews/ghibli___.png","fullDesc":"Níže naleznete parametry před a po úpravě Standard pro vozidlo: Maserati Ghibli 3.0 V6 24v BiTurbo S - 409 HP. Modelová řada vyráběná od roku 2013. Úprava tohoto modelu se provádí připojením na konektory řídící jednotky bez rozebírání jednotky. Řídící jednotka motoru od společnosti Bosch. Typ řídící jednotky MED17.3.4. Předpokládaná doba úpravy tohoto modelu je 1.5 - 2.5 hodiny.","numbers":["Výkon HP","410 HP","463 HP","Výkon kW","302 kW","341 kW","Točivý moment Nm","551 Nm","650 Nm","Maximální rychlost","","+ 12 KM/H","Spotřeba město","","-0,80 L / 100 KM","Kombinovaná spotřeba","","-0,70 L / 100 KM","Spotřeba mimo město","","-0,65 L / 100 KM"],"chartPower":"./chartPower/ghibli___1187227.png","chartTorque":"./chartTorque/ghibli___1187227.png"},{"id":"ghibli___1187233","fullName":"ChipTuning - Maserati Ghibli 3.0 V6 24v BiTurbo S Q4 - 409 HP ","desc":"Zvýšení výkonu motoru (chiptuning) vozidla Maserati Ghibli 3.0 V6 24v BiTurbo S Q4 - 409 HP je možné z původních 304 kW (412 HP) až na 355 kW (481 HP) a nárůst točivého momentu ze 553 Nm až na 692 Nm.,Maximální rychlost se po úpravě zvýší o + 16 KM/H a kombinovaná spotřeba se sníží v průměru o -1,20 L / 100 KM.","imgUrl":"./previews/ghibli___.png","fullDesc":"Níže naleznete parametry před a po úpravě Standard pro vozidlo: Maserati Ghibli 3.0 V6 24v BiTurbo S Q4 - 409 HP. Modelová řada vyráběná od roku 2013. Úprava tohoto modelu se provádí připojením na konektory řídící jednotky bez rozebírání jednotky. Řídící jednotka motoru od společnosti Bosch. Typ řídící jednotky MED17.3.4. Předpokládaná doba úpravy tohoto modelu je 1.5 - 2.5 hodiny.","numbers":["Výkon HP","412 HP","465 HP","Výkon kW","304 kW","343 kW","Točivý moment Nm","553 Nm","652 Nm","Maximální rychlost","","+ 12 KM/H","Spotřeba město","","-0,80 L / 100 KM","Kombinovaná spotřeba","","-0,70 L / 100 KM","Spotřeba mimo město","","-0,65 L / 100 KM"],"chartPower":"./chartPower/ghibli___1187233.png","chartTorque":"./chartTorque/ghibli___1187233.png"},{"id":"ghibli___1187189","fullName":"ChipTuning - Maserati Ghibli 3.0 V6 D - 250 HP ","desc":"Zvýšení výkonu motoru (chiptuning) vozidla Maserati Ghibli 3.0 V6 D - 250 HP je možné z původních 179 kW (245 HP) až na 219 kW (301 HP) a nárůst točivého momentu ze 595 Nm až na 713 Nm.,Maximální rychlost se po úpravě zvýší o + 13 KM/H a kombinovaná spotřeba se sníží v průměru o -1,00 L / 100 KM.","imgUrl":"./previews/ghibli___.png","fullDesc":"Níže naleznete parametry před a po úpravě Standard pro vozidlo: Maserati Ghibli 3.0 V6 D - 250 HP. Modelová řada vyráběná od roku 2013. Úprava tohoto modelu se provádí přes diagnostickou zásuvku. Řídící jednotka motoru od společnosti Bosch. Typ řídící jednotky EDC17C79. Předpokládaná doba úpravy tohoto modelu je 1 - 2 hodiny.","numbers":["Výkon HP","245 HP","288 HP","Výkon kW","179 kW","210 kW","Točivý moment Nm","595 Nm","679 Nm","Maximální rychlost","","+ 10 KM/H","Spotřeba město","","-0,70 L / 100 KM","Kombinovaná spotřeba","","-0,60 L / 100 KM","Spotřeba mimo město","","-0,50 L / 100 KM"],"chartPower":"./chartPower/ghibli___1187189.png","chartTorque":"./chartTorque/ghibli___1187189.png"},{"id":"ghibli___1187205","fullName":"ChipTuning - Maserati Ghibli 3.0 V6 D - 275 HP ","desc":"Zvýšení výkonu motoru (chiptuning) vozidla Maserati Ghibli 3.0 V6 D - 275 HP je možné z původních 207 kW (280 HP) až na 251 kW (341 HP) a nárůst točivého momentu ze 605 Nm až na 723 Nm.,Maximální rychlost se po úpravě zvýší o + 13 KM/H a kombinovaná spotřeba se sníží v průměru o -1,00 L / 100 KM.","imgUrl":"./previews/ghibli___.png","fullDesc":"Níže naleznete parametry před a po úpravě Standard pro vozidlo: Maserati Ghibli 3.0 V6 D - 275 HP. Modelová řada vyráběná od roku 2013. Úprava tohoto modelu se provádí přes diagnostickou zásuvku. Řídící jednotka motoru od společnosti Bosch. Typ řídící jednotky EDC17C79. Předpokládaná doba úpravy tohoto modelu je 1 - 2 hodiny.","numbers":["Výkon HP","280 HP","327 HP","Výkon kW","207 kW","241 kW","Točivý moment Nm","605 Nm","689 Nm","Maximální rychlost","","+ 10 KM/H","Spotřeba město","","-0,70 L / 100 KM","Kombinovaná spotřeba","","-0,60 L / 100 KM","Spotřeba mimo město","","-0,50 L / 100 KM"],"chartPower":"./chartPower/ghibli___1187205.png","chartTorque":"./chartTorque/ghibli___1187205.png"},{"id":"grancabrio___1187239","fullName":"ChipTuning - Maserati Grancabrio 4.7 V8 - 441 HP ","desc":"Zvýšení výkonu motoru (chiptuning) vozidla Maserati Grancabrio 4.7 V8 - 441 HP je možné z původních 327 kW (444 HP) až na 359 kW (488 HP) a nárůst točivého momentu ze 493 Nm až na 547 Nm.,Maximální rychlost se po úpravě zvýší o + 1 KM/H a kombinovaná spotřeba se sníží v průměru o -0,30 L / 100 KM.","imgUrl":"./previews/grancabrio___.png","fullDesc":"Níže naleznete parametry před a po úpravě Standard pro vozidlo: Maserati Grancabrio 4.7 V8 - 441 HP. Modelová řada vyráběná od roku 2010. Řídící jednotka motoru od společnosti Bosch. Typ řídící jednotky ME9.1.1. Předpokládaná doba úpravy tohoto modelu je 2 - 4 hodiny.","numbers":["Výkon HP","444 HP","488 HP","Výkon kW","327 kW","359 kW","Točivý moment Nm","493 Nm","547 Nm","Maximální rychlost","","+ 1 KM/H","Spotřeba město","","-0,20 L / 100 KM","Kombinovaná spotřeba","","-0,20 L / 100 KM","Spotřeba mimo město","","-0,10 L / 100 KM"],"chartPower":"./chartPower/grancabrio___1187239.png","chartTorque":"./chartTorque/grancabrio___1187239.png"},{"id":"grancabrio___1187242","fullName":"ChipTuning - Maserati Grancabrio 4.7 V8 - 450 HP ","desc":"Zvýšení výkonu motoru (chiptuning) vozidla Maserati Grancabrio 4.7 V8 - 450 HP je možné z původních 336 kW (455 HP) až na 369 kW (500 HP) a nárůst točivého momentu ze 515 Nm až na 571 Nm.,Maximální rychlost se po úpravě zvýší o + 1 KM/H a kombinovaná spotřeba se sníží v průměru o -0,30 L / 100 KM.","imgUrl":"./previews/grancabrio___.png","fullDesc":"Níže naleznete parametry před a po úpravě Standard pro vozidlo: Maserati Grancabrio 4.7 V8 - 450 HP. Modelová řada vyráběná od roku 2013. Řídící jednotka motoru od společnosti Bosch. Typ řídící jednotky ME9.1.1. Předpokládaná doba úpravy tohoto modelu je 2 - 4 hodiny.","numbers":["Výkon HP","455 HP","500 HP","Výkon kW","336 kW","369 kW","Točivý moment Nm","515 Nm","571 Nm","Maximální rychlost","","+ 1 KM/H","Spotřeba město","","-0,20 L / 100 KM","Kombinovaná spotřeba","","-0,20 L / 100 KM","Spotřeba mimo město","","-0,10 L / 100 KM"],"chartPower":"./chartPower/grancabrio___1187242.png","chartTorque":"./chartTorque/grancabrio___1187242.png"},{"id":"grancabrio___1187244","fullName":"ChipTuning - Maserati Grancabrio 4.7 V8 Convertible - 439 HP ","desc":"Zvýšení výkonu motoru (chiptuning) vozidla Maserati Grancabrio 4.7 V8 Convertible - 439 HP je možné z původních 321 kW (437 HP) až na 353 kW (481 HP) a nárůst točivého momentu ze 488 Nm až na 542 Nm.,Maximální rychlost se po úpravě zvýší o + 1 KM/H a kombinovaná spotřeba se sníží v průměru o -0,30 L / 100 KM.","imgUrl":"./previews/grancabrio___.png","fullDesc":"Níže naleznete parametry před a po úpravě Standard pro vozidlo: Maserati Grancabrio 4.7 V8 Convertible - 439 HP. Modelová řada vyráběná od roku 2010. Řídící jednotka motoru od společnosti Bosch. Typ řídící jednotky ME9.1.1. Předpokládaná doba úpravy tohoto modelu je 2 - 4 hodiny.","numbers":["Výkon HP","437 HP","481 HP","Výkon kW","321 kW","353 kW","Točivý moment Nm","488 Nm","542 Nm","Maximální rychlost","","+ 1 KM/H","Spotřeba město","","-0,20 L / 100 KM","Kombinovaná spotřeba","","-0,20 L / 100 KM","Spotřeba mimo město","","-0,10 L / 100 KM"],"chartPower":"./chartPower/grancabrio___1187244.png","chartTorque":"./chartTorque/grancabrio___1187244.png"},{"id":"grancabrio___1187249","fullName":"ChipTuning - Maserati Grancabrio 4.7 V8 MC - 460 HP ","desc":"Zvýšení výkonu motoru (chiptuning) vozidla Maserati Grancabrio 4.7 V8 MC - 460 HP je možné z původních 339 kW (461 HP) až na 373 kW (507 HP) a nárůst točivého momentu ze 521 Nm až na 578 Nm.,Maximální rychlost se po úpravě zvýší o + 1 KM/H a kombinovaná spotřeba se sníží v průměru o -0,30 L / 100 KM.","imgUrl":"./previews/grancabrio___.png","fullDesc":"Níže naleznete parametry před a po úpravě Standard pro vozidlo: Maserati Grancabrio 4.7 V8 MC - 460 HP. Modelová řada vyráběná od roku 2012. Řídící jednotka motoru od společnosti Bosch. Typ řídící jednotky ME9.1.1. Předpokládaná doba úpravy tohoto modelu je 2 - 4 hodiny.","numbers":["Výkon HP","461 HP","507 HP","Výkon kW","339 kW","373 kW","Točivý moment Nm","521 Nm","578 Nm","Maximální rychlost","","+ 1 KM/H","Spotřeba město","","-0,20 L / 100 KM","Kombinovaná spotřeba","","-0,20 L / 100 KM","Spotřeba mimo město","","-0,10 L / 100 KM"],"chartPower":"./chartPower/grancabrio___1187249.png","chartTorque":"./chartTorque/grancabrio___1187249.png"},{"id":"grancabrio___1187253","fullName":"ChipTuning - Maserati Grancabrio 4.7 V8 Sport - 450 HP ","desc":"Zvýšení výkonu motoru (chiptuning) vozidla Maserati Grancabrio 4.7 V8 Sport - 450 HP je možné z původních 330 kW (449 HP) až na 363 kW (494 HP) a nárůst točivého momentu ze 509 Nm až na 565 Nm.,Maximální rychlost se po úpravě zvýší o + 1 KM/H a kombinovaná spotřeba se sníží v průměru o -0,30 L / 100 KM.","imgUrl":"./previews/grancabrio___.png","fullDesc":"Níže naleznete parametry před a po úpravě Standard pro vozidlo: Maserati Grancabrio 4.7 V8 Sport - 450 HP. Modelová řada vyráběná od roku 2011. Řídící jednotka motoru od společnosti Bosch. Typ řídící jednotky ME9.1.1. Předpokládaná doba úpravy tohoto modelu je 2 - 4 hodiny.","numbers":["Výkon HP","449 HP","494 HP","Výkon kW","330 kW","363 kW","Točivý moment Nm","509 Nm","565 Nm","Maximální rychlost","","+ 1 KM/H","Spotřeba město","","-0,20 L / 100 KM","Kombinovaná spotřeba","","-0,20 L / 100 KM","Spotřeba mimo město","","-0,10 L / 100 KM"],"chartPower":"./chartPower/grancabrio___1187253.png","chartTorque":"./chartTorque/grancabrio___1187253.png"},{"id":"grancabrio___1187255","fullName":"ChipTuning - Maserati Grancabrio 4.7 V8 Sport - 460 HP ","desc":"Zvýšení výkonu motoru (chiptuning) vozidla Maserati Grancabrio 4.7 V8 Sport - 460 HP je možné z původních 337 kW (459 HP) až na 371 kW (505 HP) a nárůst točivého momentu ze 519 Nm až na 576 Nm.,Maximální rychlost se po úpravě zvýší o + 1 KM/H a kombinovaná spotřeba se sníží v průměru o -0,30 L / 100 KM.","imgUrl":"./previews/grancabrio___.png","fullDesc":"Níže naleznete parametry před a po úpravě Standard pro vozidlo: Maserati Grancabrio 4.7 V8 Sport - 460 HP. Modelová řada vyráběná od roku 2013. Řídící jednotka motoru od společnosti Bosch. Typ řídící jednotky ME9.1.1. Předpokládaná doba úpravy tohoto modelu je 2 - 4 hodiny.","numbers":["Výkon HP","459 HP","505 HP","Výkon kW","337 kW","371 kW","Točivý moment Nm","519 Nm","576 Nm","Maximální rychlost","","+ 1 KM/H","Spotřeba město","","-0,20 L / 100 KM","Kombinovaná spotřeba","","-0,20 L / 100 KM","Spotřeba mimo město","","-0,10 L / 100 KM"],"chartPower":"./chartPower/grancabrio___1187255.png","chartTorque":"./chartTorque/grancabrio___1187255.png"},{"id":"gransport___1187258","fullName":"ChipTuning - Maserati Gransport 4.2 V8 Contemporary Classic - 401 HP ","desc":"Zvýšení výkonu motoru (chiptuning) vozidla Maserati Gransport 4.2 V8 Contemporary Classic - 401 HP je možné z původních 291 kW (397 HP) až na 321 kW (437 HP) a nárůst točivého momentu ze 448 Nm až na 498 Nm.,Maximální rychlost se po úpravě zvýší o + 1 KM/H a kombinovaná spotřeba se sníží v průměru o -0,30 L / 100 KM.","imgUrl":"./previews/gransport___.png","fullDesc":"Níže naleznete parametry před a po úpravě Standard pro vozidlo: Maserati Gransport 4.2 V8 Contemporary Classic - 401 HP. Modelová řada vyráběná od roku 2006. Řídící jednotka motoru od společnosti Bosch. Typ řídící jednotky ME7.3.2. Předpokládaná doba úpravy tohoto modelu je 2 - 4 hodiny.","numbers":["Výkon HP","397 HP","437 HP","Výkon kW","291 kW","321 kW","Točivý moment Nm","448 Nm","498 Nm","Maximální rychlost","","+ 1 KM/H","Spotřeba město","","-0,20 L / 100 KM","Kombinovaná spotřeba","","-0,20 L / 100 KM","Spotřeba mimo město","","-0,10 L / 100 KM"],"chartPower":"./chartPower/gransport___1187258.png","chartTorque":"./chartTorque/gransport___1187258.png"},{"id":"gransport___1187259","fullName":"ChipTuning - Maserati Gransport 4.2 V8 Coupe - 401 HP ","desc":"Zvýšení výkonu motoru (chiptuning) vozidla Maserati Gransport 4.2 V8 Coupe - 401 HP je možné z původních 294 kW (400 HP) až na 324 kW (440 HP) a nárůst točivého momentu ze 451 Nm až na 501 Nm.,Maximální rychlost se po úpravě zvýší o + 1 KM/H a kombinovaná spotřeba se sníží v průměru o -0,30 L / 100 KM.","imgUrl":"./previews/gransport___.png","fullDesc":"Níže naleznete parametry před a po úpravě Standard pro vozidlo: Maserati Gransport 4.2 V8 Coupe - 401 HP. Modelová řada vyráběná od roku 2005. Řídící jednotka motoru od společnosti Bosch. Typ řídící jednotky ME7.3.2. Předpokládaná doba úpravy tohoto modelu je 2 - 4 hodiny.","numbers":["Výkon HP","400 HP","440 HP","Výkon kW","294 kW","324 kW","Točivý moment Nm","451 Nm","501 Nm","Maximální rychlost","","+ 1 KM/H","Spotřeba město","","-0,20 L / 100 KM","Kombinovaná spotřeba","","-0,20 L / 100 KM","Spotřeba mimo město","","-0,10 L / 100 KM"],"chartPower":"./chartPower/gransport___1187259.png","chartTorque":"./chartTorque/gransport___1187259.png"},{"id":"gransport___1187262","fullName":"ChipTuning - Maserati Gransport 4.2 V8 Coupe Cambiocorsa - 401 HP ","desc":"Zvýšení výkonu motoru (chiptuning) vozidla Maserati Gransport 4.2 V8 Coupe Cambiocorsa - 401 HP je možné z původních 298 kW (404 HP) až na 328 kW (444 HP) a nárůst točivého momentu ze 455 Nm až na 505 Nm.,Maximální rychlost se po úpravě zvýší o + 1 KM/H a kombinovaná spotřeba se sníží v průměru o -0,30 L / 100 KM.","imgUrl":"./previews/gransport___.png","fullDesc":"Níže naleznete parametry před a po úpravě Standard pro vozidlo: Maserati Gransport 4.2 V8 Coupe Cambiocorsa - 401 HP. Modelová řada vyráběná od roku 2004. Řídící jednotka motoru od společnosti Bosch. Typ řídící jednotky ME7.3.2. Předpokládaná doba úpravy tohoto modelu je 2 - 4 hodiny.","numbers":["Výkon HP","404 HP","444 HP","Výkon kW","298 kW","328 kW","Točivý moment Nm","455 Nm","505 Nm","Maximální rychlost","","+ 1 KM/H","Spotřeba město","","-0,20 L / 100 KM","Kombinovaná spotřeba","","-0,20 L / 100 KM","Spotřeba mimo město","","-0,10 L / 100 KM"],"chartPower":"./chartPower/gransport___1187262.png","chartTorque":"./chartTorque/gransport___1187262.png"},{"id":"gransport___1187266","fullName":"ChipTuning - Maserati Gransport 4.2 V8 LE - 401 HP ","desc":"Zvýšení výkonu motoru (chiptuning) vozidla Maserati Gransport 4.2 V8 LE - 401 HP je možné z původních 293 kW (399 HP) až na 323 kW (439 HP) a nárůst točivého momentu ze 450 Nm až na 500 Nm.,Maximální rychlost se po úpravě zvýší o + 1 KM/H a kombinovaná spotřeba se sníží v průměru o -0,30 L / 100 KM.","imgUrl":"./previews/gransport___.png","fullDesc":"Níže naleznete parametry před a po úpravě Standard pro vozidlo: Maserati Gransport 4.2 V8 LE - 401 HP. Modelová řada vyráběná od roku 2006. Řídící jednotka motoru od společnosti Bosch. Typ řídící jednotky ME7.3.2. Předpokládaná doba úpravy tohoto modelu je 2 - 4 hodiny.","numbers":["Výkon HP","399 HP","439 HP","Výkon kW","293 kW","323 kW","Točivý moment Nm","450 Nm","500 Nm","Maximální rychlost","","+ 1 KM/H","Spotřeba město","","-0,20 L / 100 KM","Kombinovaná spotřeba","","-0,20 L / 100 KM","Spotřeba mimo město","","-0,10 L / 100 KM"],"chartPower":"./chartPower/gransport___1187266.png","chartTorque":"./chartTorque/gransport___1187266.png"},{"id":"gransport___1187267","fullName":"ChipTuning - Maserati Gransport 4.2 V8 MC Victory - 401 HP ","desc":"Zvýšení výkonu motoru (chiptuning) vozidla Maserati Gransport 4.2 V8 MC Victory - 401 HP je možné z původních 295 kW (401 HP) až na 325 kW (441 HP) a nárůst točivého momentu ze 452 Nm až na 502 Nm.,Maximální rychlost se po úpravě zvýší o + 1 KM/H a kombinovaná spotřeba se sníží v průměru o -0,30 L / 100 KM.","imgUrl":"./previews/gransport___.png","fullDesc":"Níže naleznete parametry před a po úpravě Standard pro vozidlo: Maserati Gransport 4.2 V8 MC Victory - 401 HP. Modelová řada vyráběná od roku 2006. Řídící jednotka motoru od společnosti Bosch. Typ řídící jednotky ME7.3.2. Předpokládaná doba úpravy tohoto modelu je 2 - 4 hodiny.","numbers":["Výkon HP","401 HP","441 HP","Výkon kW","295 kW","325 kW","Točivý moment Nm","452 Nm","502 Nm","Maximální rychlost","","+ 1 KM/H","Spotřeba město","","-0,20 L / 100 KM","Kombinovaná spotřeba","","-0,20 L / 100 KM","Spotřeba mimo město","","-0,10 L / 100 KM"],"chartPower":"./chartPower/gransport___1187267.png","chartTorque":"./chartTorque/gransport___1187267.png"},{"id":"gransport___1187268","fullName":"ChipTuning - Maserati Gransport 4.2 V8 Spyder - 401 HP ","desc":"Zvýšení výkonu motoru (chiptuning) vozidla Maserati Gransport 4.2 V8 Spyder - 401 HP je možné z původních 294 kW (400 HP) až na 324 kW (440 HP) a nárůst točivého momentu ze 451 Nm až na 501 Nm.,Maximální rychlost se po úpravě zvýší o + 1 KM/H a kombinovaná spotřeba se sníží v průměru o -0,30 L / 100 KM.","imgUrl":"./previews/gransport___.png","fullDesc":"Níže naleznete parametry před a po úpravě Standard pro vozidlo: Maserati Gransport 4.2 V8 Spyder - 401 HP. Modelová řada vyráběná od roku 2006. Řídící jednotka motoru od společnosti Bosch. Typ řídící jednotky ME7.3.2. Předpokládaná doba úpravy tohoto modelu je 2 - 4 hodiny.","numbers":["Výkon HP","400 HP","440 HP","Výkon kW","294 kW","324 kW","Točivý moment Nm","451 Nm","501 Nm","Maximální rychlost","","+ 1 KM/H","Spotřeba město","","-0,20 L / 100 KM","Kombinovaná spotřeba","","-0,20 L / 100 KM","Spotřeba mimo město","","-0,10 L / 100 KM"],"chartPower":"./chartPower/gransport___1187268.png","chartTorque":"./chartTorque/gransport___1187268.png"},{"id":"gransport___1187270","fullName":"ChipTuning - Maserati Gransport 4.2 V8 Spyder Cambiocorsa - 401 HP ","desc":"Zvýšení výkonu motoru (chiptuning) vozidla Maserati Gransport 4.2 V8 Spyder Cambiocorsa - 401 HP je možné z původních 297 kW (403 HP) až na 327 kW (443 HP) a nárůst točivého momentu ze 454 Nm až na 504 Nm.,Maximální rychlost se po úpravě zvýší o + 1 KM/H a kombinovaná spotřeba se sníží v průměru o -0,30 L / 100 KM.","imgUrl":"./previews/gransport___.png","fullDesc":"Níže naleznete parametry před a po úpravě Standard pro vozidlo: Maserati Gransport 4.2 V8 Spyder Cambiocorsa - 401 HP. Modelová řada vyráběná od roku 2005. Řídící jednotka motoru od společnosti Bosch. Typ řídící jednotky ME7.3.2. Předpokládaná doba úpravy tohoto modelu je 2 - 4 hodiny.","numbers":["Výkon HP","403 HP","443 HP","Výkon kW","297 kW","327 kW","Točivý moment Nm","454 Nm","504 Nm","Maximální rychlost","","+ 1 KM/H","Spotřeba město","","-0,20 L / 100 KM","Kombinovaná spotřeba","","-0,20 L / 100 KM","Spotřeba mimo město","","-0,10 L / 100 KM"],"chartPower":"./chartPower/gransport___1187270.png","chartTorque":"./chartTorque/gransport___1187270.png"},{"id":"granturismo___1187273","fullName":"ChipTuning - Maserati Granturismo 4.2 V8 - 405 HP ","desc":"Zvýšení výkonu motoru (chiptuning) vozidla Maserati Granturismo 4.2 V8 - 405 HP je možné z původních 296 kW (403 HP) až na 326 kW (444 HP) a nárůst točivého momentu ze 458 Nm až na 509 Nm.,Maximální rychlost se po úpravě zvýší o + 1 KM/H a kombinovaná spotřeba se sníží v průměru o -0,30 L / 100 KM.","imgUrl":"./previews/granturismo___.png","fullDesc":"Níže naleznete parametry před a po úpravě Standard pro vozidlo: Maserati Granturismo 4.2 V8 - 405 HP. Modelová řada vyráběná od roku 2007. Řídící jednotka motoru od společnosti Bosch. Typ řídící jednotky ME7.3.2 nebo ME9.1.1. Předpokládaná doba úpravy tohoto modelu je 2 - 4 hodiny.","numbers":["Výkon HP","403 HP","444 HP","Výkon kW","296 kW","326 kW","Točivý moment Nm","458 Nm","509 Nm","Maximální rychlost","","+ 1 KM/H","Spotřeba město","","-0,20 L / 100 KM","Kombinovaná spotřeba","","-0,20 L / 100 KM","Spotřeba mimo město","","-0,10 L / 100 KM"],"chartPower":"./chartPower/granturismo___1187273.png","chartTorque":"./chartTorque/granturismo___1187273.png"},{"id":"granturismo___1187275","fullName":"ChipTuning - Maserati Granturismo 4.2 V8 - 411 HP ","desc":"Zvýšení výkonu motoru (chiptuning) vozidla Maserati Granturismo 4.2 V8 - 411 HP je možné z původních 297 kW (406 HP) až na 327 kW (447 HP) a nárůst točivého momentu ze 455 Nm až na 506 Nm.,Maximální rychlost se po úpravě zvýší o + 1 KM/H a kombinovaná spotřeba se sníží v průměru o -0,30 L / 100 KM.","imgUrl":"./previews/granturismo___.png","fullDesc":"Níže naleznete parametry před a po úpravě Standard pro vozidlo: Maserati Granturismo 4.2 V8 - 411 HP. Modelová řada vyráběná od roku 2008. Řídící jednotka motoru od společnosti Bosch. Typ řídící jednotky ME7.3.2 nebo ME9.1.1. Předpokládaná doba úpravy tohoto modelu je 2 - 4 hodiny.","numbers":["Výkon HP","406 HP","447 HP","Výkon kW","297 kW","327 kW","Točivý moment Nm","455 Nm","506 Nm","Maximální rychlost","","+ 1 KM/H","Spotřeba město","","-0,20 L / 100 KM","Kombinovaná spotřeba","","-0,20 L / 100 KM","Spotřeba mimo město","","-0,10 L / 100 KM"],"chartPower":"./chartPower/granturismo___1187275.png","chartTorque":"./chartTorque/granturismo___1187275.png"},{"id":"granturismo___1187288","fullName":"ChipTuning - Maserati Granturismo 4.7 V8 MC - 441 HP ","desc":"Zvýšení výkonu motoru (chiptuning) vozidla Maserati Granturismo 4.7 V8 MC - 441 HP je možné z původních 320 kW (437 HP) až na 352 kW (481 HP) a nárůst točivého momentu ze 486 Nm až na 540 Nm.,Maximální rychlost se po úpravě zvýší o + 1 KM/H a kombinovaná spotřeba se sníží v průměru o -0,30 L / 100 KM.","imgUrl":"./previews/granturismo___.png","fullDesc":"Níže naleznete parametry před a po úpravě Standard pro vozidlo: Maserati Granturismo 4.7 V8 MC - 441 HP. Modelová řada vyráběná od roku 2011. Řídící jednotka motoru od společnosti Bosch. Typ řídící jednotky ME9.1.1. Předpokládaná doba úpravy tohoto modelu je 2 - 4 hodiny.","numbers":["Výkon HP","437 HP","481 HP","Výkon kW","320 kW","352 kW","Točivý moment Nm","486 Nm","540 Nm","Maximální rychlost","","+ 1 KM/H","Spotřeba město","","-0,20 L / 100 KM","Kombinovaná spotřeba","","-0,20 L / 100 KM","Spotřeba mimo město","","-0,10 L / 100 KM"],"chartPower":"./chartPower/granturismo___1187288.png","chartTorque":"./chartTorque/granturismo___1187288.png"},{"id":"granturismo___1187289","fullName":"ChipTuning - Maserati Granturismo 4.7 V8 MC Stradale - 450 HP ","desc":"Zvýšení výkonu motoru (chiptuning) vozidla Maserati Granturismo 4.7 V8 MC Stradale - 450 HP je možné z původních 331 kW (450 HP) až na 364 kW (495 HP) a nárůst točivého momentu ze 510 Nm až na 566 Nm.,Maximální rychlost se po úpravě zvýší o + 1 KM/H a kombinovaná spotřeba se sníží v průměru o -0,30 L / 100 KM.","imgUrl":"./previews/granturismo___.png","fullDesc":"Níže naleznete parametry před a po úpravě Standard pro vozidlo: Maserati Granturismo 4.7 V8 MC Stradale - 450 HP. Modelová řada vyráběná od roku 2011. Řídící jednotka motoru od společnosti Bosch. Typ řídící jednotky ME9.1.1. Předpokládaná doba úpravy tohoto modelu je 2 - 4 hodiny.","numbers":["Výkon HP","450 HP","495 HP","Výkon kW","331 kW","364 kW","Točivý moment Nm","510 Nm","566 Nm","Maximální rychlost","","+ 1 KM/H","Spotřeba město","","-0,20 L / 100 KM","Kombinovaná spotřeba","","-0,20 L / 100 KM","Spotřeba mimo město","","-0,10 L / 100 KM"],"chartPower":"./chartPower/granturismo___1187289.png","chartTorque":"./chartTorque/granturismo___1187289.png"},{"id":"granturismo___1187290","fullName":"ChipTuning - Maserati Granturismo 4.7 V8 MC Stradale - 460 HP ","desc":"Zvýšení výkonu motoru (chiptuning) vozidla Maserati Granturismo 4.7 V8 MC Stradale - 460 HP je možné z původních 334 kW (456 HP) až na 368 kW (502 HP) a nárůst točivého momentu ze 516 Nm až na 573 Nm.,Maximální rychlost se po úpravě zvýší o + 1 KM/H a kombinovaná spotřeba se sníží v průměru o -0,30 L / 100 KM.","imgUrl":"./previews/granturismo___.png","fullDesc":"Níže naleznete parametry před a po úpravě Standard pro vozidlo: Maserati Granturismo 4.7 V8 MC Stradale - 460 HP. Modelová řada vyráběná od roku 2012. Řídící jednotka motoru od společnosti Bosch. Typ řídící jednotky ME9.1.1. Předpokládaná doba úpravy tohoto modelu je 2 - 4 hodiny.","numbers":["Výkon HP","456 HP","502 HP","Výkon kW","334 kW","368 kW","Točivý moment Nm","516 Nm","573 Nm","Maximální rychlost","","+ 1 KM/H","Spotřeba město","","-0,20 L / 100 KM","Kombinovaná spotřeba","","-0,20 L / 100 KM","Spotřeba mimo město","","-0,10 L / 100 KM"],"chartPower":"./chartPower/granturismo___1187290.png","chartTorque":"./chartTorque/granturismo___1187290.png"},{"id":"granturismo___1187295","fullName":"ChipTuning - Maserati Granturismo 4.7 V8 S - 439 HP ","desc":"Zvýšení výkonu motoru (chiptuning) vozidla Maserati Granturismo 4.7 V8 S - 439 HP je možné z původních 328 kW (444 HP) až na 360 kW (488 HP) a nárůst točivého momentu ze 495 Nm až na 549 Nm.,Maximální rychlost se po úpravě zvýší o + 1 KM/H a kombinovaná spotřeba se sníží v průměru o -0,30 L / 100 KM.","imgUrl":"./previews/granturismo___.png","fullDesc":"Níže naleznete parametry před a po úpravě Standard pro vozidlo: Maserati Granturismo 4.7 V8 S - 439 HP. Modelová řada vyráběná od roku 2009. Řídící jednotka motoru od společnosti Bosch. Typ řídící jednotky ME7.3.2. Předpokládaná doba úpravy tohoto modelu je 2 - 4 hodiny.","numbers":["Výkon HP","444 HP","488 HP","Výkon kW","328 kW","360 kW","Točivý moment Nm","495 Nm","549 Nm","Maximální rychlost","","+ 1 KM/H","Spotřeba město","","-0,20 L / 100 KM","Kombinovaná spotřeba","","-0,20 L / 100 KM","Spotřeba mimo město","","-0,10 L / 100 KM"],"chartPower":"./chartPower/granturismo___1187295.png","chartTorque":"./chartTorque/granturismo___1187295.png"},{"id":"granturismo___1187294","fullName":"ChipTuning - Maserati Granturismo 4.7 V8 S - 441 HP ","desc":"Zvýšení výkonu motoru (chiptuning) vozidla Maserati Granturismo 4.7 V8 S - 441 HP je možné z původních 322 kW (439 HP) až na 354 kW (483 HP) a nárůst točivého momentu ze 488 Nm až na 542 Nm.,Maximální rychlost se po úpravě zvýší o + 1 KM/H a kombinovaná spotřeba se sníží v průměru o -0,30 L / 100 KM.","imgUrl":"./previews/granturismo___.png","fullDesc":"Níže naleznete parametry před a po úpravě Standard pro vozidlo: Maserati Granturismo 4.7 V8 S - 441 HP. Modelová řada vyráběná od roku 2008. Úprava tohoto modelu se provádí přes diagnostickou zásuvku. Řídící jednotka motoru od společnosti Bosch. Typ řídící jednotky ME7.3.2. Předpokládaná doba úpravy tohoto modelu je 1 - 2 hodiny.","numbers":["Výkon HP","439 HP","483 HP","Výkon kW","322 kW","354 kW","Točivý moment Nm","488 Nm","542 Nm","Maximální rychlost","","+ 1 KM/H","Spotřeba město","","-0,20 L / 100 KM","Kombinovaná spotřeba","","-0,20 L / 100 KM","Spotřeba mimo město","","-0,10 L / 100 KM"],"chartPower":"./chartPower/granturismo___1187294.png","chartTorque":"./chartTorque/granturismo___1187294.png"},{"id":"granturismo___1187301","fullName":"ChipTuning - Maserati Granturismo 4.7 V8 S Automatic - 439 HP ","desc":"Zvýšení výkonu motoru (chiptuning) vozidla Maserati Granturismo 4.7 V8 S Automatic - 439 HP je možné z původních 323 kW (439 HP) až na 355 kW (483 HP) a nárůst točivého momentu ze 490 Nm až na 544 Nm.,Maximální rychlost se po úpravě zvýší o + 1 KM/H a kombinovaná spotřeba se sníží v průměru o -0,30 L / 100 KM.","imgUrl":"./previews/granturismo___.png","fullDesc":"Níže naleznete parametry před a po úpravě Standard pro vozidlo: Maserati Granturismo 4.7 V8 S Automatic - 439 HP. Modelová řada vyráběná od roku 2009. Řídící jednotka motoru od společnosti Bosch. Typ řídící jednotky ME9.1.1. Tato úprava je přizpůsobena pro automatickou převodovku. Předpokládaná doba úpravy tohoto modelu je 2 - 4 hodiny.","numbers":["Výkon HP","439 HP","483 HP","Výkon kW","323 kW","355 kW","Točivý moment Nm","490 Nm","544 Nm","Maximální rychlost","","+ 1 KM/H","Spotřeba město","","-0,20 L / 100 KM","Kombinovaná spotřeba","","-0,20 L / 100 KM","Spotřeba mimo město","","-0,10 L / 100 KM"],"chartPower":"./chartPower/granturismo___1187301.png","chartTorque":"./chartTorque/granturismo___1187301.png"},{"id":"granturismo___1187300","fullName":"ChipTuning - Maserati Granturismo 4.7 V8 S Automatic - 441 HP ","desc":"Zvýšení výkonu motoru (chiptuning) vozidla Maserati Granturismo 4.7 V8 S Automatic - 441 HP je možné z původních 323 kW (440 HP) až na 355 kW (484 HP) a nárůst točivého momentu ze 489 Nm až na 543 Nm.,Maximální rychlost se po úpravě zvýší o + 1 KM/H a kombinovaná spotřeba se sníží v průměru o -0,30 L / 100 KM.","imgUrl":"./previews/granturismo___.png","fullDesc":"Níže naleznete parametry před a po úpravě Standard pro vozidlo: Maserati Granturismo 4.7 V8 S Automatic - 441 HP. Modelová řada vyráběná od roku 2009. Řídící jednotka motoru od společnosti Bosch. Typ řídící jednotky ME9.1.1. Tato úprava je přizpůsobena pro automatickou převodovku. Předpokládaná doba úpravy tohoto modelu je 2 - 4 hodiny.","numbers":["Výkon HP","440 HP","484 HP","Výkon kW","323 kW","355 kW","Točivý moment Nm","489 Nm","543 Nm","Maximální rychlost","","+ 1 KM/H","Spotřeba město","","-0,20 L / 100 KM","Kombinovaná spotřeba","","-0,20 L / 100 KM","Spotřeba mimo město","","-0,10 L / 100 KM"],"chartPower":"./chartPower/granturismo___1187300.png","chartTorque":"./chartTorque/granturismo___1187300.png"},{"id":"granturismo___1187308","fullName":"ChipTuning - Maserati Granturismo 4.7 V8 S MC Sport Line - 441 HP ","desc":"Zvýšení výkonu motoru (chiptuning) vozidla Maserati Granturismo 4.7 V8 S MC Sport Line - 441 HP je možné z původních 319 kW (436 HP) až na 351 kW (480 HP) a nárůst točivého momentu ze 485 Nm až na 539 Nm.,Maximální rychlost se po úpravě zvýší o + 1 KM/H a kombinovaná spotřeba se sníží v průměru o -0,30 L / 100 KM.","imgUrl":"./previews/granturismo___.png","fullDesc":"Níže naleznete parametry před a po úpravě Standard pro vozidlo: Maserati Granturismo 4.7 V8 S MC Sport Line - 441 HP. Modelová řada vyráběná od roku 2009. Řídící jednotka motoru od společnosti Bosch. Typ řídící jednotky ME9.1.1. Předpokládaná doba úpravy tohoto modelu je 2 - 4 hodiny.","numbers":["Výkon HP","436 HP","480 HP","Výkon kW","319 kW","351 kW","Točivý moment Nm","485 Nm","539 Nm","Maximální rychlost","","+ 1 KM/H","Spotřeba město","","-0,20 L / 100 KM","Kombinovaná spotřeba","","-0,20 L / 100 KM","Spotřeba mimo město","","-0,10 L / 100 KM"],"chartPower":"./chartPower/granturismo___1187308.png","chartTorque":"./chartTorque/granturismo___1187308.png"},{"id":"granturismo___1187309","fullName":"ChipTuning - Maserati Granturismo 4.7 V8 Sport Auto-Shift - 460 HP ","desc":"Zvýšení výkonu motoru (chiptuning) vozidla Maserati Granturismo 4.7 V8 Sport Auto-Shift - 460 HP je možné z původních 336 kW (458 HP) až na 370 kW (504 HP) a nárůst točivého momentu ze 518 Nm až na 575 Nm.,Maximální rychlost se po úpravě zvýší o + 1 KM/H a kombinovaná spotřeba se sníží v průměru o -0,30 L / 100 KM.","imgUrl":"./previews/granturismo___.png","fullDesc":"Níže naleznete parametry před a po úpravě Standard pro vozidlo: Maserati Granturismo 4.7 V8 Sport Auto-Shift - 460 HP. Modelová řada vyráběná od roku 2012. Řídící jednotka motoru od společnosti Bosch. Typ řídící jednotky ME9.1.1. Předpokládaná doba úpravy tohoto modelu je 2 - 4 hodiny.","numbers":["Výkon HP","458 HP","504 HP","Výkon kW","336 kW","370 kW","Točivý moment Nm","518 Nm","575 Nm","Maximální rychlost","","+ 1 KM/H","Spotřeba město","","-0,20 L / 100 KM","Kombinovaná spotřeba","","-0,20 L / 100 KM","Spotřeba mimo město","","-0,10 L / 100 KM"],"chartPower":"./chartPower/granturismo___1187309.png","chartTorque":"./chartTorque/granturismo___1187309.png"},{"id":"granturismo___1187313","fullName":"ChipTuning - Maserati Granturismo 4.7 V8 Sport Shift - 460 HP ","desc":"Zvýšení výkonu motoru (chiptuning) vozidla Maserati Granturismo 4.7 V8 Sport Shift - 460 HP je možné z původních 342 kW (464 HP) až na 376 kW (510 HP) a nárůst točivého momentu ze 524 Nm až na 581 Nm.,Maximální rychlost se po úpravě zvýší o + 1 KM/H a kombinovaná spotřeba se sníží v průměru o -0,30 L / 100 KM.","imgUrl":"./previews/granturismo___.png","fullDesc":"Níže naleznete parametry před a po úpravě Standard pro vozidlo: Maserati Granturismo 4.7 V8 Sport Shift - 460 HP. Modelová řada vyráběná od roku 2012. Řídící jednotka motoru od společnosti Bosch. Typ řídící jednotky ME9.1.1. Předpokládaná doba úpravy tohoto modelu je 2 - 4 hodiny.","numbers":["Výkon HP","464 HP","510 HP","Výkon kW","342 kW","376 kW","Točivý moment Nm","524 Nm","581 Nm","Maximální rychlost","","+ 1 KM/H","Spotřeba město","","-0,20 L / 100 KM","Kombinovaná spotřeba","","-0,20 L / 100 KM","Spotřeba mimo město","","-0,10 L / 100 KM"],"chartPower":"./chartPower/granturismo___1187313.png","chartTorque":"./chartTorque/granturismo___1187313.png"},{"id":"levante__m161_1187317","fullName":"ChipTuning - Maserati Levante 3.0 V6 D - 250 HP ","desc":"Zvýšení výkonu motoru (chiptuning) vozidla Maserati Levante 3.0 V6 D - 250 HP je možné z původních 185 kW (251 HP) až na 225 kW (307 HP) a nárůst točivého momentu ze 601 Nm až na 719 Nm.,Maximální rychlost se po úpravě zvýší o + 13 KM/H a kombinovaná spotřeba se sníží v průměru o -1,00 L / 100 KM.","imgUrl":"./previews/levante__m161_.png","fullDesc":"Níže naleznete parametry před a po úpravě Standard pro vozidlo: Maserati Levante 3.0 V6 D - 250 HP. Modelová řada M161, vyráběná od roku 2016. Úprava tohoto modelu se provádí přes diagnostickou zásuvku. Řídící jednotka motoru od společnosti Bosch. Typ řídící jednotky EDC17C79. Předpokládaná doba úpravy tohoto modelu je 1 - 2 hodiny.","numbers":["Výkon HP","251 HP","294 HP","Výkon kW","185 kW","216 kW","Točivý moment Nm","601 Nm","685 Nm","Maximální rychlost","","+ 10 KM/H","Spotřeba město","","-0,70 L / 100 KM","Kombinovaná spotřeba","","-0,60 L / 100 KM","Spotřeba mimo město","","-0,50 L / 100 KM"],"chartPower":"./chartPower/levante__m161_1187317.png","chartTorque":"./chartTorque/levante__m161_1187317.png"},{"id":"levante__m161_1187327","fullName":"ChipTuning - Maserati Levante 3.0 V6 D - 275 HP ","desc":"Zvýšení výkonu motoru (chiptuning) vozidla Maserati Levante 3.0 V6 D - 275 HP je možné z původních 202 kW (275 HP) až na 246 kW (336 HP) a nárůst točivého momentu ze 600 Nm až na 718 Nm.,Maximální rychlost se po úpravě zvýší o + 13 KM/H a kombinovaná spotřeba se sníží v průměru o -1,00 L / 100 KM.","imgUrl":"./previews/levante__m161_.png","fullDesc":"Níže naleznete parametry před a po úpravě Standard pro vozidlo: Maserati Levante 3.0 V6 D - 275 HP. Modelová řada M161, vyráběná od roku 2016. Úprava tohoto modelu se provádí přes diagnostickou zásuvku. Řídící jednotka motoru od společnosti Bosch. Typ řídící jednotky EDC17C79. Předpokládaná doba úpravy tohoto modelu je 1 - 2 hodiny.","numbers":["Výkon HP","275 HP","322 HP","Výkon kW","202 kW","236 kW","Točivý moment Nm","600 Nm","684 Nm","Maximální rychlost","","+ 10 KM/H","Spotřeba město","","-0,70 L / 100 KM","Kombinovaná spotřeba","","-0,60 L / 100 KM","Spotřeba mimo město","","-0,50 L / 100 KM"],"chartPower":"./chartPower/levante__m161_1187327.png","chartTorque":"./chartTorque/levante__m161_1187327.png"},{"id":"quattroporte_(_5th)__1187338","fullName":"ChipTuning - Maserati Quattroporte 4.2 V8 - 400 HP ","desc":"Zvýšení výkonu motoru (chiptuning) vozidla Maserati Quattroporte 4.2 V8 - 400 HP je možné z původních 293 kW (399 HP) až na 322 kW (439 HP) a nárůst točivého momentu ze 451 Nm až na 501 Nm.,Maximální rychlost se po úpravě zvýší o + 1 KM/H a kombinovaná spotřeba se sníží v průměru o -0,30 L / 100 KM.","imgUrl":"./previews/quattroporte_(_5th)__.png","fullDesc":"Níže naleznete parametry před a po úpravě Standard pro vozidlo: Maserati Quattroporte 4.2 V8 - 400 HP. Modelová řada vyráběná od roku 2005. Řídící jednotka motoru od společnosti Bosch. Typ řídící jednotky ME7.3.2. Předpokládaná doba úpravy tohoto modelu je 2 - 4 hodiny.","numbers":["Výkon HP","399 HP","439 HP","Výkon kW","293 kW","322 kW","Točivý moment Nm","451 Nm","501 Nm","Maximální rychlost","","+ 1 KM/H","Spotřeba město","","-0,20 L / 100 KM","Kombinovaná spotřeba","","-0,20 L / 100 KM","Spotřeba mimo město","","-0,10 L / 100 KM"],"chartPower":"./chartPower/quattroporte_(_5th)__1187338.png","chartTorque":"./chartTorque/quattroporte_(_5th)__1187338.png"},{"id":"quattroporte_(_5th)__1187337","fullName":"ChipTuning - Maserati Quattroporte 4.2 V8 - 401 HP ","desc":"Zvýšení výkonu motoru (chiptuning) vozidla Maserati Quattroporte 4.2 V8 - 401 HP je možné z původních 298 kW (404 HP) až na 328 kW (444 HP) a nárůst točivého momentu ze 455 Nm až na 505 Nm.,Maximální rychlost se po úpravě zvýší o + 1 KM/H a kombinovaná spotřeba se sníží v průměru o -0,30 L / 100 KM.","imgUrl":"./previews/quattroporte_(_5th)__.png","fullDesc":"Níže naleznete parametry před a po úpravě Standard pro vozidlo: Maserati Quattroporte 4.2 V8 - 401 HP. Modelová řada vyráběná od roku 2004. Úprava tohoto modelu se provádí přes diagnostickou zásuvku. Řídící jednotka motoru od společnosti Bosch. Typ řídící jednotky ME7.3.2. Předpokládaná doba úpravy tohoto modelu je 1 - 2 hodiny.","numbers":["Výkon HP","404 HP","444 HP","Výkon kW","298 kW","328 kW","Točivý moment Nm","455 Nm","505 Nm","Maximální rychlost","","+ 1 KM/H","Spotřeba město","","-0,20 L / 100 KM","Kombinovaná spotřeba","","-0,20 L / 100 KM","Spotřeba mimo město","","-0,10 L / 100 KM"],"chartPower":"./chartPower/quattroporte_(_5th)__1187337.png","chartTorque":"./chartTorque/quattroporte_(_5th)__1187337.png"},{"id":"quattroporte_(_5th)__1187341","fullName":"ChipTuning - Maserati Quattroporte 4.2 V8 - 401 HP ","desc":"Zvýšení výkonu motoru (chiptuning) vozidla Maserati Quattroporte 4.2 V8 - 401 HP je možné z původních 300 kW (406 HP) až na 330 kW (446 HP) a nárůst točivého momentu ze 465 Nm až na 516 Nm.,Maximální rychlost se po úpravě zvýší o + 1 KM/H a kombinovaná spotřeba se sníží v průměru o -0,30 L / 100 KM.","imgUrl":"./previews/quattroporte_(_5th)__.png","fullDesc":"Níže naleznete parametry před a po úpravě Standard pro vozidlo: Maserati Quattroporte 4.2 V8 - 401 HP. Modelová řada vyráběná od roku 2008. Řídící jednotka motoru od společnosti Bosch. Typ řídící jednotky ME7.3.2 nebo ME9.1.1. Předpokládaná doba úpravy tohoto modelu je 2 - 4 hodiny.","numbers":["Výkon HP","406 HP","446 HP","Výkon kW","300 kW","330 kW","Točivý moment Nm","465 Nm","516 Nm","Maximální rychlost","","+ 1 KM/H","Spotřeba město","","-0,20 L / 100 KM","Kombinovaná spotřeba","","-0,20 L / 100 KM","Spotřeba mimo město","","-0,10 L / 100 KM"],"chartPower":"./chartPower/quattroporte_(_5th)__1187341.png","chartTorque":"./chartTorque/quattroporte_(_5th)__1187341.png"},{"id":"quattroporte_(_5th)__1187343","fullName":"ChipTuning - Maserati Quattroporte 4.2 V8 - 405 HP ","desc":"Zvýšení výkonu motoru (chiptuning) vozidla Maserati Quattroporte 4.2 V8 - 405 HP je možné z původních 297 kW (404 HP) až na 327 kW (445 HP) a nárůst točivého momentu ze 459 Nm až na 510 Nm.,Maximální rychlost se po úpravě zvýší o + 1 KM/H a kombinovaná spotřeba se sníží v průměru o -0,30 L / 100 KM.","imgUrl":"./previews/quattroporte_(_5th)__.png","fullDesc":"Níže naleznete parametry před a po úpravě Standard pro vozidlo: Maserati Quattroporte 4.2 V8 - 405 HP. Modelová řada vyráběná od roku 2009. Řídící jednotka motoru od společnosti Bosch. Typ řídící jednotky ME7.3.2 nebo ME9.1.1. Předpokládaná doba úpravy tohoto modelu je 2 - 4 hodiny.","numbers":["Výkon HP","404 HP","445 HP","Výkon kW","297 kW","327 kW","Točivý moment Nm","459 Nm","510 Nm","Maximální rychlost","","+ 1 KM/H","Spotřeba město","","-0,20 L / 100 KM","Kombinovaná spotřeba","","-0,20 L / 100 KM","Spotřeba mimo město","","-0,10 L / 100 KM"],"chartPower":"./chartPower/quattroporte_(_5th)__1187343.png","chartTorque":"./chartTorque/quattroporte_(_5th)__1187343.png"},{"id":"quattroporte_(_5th)__1187350","fullName":"ChipTuning - Maserati Quattroporte 4.2 V8 Automatic - 405 HP ","desc":"Zvýšení výkonu motoru (chiptuning) vozidla Maserati Quattroporte 4.2 V8 Automatic - 405 HP je možné z původních 293 kW (400 HP) až na 323 kW (441 HP) a nárůst točivého momentu ze 445 Nm až na 495 Nm.,Maximální rychlost se po úpravě zvýší o + 1 KM/H a kombinovaná spotřeba se sníží v průměru o -0,30 L / 100 KM.","imgUrl":"./previews/quattroporte_(_5th)__.png","fullDesc":"Níže naleznete parametry před a po úpravě Standard pro vozidlo: Maserati Quattroporte 4.2 V8 Automatic - 405 HP. Modelová řada vyráběná od roku 2007. Řídící jednotka motoru od společnosti Bosch. Typ řídící jednotky ME7.3.2. Tato úprava je přizpůsobena pro automatickou převodovku. Předpokládaná doba úpravy tohoto modelu je 2 - 4 hodiny.","numbers":["Výkon HP","400 HP","441 HP","Výkon kW","293 kW","323 kW","Točivý moment Nm","445 Nm","495 Nm","Maximální rychlost","","+ 1 KM/H","Spotřeba město","","-0,20 L / 100 KM","Kombinovaná spotřeba","","-0,20 L / 100 KM","Spotřeba mimo město","","-0,10 L / 100 KM"],"chartPower":"./chartPower/quattroporte_(_5th)__1187350.png","chartTorque":"./chartTorque/quattroporte_(_5th)__1187350.png"},{"id":"quattroporte_(_5th)__1187352","fullName":"ChipTuning - Maserati Quattroporte 4.2 V8 Automatica - 401 HP ","desc":"Zvýšení výkonu motoru (chiptuning) vozidla Maserati Quattroporte 4.2 V8 Automatica - 401 HP je možné z původních 293 kW (399 HP) až na 323 kW (439 HP) a nárůst točivého momentu ze 450 Nm až na 500 Nm.,Maximální rychlost se po úpravě zvýší o + 1 KM/H a kombinovaná spotřeba se sníží v průměru o -0,30 L / 100 KM.","imgUrl":"./previews/quattroporte_(_5th)__.png","fullDesc":"Níže naleznete parametry před a po úpravě Standard pro vozidlo: Maserati Quattroporte 4.2 V8 Automatica - 401 HP. Modelová řada vyráběná od roku 2007. Řídící jednotka motoru od společnosti Bosch. Typ řídící jednotky ME7.3.2. Tato úprava je přizpůsobena pro automatickou převodovku. Předpokládaná doba úpravy tohoto modelu je 2 - 4 hodiny.","numbers":["Výkon HP","399 HP","439 HP","Výkon kW","293 kW","323 kW","Točivý moment Nm","450 Nm","500 Nm","Maximální rychlost","","+ 1 KM/H","Spotřeba město","","-0,20 L / 100 KM","Kombinovaná spotřeba","","-0,20 L / 100 KM","Spotřeba mimo město","","-0,10 L / 100 KM"],"chartPower":"./chartPower/quattroporte_(_5th)__1187352.png","chartTorque":"./chartTorque/quattroporte_(_5th)__1187352.png"},{"id":"quattroporte_(_5th)__1187354","fullName":"ChipTuning - Maserati Quattroporte 4.2 V8 Automatica - 401 HP ","desc":"Zvýšení výkonu motoru (chiptuning) vozidla Maserati Quattroporte 4.2 V8 Automatica - 401 HP je možné z původních 296 kW (402 HP) až na 326 kW (442 HP) a nárůst točivého momentu ze 453 Nm až na 503 Nm.,Maximální rychlost se po úpravě zvýší o + 1 KM/H a kombinovaná spotřeba se sníží v průměru o -0,30 L / 100 KM.","imgUrl":"./previews/quattroporte_(_5th)__.png","fullDesc":"Níže naleznete parametry před a po úpravě Standard pro vozidlo: Maserati Quattroporte 4.2 V8 Automatica - 401 HP. Modelová řada vyráběná od roku 2007. Řídící jednotka motoru od společnosti Bosch. Typ řídící jednotky ME7.3.2. Tato úprava je přizpůsobena pro automatickou převodovku. Předpokládaná doba úpravy tohoto modelu je 2 - 4 hodiny.","numbers":["Výkon HP","402 HP","442 HP","Výkon kW","296 kW","326 kW","Točivý moment Nm","453 Nm","503 Nm","Maximální rychlost","","+ 1 KM/H","Spotřeba město","","-0,20 L / 100 KM","Kombinovaná spotřeba","","-0,20 L / 100 KM","Spotřeba mimo město","","-0,10 L / 100 KM"],"chartPower":"./chartPower/quattroporte_(_5th)__1187354.png","chartTorque":"./chartTorque/quattroporte_(_5th)__1187354.png"},{"id":"quattroporte_(_5th)__1187358","fullName":"ChipTuning - Maserati Quattroporte 4.2 V8 Executive GT - 400 HP ","desc":"Zvýšení výkonu motoru (chiptuning) vozidla Maserati Quattroporte 4.2 V8 Executive GT - 400 HP je možné z původních 289 kW (395 HP) až na 318 kW (435 HP) a nárůst točivého momentu ze 447 Nm až na 497 Nm.,Maximální rychlost se po úpravě zvýší o + 1 KM/H a kombinovaná spotřeba se sníží v průměru o -0,30 L / 100 KM.","imgUrl":"./previews/quattroporte_(_5th)__.png","fullDesc":"Níže naleznete parametry před a po úpravě Standard pro vozidlo: Maserati Quattroporte 4.2 V8 Executive GT - 400 HP. Modelová řada vyráběná od roku 2006. Řídící jednotka motoru od společnosti Bosch. Typ řídící jednotky ME7.3.2. Předpokládaná doba úpravy tohoto modelu je 2 - 4 hodiny.","numbers":["Výkon HP","395 HP","435 HP","Výkon kW","289 kW","318 kW","Točivý moment Nm","447 Nm","497 Nm","Maximální rychlost","","+ 1 KM/H","Spotřeba město","","-0,20 L / 100 KM","Kombinovaná spotřeba","","-0,20 L / 100 KM","Spotřeba mimo město","","-0,10 L / 100 KM"],"chartPower":"./chartPower/quattroporte_(_5th)__1187358.png","chartTorque":"./chartTorque/quattroporte_(_5th)__1187358.png"},{"id":"quattroporte_(_5th)__1187359","fullName":"ChipTuning - Maserati Quattroporte 4.2 V8 Executive GT Automatic - 405 HP ","desc":"Zvýšení výkonu motoru (chiptuning) vozidla Maserati Quattroporte 4.2 V8 Executive GT Automatic - 405 HP je možné z původních 298 kW (405 HP) až na 328 kW (446 HP) a nárůst točivého momentu ze 450 Nm až na 500 Nm.,Maximální rychlost se po úpravě zvýší o + 1 KM/H a kombinovaná spotřeba se sníží v průměru o -0,30 L / 100 KM.","imgUrl":"./previews/quattroporte_(_5th)__.png","fullDesc":"Níže naleznete parametry před a po úpravě Standard pro vozidlo: Maserati Quattroporte 4.2 V8 Executive GT Automatic - 405 HP. Modelová řada vyráběná od roku 2007. Řídící jednotka motoru od společnosti Bosch. Typ řídící jednotky ME7.3.2. Tato úprava je přizpůsobena pro automatickou převodovku. Předpokládaná doba úpravy tohoto modelu je 2 - 4 hodiny.","numbers":["Výkon HP","405 HP","446 HP","Výkon kW","298 kW","328 kW","Točivý moment Nm","450 Nm","500 Nm","Maximální rychlost","","+ 1 KM/H","Spotřeba město","","-0,20 L / 100 KM","Kombinovaná spotřeba","","-0,20 L / 100 KM","Spotřeba mimo město","","-0,10 L / 100 KM"],"chartPower":"./chartPower/quattroporte_(_5th)__1187359.png","chartTorque":"./chartTorque/quattroporte_(_5th)__1187359.png"},{"id":"quattroporte_(_5th)__1187361","fullName":"ChipTuning - Maserati Quattroporte 4.2 V8 Executive GT Automatic - 405 HP ","desc":"Zvýšení výkonu motoru (chiptuning) vozidla Maserati Quattroporte 4.2 V8 Executive GT Automatic - 405 HP je možné z původních 293 kW (400 HP) až na 323 kW (441 HP) a nárůst točivého momentu ze 445 Nm až na 495 Nm.,Maximální rychlost se po úpravě zvýší o + 1 KM/H a kombinovaná spotřeba se sníží v průměru o -0,30 L / 100 KM.","imgUrl":"./previews/quattroporte_(_5th)__.png","fullDesc":"Níže naleznete parametry před a po úpravě Standard pro vozidlo: Maserati Quattroporte 4.2 V8 Executive GT Automatic - 405 HP. Modelová řada vyráběná od roku 2007. Řídící jednotka motoru od společnosti Bosch. Typ řídící jednotky ME7.3.2. Tato úprava je přizpůsobena pro automatickou převodovku. Předpokládaná doba úpravy tohoto modelu je 2 - 4 hodiny.","numbers":["Výkon HP","400 HP","441 HP","Výkon kW","293 kW","323 kW","Točivý moment Nm","445 Nm","495 Nm","Maximální rychlost","","+ 1 KM/H","Spotřeba město","","-0,20 L / 100 KM","Kombinovaná spotřeba","","-0,20 L / 100 KM","Spotřeba mimo město","","-0,10 L / 100 KM"],"chartPower":"./chartPower/quattroporte_(_5th)__1187361.png","chartTorque":"./chartTorque/quattroporte_(_5th)__1187361.png"},{"id":"quattroporte_(_5th)__1187363","fullName":"ChipTuning - Maserati Quattroporte 4.2 V8 Executive GT Duoselect - 401 HP ","desc":"Zvýšení výkonu motoru (chiptuning) vozidla Maserati Quattroporte 4.2 V8 Executive GT Duoselect - 401 HP je možné z původních 296 kW (402 HP) až na 326 kW (442 HP) a nárůst točivého momentu ze 453 Nm až na 503 Nm.,Maximální rychlost se po úpravě zvýší o + 1 KM/H a kombinovaná spotřeba se sníží v průměru o -0,30 L / 100 KM.","imgUrl":"./previews/quattroporte_(_5th)__.png","fullDesc":"Níže naleznete parametry před a po úpravě Standard pro vozidlo: Maserati Quattroporte 4.2 V8 Executive GT Duoselect - 401 HP. Modelová řada vyráběná od roku 2006. Řídící jednotka motoru od společnosti Bosch. Typ řídící jednotky ME7.3.2. Předpokládaná doba úpravy tohoto modelu je 2 - 4 hodiny.","numbers":["Výkon HP","402 HP","442 HP","Výkon kW","296 kW","326 kW","Točivý moment Nm","453 Nm","503 Nm","Maximální rychlost","","+ 1 KM/H","Spotřeba město","","-0,20 L / 100 KM","Kombinovaná spotřeba","","-0,20 L / 100 KM","Spotřeba mimo město","","-0,10 L / 100 KM"],"chartPower":"./chartPower/quattroporte_(_5th)__1187363.png","chartTorque":"./chartTorque/quattroporte_(_5th)__1187363.png"},{"id":"quattroporte_(_5th)__1187365","fullName":"ChipTuning - Maserati Quattroporte 4.2 V8 Executive GT Duoselect - 405 HP ","desc":"Zvýšení výkonu motoru (chiptuning) vozidla Maserati Quattroporte 4.2 V8 Executive GT Duoselect - 405 HP je možné z původních 298 kW (405 HP) až na 328 kW (446 HP) a nárůst točivého momentu ze 450 Nm až na 500 Nm.,Maximální rychlost se po úpravě zvýší o + 1 KM/H a kombinovaná spotřeba se sníží v průměru o -0,30 L / 100 KM.","imgUrl":"./previews/quattroporte_(_5th)__.png","fullDesc":"Níže naleznete parametry před a po úpravě Standard pro vozidlo: Maserati Quattroporte 4.2 V8 Executive GT Duoselect - 405 HP. Modelová řada vyráběná od roku 2007. Řídící jednotka motoru od společnosti Bosch. Typ řídící jednotky ME7.3.2. Předpokládaná doba úpravy tohoto modelu je 2 - 4 hodiny.","numbers":["Výkon HP","405 HP","446 HP","Výkon kW","298 kW","328 kW","Točivý moment Nm","450 Nm","500 Nm","Maximální rychlost","","+ 1 KM/H","Spotřeba město","","-0,20 L / 100 KM","Kombinovaná spotřeba","","-0,20 L / 100 KM","Spotřeba mimo město","","-0,10 L / 100 KM"],"chartPower":"./chartPower/quattroporte_(_5th)__1187365.png","chartTorque":"./chartTorque/quattroporte_(_5th)__1187365.png"},{"id":"quattroporte_(_5th)__1187367","fullName":"ChipTuning - Maserati Quattroporte 4.2 V8 Sport GT - 400 HP ","desc":"Zvýšení výkonu motoru (chiptuning) vozidla Maserati Quattroporte 4.2 V8 Sport GT - 400 HP je možné z původních 292 kW (398 HP) až na 321 kW (438 HP) a nárůst točivého momentu ze 450 Nm až na 500 Nm.,Maximální rychlost se po úpravě zvýší o + 1 KM/H a kombinovaná spotřeba se sníží v průměru o -0,30 L / 100 KM.","imgUrl":"./previews/quattroporte_(_5th)__.png","fullDesc":"Níže naleznete parametry před a po úpravě Standard pro vozidlo: Maserati Quattroporte 4.2 V8 Sport GT - 400 HP. Modelová řada vyráběná od roku 2006. Řídící jednotka motoru od společnosti Bosch. Typ řídící jednotky ME7.3.2. Předpokládaná doba úpravy tohoto modelu je 2 - 4 hodiny.","numbers":["Výkon HP","398 HP","438 HP","Výkon kW","292 kW","321 kW","Točivý moment Nm","450 Nm","500 Nm","Maximální rychlost","","+ 1 KM/H","Spotřeba město","","-0,20 L / 100 KM","Kombinovaná spotřeba","","-0,20 L / 100 KM","Spotřeba mimo město","","-0,10 L / 100 KM"],"chartPower":"./chartPower/quattroporte_(_5th)__1187367.png","chartTorque":"./chartTorque/quattroporte_(_5th)__1187367.png"},{"id":"quattroporte_(_5th)__1187368","fullName":"ChipTuning - Maserati Quattroporte 4.2 V8 Sport GT Automatic - 405 HP ","desc":"Zvýšení výkonu motoru (chiptuning) vozidla Maserati Quattroporte 4.2 V8 Sport GT Automatic - 405 HP je možné z původních 302 kW (409 HP) až na 332 kW (450 HP) a nárůst točivého momentu ze 454 Nm až na 504 Nm.,Maximální rychlost se po úpravě zvýší o + 1 KM/H a kombinovaná spotřeba se sníží v průměru o -0,30 L / 100 KM.","imgUrl":"./previews/quattroporte_(_5th)__.png","fullDesc":"Níže naleznete parametry před a po úpravě Standard pro vozidlo: Maserati Quattroporte 4.2 V8 Sport GT Automatic - 405 HP. Modelová řada vyráběná od roku 2007. Řídící jednotka motoru od společnosti Bosch. Typ řídící jednotky ME7.3.2. Tato úprava je přizpůsobena pro automatickou převodovku. Předpokládaná doba úpravy tohoto modelu je 2 - 4 hodiny.","numbers":["Výkon HP","409 HP","450 HP","Výkon kW","302 kW","332 kW","Točivý moment Nm","454 Nm","504 Nm","Maximální rychlost","","+ 1 KM/H","Spotřeba město","","-0,20 L / 100 KM","Kombinovaná spotřeba","","-0,20 L / 100 KM","Spotřeba mimo město","","-0,10 L / 100 KM"],"chartPower":"./chartPower/quattroporte_(_5th)__1187368.png","chartTorque":"./chartTorque/quattroporte_(_5th)__1187368.png"},{"id":"quattroporte_(_5th)__1187370","fullName":"ChipTuning - Maserati Quattroporte 4.2 V8 Sport GT Automatica - 401 HP ","desc":"Zvýšení výkonu motoru (chiptuning) vozidla Maserati Quattroporte 4.2 V8 Sport GT Automatica - 401 HP je možné z původních 296 kW (402 HP) až na 326 kW (442 HP) a nárůst točivého momentu ze 453 Nm až na 503 Nm.,Maximální rychlost se po úpravě zvýší o + 1 KM/H a kombinovaná spotřeba se sníží v průměru o -0,30 L / 100 KM.","imgUrl":"./previews/quattroporte_(_5th)__.png","fullDesc":"Níže naleznete parametry před a po úpravě Standard pro vozidlo: Maserati Quattroporte 4.2 V8 Sport GT Automatica - 401 HP. Modelová řada vyráběná od roku 2007. Řídící jednotka motoru od společnosti Bosch. Typ řídící jednotky ME7.3.2. Tato úprava je přizpůsobena pro automatickou převodovku. Předpokládaná doba úpravy tohoto modelu je 2 - 4 hodiny.","numbers":["Výkon HP","402 HP","442 HP","Výkon kW","296 kW","326 kW","Točivý moment Nm","453 Nm","503 Nm","Maximální rychlost","","+ 1 KM/H","Spotřeba město","","-0,20 L / 100 KM","Kombinovaná spotřeba","","-0,20 L / 100 KM","Spotřeba mimo město","","-0,10 L / 100 KM"],"chartPower":"./chartPower/quattroporte_(_5th)__1187370.png","chartTorque":"./chartTorque/quattroporte_(_5th)__1187370.png"},{"id":"quattroporte_(_5th)__1187372","fullName":"ChipTuning - Maserati Quattroporte 4.2 V8 Sport GT Duoselect - 401 HP ","desc":"Zvýšení výkonu motoru (chiptuning) vozidla Maserati Quattroporte 4.2 V8 Sport GT Duoselect - 401 HP je možné z původních 296 kW (402 HP) až na 326 kW (442 HP) a nárůst točivého momentu ze 453 Nm až na 503 Nm.,Maximální rychlost se po úpravě zvýší o + 1 KM/H a kombinovaná spotřeba se sníží v průměru o -0,30 L / 100 KM.","imgUrl":"./previews/quattroporte_(_5th)__.png","fullDesc":"Níže naleznete parametry před a po úpravě Standard pro vozidlo: Maserati Quattroporte 4.2 V8 Sport GT Duoselect - 401 HP. Modelová řada vyráběná od roku 2006. Řídící jednotka motoru od společnosti Bosch. Typ řídící jednotky ME7.3.2. Předpokládaná doba úpravy tohoto modelu je 2 - 4 hodiny.","numbers":["Výkon HP","402 HP","442 HP","Výkon kW","296 kW","326 kW","Točivý moment Nm","453 Nm","503 Nm","Maximální rychlost","","+ 1 KM/H","Spotřeba město","","-0,20 L / 100 KM","Kombinovaná spotřeba","","-0,20 L / 100 KM","Spotřeba mimo město","","-0,10 L / 100 KM"],"chartPower":"./chartPower/quattroporte_(_5th)__1187372.png","chartTorque":"./chartTorque/quattroporte_(_5th)__1187372.png"},{"id":"quattroporte_(_5th)__1187374","fullName":"ChipTuning - Maserati Quattroporte 4.2 V8 Sport GT Duoselect - 405 HP ","desc":"Zvýšení výkonu motoru (chiptuning) vozidla Maserati Quattroporte 4.2 V8 Sport GT Duoselect - 405 HP je možné z původních 298 kW (405 HP) až na 328 kW (446 HP) a nárůst točivého momentu ze 450 Nm až na 500 Nm.,Maximální rychlost se po úpravě zvýší o + 1 KM/H a kombinovaná spotřeba se sníží v průměru o -0,30 L / 100 KM.","imgUrl":"./previews/quattroporte_(_5th)__.png","fullDesc":"Níže naleznete parametry před a po úpravě Standard pro vozidlo: Maserati Quattroporte 4.2 V8 Sport GT Duoselect - 405 HP. Modelová řada vyráběná od roku 2007. Řídící jednotka motoru od společnosti Bosch. Typ řídící jednotky ME7.3.2. Předpokládaná doba úpravy tohoto modelu je 2 - 4 hodiny.","numbers":["Výkon HP","405 HP","446 HP","Výkon kW","298 kW","328 kW","Točivý moment Nm","450 Nm","500 Nm","Maximální rychlost","","+ 1 KM/H","Spotřeba město","","-0,20 L / 100 KM","Kombinovaná spotřeba","","-0,20 L / 100 KM","Spotřeba mimo město","","-0,10 L / 100 KM"],"chartPower":"./chartPower/quattroporte_(_5th)__1187374.png","chartTorque":"./chartTorque/quattroporte_(_5th)__1187374.png"},{"id":"quattroporte_(_5th)__1187376","fullName":"ChipTuning - Maserati Quattroporte 4.6 V8 S - 430 HP ","desc":"Zvýšení výkonu motoru (chiptuning) vozidla Maserati Quattroporte 4.6 V8 S - 430 HP je možné z původních 319 kW (433 HP) až na 351 kW (476 HP) a nárůst točivého momentu ze 493 Nm až na 547 Nm.,Maximální rychlost se po úpravě zvýší o + 1 KM/H a kombinovaná spotřeba se sníží v průměru o -0,30 L / 100 KM.","imgUrl":"./previews/quattroporte_(_5th)__.png","fullDesc":"Níže naleznete parametry před a po úpravě Standard pro vozidlo: Maserati Quattroporte 4.6 V8 S - 430 HP. Modelová řada vyráběná od roku 2008. Řídící jednotka motoru od společnosti Bosch. Typ řídící jednotky ME7.3.2 nebo ME9.1.1. Předpokládaná doba úpravy tohoto modelu je 2 - 4 hodiny.","numbers":["Výkon HP","433 HP","476 HP","Výkon kW","319 kW","351 kW","Točivý moment Nm","493 Nm","547 Nm","Maximální rychlost","","+ 1 KM/H","Spotřeba město","","-0,20 L / 100 KM","Kombinovaná spotřeba","","-0,20 L / 100 KM","Spotřeba mimo město","","-0,10 L / 100 KM"],"chartPower":"./chartPower/quattroporte_(_5th)__1187376.png","chartTorque":"./chartTorque/quattroporte_(_5th)__1187376.png"},{"id":"quattroporte_(_5th)__1187378","fullName":"ChipTuning - Maserati Quattroporte 4.6 V8 S - 431 HP ","desc":"Zvýšení výkonu motoru (chiptuning) vozidla Maserati Quattroporte 4.6 V8 S - 431 HP je možné z původních 314 kW (428 HP) až na 346 kW (471 HP) a nárůst točivého momentu ze 487 Nm až na 541 Nm.,Maximální rychlost se po úpravě zvýší o + 1 KM/H a kombinovaná spotřeba se sníží v průměru o -0,30 L / 100 KM.","imgUrl":"./previews/quattroporte_(_5th)__.png","fullDesc":"Níže naleznete parametry před a po úpravě Standard pro vozidlo: Maserati Quattroporte 4.6 V8 S - 431 HP. Modelová řada vyráběná od roku 2009. Řídící jednotka motoru od společnosti Bosch. Typ řídící jednotky ME7.3.2 nebo ME9.1.1. Předpokládaná doba úpravy tohoto modelu je 2 - 4 hodiny.","numbers":["Výkon HP","428 HP","471 HP","Výkon kW","314 kW","346 kW","Točivý moment Nm","487 Nm","541 Nm","Maximální rychlost","","+ 1 KM/H","Spotřeba město","","-0,20 L / 100 KM","Kombinovaná spotřeba","","-0,20 L / 100 KM","Spotřeba mimo město","","-0,10 L / 100 KM"],"chartPower":"./chartPower/quattroporte_(_5th)__1187378.png","chartTorque":"./chartTorque/quattroporte_(_5th)__1187378.png"},{"id":"quattroporte_(_5th)__1187385","fullName":"ChipTuning - Maserati Quattroporte 4.6 V8 Sport GT S - 439 HP ","desc":"Zvýšení výkonu motoru (chiptuning) vozidla Maserati Quattroporte 4.6 V8 Sport GT S - 439 HP je možné z původních 323 kW (439 HP) až na 355 kW (483 HP) a nárůst točivého momentu ze 490 Nm až na 544 Nm.,Maximální rychlost se po úpravě zvýší o + 1 KM/H a kombinovaná spotřeba se sníží v průměru o -0,30 L / 100 KM.","imgUrl":"./previews/quattroporte_(_5th)__.png","fullDesc":"Níže naleznete parametry před a po úpravě Standard pro vozidlo: Maserati Quattroporte 4.6 V8 Sport GT S - 439 HP. Modelová řada vyráběná od roku 2009. Řídící jednotka motoru od společnosti Bosch. Typ řídící jednotky ME7.3.2 nebo ME9.1.1. Předpokládaná doba úpravy tohoto modelu je 2 - 4 hodiny.","numbers":["Výkon HP","439 HP","483 HP","Výkon kW","323 kW","355 kW","Točivý moment Nm","490 Nm","544 Nm","Maximální rychlost","","+ 1 KM/H","Spotřeba město","","-0,20 L / 100 KM","Kombinovaná spotřeba","","-0,20 L / 100 KM","Spotřeba mimo město","","-0,10 L / 100 KM"],"chartPower":"./chartPower/quattroporte_(_5th)__1187385.png","chartTorque":"./chartTorque/quattroporte_(_5th)__1187385.png"},{"id":"quattroporte_(_6th)__1187395","fullName":"ChipTuning - Maserati Quattroporte 3.0 V6 BiTurbo S - 409 HP ","desc":"Zvýšení výkonu motoru (chiptuning) vozidla Maserati Quattroporte 3.0 V6 BiTurbo S - 409 HP je možné z původních 300 kW (408 HP) až na 351 kW (477 HP) a nárůst točivého momentu ze 549 Nm až na 688 Nm.,Maximální rychlost se po úpravě zvýší o + 16 KM/H a kombinovaná spotřeba se sníží v průměru o -1,20 L / 100 KM.","imgUrl":"./previews/quattroporte_(_6th)__.png","fullDesc":"Níže naleznete parametry před a po úpravě Standard pro vozidlo: Maserati Quattroporte 3.0 V6 BiTurbo S - 409 HP. Modelová řada vyráběná od roku 2013. Úprava tohoto modelu se provádí připojením na konektory řídící jednotky bez rozebírání jednotky. Řídící jednotka motoru od společnosti Bosch. Typ řídící jednotky MED17.3.4. Předpokládaná doba úpravy tohoto modelu je 1.5 - 2.5 hodiny.","numbers":["Výkon HP","408 HP","461 HP","Výkon kW","300 kW","339 kW","Točivý moment Nm","549 Nm","648 Nm","Maximální rychlost","","+ 12 KM/H","Spotřeba město","","-0,80 L / 100 KM","Kombinovaná spotřeba","","-0,70 L / 100 KM","Spotřeba mimo město","","-0,65 L / 100 KM"],"chartPower":"./chartPower/quattroporte_(_6th)__1187395.png","chartTorque":"./chartTorque/quattroporte_(_6th)__1187395.png"},{"id":"quattroporte_(_6th)__1187401","fullName":"ChipTuning - Maserati Quattroporte 3.0 V6 BiTurbo S Q4 - 409 HP ","desc":"Zvýšení výkonu motoru (chiptuning) vozidla Maserati Quattroporte 3.0 V6 BiTurbo S Q4 - 409 HP je možné z původních 302 kW (410 HP) až na 353 kW (479 HP) a nárůst točivého momentu ze 551 Nm až na 690 Nm.,Maximální rychlost se po úpravě zvýší o + 16 KM/H a kombinovaná spotřeba se sníží v průměru o -1,20 L / 100 KM.","imgUrl":"./previews/quattroporte_(_6th)__.png","fullDesc":"Níže naleznete parametry před a po úpravě Standard pro vozidlo: Maserati Quattroporte 3.0 V6 BiTurbo S Q4 - 409 HP. Modelová řada vyráběná od roku 2013. Úprava tohoto modelu se provádí připojením na konektory řídící jednotky bez rozebírání jednotky. Řídící jednotka motoru od společnosti Bosch. Typ řídící jednotky MED17.3.4. Předpokládaná doba úpravy tohoto modelu je 1.5 - 2.5 hodiny.","numbers":["Výkon HP","410 HP","463 HP","Výkon kW","302 kW","341 kW","Točivý moment Nm","551 Nm","650 Nm","Maximální rychlost","","+ 12 KM/H","Spotřeba město","","-0,80 L / 100 KM","Kombinovaná spotřeba","","-0,70 L / 100 KM","Spotřeba mimo město","","-0,65 L / 100 KM"],"chartPower":"./chartPower/quattroporte_(_6th)__1187401.png","chartTorque":"./chartTorque/quattroporte_(_6th)__1187401.png"},{"id":"quattroporte_(_6th)__1187393","fullName":"ChipTuning - Maserati Quattroporte 3.0 V6 D - 124 HP ","desc":"Zvýšení výkonu motoru (chiptuning) vozidla Maserati Quattroporte 3.0 V6 D - 124 HP je možné z původních 204 kW (126 HP) až na 248 kW (153 HP) a nárůst točivého momentu ze 602 Nm až na 720 Nm.,Maximální rychlost se po úpravě zvýší o + 16 KM/H a kombinovaná spotřeba se sníží v průměru o -1,20 L / 100 KM.","imgUrl":"./previews/quattroporte_(_6th)__.png","fullDesc":"Níže naleznete parametry před a po úpravě Standard pro vozidlo: Maserati Quattroporte 3.0 V6 D - 124 HP. Modelová řada vyráběná od roku 2014. Úprava tohoto modelu se provádí přes diagnostickou zásuvku. Řídící jednotka motoru od společnosti Bosch. Typ řídící jednotky EDC17C79. Předpokládaná doba úpravy tohoto modelu je 1 - 2 hodiny.","numbers":["Výkon HP","126 HP","147 HP","Výkon kW","204 kW","238 kW","Točivý moment Nm","602 Nm","686 Nm","Maximální rychlost","","+ 12 KM/H","Spotřeba město","","-0,80 L / 100 KM","Kombinovaná spotřeba","","-0,70 L / 100 KM","Spotřeba mimo město","","-0,65 L / 100 KM"],"chartPower":"./chartPower/quattroporte_(_6th)__1187393.png","chartTorque":"./chartTorque/quattroporte_(_6th)__1187393.png"},{"id":"quattroporte_(_6th)__1187407","fullName":"ChipTuning - Maserati Quattroporte 3.8 V8 BiTurbo GTS - 530 HP ","desc":"Zvýšení výkonu motoru (chiptuning) vozidla Maserati Quattroporte 3.8 V8 BiTurbo GTS - 530 HP je možné z původních 394 kW (534 HP) až na 460 kW (624 HP) a nárůst točivého momentu ze 714 Nm až na 853 Nm.,Maximální rychlost se po úpravě zvýší o + 16 KM/H a kombinovaná spotřeba se sníží v průměru o -1,20 L / 100 KM.","imgUrl":"./previews/quattroporte_(_6th)__.png","fullDesc":"Níže naleznete parametry před a po úpravě Standard pro vozidlo: Maserati Quattroporte 3.8 V8 BiTurbo GTS - 530 HP. Modelová řada vyráběná od roku 2013. Úprava tohoto modelu se provádí připojením na konektory řídící jednotky bez rozebírání jednotky. Řídící jednotka motoru od společnosti Bosch. Typ řídící jednotky MED17.3.4. Předpokládaná doba úpravy tohoto modelu je 1.5 - 2.5 hodiny.","numbers":["Výkon HP","534 HP","603 HP","Výkon kW","394 kW","445 kW","Točivý moment Nm","714 Nm","813 Nm","Maximální rychlost","","+ 12 KM/H","Spotřeba město","","-0,80 L / 100 KM","Kombinovaná spotřeba","","-0,70 L / 100 KM","Spotřeba mimo město","","-0,65 L / 100 KM"],"chartPower":"./chartPower/quattroporte_(_6th)__1187407.png","chartTorque":"./chartTorque/quattroporte_(_6th)__1187407.png"},{"id":"spyder_(4200 gt)___1187413","fullName":"ChipTuning - Maserati Spyder 4.2 V8 Spyder 90th Anniversary - 390 HP ","desc":"Zvýšení výkonu motoru (chiptuning) vozidla Maserati Spyder 4.2 V8 Spyder 90th Anniversary - 390 HP je možné z původních 282 kW (385 HP) až na 311 kW (424 HP) a nárůst točivého momentu ze 446 Nm až na 496 Nm.,Maximální rychlost se po úpravě zvýší o + 1 KM/H a kombinovaná spotřeba se sníží v průměru o -0,30 L / 100 KM.","imgUrl":"./previews/spyder_(4200 gt)___.png","fullDesc":"Níže naleznete parametry před a po úpravě Standard pro vozidlo: Maserati Spyder 4.2 V8 Spyder 90th Anniversary - 390 HP. Modelová řada vyráběná od roku 2004. Řídící jednotka motoru od společnosti Bosch. Typ řídící jednotky ME7.3.2. Předpokládaná doba úpravy tohoto modelu je 2 - 4 hodiny.","numbers":["Výkon HP","385 HP","424 HP","Výkon kW","282 kW","311 kW","Točivý moment Nm","446 Nm","496 Nm","Maximální rychlost","","+ 1 KM/H","Spotřeba město","","-0,20 L / 100 KM","Kombinovaná spotřeba","","-0,20 L / 100 KM","Spotřeba mimo město","","-0,10 L / 100 KM"],"chartPower":"./chartPower/spyder_(4200 gt)___1187413.png","chartTorque":"./chartTorque/spyder_(4200 gt)___1187413.png"},{"id":"spyder_(4200 gt)___1187414","fullName":"ChipTuning - Maserati Spyder 4.2 V8 Spyder Cambiocorsa - 390 HP ","desc":"Zvýšení výkonu motoru (chiptuning) vozidla Maserati Spyder 4.2 V8 Spyder Cambiocorsa - 390 HP je možné z původních 292 kW (395 HP) až na 321 kW (434 HP) a nárůst točivého momentu ze 456 Nm až na 506 Nm.,Maximální rychlost se po úpravě zvýší o + 1 KM/H a kombinovaná spotřeba se sníží v průměru o -0,30 L / 100 KM.","imgUrl":"./previews/spyder_(4200 gt)___.png","fullDesc":"Níže naleznete parametry před a po úpravě Standard pro vozidlo: Maserati Spyder 4.2 V8 Spyder Cambiocorsa - 390 HP. Modelová řada vyráběná od roku 2001. Řídící jednotka motoru od společnosti Bosch. Typ řídící jednotky ME7.3.2. Předpokládaná doba úpravy tohoto modelu je 2 - 4 hodiny.","numbers":["Výkon HP","395 HP","434 HP","Výkon kW","292 kW","321 kW","Točivý moment Nm","456 Nm","506 Nm","Maximální rychlost","","+ 1 KM/H","Spotřeba město","","-0,20 L / 100 KM","Kombinovaná spotřeba","","-0,20 L / 100 KM","Spotřeba mimo město","","-0,10 L / 100 KM"],"chartPower":"./chartPower/spyder_(4200 gt)___1187414.png","chartTorque":"./chartTorque/spyder_(4200 gt)___1187414.png"},{"id":"spyder_(4200 gt)___1187426","fullName":"ChipTuning - Maserati Spyder 4.2 V8 Spyder GT - 390 HP ","desc":"Zvýšení výkonu motoru (chiptuning) vozidla Maserati Spyder 4.2 V8 Spyder GT - 390 HP je možné z původních 292 kW (395 HP) až na 321 kW (434 HP) a nárůst točivého momentu ze 456 Nm až na 506 Nm.,Maximální rychlost se po úpravě zvýší o + 1 KM/H a kombinovaná spotřeba se sníží v průměru o -0,30 L / 100 KM.","imgUrl":"./previews/spyder_(4200 gt)___.png","fullDesc":"Níže naleznete parametry před a po úpravě Standard pro vozidlo: Maserati Spyder 4.2 V8 Spyder GT - 390 HP. Modelová řada vyráběná od roku 2001. Řídící jednotka motoru od společnosti Bosch. Typ řídící jednotky ME7.3.2. Předpokládaná doba úpravy tohoto modelu je 2 - 4 hodiny.","numbers":["Výkon HP","395 HP","434 HP","Výkon kW","292 kW","321 kW","Točivý moment Nm","456 Nm","506 Nm","Maximální rychlost","","+ 1 KM/H","Spotřeba město","","-0,20 L / 100 KM","Kombinovaná spotřeba","","-0,20 L / 100 KM","Spotřeba mimo město","","-0,10 L / 100 KM"],"chartPower":"./chartPower/spyder_(4200 gt)___1187426.png","chartTorque":"./chartTorque/spyder_(4200 gt)___1187426.png"}]