[{"id":"a-class__w169_1075536","fullName":"ChipTuning - Mercedes-Benz A-Class 150 CVT - 95 HP ","desc":"Zvýšení výkonu motoru (chiptuning) vozidla Mercedes-Benz A-Class 150 CVT - 95 HP je možné z původních 68 kW (93 HP) až na 75 kW (103 HP) a nárůst točivého momentu ze 138 Nm až na 155 Nm.,Maximální rychlost se po úpravě zvýší o + 1 KM/H a kombinovaná spotřeba se sníží v průměru o -0,40 L / 100 KM.","imgUrl":"./previews/a-class__w169_.png","fullDesc":"Níže naleznete parametry před a po úpravě Standard pro vozidlo: Mercedes-Benz A-Class 150 CVT - 95 HP. Modelová řada W169, vyráběná od roku 2004. Úprava tohoto modelu se provádí přes diagnostickou zásuvku. Řídící jednotka motoru od společnosti Siemens. Typ řídící jednotky SIM266. Předpokládaná doba úpravy tohoto modelu je 1 - 2 hodiny.","numbers":["Výkon HP","93 HP","103 HP","Výkon kW","68 kW","75 kW","Točivý moment Nm","138 Nm","155 Nm","Maximální rychlost","","+ 1 KM/H","Spotřeba město","","-0,20 L / 100 KM","Kombinovaná spotřeba","","-0,20 L / 100 KM","Spotřeba mimo město","","-0,10 L / 100 KM"],"chartPower":"./chartPower/a-class__w169_1075536.png","chartTorque":"./chartTorque/a-class__w169_1075536.png"},{"id":"a-class__w169_1075542","fullName":"ChipTuning - Mercedes-Benz A-Class 160 - 95 HP ","desc":"Zvýšení výkonu motoru (chiptuning) vozidla Mercedes-Benz A-Class 160 - 95 HP je možné z původních 75 kW (100 HP) až na 82 kW (110 HP) a nárůst točivého momentu ze 145 Nm až na 162 Nm.,Maximální rychlost se po úpravě zvýší o + 1 KM/H a kombinovaná spotřeba se sníží v průměru o -0,40 L / 100 KM.","imgUrl":"./previews/a-class__w169_.png","fullDesc":"Níže naleznete parametry před a po úpravě Standard pro vozidlo: Mercedes-Benz A-Class 160 - 95 HP. Modelová řada W169, vyráběná od roku 2009. Úprava tohoto modelu se provádí přes diagnostickou zásuvku. Řídící jednotka motoru od společnosti Siemens. Typ řídící jednotky SIM266. Předpokládaná doba úpravy tohoto modelu je 1 - 2 hodiny.","numbers":["Výkon HP","100 HP","110 HP","Výkon kW","75 kW","82 kW","Točivý moment Nm","145 Nm","162 Nm","Maximální rychlost","","+ 1 KM/H","Spotřeba město","","-0,20 L / 100 KM","Kombinovaná spotřeba","","-0,20 L / 100 KM","Spotřeba mimo město","","-0,10 L / 100 KM"],"chartPower":"./chartPower/a-class__w169_1075542.png","chartTorque":"./chartTorque/a-class__w169_1075542.png"},{"id":"a-class__w169_1075546","fullName":"ChipTuning - Mercedes-Benz A-Class 160 BlueEFFICIENCY - 95 HP ","desc":"Zvýšení výkonu motoru (chiptuning) vozidla Mercedes-Benz A-Class 160 BlueEFFICIENCY - 95 HP je možné z původních 67 kW (92 HP) až na 74 kW (102 HP) a nárůst točivého momentu ze 137 Nm až na 154 Nm.,Maximální rychlost se po úpravě zvýší o + 1 KM/H a kombinovaná spotřeba se sníží v průměru o -0,40 L / 100 KM.","imgUrl":"./previews/a-class__w169_.png","fullDesc":"Níže naleznete parametry před a po úpravě Standard pro vozidlo: Mercedes-Benz A-Class 160 BlueEFFICIENCY - 95 HP. Modelová řada W169, vyráběná od roku 2009. Úprava tohoto modelu se provádí přes diagnostickou zásuvku. Řídící jednotka motoru od společnosti Siemens. Typ řídící jednotky SIM266. Předpokládaná doba úpravy tohoto modelu je 1 - 2 hodiny.","numbers":["Výkon HP","92 HP","102 HP","Výkon kW","67 kW","74 kW","Točivý moment Nm","137 Nm","154 Nm","Maximální rychlost","","+ 1 KM/H","Spotřeba město","","-0,20 L / 100 KM","Kombinovaná spotřeba","","-0,20 L / 100 KM","Spotřeba mimo město","","-0,10 L / 100 KM"],"chartPower":"./chartPower/a-class__w169_1075546.png","chartTorque":"./chartTorque/a-class__w169_1075546.png"},{"id":"a-class__w169_1075550","fullName":"ChipTuning - Mercedes-Benz A-Class 160 BlueEFFICIENCY CVT - 95 HP ","desc":"Zvýšení výkonu motoru (chiptuning) vozidla Mercedes-Benz A-Class 160 BlueEFFICIENCY CVT - 95 HP je možné z původních 69 kW (94 HP) až na 76 kW (104 HP) a nárůst točivého momentu ze 139 Nm až na 156 Nm.,Maximální rychlost se po úpravě zvýší o + 1 KM/H a kombinovaná spotřeba se sníží v průměru o -0,40 L / 100 KM.","imgUrl":"./previews/a-class__w169_.png","fullDesc":"Níže naleznete parametry před a po úpravě Standard pro vozidlo: Mercedes-Benz A-Class 160 BlueEFFICIENCY CVT - 95 HP. Modelová řada W169, vyráběná od roku 2009. Úprava tohoto modelu se provádí přes diagnostickou zásuvku. Řídící jednotka motoru od společnosti Siemens. Typ řídící jednotky SIM266. Předpokládaná doba úpravy tohoto modelu je 1 - 2 hodiny.","numbers":["Výkon HP","94 HP","104 HP","Výkon kW","69 kW","76 kW","Točivý moment Nm","139 Nm","156 Nm","Maximální rychlost","","+ 1 KM/H","Spotřeba město","","-0,20 L / 100 KM","Kombinovaná spotřeba","","-0,20 L / 100 KM","Spotřeba mimo město","","-0,10 L / 100 KM"],"chartPower":"./chartPower/a-class__w169_1075550.png","chartTorque":"./chartTorque/a-class__w169_1075550.png"},{"id":"a-class__w169_1075422","fullName":"ChipTuning - Mercedes-Benz A-Class 160 BlueEFFICIENCY CVT - 95 HP ","desc":"Zvýšení výkonu motoru (chiptuning) vozidla Mercedes-Benz A-Class 160 BlueEFFICIENCY CVT - 95 HP je možné z původních 72 kW (97 HP) až na 79 kW (107 HP) a nárůst točivého momentu ze 142 Nm až na 159 Nm.,Maximální rychlost se po úpravě zvýší o + 1 KM/H a kombinovaná spotřeba se sníží v průměru o -0,40 L / 100 KM.","imgUrl":"./previews/a-class__w169_.png","fullDesc":"Níže naleznete parametry před a po úpravě Standard pro vozidlo: Mercedes-Benz A-Class 160 BlueEFFICIENCY CVT - 95 HP. Modelová řada W169, vyráběná od roku 2009. Úprava tohoto modelu se provádí přes diagnostickou zásuvku. Řídící jednotka motoru od společnosti Siemens. Typ řídící jednotky SIM266. Předpokládaná doba úpravy tohoto modelu je 1 - 2 hodiny.","numbers":["Výkon HP","97 HP","107 HP","Výkon kW","72 kW","79 kW","Točivý moment Nm","142 Nm","159 Nm","Maximální rychlost","","+ 1 KM/H","Spotřeba město","","-0,20 L / 100 KM","Kombinovaná spotřeba","","-0,20 L / 100 KM","Spotřeba mimo město","","-0,10 L / 100 KM"],"chartPower":"./chartPower/a-class__w169_1075422.png","chartTorque":"./chartTorque/a-class__w169_1075422.png"},{"id":"a-class__w169_1075440","fullName":"ChipTuning - Mercedes-Benz A-Class 160 BlueEFFICIENCY CVT - 95 HP ","desc":"Zvýšení výkonu motoru (chiptuning) vozidla Mercedes-Benz A-Class 160 BlueEFFICIENCY CVT - 95 HP je možné z původních 75 kW (100 HP) až na 82 kW (110 HP) a nárůst točivého momentu ze 145 Nm až na 162 Nm.,Maximální rychlost se po úpravě zvýší o + 1 KM/H a kombinovaná spotřeba se sníží v průměru o -0,40 L / 100 KM.","imgUrl":"./previews/a-class__w169_.png","fullDesc":"Níže naleznete parametry před a po úpravě Standard pro vozidlo: Mercedes-Benz A-Class 160 BlueEFFICIENCY CVT - 95 HP. Modelová řada W169, vyráběná od roku 2009. Úprava tohoto modelu se provádí přes diagnostickou zásuvku. Řídící jednotka motoru od společnosti Siemens. Typ řídící jednotky SIM266. Předpokládaná doba úpravy tohoto modelu je 1 - 2 hodiny.","numbers":["Výkon HP","100 HP","110 HP","Výkon kW","75 kW","82 kW","Točivý moment Nm","145 Nm","162 Nm","Maximální rychlost","","+ 1 KM/H","Spotřeba město","","-0,20 L / 100 KM","Kombinovaná spotřeba","","-0,20 L / 100 KM","Spotřeba mimo město","","-0,10 L / 100 KM"],"chartPower":"./chartPower/a-class__w169_1075440.png","chartTorque":"./chartTorque/a-class__w169_1075440.png"},{"id":"a-class__w169_1075554","fullName":"ChipTuning - Mercedes-Benz A-Class 160 CVT - 95 HP ","desc":"Zvýšení výkonu motoru (chiptuning) vozidla Mercedes-Benz A-Class 160 CVT - 95 HP je možné z původních 66 kW (91 HP) až na 73 kW (101 HP) a nárůst točivého momentu ze 136 Nm až na 153 Nm.,Maximální rychlost se po úpravě zvýší o + 1 KM/H a kombinovaná spotřeba se sníží v průměru o -0,40 L / 100 KM.","imgUrl":"./previews/a-class__w169_.png","fullDesc":"Níže naleznete parametry před a po úpravě Standard pro vozidlo: Mercedes-Benz A-Class 160 CVT - 95 HP. Modelová řada W169, vyráběná od roku 2009. Úprava tohoto modelu se provádí přes diagnostickou zásuvku. Řídící jednotka motoru od společnosti Siemens. Typ řídící jednotky SIM266. Předpokládaná doba úpravy tohoto modelu je 1 - 2 hodiny.","numbers":["Výkon HP","91 HP","101 HP","Výkon kW","66 kW","73 kW","Točivý moment Nm","136 Nm","153 Nm","Maximální rychlost","","+ 1 KM/H","Spotřeba město","","-0,20 L / 100 KM","Kombinovaná spotřeba","","-0,20 L / 100 KM","Spotřeba mimo město","","-0,10 L / 100 KM"],"chartPower":"./chartPower/a-class__w169_1075554.png","chartTorque":"./chartTorque/a-class__w169_1075554.png"},{"id":"a-class__w169_1075558","fullName":"ChipTuning - Mercedes-Benz A-Class 170 - 116 HP ","desc":"Zvýšení výkonu motoru (chiptuning) vozidla Mercedes-Benz A-Class 170 - 116 HP je možné z původních 87 kW (118 HP) až na 96 kW (131 HP) a nárůst točivého momentu ze 157 Nm až na 176 Nm.,Maximální rychlost se po úpravě zvýší o + 2 KM/H a kombinovaná spotřeba se sníží v průměru o -0,50 L / 100 KM.","imgUrl":"./previews/a-class__w169_.png","fullDesc":"Níže naleznete parametry před a po úpravě Standard pro vozidlo: Mercedes-Benz A-Class 170 - 116 HP. Modelová řada W169, vyráběná od roku 2004. Úprava tohoto modelu se provádí přes diagnostickou zásuvku. Řídící jednotka motoru od společnosti Siemens. Typ řídící jednotky SIM266. Předpokládaná doba úpravy tohoto modelu je 1 - 2 hodiny.","numbers":["Výkon HP","118 HP","131 HP","Výkon kW","87 kW","96 kW","Točivý moment Nm","157 Nm","176 Nm","Maximální rychlost","","+ 2 KM/H","Spotřeba město","","-0,30 L / 100 KM","Kombinovaná spotřeba","","-0,25 L / 100 KM","Spotřeba mimo město","","-0,20 L / 100 KM"],"chartPower":"./chartPower/a-class__w169_1075558.png","chartTorque":"./chartTorque/a-class__w169_1075558.png"},{"id":"a-class__w169_1075563","fullName":"ChipTuning - Mercedes-Benz A-Class 170 CVT - 116 HP ","desc":"Zvýšení výkonu motoru (chiptuning) vozidla Mercedes-Benz A-Class 170 CVT - 116 HP je možné z původních 82 kW (113 HP) až na 91 kW (126 HP) a nárůst točivého momentu ze 152 Nm až na 171 Nm.,Maximální rychlost se po úpravě zvýší o + 2 KM/H a kombinovaná spotřeba se sníží v průměru o -0,50 L / 100 KM.","imgUrl":"./previews/a-class__w169_.png","fullDesc":"Níže naleznete parametry před a po úpravě Standard pro vozidlo: Mercedes-Benz A-Class 170 CVT - 116 HP. Modelová řada W169, vyráběná od roku 2004. Úprava tohoto modelu se provádí přes diagnostickou zásuvku. Řídící jednotka motoru od společnosti Siemens. Typ řídící jednotky SIM266. Předpokládaná doba úpravy tohoto modelu je 1 - 2 hodiny.","numbers":["Výkon HP","113 HP","126 HP","Výkon kW","82 kW","91 kW","Točivý moment Nm","152 Nm","171 Nm","Maximální rychlost","","+ 2 KM/H","Spotřeba město","","-0,30 L / 100 KM","Kombinovaná spotřeba","","-0,25 L / 100 KM","Spotřeba mimo město","","-0,20 L / 100 KM"],"chartPower":"./chartPower/a-class__w169_1075563.png","chartTorque":"./chartTorque/a-class__w169_1075563.png"},{"id":"a-class__w169_1075568","fullName":"ChipTuning - Mercedes-Benz A-Class 180 - 116 HP ","desc":"Zvýšení výkonu motoru (chiptuning) vozidla Mercedes-Benz A-Class 180 - 116 HP je možné z původních 84 kW (115 HP) až na 93 kW (128 HP) a nárůst točivého momentu ze 154 Nm až na 173 Nm.,Maximální rychlost se po úpravě zvýší o + 2 KM/H a kombinovaná spotřeba se sníží v průměru o -0,50 L / 100 KM.","imgUrl":"./previews/a-class__w169_.png","fullDesc":"Níže naleznete parametry před a po úpravě Standard pro vozidlo: Mercedes-Benz A-Class 180 - 116 HP. Modelová řada W169, vyráběná od roku 2009. Úprava tohoto modelu se provádí přes diagnostickou zásuvku. Řídící jednotka motoru od společnosti Siemens. Typ řídící jednotky SIM266. Předpokládaná doba úpravy tohoto modelu je 1 - 2 hodiny.","numbers":["Výkon HP","115 HP","128 HP","Výkon kW","84 kW","93 kW","Točivý moment Nm","154 Nm","173 Nm","Maximální rychlost","","+ 2 KM/H","Spotřeba město","","-0,30 L / 100 KM","Kombinovaná spotřeba","","-0,25 L / 100 KM","Spotřeba mimo město","","-0,20 L / 100 KM"],"chartPower":"./chartPower/a-class__w169_1075568.png","chartTorque":"./chartTorque/a-class__w169_1075568.png"},{"id":"a-class__w169_1075458","fullName":"ChipTuning - Mercedes-Benz A-Class 180 CDI - 109 HP ","desc":"Zvýšení výkonu motoru (chiptuning) vozidla Mercedes-Benz A-Class 180 CDI - 109 HP je možné z původních 75 kW (104 HP) až na 105 kW (146 HP) a nárůst točivého momentu ze 245 Nm až na 340 Nm.,Maximální rychlost se po úpravě zvýší o + 9 KM/H a kombinovaná spotřeba se sníží v průměru o -0,70 L / 100 KM.","imgUrl":"./previews/a-class__w169_.png","fullDesc":"Níže naleznete parametry před a po úpravě Standard pro vozidlo: Mercedes-Benz A-Class 180 CDI - 109 HP. Modelová řada W169, vyráběná od roku 2004. Úprava tohoto modelu se provádí přes diagnostickou zásuvku. Řídící jednotka motoru od společnosti Bosch. Typ řídící jednotky EDC16C32 nebo EDC17C43. Předpokládaná doba úpravy tohoto modelu je 1 - 2 hodiny.","numbers":["Výkon HP","104 HP","136 HP","Výkon kW","75 kW","98 kW","Točivý moment Nm","245 Nm","313 Nm","Maximální rychlost","","+ 6 KM/H","Spotřeba město","","-0,50 L / 100 KM","Kombinovaná spotřeba","","-0,40 L / 100 KM","Spotřeba mimo město","","-0,30 L / 100 KM"],"chartPower":"./chartPower/a-class__w169_1075458.png","chartTorque":"./chartTorque/a-class__w169_1075458.png"},{"id":"a-class__w169_1075476","fullName":"ChipTuning - Mercedes-Benz A-Class 180 CDI CVT - 109 HP ","desc":"Zvýšení výkonu motoru (chiptuning) vozidla Mercedes-Benz A-Class 180 CDI CVT - 109 HP je možné z původních 76 kW (105 HP) až na 106 kW (147 HP) a nárůst točivého momentu ze 246 Nm až na 341 Nm.,Maximální rychlost se po úpravě zvýší o + 9 KM/H a kombinovaná spotřeba se sníží v průměru o -0,70 L / 100 KM.","imgUrl":"./previews/a-class__w169_.png","fullDesc":"Níže naleznete parametry před a po úpravě Standard pro vozidlo: Mercedes-Benz A-Class 180 CDI CVT - 109 HP. Modelová řada W169, vyráběná od roku 2004. Úprava tohoto modelu se provádí přes diagnostickou zásuvku. Řídící jednotka motoru od společnosti Bosch. Typ řídící jednotky EDC16C32 nebo EDC17C43. Předpokládaná doba úpravy tohoto modelu je 1 - 2 hodiny.","numbers":["Výkon HP","105 HP","137 HP","Výkon kW","76 kW","99 kW","Točivý moment Nm","246 Nm","314 Nm","Maximální rychlost","","+ 6 KM/H","Spotřeba město","","-0,50 L / 100 KM","Kombinovaná spotřeba","","-0,40 L / 100 KM","Spotřeba mimo město","","-0,30 L / 100 KM"],"chartPower":"./chartPower/a-class__w169_1075476.png","chartTorque":"./chartTorque/a-class__w169_1075476.png"},{"id":"a-class__w169_1075572","fullName":"ChipTuning - Mercedes-Benz A-Class 180 CVT - 116 HP ","desc":"Zvýšení výkonu motoru (chiptuning) vozidla Mercedes-Benz A-Class 180 CVT - 116 HP je možné z původních 83 kW (114 HP) až na 92 kW (127 HP) a nárůst točivého momentu ze 153 Nm až na 172 Nm.,Maximální rychlost se po úpravě zvýší o + 2 KM/H a kombinovaná spotřeba se sníží v průměru o -0,50 L / 100 KM.","imgUrl":"./previews/a-class__w169_.png","fullDesc":"Níže naleznete parametry před a po úpravě Standard pro vozidlo: Mercedes-Benz A-Class 180 CVT - 116 HP. Modelová řada W169, vyráběná od roku 2009. Úprava tohoto modelu se provádí přes diagnostickou zásuvku. Řídící jednotka motoru od společnosti Siemens. Typ řídící jednotky SIM266. Předpokládaná doba úpravy tohoto modelu je 1 - 2 hodiny.","numbers":["Výkon HP","114 HP","127 HP","Výkon kW","83 kW","92 kW","Točivý moment Nm","153 Nm","172 Nm","Maximální rychlost","","+ 2 KM/H","Spotřeba město","","-0,30 L / 100 KM","Kombinovaná spotřeba","","-0,25 L / 100 KM","Spotřeba mimo město","","-0,20 L / 100 KM"],"chartPower":"./chartPower/a-class__w169_1075572.png","chartTorque":"./chartTorque/a-class__w169_1075572.png"},{"id":"a-class__w169_1075576","fullName":"ChipTuning - Mercedes-Benz A-Class 200 - 136 HP ","desc":"Zvýšení výkonu motoru (chiptuning) vozidla Mercedes-Benz A-Class 200 - 136 HP je možné z původních 100 kW (136 HP) až na 110 kW (151 HP) a nárůst točivého momentu ze 185 Nm až na 207 Nm.,Maximální rychlost se po úpravě zvýší o + 3 KM/H a kombinovaná spotřeba se sníží v průměru o -0,60 L / 100 KM.","imgUrl":"./previews/a-class__w169_.png","fullDesc":"Níže naleznete parametry před a po úpravě Standard pro vozidlo: Mercedes-Benz A-Class 200 - 136 HP. Modelová řada W169, vyráběná od roku 2004. Úprava tohoto modelu se provádí přes diagnostickou zásuvku. Řídící jednotka motoru od společnosti Siemens. Typ řídící jednotky SIM266. Předpokládaná doba úpravy tohoto modelu je 1 - 2 hodiny.","numbers":["Výkon HP","136 HP","151 HP","Výkon kW","100 kW","110 kW","Točivý moment Nm","185 Nm","207 Nm","Maximální rychlost","","+ 3 KM/H","Spotřeba město","","-0,40 L / 100 KM","Kombinovaná spotřeba","","-0,30 L / 100 KM","Spotřeba mimo město","","-0,20 L / 100 KM"],"chartPower":"./chartPower/a-class__w169_1075576.png","chartTorque":"./chartTorque/a-class__w169_1075576.png"},{"id":"a-class__w169_1075494","fullName":"ChipTuning - Mercedes-Benz A-Class 200 CDI - 140 HP ","desc":"Zvýšení výkonu motoru (chiptuning) vozidla Mercedes-Benz A-Class 200 CDI - 140 HP je možné z původních 105 kW (142 HP) až na 138 kW (186 HP) a nárůst točivého momentu ze 302 Nm až na 424 Nm.,Maximální rychlost se po úpravě zvýší o + 9 KM/H a kombinovaná spotřeba se sníží v průměru o -0,70 L / 100 KM.","imgUrl":"./previews/a-class__w169_.png","fullDesc":"Níže naleznete parametry před a po úpravě Standard pro vozidlo: Mercedes-Benz A-Class 200 CDI - 140 HP. Modelová řada W169, vyráběná od roku 2004. Úprava tohoto modelu se provádí přes diagnostickou zásuvku. Řídící jednotka motoru od společnosti Bosch. Typ řídící jednotky EDC16C32 nebo EDC17C43. Předpokládaná doba úpravy tohoto modelu je 1 - 2 hodiny.","numbers":["Výkon HP","142 HP","176 HP","Výkon kW","105 kW","130 kW","Točivý moment Nm","302 Nm","389 Nm","Maximální rychlost","","+ 6 KM/H","Spotřeba město","","-0,50 L / 100 KM","Kombinovaná spotřeba","","-0,40 L / 100 KM","Spotřeba mimo město","","-0,30 L / 100 KM"],"chartPower":"./chartPower/a-class__w169_1075494.png","chartTorque":"./chartTorque/a-class__w169_1075494.png"},{"id":"a-class__w169_1075512","fullName":"ChipTuning - Mercedes-Benz A-Class 200 CDI CVT - 140 HP ","desc":"Zvýšení výkonu motoru (chiptuning) vozidla Mercedes-Benz A-Class 200 CDI CVT - 140 HP je možné z původních 103 kW (140 HP) až na 136 kW (184 HP) a nárůst točivého momentu ze 300 Nm až na 422 Nm.,Maximální rychlost se po úpravě zvýší o + 9 KM/H a kombinovaná spotřeba se sníží v průměru o -0,70 L / 100 KM.","imgUrl":"./previews/a-class__w169_.png","fullDesc":"Níže naleznete parametry před a po úpravě Standard pro vozidlo: Mercedes-Benz A-Class 200 CDI CVT - 140 HP. Modelová řada W169, vyráběná od roku 2004. Úprava tohoto modelu se provádí přes diagnostickou zásuvku. Řídící jednotka motoru od společnosti Bosch. Typ řídící jednotky EDC16C32 nebo EDC17C43. Předpokládaná doba úpravy tohoto modelu je 1 - 2 hodiny.","numbers":["Výkon HP","140 HP","174 HP","Výkon kW","103 kW","128 kW","Točivý moment Nm","300 Nm","387 Nm","Maximální rychlost","","+ 6 KM/H","Spotřeba město","","-0,50 L / 100 KM","Kombinovaná spotřeba","","-0,40 L / 100 KM","Spotřeba mimo město","","-0,30 L / 100 KM"],"chartPower":"./chartPower/a-class__w169_1075512.png","chartTorque":"./chartTorque/a-class__w169_1075512.png"},{"id":"a-class__w169_1075585","fullName":"ChipTuning - Mercedes-Benz A-Class 200 CVT - 136 HP ","desc":"Zvýšení výkonu motoru (chiptuning) vozidla Mercedes-Benz A-Class 200 CVT - 136 HP je možné z původních 96 kW (132 HP) až na 106 kW (147 HP) a nárůst točivého momentu ze 181 Nm až na 203 Nm.,Maximální rychlost se po úpravě zvýší o + 3 KM/H a kombinovaná spotřeba se sníží v průměru o -0,60 L / 100 KM.","imgUrl":"./previews/a-class__w169_.png","fullDesc":"Níže naleznete parametry před a po úpravě Standard pro vozidlo: Mercedes-Benz A-Class 200 CVT - 136 HP. Modelová řada W169, vyráběná od roku 2004. Úprava tohoto modelu se provádí přes diagnostickou zásuvku. Řídící jednotka motoru od společnosti Siemens. Typ řídící jednotky SIM266. Předpokládaná doba úpravy tohoto modelu je 1 - 2 hodiny.","numbers":["Výkon HP","132 HP","147 HP","Výkon kW","96 kW","106 kW","Točivý moment Nm","181 Nm","203 Nm","Maximální rychlost","","+ 3 KM/H","Spotřeba město","","-0,40 L / 100 KM","Kombinovaná spotřeba","","-0,30 L / 100 KM","Spotřeba mimo město","","-0,20 L / 100 KM"],"chartPower":"./chartPower/a-class__w169_1075585.png","chartTorque":"./chartTorque/a-class__w169_1075585.png"},{"id":"a-class__w169_1075594","fullName":"ChipTuning - Mercedes-Benz A-Class 200 Turbo - 193 HP ","desc":"Zvýšení výkonu motoru (chiptuning) vozidla Mercedes-Benz A-Class 200 Turbo - 193 HP je možné z původních 145 kW (196 HP) až na 189 kW (256 HP) a nárůst točivého momentu ze 283 Nm až na 392 Nm.,Maximální rychlost se po úpravě zvýší o + 11 KM/H a kombinovaná spotřeba se sníží v průměru o -0,90 L / 100 KM.","imgUrl":"./previews/a-class__w169_.png","fullDesc":"Níže naleznete parametry před a po úpravě Standard pro vozidlo: Mercedes-Benz A-Class 200 Turbo - 193 HP. Modelová řada W169, vyráběná od roku 2005. Úprava tohoto modelu se provádí přes diagnostickou zásuvku. Řídící jednotka motoru od společnosti Siemens. Typ řídící jednotky SIM266. Předpokládaná doba úpravy tohoto modelu je 1 - 2 hodiny.","numbers":["Výkon HP","196 HP","242 HP","Výkon kW","145 kW","179 kW","Točivý moment Nm","283 Nm","361 Nm","Maximální rychlost","","+ 8 KM/H","Spotřeba město","","-0,60 L / 100 KM","Kombinovaná spotřeba","","-0,50 L / 100 KM","Spotřeba mimo město","","-0,40 L / 100 KM"],"chartPower":"./chartPower/a-class__w169_1075594.png","chartTorque":"./chartTorque/a-class__w169_1075594.png"},{"id":"a-class__w169_1075600","fullName":"ChipTuning - Mercedes-Benz A-Class 200 Turbo CVT - 193 HP ","desc":"Zvýšení výkonu motoru (chiptuning) vozidla Mercedes-Benz A-Class 200 Turbo CVT - 193 HP je možné z původních 147 kW (198 HP) až na 191 kW (258 HP) a nárůst točivého momentu ze 285 Nm až na 394 Nm.,Maximální rychlost se po úpravě zvýší o + 11 KM/H a kombinovaná spotřeba se sníží v průměru o -0,90 L / 100 KM.","imgUrl":"./previews/a-class__w169_.png","fullDesc":"Níže naleznete parametry před a po úpravě Standard pro vozidlo: Mercedes-Benz A-Class 200 Turbo CVT - 193 HP. Modelová řada W169, vyráběná od roku 2005. Úprava tohoto modelu se provádí přes diagnostickou zásuvku. Řídící jednotka motoru od společnosti Siemens. Typ řídící jednotky SIM266. Předpokládaná doba úpravy tohoto modelu je 1 - 2 hodiny.","numbers":["Výkon HP","198 HP","244 HP","Výkon kW","147 kW","181 kW","Točivý moment Nm","285 Nm","363 Nm","Maximální rychlost","","+ 8 KM/H","Spotřeba město","","-0,60 L / 100 KM","Kombinovaná spotřeba","","-0,50 L / 100 KM","Spotřeba mimo město","","-0,40 L / 100 KM"],"chartPower":"./chartPower/a-class__w169_1075600.png","chartTorque":"./chartTorque/a-class__w169_1075600.png"},{"id":"a-class__w176_1075690","fullName":"ChipTuning - Mercedes-Benz A-Class 160 - 102 HP ","desc":"Zvýšení výkonu motoru (chiptuning) vozidla Mercedes-Benz A-Class 160 - 102 HP je možné z původních 73 kW (100 HP) až na 81 kW (111 HP) a nárůst točivého momentu ze 178 Nm až na 200 Nm.,Maximální rychlost se po úpravě zvýší o + 2 KM/H a kombinovaná spotřeba se sníží v průměru o -0,50 L / 100 KM.","imgUrl":"./previews/a-class__w176_.png","fullDesc":"Níže naleznete parametry před a po úpravě Standard pro vozidlo: Mercedes-Benz A-Class 160 - 102 HP. Modelová řada W176, vyráběná od roku 2015. Úprava tohoto modelu se provádí přes diagnostickou zásuvku. Řídící jednotka motoru od společnosti Bosch. Typ řídící jednotky MED17.7.2. Předpokládaná doba úpravy tohoto modelu je 1 - 2 hodiny.","numbers":["Výkon HP","100 HP","111 HP","Výkon kW","73 kW","81 kW","Točivý moment Nm","178 Nm","200 Nm","Maximální rychlost","","+ 2 KM/H","Spotřeba město","","-0,30 L / 100 KM","Kombinovaná spotřeba","","-0,25 L / 100 KM","Spotřeba mimo město","","-0,20 L / 100 KM"],"chartPower":"./chartPower/a-class__w176_1075690.png","chartTorque":"./chartTorque/a-class__w176_1075690.png"},{"id":"a-class__w176_1075696","fullName":"ChipTuning - Mercedes-Benz A-Class 160 Automat - 102 HP ","desc":"Zvýšení výkonu motoru (chiptuning) vozidla Mercedes-Benz A-Class 160 Automat - 102 HP je možné z původních 76 kW (103 HP) až na 84 kW (114 HP) a nárůst točivého momentu ze 181 Nm až na 203 Nm.,Maximální rychlost se po úpravě zvýší o + 2 KM/H a kombinovaná spotřeba se sníží v průměru o -0,50 L / 100 KM.","imgUrl":"./previews/a-class__w176_.png","fullDesc":"Níže naleznete parametry před a po úpravě Standard pro vozidlo: Mercedes-Benz A-Class 160 Automat - 102 HP. Modelová řada W176, vyráběná od roku 2015. Úprava tohoto modelu se provádí přes diagnostickou zásuvku. Řídící jednotka motoru od společnosti Bosch. Typ řídící jednotky MED17.7.2. Tato úprava je přizpůsobena pro automatickou převodovku. Předpokládaná doba úpravy tohoto modelu je 1 - 2 hodiny.","numbers":["Výkon HP","103 HP","114 HP","Výkon kW","76 kW","84 kW","Točivý moment Nm","181 Nm","203 Nm","Maximální rychlost","","+ 2 KM/H","Spotřeba město","","-0,30 L / 100 KM","Kombinovaná spotřeba","","-0,25 L / 100 KM","Spotřeba mimo město","","-0,20 L / 100 KM"],"chartPower":"./chartPower/a-class__w176_1075696.png","chartTorque":"./chartTorque/a-class__w176_1075696.png"},{"id":"a-class__w176_1075606","fullName":"ChipTuning - Mercedes-Benz A-Class 160 CDI - 90 HP ","desc":"Zvýšení výkonu motoru (chiptuning) vozidla Mercedes-Benz A-Class 160 CDI - 90 HP je možné z původních 68 kW (92 HP) až na 94 kW (128 HP) a nárůst točivého momentu ze 222 Nm až na 305 Nm.,Maximální rychlost se po úpravě zvýší o + 7 KM/H a kombinovaná spotřeba se sníží v průměru o -0,60 L / 100 KM.","imgUrl":"./previews/a-class__w176_.png","fullDesc":"Níže naleznete parametry před a po úpravě Standard pro vozidlo: Mercedes-Benz A-Class 160 CDI - 90 HP. Modelová řada W176, vyráběná od roku 2013. Úprava tohoto modelu se provádí přes diagnostickou zásuvku. Řídící jednotka motoru od společnosti Continental. Typ řídící jednotky SID307. Předpokládaná doba úpravy tohoto modelu je 1 - 2 hodiny.","numbers":["Výkon HP","92 HP","120 HP","Výkon kW","68 kW","88 kW","Točivý moment Nm","222 Nm","281 Nm","Maximální rychlost","","+ 4 KM/H","Spotřeba město","","-0,40 L / 100 KM","Kombinovaná spotřeba","","-0,35 L / 100 KM","Spotřeba mimo město","","-0,30 L / 100 KM"],"chartPower":"./chartPower/a-class__w176_1075606.png","chartTorque":"./chartTorque/a-class__w176_1075606.png"},{"id":"a-class__w176_1075612","fullName":"ChipTuning - Mercedes-Benz A-Class 160 CDI - 90 HP ","desc":"Zvýšení výkonu motoru (chiptuning) vozidla Mercedes-Benz A-Class 160 CDI - 90 HP je možné z původních 69 kW (93 HP) až na 95 kW (129 HP) a nárůst točivého momentu ze 223 Nm až na 306 Nm.,Maximální rychlost se po úpravě zvýší o + 7 KM/H a kombinovaná spotřeba se sníží v průměru o -0,60 L / 100 KM.","imgUrl":"./previews/a-class__w176_.png","fullDesc":"Níže naleznete parametry před a po úpravě Standard pro vozidlo: Mercedes-Benz A-Class 160 CDI - 90 HP. Modelová řada W176, vyráběná od roku 2013. Úprava tohoto modelu se provádí přes diagnostickou zásuvku. Řídící jednotka motoru od společnosti Continental. Typ řídící jednotky SID307. Předpokládaná doba úpravy tohoto modelu je 1 - 2 hodiny.","numbers":["Výkon HP","93 HP","121 HP","Výkon kW","69 kW","89 kW","Točivý moment Nm","223 Nm","282 Nm","Maximální rychlost","","+ 4 KM/H","Spotřeba město","","-0,40 L / 100 KM","Kombinovaná spotřeba","","-0,35 L / 100 KM","Spotřeba mimo město","","-0,30 L / 100 KM"],"chartPower":"./chartPower/a-class__w176_1075612.png","chartTorque":"./chartTorque/a-class__w176_1075612.png"},{"id":"a-class__w176_1075618","fullName":"ChipTuning - Mercedes-Benz A-Class 160 CDI - 90 HP ","desc":"Zvýšení výkonu motoru (chiptuning) vozidla Mercedes-Benz A-Class 160 CDI - 90 HP je možné z původních 62 kW (86 HP) až na 88 kW (122 HP) a nárůst točivého momentu ze 216 Nm až na 299 Nm.,Maximální rychlost se po úpravě zvýší o + 7 KM/H a kombinovaná spotřeba se sníží v průměru o -0,60 L / 100 KM.","imgUrl":"./previews/a-class__w176_.png","fullDesc":"Níže naleznete parametry před a po úpravě Standard pro vozidlo: Mercedes-Benz A-Class 160 CDI - 90 HP. Modelová řada W176, vyráběná od roku 2013. Úprava tohoto modelu se provádí přes diagnostickou zásuvku. Řídící jednotka motoru od společnosti Continental. Typ řídící jednotky SID307. Předpokládaná doba úpravy tohoto modelu je 1 - 2 hodiny.","numbers":["Výkon HP","86 HP","114 HP","Výkon kW","62 kW","82 kW","Točivý moment Nm","216 Nm","275 Nm","Maximální rychlost","","+ 4 KM/H","Spotřeba město","","-0,40 L / 100 KM","Kombinovaná spotřeba","","-0,35 L / 100 KM","Spotřeba mimo město","","-0,30 L / 100 KM"],"chartPower":"./chartPower/a-class__w176_1075618.png","chartTorque":"./chartTorque/a-class__w176_1075618.png"},{"id":"a-class__w176_1075702","fullName":"ChipTuning - Mercedes-Benz A-Class 160 CDI - 90 HP ","desc":"Zvýšení výkonu motoru (chiptuning) vozidla Mercedes-Benz A-Class 160 CDI - 90 HP je možné z původních 65 kW (89 HP) až na 91 kW (125 HP) a nárůst točivého momentu ze 219 Nm až na 302 Nm.,Maximální rychlost se po úpravě zvýší o + 7 KM/H a kombinovaná spotřeba se sníží v průměru o -0,60 L / 100 KM.","imgUrl":"./previews/a-class__w176_.png","fullDesc":"Níže naleznete parametry před a po úpravě Standard pro vozidlo: Mercedes-Benz A-Class 160 CDI - 90 HP. Modelová řada W176, vyráběná od roku 2013. Úprava tohoto modelu se provádí přes diagnostickou zásuvku. Řídící jednotka motoru od společnosti Continental. Typ řídící jednotky SID307. Předpokládaná doba úpravy tohoto modelu je 1 - 2 hodiny.","numbers":["Výkon HP","89 HP","117 HP","Výkon kW","65 kW","85 kW","Točivý moment Nm","219 Nm","278 Nm","Maximální rychlost","","+ 4 KM/H","Spotřeba město","","-0,40 L / 100 KM","Kombinovaná spotřeba","","-0,35 L / 100 KM","Spotřeba mimo město","","-0,30 L / 100 KM"],"chartPower":"./chartPower/a-class__w176_1075702.png","chartTorque":"./chartTorque/a-class__w176_1075702.png"},{"id":"a-class__w176_1075714","fullName":"ChipTuning - Mercedes-Benz A-Class 160 CDI - 90 HP ","desc":"Zvýšení výkonu motoru (chiptuning) vozidla Mercedes-Benz A-Class 160 CDI - 90 HP je možné z původních 67 kW (91 HP) až na 93 kW (127 HP) a nárůst točivého momentu ze 221 Nm až na 304 Nm.,Maximální rychlost se po úpravě zvýší o + 7 KM/H a kombinovaná spotřeba se sníží v průměru o -0,60 L / 100 KM.","imgUrl":"./previews/a-class__w176_.png","fullDesc":"Níže naleznete parametry před a po úpravě Standard pro vozidlo: Mercedes-Benz A-Class 160 CDI - 90 HP. Modelová řada W176, vyráběná od roku 2013. Úprava tohoto modelu se provádí přes diagnostickou zásuvku. Řídící jednotka motoru od společnosti Continental. Typ řídící jednotky SID307. Předpokládaná doba úpravy tohoto modelu je 1 - 2 hodiny.","numbers":["Výkon HP","91 HP","119 HP","Výkon kW","67 kW","87 kW","Točivý moment Nm","221 Nm","280 Nm","Maximální rychlost","","+ 4 KM/H","Spotřeba město","","-0,40 L / 100 KM","Kombinovaná spotřeba","","-0,35 L / 100 KM","Spotřeba mimo město","","-0,30 L / 100 KM"],"chartPower":"./chartPower/a-class__w176_1075714.png","chartTorque":"./chartTorque/a-class__w176_1075714.png"},{"id":"a-class__w176_1075726","fullName":"ChipTuning - Mercedes-Benz A-Class 160 CDI - 90 HP ","desc":"Zvýšení výkonu motoru (chiptuning) vozidla Mercedes-Benz A-Class 160 CDI - 90 HP je možné z původních 68 kW (92 HP) až na 94 kW (128 HP) a nárůst točivého momentu ze 222 Nm až na 305 Nm.,Maximální rychlost se po úpravě zvýší o + 7 KM/H a kombinovaná spotřeba se sníží v průměru o -0,60 L / 100 KM.","imgUrl":"./previews/a-class__w176_.png","fullDesc":"Níže naleznete parametry před a po úpravě Standard pro vozidlo: Mercedes-Benz A-Class 160 CDI - 90 HP. Modelová řada W176, vyráběná od roku 2013. Úprava tohoto modelu se provádí přes diagnostickou zásuvku. Řídící jednotka motoru od společnosti Continental. Typ řídící jednotky SID307. Předpokládaná doba úpravy tohoto modelu je 1 - 2 hodiny.","numbers":["Výkon HP","92 HP","120 HP","Výkon kW","68 kW","88 kW","Točivý moment Nm","222 Nm","281 Nm","Maximální rychlost","","+ 4 KM/H","Spotřeba město","","-0,40 L / 100 KM","Kombinovaná spotřeba","","-0,35 L / 100 KM","Spotřeba mimo město","","-0,30 L / 100 KM"],"chartPower":"./chartPower/a-class__w176_1075726.png","chartTorque":"./chartTorque/a-class__w176_1075726.png"},{"id":"a-class__w176_1075624","fullName":"ChipTuning - Mercedes-Benz A-Class 180 CDI - 109 HP ","desc":"Zvýšení výkonu motoru (chiptuning) vozidla Mercedes-Benz A-Class 180 CDI - 109 HP je možné z původních 83 kW (112 HP) až na 113 kW (154 HP) a nárůst točivého momentu ze 263 Nm až na 368 Nm.,Maximální rychlost se po úpravě zvýší o + 7 KM/H a kombinovaná spotřeba se sníží v průměru o -0,60 L / 100 KM.","imgUrl":"./previews/a-class__w176_.png","fullDesc":"Níže naleznete parametry před a po úpravě Standard pro vozidlo: Mercedes-Benz A-Class 180 CDI - 109 HP. Modelová řada W176, vyráběná od roku 2012. Úprava tohoto modelu se provádí přes diagnostickou zásuvku. Řídící jednotka motoru od společnosti Continental. Typ řídící jednotky SID307. Předpokládaná doba úpravy tohoto modelu je 1 - 2 hodiny.","numbers":["Výkon HP","112 HP","144 HP","Výkon kW","83 kW","106 kW","Točivý moment Nm","263 Nm","338 Nm","Maximální rychlost","","+ 4 KM/H","Spotřeba město","","-0,40 L / 100 KM","Kombinovaná spotřeba","","-0,35 L / 100 KM","Spotřeba mimo město","","-0,30 L / 100 KM"],"chartPower":"./chartPower/a-class__w176_1075624.png","chartTorque":"./chartTorque/a-class__w176_1075624.png"},{"id":"a-class__w176_1075632","fullName":"ChipTuning - Mercedes-Benz A-Class 180 CDI Automat - 109 HP ","desc":"Zvýšení výkonu motoru (chiptuning) vozidla Mercedes-Benz A-Class 180 CDI Automat - 109 HP je možné z původních 79 kW (108 HP) až na 108 kW (148 HP) a nárůst točivého momentu ze 249 Nm až na 330 Nm.,Maximální rychlost se po úpravě zvýší o + 9 KM/H a kombinovaná spotřeba se sníží v průměru o -0,70 L / 100 KM.","imgUrl":"./previews/a-class__w176_.png","fullDesc":"Níže naleznete parametry před a po úpravě Standard pro vozidlo: Mercedes-Benz A-Class 180 CDI Automat - 109 HP. Modelová řada W176, vyráběná od roku 2012. Úprava tohoto modelu se provádí přes diagnostickou zásuvku. Řídící jednotka motoru od společnosti Delphi. Typ řídící jednotky CRD3. Tato úprava je přizpůsobena pro automatickou převodovku. Předpokládaná doba úpravy tohoto modelu je 1 - 2 hodiny.","numbers":["Výkon HP","108 HP","139 HP","Výkon kW","79 kW","101 kW","Točivý moment Nm","249 Nm","307 Nm","Maximální rychlost","","+ 6 KM/H","Spotřeba město","","-0,50 L / 100 KM","Kombinovaná spotřeba","","-0,40 L / 100 KM","Spotřeba mimo město","","-0,30 L / 100 KM"],"chartPower":"./chartPower/a-class__w176_1075632.png","chartTorque":"./chartTorque/a-class__w176_1075632.png"},{"id":"a-class__w176_1075634","fullName":"ChipTuning - Mercedes-Benz A-Class 180 CDI Automat - 109 HP ","desc":"Zvýšení výkonu motoru (chiptuning) vozidla Mercedes-Benz A-Class 180 CDI Automat - 109 HP je možné z původních 81 kW (110 HP) až na 110 kW (150 HP) a nárůst točivého momentu ze 251 Nm až na 332 Nm.,Maximální rychlost se po úpravě zvýší o + 9 KM/H a kombinovaná spotřeba se sníží v průměru o -0,70 L / 100 KM.","imgUrl":"./previews/a-class__w176_.png","fullDesc":"Níže naleznete parametry před a po úpravě Standard pro vozidlo: Mercedes-Benz A-Class 180 CDI Automat - 109 HP. Modelová řada W176, vyráběná od roku 2012. Úprava tohoto modelu se provádí přes diagnostickou zásuvku. Řídící jednotka motoru od společnosti Delphi. Typ řídící jednotky CRD3. Tato úprava je přizpůsobena pro automatickou převodovku. Předpokládaná doba úpravy tohoto modelu je 1 - 2 hodiny.","numbers":["Výkon HP","110 HP","141 HP","Výkon kW","81 kW","103 kW","Točivý moment Nm","251 Nm","309 Nm","Maximální rychlost","","+ 6 KM/H","Spotřeba město","","-0,50 L / 100 KM","Kombinovaná spotřeba","","-0,40 L / 100 KM","Spotřeba mimo město","","-0,30 L / 100 KM"],"chartPower":"./chartPower/a-class__w176_1075634.png","chartTorque":"./chartTorque/a-class__w176_1075634.png"},{"id":"a-class__w176_1075642","fullName":"ChipTuning - Mercedes-Benz A-Class 180 CDI Automat - 109 HP ","desc":"Zvýšení výkonu motoru (chiptuning) vozidla Mercedes-Benz A-Class 180 CDI Automat - 109 HP je možné z původních 85 kW (114 HP) až na 114 kW (154 HP) a nárůst točivého momentu ze 255 Nm až na 336 Nm.,Maximální rychlost se po úpravě zvýší o + 9 KM/H a kombinovaná spotřeba se sníží v průměru o -0,70 L / 100 KM.","imgUrl":"./previews/a-class__w176_.png","fullDesc":"Níže naleznete parametry před a po úpravě Standard pro vozidlo: Mercedes-Benz A-Class 180 CDI Automat - 109 HP. Modelová řada W176, vyráběná od roku 2012. Úprava tohoto modelu se provádí přes diagnostickou zásuvku. Řídící jednotka motoru od společnosti Delphi. Typ řídící jednotky CRD3. Tato úprava je přizpůsobena pro automatickou převodovku. Předpokládaná doba úpravy tohoto modelu je 1 - 2 hodiny.","numbers":["Výkon HP","114 HP","145 HP","Výkon kW","85 kW","107 kW","Točivý moment Nm","255 Nm","313 Nm","Maximální rychlost","","+ 6 KM/H","Spotřeba město","","-0,50 L / 100 KM","Kombinovaná spotřeba","","-0,40 L / 100 KM","Spotřeba mimo město","","-0,30 L / 100 KM"],"chartPower":"./chartPower/a-class__w176_1075642.png","chartTorque":"./chartTorque/a-class__w176_1075642.png"},{"id":"a-class__w176_1075648","fullName":"ChipTuning - Mercedes-Benz A-Class 180 CDI Automat - 109 HP ","desc":"Zvýšení výkonu motoru (chiptuning) vozidla Mercedes-Benz A-Class 180 CDI Automat - 109 HP je možné z původních 76 kW (105 HP) až na 105 kW (145 HP) a nárůst točivého momentu ze 246 Nm až na 327 Nm.,Maximální rychlost se po úpravě zvýší o + 9 KM/H a kombinovaná spotřeba se sníží v průměru o -0,70 L / 100 KM.","imgUrl":"./previews/a-class__w176_.png","fullDesc":"Níže naleznete parametry před a po úpravě Standard pro vozidlo: Mercedes-Benz A-Class 180 CDI Automat - 109 HP. Modelová řada W176, vyráběná od roku 2012. Úprava tohoto modelu se provádí přes diagnostickou zásuvku. Řídící jednotka motoru od společnosti Delphi. Typ řídící jednotky CRD3. Tato úprava je přizpůsobena pro automatickou převodovku. Předpokládaná doba úpravy tohoto modelu je 1 - 2 hodiny.","numbers":["Výkon HP","105 HP","136 HP","Výkon kW","76 kW","98 kW","Točivý moment Nm","246 Nm","304 Nm","Maximální rychlost","","+ 6 KM/H","Spotřeba město","","-0,50 L / 100 KM","Kombinovaná spotřeba","","-0,40 L / 100 KM","Spotřeba mimo město","","-0,30 L / 100 KM"],"chartPower":"./chartPower/a-class__w176_1075648.png","chartTorque":"./chartTorque/a-class__w176_1075648.png"},{"id":"a-class__w176_1075654","fullName":"ChipTuning - Mercedes-Benz A-Class 180 CDI Automat - 109 HP ","desc":"Zvýšení výkonu motoru (chiptuning) vozidla Mercedes-Benz A-Class 180 CDI Automat - 109 HP je možné z původních 79 kW (108 HP) až na 108 kW (148 HP) a nárůst točivého momentu ze 249 Nm až na 330 Nm.,Maximální rychlost se po úpravě zvýší o + 9 KM/H a kombinovaná spotřeba se sníží v průměru o -0,70 L / 100 KM.","imgUrl":"./previews/a-class__w176_.png","fullDesc":"Níže naleznete parametry před a po úpravě Standard pro vozidlo: Mercedes-Benz A-Class 180 CDI Automat - 109 HP. Modelová řada W176, vyráběná od roku 2012. Úprava tohoto modelu se provádí přes diagnostickou zásuvku. Řídící jednotka motoru od společnosti Delphi. Typ řídící jednotky CRD3. Tato úprava je přizpůsobena pro automatickou převodovku. Předpokládaná doba úpravy tohoto modelu je 1 - 2 hodiny.","numbers":["Výkon HP","108 HP","139 HP","Výkon kW","79 kW","101 kW","Točivý moment Nm","249 Nm","307 Nm","Maximální rychlost","","+ 6 KM/H","Spotřeba město","","-0,50 L / 100 KM","Kombinovaná spotřeba","","-0,40 L / 100 KM","Spotřeba mimo město","","-0,30 L / 100 KM"],"chartPower":"./chartPower/a-class__w176_1075654.png","chartTorque":"./chartTorque/a-class__w176_1075654.png"},{"id":"a-class__w176_1075736","fullName":"ChipTuning - Mercedes-Benz A-Class 180 CDI Automat - 109 HP ","desc":"Zvýšení výkonu motoru (chiptuning) vozidla Mercedes-Benz A-Class 180 CDI Automat - 109 HP je možné z původních 77 kW (106 HP) až na 106 kW (146 HP) a nárůst točivého momentu ze 247 Nm až na 328 Nm.,Maximální rychlost se po úpravě zvýší o + 9 KM/H a kombinovaná spotřeba se sníží v průměru o -0,70 L / 100 KM.","imgUrl":"./previews/a-class__w176_.png","fullDesc":"Níže naleznete parametry před a po úpravě Standard pro vozidlo: Mercedes-Benz A-Class 180 CDI Automat - 109 HP. Modelová řada W176, vyráběná od roku 2012. Úprava tohoto modelu se provádí přes diagnostickou zásuvku. Řídící jednotka motoru od společnosti Delphi. Typ řídící jednotky CRD3. Tato úprava je přizpůsobena pro automatickou převodovku. Předpokládaná doba úpravy tohoto modelu je 1 - 2 hodiny.","numbers":["Výkon HP","106 HP","137 HP","Výkon kW","77 kW","99 kW","Točivý moment Nm","247 Nm","305 Nm","Maximální rychlost","","+ 6 KM/H","Spotřeba město","","-0,50 L / 100 KM","Kombinovaná spotřeba","","-0,40 L / 100 KM","Spotřeba mimo město","","-0,30 L / 100 KM"],"chartPower":"./chartPower/a-class__w176_1075736.png","chartTorque":"./chartTorque/a-class__w176_1075736.png"},{"id":"a-class__w176_1075748","fullName":"ChipTuning - Mercedes-Benz A-Class 200 Automat - 156 HP ","desc":"Zvýšení výkonu motoru (chiptuning) vozidla Mercedes-Benz A-Class 200 Automat - 156 HP je možné z původních 120 kW (161 HP) až na 155 kW (207 HP) a nárůst točivého momentu ze 255 Nm až na 333 Nm.,Maximální rychlost se po úpravě zvýší o + 9 KM/H a kombinovaná spotřeba se sníží v průměru o -0,70 L / 100 KM.","imgUrl":"./previews/a-class__w176_.png","fullDesc":"Níže naleznete parametry před a po úpravě Standard pro vozidlo: Mercedes-Benz A-Class 200 Automat - 156 HP. Modelová řada W176, vyráběná od roku 2012. Úprava tohoto modelu se provádí přes diagnostickou zásuvku. Řídící jednotka motoru od společnosti Bosch. Typ řídící jednotky MED17.7.2. Tato úprava je přizpůsobena pro automatickou převodovku. Předpokládaná doba úpravy tohoto modelu je 1 - 2 hodiny.","numbers":["Výkon HP","161 HP","196 HP","Výkon kW","120 kW","147 kW","Točivý moment Nm","255 Nm","311 Nm","Maximální rychlost","","+ 6 KM/H","Spotřeba město","","-0,50 L / 100 KM","Kombinovaná spotřeba","","-0,40 L / 100 KM","Spotřeba mimo město","","-0,30 L / 100 KM"],"chartPower":"./chartPower/a-class__w176_1075748.png","chartTorque":"./chartTorque/a-class__w176_1075748.png"},{"id":"a-class__w176_1075660","fullName":"ChipTuning - Mercedes-Benz A-Class 200 Automat - 156 HP ","desc":"Zvýšení výkonu motoru (chiptuning) vozidla Mercedes-Benz A-Class 200 Automat - 156 HP je možné z původních 115 kW (156 HP) až na 150 kW (202 HP) a nárůst točivého momentu ze 250 Nm až na 328 Nm.,Maximální rychlost se po úpravě zvýší o + 9 KM/H a kombinovaná spotřeba se sníží v průměru o -0,70 L / 100 KM.","imgUrl":"./previews/a-class__w176_.png","fullDesc":"Níže naleznete parametry před a po úpravě Standard pro vozidlo: Mercedes-Benz A-Class 200 Automat - 156 HP. Modelová řada W176, vyráběná od roku 2012. Úprava tohoto modelu se provádí přes diagnostickou zásuvku. Řídící jednotka motoru od společnosti Bosch. Typ řídící jednotky MED17.7.2. Tato úprava je přizpůsobena pro automatickou převodovku. Předpokládaná doba úpravy tohoto modelu je 1 - 2 hodiny.","numbers":["Výkon HP","156 HP","191 HP","Výkon kW","115 kW","142 kW","Točivý moment Nm","250 Nm","306 Nm","Maximální rychlost","","+ 6 KM/H","Spotřeba město","","-0,50 L / 100 KM","Kombinovaná spotřeba","","-0,40 L / 100 KM","Spotřeba mimo město","","-0,30 L / 100 KM"],"chartPower":"./chartPower/a-class__w176_1075660.png","chartTorque":"./chartTorque/a-class__w176_1075660.png"},{"id":"a-class__w176_1075663","fullName":"ChipTuning - Mercedes-Benz A-Class 200 Automat - 156 HP ","desc":"Zvýšení výkonu motoru (chiptuning) vozidla Mercedes-Benz A-Class 200 Automat - 156 HP je možné z původních 113 kW (154 HP) až na 148 kW (200 HP) a nárůst točivého momentu ze 248 Nm až na 326 Nm.,Maximální rychlost se po úpravě zvýší o + 9 KM/H a kombinovaná spotřeba se sníží v průměru o -0,70 L / 100 KM.","imgUrl":"./previews/a-class__w176_.png","fullDesc":"Níže naleznete parametry před a po úpravě Standard pro vozidlo: Mercedes-Benz A-Class 200 Automat - 156 HP. Modelová řada W176, vyráběná od roku 2012. Úprava tohoto modelu se provádí přes diagnostickou zásuvku. Řídící jednotka motoru od společnosti Bosch. Typ řídící jednotky MED17.7.2. Tato úprava je přizpůsobena pro automatickou převodovku. Předpokládaná doba úpravy tohoto modelu je 1 - 2 hodiny.","numbers":["Výkon HP","154 HP","189 HP","Výkon kW","113 kW","140 kW","Točivý moment Nm","248 Nm","304 Nm","Maximální rychlost","","+ 6 KM/H","Spotřeba město","","-0,50 L / 100 KM","Kombinovaná spotřeba","","-0,40 L / 100 KM","Spotřeba mimo město","","-0,30 L / 100 KM"],"chartPower":"./chartPower/a-class__w176_1075663.png","chartTorque":"./chartTorque/a-class__w176_1075663.png"},{"id":"a-class__w176_1075670","fullName":"ChipTuning - Mercedes-Benz A-Class 200 Automat - 156 HP ","desc":"Zvýšení výkonu motoru (chiptuning) vozidla Mercedes-Benz A-Class 200 Automat - 156 HP je možné z původních 120 kW (161 HP) až na 155 kW (207 HP) a nárůst točivého momentu ze 255 Nm až na 333 Nm.,Maximální rychlost se po úpravě zvýší o + 9 KM/H a kombinovaná spotřeba se sníží v průměru o -0,70 L / 100 KM.","imgUrl":"./previews/a-class__w176_.png","fullDesc":"Níže naleznete parametry před a po úpravě Standard pro vozidlo: Mercedes-Benz A-Class 200 Automat - 156 HP. Modelová řada W176, vyráběná od roku 2012. Úprava tohoto modelu se provádí přes diagnostickou zásuvku. Řídící jednotka motoru od společnosti Bosch. Typ řídící jednotky MED17.7.2. Tato úprava je přizpůsobena pro automatickou převodovku. Předpokládaná doba úpravy tohoto modelu je 1 - 2 hodiny.","numbers":["Výkon HP","161 HP","196 HP","Výkon kW","120 kW","147 kW","Točivý moment Nm","255 Nm","311 Nm","Maximální rychlost","","+ 6 KM/H","Spotřeba město","","-0,50 L / 100 KM","Kombinovaná spotřeba","","-0,40 L / 100 KM","Spotřeba mimo město","","-0,30 L / 100 KM"],"chartPower":"./chartPower/a-class__w176_1075670.png","chartTorque":"./chartTorque/a-class__w176_1075670.png"},{"id":"a-class__w176_1075666","fullName":"ChipTuning - Mercedes-Benz A-Class 200 Automat - 156 HP ","desc":"Zvýšení výkonu motoru (chiptuning) vozidla Mercedes-Benz A-Class 200 Automat - 156 HP je možné z původních 115 kW (156 HP) až na 150 kW (202 HP) a nárůst točivého momentu ze 250 Nm až na 328 Nm.,Maximální rychlost se po úpravě zvýší o + 9 KM/H a kombinovaná spotřeba se sníží v průměru o -0,70 L / 100 KM.","imgUrl":"./previews/a-class__w176_.png","fullDesc":"Níže naleznete parametry před a po úpravě Standard pro vozidlo: Mercedes-Benz A-Class 200 Automat - 156 HP. Modelová řada W176, vyráběná od roku 2012. Úprava tohoto modelu se provádí přes diagnostickou zásuvku. Řídící jednotka motoru od společnosti Bosch. Typ řídící jednotky MED17.7.2. Tato úprava je přizpůsobena pro automatickou převodovku. Předpokládaná doba úpravy tohoto modelu je 1 - 2 hodiny.","numbers":["Výkon HP","156 HP","191 HP","Výkon kW","115 kW","142 kW","Točivý moment Nm","250 Nm","306 Nm","Maximální rychlost","","+ 6 KM/H","Spotřeba město","","-0,50 L / 100 KM","Kombinovaná spotřeba","","-0,40 L / 100 KM","Spotřeba mimo město","","-0,30 L / 100 KM"],"chartPower":"./chartPower/a-class__w176_1075666.png","chartTorque":"./chartTorque/a-class__w176_1075666.png"},{"id":"a-class__w176_1075674","fullName":"ChipTuning - Mercedes-Benz A-Class 200 Automat - 156 HP ","desc":"Zvýšení výkonu motoru (chiptuning) vozidla Mercedes-Benz A-Class 200 Automat - 156 HP je možné z původních 116 kW (157 HP) až na 151 kW (203 HP) a nárůst točivého momentu ze 251 Nm až na 329 Nm.,Maximální rychlost se po úpravě zvýší o + 9 KM/H a kombinovaná spotřeba se sníží v průměru o -0,70 L / 100 KM.","imgUrl":"./previews/a-class__w176_.png","fullDesc":"Níže naleznete parametry před a po úpravě Standard pro vozidlo: Mercedes-Benz A-Class 200 Automat - 156 HP. Modelová řada W176, vyráběná od roku 2012. Úprava tohoto modelu se provádí přes diagnostickou zásuvku. Řídící jednotka motoru od společnosti Bosch. Typ řídící jednotky MED17.7.2. Tato úprava je přizpůsobena pro automatickou převodovku. Předpokládaná doba úpravy tohoto modelu je 1 - 2 hodiny.","numbers":["Výkon HP","157 HP","192 HP","Výkon kW","116 kW","143 kW","Točivý moment Nm","251 Nm","307 Nm","Maximální rychlost","","+ 6 KM/H","Spotřeba město","","-0,50 L / 100 KM","Kombinovaná spotřeba","","-0,40 L / 100 KM","Spotřeba mimo město","","-0,30 L / 100 KM"],"chartPower":"./chartPower/a-class__w176_1075674.png","chartTorque":"./chartTorque/a-class__w176_1075674.png"},{"id":"a-class__w176_1075760","fullName":"ChipTuning - Mercedes-Benz A-Class 200 Automat - 156 HP ","desc":"Zvýšení výkonu motoru (chiptuning) vozidla Mercedes-Benz A-Class 200 Automat - 156 HP je možné z původních 117 kW (158 HP) až na 152 kW (204 HP) a nárůst točivého momentu ze 252 Nm až na 330 Nm.,Maximální rychlost se po úpravě zvýší o + 9 KM/H a kombinovaná spotřeba se sníží v průměru o -0,70 L / 100 KM.","imgUrl":"./previews/a-class__w176_.png","fullDesc":"Níže naleznete parametry před a po úpravě Standard pro vozidlo: Mercedes-Benz A-Class 200 Automat - 156 HP. Modelová řada W176, vyráběná od roku 2012. Úprava tohoto modelu se provádí přes diagnostickou zásuvku. Řídící jednotka motoru od společnosti Bosch. Typ řídící jednotky MED17.7.2. Tato úprava je přizpůsobena pro automatickou převodovku. Předpokládaná doba úpravy tohoto modelu je 1 - 2 hodiny.","numbers":["Výkon HP","158 HP","193 HP","Výkon kW","117 kW","144 kW","Točivý moment Nm","252 Nm","308 Nm","Maximální rychlost","","+ 6 KM/H","Spotřeba město","","-0,50 L / 100 KM","Kombinovaná spotřeba","","-0,40 L / 100 KM","Spotřeba mimo město","","-0,30 L / 100 KM"],"chartPower":"./chartPower/a-class__w176_1075760.png","chartTorque":"./chartTorque/a-class__w176_1075760.png"},{"id":"a-class__w176_1075678","fullName":"ChipTuning - Mercedes-Benz A-Class 220 CDI Automat - 170 HP ","desc":"Zvýšení výkonu motoru (chiptuning) vozidla Mercedes-Benz A-Class 220 CDI Automat - 170 HP je možné z původních 122 kW (167 HP) až na 153 kW (211 HP) a nárůst točivého momentu ze 347 Nm až na 462 Nm.,Maximální rychlost se po úpravě zvýší o + 11 KM/H a kombinovaná spotřeba se sníží v průměru o -0,90 L / 100 KM.","imgUrl":"./previews/a-class__w176_.png","fullDesc":"Níže naleznete parametry před a po úpravě Standard pro vozidlo: Mercedes-Benz A-Class 220 CDI Automat - 170 HP. Modelová řada W176, vyráběná od roku 2012. Úprava tohoto modelu se provádí přes diagnostickou zásuvku. Řídící jednotka motoru od společnosti Delphi. Typ řídící jednotky CRD3. Tato úprava je přizpůsobena pro automatickou převodovku. Předpokládaná doba úpravy tohoto modelu je 1 - 2 hodiny.","numbers":["Výkon HP","167 HP","201 HP","Výkon kW","122 kW","146 kW","Točivý moment Nm","347 Nm","429 Nm","Maximální rychlost","","+ 8 KM/H","Spotřeba město","","-0,60 L / 100 KM","Kombinovaná spotřeba","","-0,50 L / 100 KM","Spotřeba mimo město","","-0,40 L / 100 KM"],"chartPower":"./chartPower/a-class__w176_1075678.png","chartTorque":"./chartTorque/a-class__w176_1075678.png"},{"id":"a-class__w176_1075682","fullName":"ChipTuning - Mercedes-Benz A-Class 220 CDI Automat - 170 HP ","desc":"Zvýšení výkonu motoru (chiptuning) vozidla Mercedes-Benz A-Class 220 CDI Automat - 170 HP je možné z původních 129 kW (174 HP) až na 160 kW (218 HP) a nárůst točivého momentu ze 354 Nm až na 469 Nm.,Maximální rychlost se po úpravě zvýší o + 11 KM/H a kombinovaná spotřeba se sníží v průměru o -0,90 L / 100 KM.","imgUrl":"./previews/a-class__w176_.png","fullDesc":"Níže naleznete parametry před a po úpravě Standard pro vozidlo: Mercedes-Benz A-Class 220 CDI Automat - 170 HP. Modelová řada W176, vyráběná od roku 2012. Úprava tohoto modelu se provádí přes diagnostickou zásuvku. Řídící jednotka motoru od společnosti Delphi. Typ řídící jednotky CRD3. Tato úprava je přizpůsobena pro automatickou převodovku. Předpokládaná doba úpravy tohoto modelu je 1 - 2 hodiny.","numbers":["Výkon HP","174 HP","208 HP","Výkon kW","129 kW","153 kW","Točivý moment Nm","354 Nm","436 Nm","Maximální rychlost","","+ 8 KM/H","Spotřeba město","","-0,60 L / 100 KM","Kombinovaná spotřeba","","-0,50 L / 100 KM","Spotřeba mimo město","","-0,40 L / 100 KM"],"chartPower":"./chartPower/a-class__w176_1075682.png","chartTorque":"./chartTorque/a-class__w176_1075682.png"},{"id":"a-class__w176_1075683","fullName":"ChipTuning - Mercedes-Benz A-Class 220 CDI Automat - 170 HP ","desc":"Zvýšení výkonu motoru (chiptuning) vozidla Mercedes-Benz A-Class 220 CDI Automat - 170 HP je možné z původních 130 kW (175 HP) až na 161 kW (219 HP) a nárůst točivého momentu ze 355 Nm až na 470 Nm.,Maximální rychlost se po úpravě zvýší o + 11 KM/H a kombinovaná spotřeba se sníží v průměru o -0,90 L / 100 KM.","imgUrl":"./previews/a-class__w176_.png","fullDesc":"Níže naleznete parametry před a po úpravě Standard pro vozidlo: Mercedes-Benz A-Class 220 CDI Automat - 170 HP. Modelová řada W176, vyráběná od roku 2012. Úprava tohoto modelu se provádí přes diagnostickou zásuvku. Řídící jednotka motoru od společnosti Delphi. Typ řídící jednotky CRD3. Tato úprava je přizpůsobena pro automatickou převodovku. Předpokládaná doba úpravy tohoto modelu je 1 - 2 hodiny.","numbers":["Výkon HP","175 HP","209 HP","Výkon kW","130 kW","154 kW","Točivý moment Nm","355 Nm","437 Nm","Maximální rychlost","","+ 8 KM/H","Spotřeba město","","-0,60 L / 100 KM","Kombinovaná spotřeba","","-0,50 L / 100 KM","Spotřeba mimo město","","-0,40 L / 100 KM"],"chartPower":"./chartPower/a-class__w176_1075683.png","chartTorque":"./chartTorque/a-class__w176_1075683.png"},{"id":"a-class__w176_1075687","fullName":"ChipTuning - Mercedes-Benz A-Class 220 CDI Automat - 170 HP ","desc":"Zvýšení výkonu motoru (chiptuning) vozidla Mercedes-Benz A-Class 220 CDI Automat - 170 HP je možné z původních 122 kW (167 HP) až na 153 kW (211 HP) a nárůst točivého momentu ze 347 Nm až na 462 Nm.,Maximální rychlost se po úpravě zvýší o + 11 KM/H a kombinovaná spotřeba se sníží v průměru o -0,90 L / 100 KM.","imgUrl":"./previews/a-class__w176_.png","fullDesc":"Níže naleznete parametry před a po úpravě Standard pro vozidlo: Mercedes-Benz A-Class 220 CDI Automat - 170 HP. Modelová řada W176, vyráběná od roku 2012. Úprava tohoto modelu se provádí přes diagnostickou zásuvku. Řídící jednotka motoru od společnosti Delphi. Typ řídící jednotky CRD3. Tato úprava je přizpůsobena pro automatickou převodovku. Předpokládaná doba úpravy tohoto modelu je 1 - 2 hodiny.","numbers":["Výkon HP","167 HP","201 HP","Výkon kW","122 kW","146 kW","Točivý moment Nm","347 Nm","429 Nm","Maximální rychlost","","+ 8 KM/H","Spotřeba město","","-0,60 L / 100 KM","Kombinovaná spotřeba","","-0,50 L / 100 KM","Spotřeba mimo město","","-0,40 L / 100 KM"],"chartPower":"./chartPower/a-class__w176_1075687.png","chartTorque":"./chartTorque/a-class__w176_1075687.png"},{"id":"a-class__w176_1075768","fullName":"ChipTuning - Mercedes-Benz A-Class 220 CDI Automat - 170 HP ","desc":"Zvýšení výkonu motoru (chiptuning) vozidla Mercedes-Benz A-Class 220 CDI Automat - 170 HP je možné z původních 125 kW (170 HP) až na 156 kW (214 HP) a nárůst točivého momentu ze 350 Nm až na 465 Nm.,Maximální rychlost se po úpravě zvýší o + 11 KM/H a kombinovaná spotřeba se sníží v průměru o -0,90 L / 100 KM.","imgUrl":"./previews/a-class__w176_.png","fullDesc":"Níže naleznete parametry před a po úpravě Standard pro vozidlo: Mercedes-Benz A-Class 220 CDI Automat - 170 HP. Modelová řada W176, vyráběná od roku 2012. Úprava tohoto modelu se provádí přes diagnostickou zásuvku. Řídící jednotka motoru od společnosti Delphi. Typ řídící jednotky CRD3. Tato úprava je přizpůsobena pro automatickou převodovku. Předpokládaná doba úpravy tohoto modelu je 1 - 2 hodiny.","numbers":["Výkon HP","170 HP","204 HP","Výkon kW","125 kW","149 kW","Točivý moment Nm","350 Nm","432 Nm","Maximální rychlost","","+ 8 KM/H","Spotřeba město","","-0,60 L / 100 KM","Kombinovaná spotřeba","","-0,50 L / 100 KM","Spotřeba mimo město","","-0,40 L / 100 KM"],"chartPower":"./chartPower/a-class__w176_1075768.png","chartTorque":"./chartTorque/a-class__w176_1075768.png"},{"id":"a-class__w176_1075778","fullName":"ChipTuning - Mercedes-Benz A-Class 220 CDI Automat - 170 HP ","desc":"Zvýšení výkonu motoru (chiptuning) vozidla Mercedes-Benz A-Class 220 CDI Automat - 170 HP je možné z původních 129 kW (174 HP) až na 160 kW (218 HP) a nárůst točivého momentu ze 354 Nm až na 469 Nm.,Maximální rychlost se po úpravě zvýší o + 11 KM/H a kombinovaná spotřeba se sníží v průměru o -0,90 L / 100 KM.","imgUrl":"./previews/a-class__w176_.png","fullDesc":"Níže naleznete parametry před a po úpravě Standard pro vozidlo: Mercedes-Benz A-Class 220 CDI Automat - 170 HP. Modelová řada W176, vyráběná od roku 2012. Úprava tohoto modelu se provádí přes diagnostickou zásuvku. Řídící jednotka motoru od společnosti Delphi. Typ řídící jednotky CRD3. Tato úprava je přizpůsobena pro automatickou převodovku. Předpokládaná doba úpravy tohoto modelu je 1 - 2 hodiny.","numbers":["Výkon HP","174 HP","208 HP","Výkon kW","129 kW","153 kW","Točivý moment Nm","354 Nm","436 Nm","Maximální rychlost","","+ 8 KM/H","Spotřeba město","","-0,60 L / 100 KM","Kombinovaná spotřeba","","-0,50 L / 100 KM","Spotřeba mimo město","","-0,40 L / 100 KM"],"chartPower":"./chartPower/a-class__w176_1075778.png","chartTorque":"./chartTorque/a-class__w176_1075778.png"},{"id":"a-class__w176_1075784","fullName":"ChipTuning - Mercedes-Benz A-Class 250 Automat - 211 HP ","desc":"Zvýšení výkonu motoru (chiptuning) vozidla Mercedes-Benz A-Class 250 Automat - 211 HP je možné z původních 155 kW (211 HP) až na 195 kW (264 HP) a nárůst točivého momentu ze 350 Nm až na 449 Nm.,Maximální rychlost se po úpravě zvýší o + 9 KM/H a kombinovaná spotřeba se sníží v průměru o -0,70 L / 100 KM.","imgUrl":"./previews/a-class__w176_.png","fullDesc":"Níže naleznete parametry před a po úpravě Standard pro vozidlo: Mercedes-Benz A-Class 250 Automat - 211 HP. Modelová řada W176, vyráběná od roku 2012. Úprava tohoto modelu se provádí přes diagnostickou zásuvku. Řídící jednotka motoru od společnosti Bosch. Typ řídící jednotky MED17.7.2. Tato úprava je přizpůsobena pro automatickou převodovku. Předpokládaná doba úpravy tohoto modelu je 1 - 2 hodiny.","numbers":["Výkon HP","211 HP","252 HP","Výkon kW","155 kW","186 kW","Točivý moment Nm","350 Nm","421 Nm","Maximální rychlost","","+ 6 KM/H","Spotřeba město","","-0,50 L / 100 KM","Kombinovaná spotřeba","","-0,40 L / 100 KM","Spotřeba mimo město","","-0,30 L / 100 KM"],"chartPower":"./chartPower/a-class__w176_1075784.png","chartTorque":"./chartTorque/a-class__w176_1075784.png"},{"id":"a-class__w176_1075802","fullName":"ChipTuning - Mercedes-Benz A-Class 250 Automat - 211 HP ","desc":"Zvýšení výkonu motoru (chiptuning) vozidla Mercedes-Benz A-Class 250 Automat - 211 HP je možné z původních 158 kW (214 HP) až na 198 kW (267 HP) a nárůst točivého momentu ze 353 Nm až na 452 Nm.,Maximální rychlost se po úpravě zvýší o + 9 KM/H a kombinovaná spotřeba se sníží v průměru o -0,70 L / 100 KM.","imgUrl":"./previews/a-class__w176_.png","fullDesc":"Níže naleznete parametry před a po úpravě Standard pro vozidlo: Mercedes-Benz A-Class 250 Automat - 211 HP. Modelová řada W176, vyráběná od roku 2012. Úprava tohoto modelu se provádí přes diagnostickou zásuvku. Řídící jednotka motoru od společnosti Bosch. Typ řídící jednotky MED17.7.2. Tato úprava je přizpůsobena pro automatickou převodovku. Předpokládaná doba úpravy tohoto modelu je 1 - 2 hodiny.","numbers":["Výkon HP","214 HP","255 HP","Výkon kW","158 kW","189 kW","Točivý moment Nm","353 Nm","424 Nm","Maximální rychlost","","+ 6 KM/H","Spotřeba město","","-0,50 L / 100 KM","Kombinovaná spotřeba","","-0,40 L / 100 KM","Spotřeba mimo město","","-0,30 L / 100 KM"],"chartPower":"./chartPower/a-class__w176_1075802.png","chartTorque":"./chartTorque/a-class__w176_1075802.png"},{"id":"a-class__w176_1075796","fullName":"ChipTuning - Mercedes-Benz A-Class 250 Automat - 211 HP ","desc":"Zvýšení výkonu motoru (chiptuning) vozidla Mercedes-Benz A-Class 250 Automat - 211 HP je možné z původních 155 kW (211 HP) až na 195 kW (264 HP) a nárůst točivého momentu ze 350 Nm až na 449 Nm.,Maximální rychlost se po úpravě zvýší o + 9 KM/H a kombinovaná spotřeba se sníží v průměru o -0,70 L / 100 KM.","imgUrl":"./previews/a-class__w176_.png","fullDesc":"Níže naleznete parametry před a po úpravě Standard pro vozidlo: Mercedes-Benz A-Class 250 Automat - 211 HP. Modelová řada W176, vyráběná od roku 2012. Úprava tohoto modelu se provádí přes diagnostickou zásuvku. Řídící jednotka motoru od společnosti Bosch. Typ řídící jednotky MED17.7.2. Tato úprava je přizpůsobena pro automatickou převodovku. Předpokládaná doba úpravy tohoto modelu je 1 - 2 hodiny.","numbers":["Výkon HP","211 HP","252 HP","Výkon kW","155 kW","186 kW","Točivý moment Nm","350 Nm","421 Nm","Maximální rychlost","","+ 6 KM/H","Spotřeba město","","-0,50 L / 100 KM","Kombinovaná spotřeba","","-0,40 L / 100 KM","Spotřeba mimo město","","-0,30 L / 100 KM"],"chartPower":"./chartPower/a-class__w176_1075796.png","chartTorque":"./chartTorque/a-class__w176_1075796.png"},{"id":"a-class__w176_1075808","fullName":"ChipTuning - Mercedes-Benz A-Class 250 Automat - 211 HP ","desc":"Zvýšení výkonu motoru (chiptuning) vozidla Mercedes-Benz A-Class 250 Automat - 211 HP je možné z původních 154 kW (210 HP) až na 194 kW (263 HP) a nárůst točivého momentu ze 349 Nm až na 448 Nm.,Maximální rychlost se po úpravě zvýší o + 9 KM/H a kombinovaná spotřeba se sníží v průměru o -0,70 L / 100 KM.","imgUrl":"./previews/a-class__w176_.png","fullDesc":"Níže naleznete parametry před a po úpravě Standard pro vozidlo: Mercedes-Benz A-Class 250 Automat - 211 HP. Modelová řada W176, vyráběná od roku 2012. Úprava tohoto modelu se provádí přes diagnostickou zásuvku. Řídící jednotka motoru od společnosti Bosch. Typ řídící jednotky MED17.7.2. Tato úprava je přizpůsobena pro automatickou převodovku. Předpokládaná doba úpravy tohoto modelu je 1 - 2 hodiny.","numbers":["Výkon HP","210 HP","251 HP","Výkon kW","154 kW","185 kW","Točivý moment Nm","349 Nm","420 Nm","Maximální rychlost","","+ 6 KM/H","Spotřeba město","","-0,50 L / 100 KM","Kombinovaná spotřeba","","-0,40 L / 100 KM","Spotřeba mimo město","","-0,30 L / 100 KM"],"chartPower":"./chartPower/a-class__w176_1075808.png","chartTorque":"./chartTorque/a-class__w176_1075808.png"},{"id":"a-class__w176_1075814","fullName":"ChipTuning - Mercedes-Benz A-Class 250 Automat - 211 HP ","desc":"Zvýšení výkonu motoru (chiptuning) vozidla Mercedes-Benz A-Class 250 Automat - 211 HP je možné z původních 155 kW (211 HP) až na 195 kW (264 HP) a nárůst točivého momentu ze 350 Nm až na 449 Nm.,Maximální rychlost se po úpravě zvýší o + 9 KM/H a kombinovaná spotřeba se sníží v průměru o -0,70 L / 100 KM.","imgUrl":"./previews/a-class__w176_.png","fullDesc":"Níže naleznete parametry před a po úpravě Standard pro vozidlo: Mercedes-Benz A-Class 250 Automat - 211 HP. Modelová řada W176, vyráběná od roku 2012. Úprava tohoto modelu se provádí přes diagnostickou zásuvku. Řídící jednotka motoru od společnosti Bosch. Typ řídící jednotky MED17.7.2. Tato úprava je přizpůsobena pro automatickou převodovku. Předpokládaná doba úpravy tohoto modelu je 1 - 2 hodiny.","numbers":["Výkon HP","211 HP","252 HP","Výkon kW","155 kW","186 kW","Točivý moment Nm","350 Nm","421 Nm","Maximální rychlost","","+ 6 KM/H","Spotřeba město","","-0,50 L / 100 KM","Kombinovaná spotřeba","","-0,40 L / 100 KM","Spotřeba mimo město","","-0,30 L / 100 KM"],"chartPower":"./chartPower/a-class__w176_1075814.png","chartTorque":"./chartTorque/a-class__w176_1075814.png"},{"id":"a-class__w177_1075690","fullName":"ChipTuning - Mercedes-Benz A-Class 160 - 102 HP ","desc":"Zvýšení výkonu motoru (chiptuning) vozidla Mercedes-Benz A-Class 160 - 102 HP je možné z původních 71 kW (98 HP) až na 79 kW (109 HP) a nárůst točivého momentu ze 176 Nm až na 198 Nm.,Maximální rychlost se po úpravě zvýší o + 2 KM/H a kombinovaná spotřeba se sníží v průměru o -0,50 L / 100 KM.","imgUrl":"./previews/a-class__w177_.png","fullDesc":"Níže naleznete parametry před a po úpravě Standard pro vozidlo: Mercedes-Benz A-Class 160 - 102 HP. Modelová řada W176, vyráběná od roku 2015. Úprava tohoto modelu se provádí přes diagnostickou zásuvku. Řídící jednotka motoru od společnosti Bosch. Typ řídící jednotky MED17.7.2. Předpokládaná doba úpravy tohoto modelu je 1 - 2 hodiny.","numbers":["Výkon HP","98 HP","109 HP","Výkon kW","71 kW","79 kW","Točivý moment Nm","176 Nm","198 Nm","Maximální rychlost","","+ 2 KM/H","Spotřeba město","","-0,30 L / 100 KM","Kombinovaná spotřeba","","-0,25 L / 100 KM","Spotřeba mimo město","","-0,20 L / 100 KM"],"chartPower":"./chartPower/a-class__w177_1075690.png","chartTorque":"./chartTorque/a-class__w177_1075690.png"},{"id":"a-class__w177_1075696","fullName":"ChipTuning - Mercedes-Benz A-Class 160 - 102 HP ","desc":"Zvýšení výkonu motoru (chiptuning) vozidla Mercedes-Benz A-Class 160 - 102 HP je možné z původních 70 kW (97 HP) až na 78 kW (108 HP) a nárůst točivého momentu ze 175 Nm až na 197 Nm.,Maximální rychlost se po úpravě zvýší o + 2 KM/H a kombinovaná spotřeba se sníží v průměru o -0,50 L / 100 KM.","imgUrl":"./previews/a-class__w177_.png","fullDesc":"Níže naleznete parametry před a po úpravě Standard pro vozidlo: Mercedes-Benz A-Class 160 - 102 HP. Modelová řada W176, vyráběná od roku 2015. Úprava tohoto modelu se provádí přes diagnostickou zásuvku. Řídící jednotka motoru od společnosti Bosch. Typ řídící jednotky MED17.7.2. Předpokládaná doba úpravy tohoto modelu je 1 - 2 hodiny.","numbers":["Výkon HP","97 HP","108 HP","Výkon kW","70 kW","78 kW","Točivý moment Nm","175 Nm","197 Nm","Maximální rychlost","","+ 2 KM/H","Spotřeba město","","-0,30 L / 100 KM","Kombinovaná spotřeba","","-0,25 L / 100 KM","Spotřeba mimo město","","-0,20 L / 100 KM"],"chartPower":"./chartPower/a-class__w177_1075696.png","chartTorque":"./chartTorque/a-class__w177_1075696.png"},{"id":"a-class__w177_1075606","fullName":"ChipTuning - Mercedes-Benz A-Class 160 - 102 HP ","desc":"Zvýšení výkonu motoru (chiptuning) vozidla Mercedes-Benz A-Class 160 - 102 HP je možné z původních 79 kW (106 HP) až na 87 kW (117 HP) a nárůst točivého momentu ze 184 Nm až na 206 Nm.,Maximální rychlost se po úpravě zvýší o + 2 KM/H a kombinovaná spotřeba se sníží v průměru o -0,50 L / 100 KM.","imgUrl":"./previews/a-class__w177_.png","fullDesc":"Níže naleznete parametry před a po úpravě Standard pro vozidlo: Mercedes-Benz A-Class 160 - 102 HP. Modelová řada W176, vyráběná od roku 2015. Úprava tohoto modelu se provádí přes diagnostickou zásuvku. Řídící jednotka motoru od společnosti Bosch. Typ řídící jednotky MED17.7.2. Předpokládaná doba úpravy tohoto modelu je 1 - 2 hodiny.","numbers":["Výkon HP","106 HP","117 HP","Výkon kW","79 kW","87 kW","Točivý moment Nm","184 Nm","206 Nm","Maximální rychlost","","+ 2 KM/H","Spotřeba město","","-0,30 L / 100 KM","Kombinovaná spotřeba","","-0,25 L / 100 KM","Spotřeba mimo město","","-0,20 L / 100 KM"],"chartPower":"./chartPower/a-class__w177_1075606.png","chartTorque":"./chartTorque/a-class__w177_1075606.png"},{"id":"a-class__w177_1075612","fullName":"ChipTuning - Mercedes-Benz A-Class 160 - 102 HP ","desc":"Zvýšení výkonu motoru (chiptuning) vozidla Mercedes-Benz A-Class 160 - 102 HP je možné z původních 77 kW (104 HP) až na 85 kW (115 HP) a nárůst točivého momentu ze 182 Nm až na 204 Nm.,Maximální rychlost se po úpravě zvýší o + 2 KM/H a kombinovaná spotřeba se sníží v průměru o -0,50 L / 100 KM.","imgUrl":"./previews/a-class__w177_.png","fullDesc":"Níže naleznete parametry před a po úpravě Standard pro vozidlo: Mercedes-Benz A-Class 160 - 102 HP. Modelová řada W176, vyráběná od roku 2015. Úprava tohoto modelu se provádí přes diagnostickou zásuvku. Řídící jednotka motoru od společnosti Bosch. Typ řídící jednotky MED17.7.2. Předpokládaná doba úpravy tohoto modelu je 1 - 2 hodiny.","numbers":["Výkon HP","104 HP","115 HP","Výkon kW","77 kW","85 kW","Točivý moment Nm","182 Nm","204 Nm","Maximální rychlost","","+ 2 KM/H","Spotřeba město","","-0,30 L / 100 KM","Kombinovaná spotřeba","","-0,25 L / 100 KM","Spotřeba mimo město","","-0,20 L / 100 KM"],"chartPower":"./chartPower/a-class__w177_1075612.png","chartTorque":"./chartTorque/a-class__w177_1075612.png"},{"id":"a-class__w177_1075618","fullName":"ChipTuning - Mercedes-Benz A-Class 160 - 102 HP ","desc":"Zvýšení výkonu motoru (chiptuning) vozidla Mercedes-Benz A-Class 160 - 102 HP je možné z původních 70 kW (97 HP) až na 78 kW (108 HP) a nárůst točivého momentu ze 175 Nm až na 197 Nm.,Maximální rychlost se po úpravě zvýší o + 2 KM/H a kombinovaná spotřeba se sníží v průměru o -0,50 L / 100 KM.","imgUrl":"./previews/a-class__w177_.png","fullDesc":"Níže naleznete parametry před a po úpravě Standard pro vozidlo: Mercedes-Benz A-Class 160 - 102 HP. Modelová řada W176, vyráběná od roku 2015. Úprava tohoto modelu se provádí přes diagnostickou zásuvku. Řídící jednotka motoru od společnosti Bosch. Typ řídící jednotky MED17.7.2. Předpokládaná doba úpravy tohoto modelu je 1 - 2 hodiny.","numbers":["Výkon HP","97 HP","108 HP","Výkon kW","70 kW","78 kW","Točivý moment Nm","175 Nm","197 Nm","Maximální rychlost","","+ 2 KM/H","Spotřeba město","","-0,30 L / 100 KM","Kombinovaná spotřeba","","-0,25 L / 100 KM","Spotřeba mimo město","","-0,20 L / 100 KM"],"chartPower":"./chartPower/a-class__w177_1075618.png","chartTorque":"./chartTorque/a-class__w177_1075618.png"},{"id":"a-class__w177_1075702","fullName":"ChipTuning - Mercedes-Benz A-Class 160 - 102 HP ","desc":"Zvýšení výkonu motoru (chiptuning) vozidla Mercedes-Benz A-Class 160 - 102 HP je možné z původních 71 kW (98 HP) až na 79 kW (109 HP) a nárůst točivého momentu ze 176 Nm až na 198 Nm.,Maximální rychlost se po úpravě zvýší o + 2 KM/H a kombinovaná spotřeba se sníží v průměru o -0,50 L / 100 KM.","imgUrl":"./previews/a-class__w177_.png","fullDesc":"Níže naleznete parametry před a po úpravě Standard pro vozidlo: Mercedes-Benz A-Class 160 - 102 HP. Modelová řada W176, vyráběná od roku 2015. Úprava tohoto modelu se provádí přes diagnostickou zásuvku. Řídící jednotka motoru od společnosti Bosch. Typ řídící jednotky MED17.7.2. Předpokládaná doba úpravy tohoto modelu je 1 - 2 hodiny.","numbers":["Výkon HP","98 HP","109 HP","Výkon kW","71 kW","79 kW","Točivý moment Nm","176 Nm","198 Nm","Maximální rychlost","","+ 2 KM/H","Spotřeba město","","-0,30 L / 100 KM","Kombinovaná spotřeba","","-0,25 L / 100 KM","Spotřeba mimo město","","-0,20 L / 100 KM"],"chartPower":"./chartPower/a-class__w177_1075702.png","chartTorque":"./chartTorque/a-class__w177_1075702.png"}]