[{"id":"zt___1197504","fullName":"ChipTuning - Mg ZT 2.0 CDTi - 131 HP ","desc":"Zvýšení výkonu motoru (chiptuning) vozidla Mg ZT 2.0 CDTi - 131 HP je možné z původních 94 kW (129 HP) až na 130 kW (178 HP) a nárůst točivého momentu až na 436 Nm.,Maximální rychlost se po úpravě zvýší o + 5 KM/H a kombinovaná spotřeba se sníží v průměru o -0,50 L / 100 KM.","imgUrl":"./previews/zt___.png","fullDesc":"Níže naleznete parametry před a po úpravě Standard pro vozidlo: Mg ZT 2.0 CDTi - 131 HP. Úprava tohoto modelu se provádí přes diagnostickou zásuvku. Řídící jednotka motoru od společnosti Bosch. Typ řídící jednotky DDE4.0. Předpokládaná doba úpravy tohoto modelu je 1 - 2 hodiny.","numbers":["Výkon HP","129 HP","167 HP","Výkon kW","94 kW","122 kW","Točivý moment Nm","-","+90 Nm","Maximální rychlost","","+ 3 KM/H","Spotřeba město","","-0,30 L / 100 KM","Kombinovaná spotřeba","","-0,25 L / 100 KM","Spotřeba mimo město","","-0,20 L / 100 KM"],"chartPower":"./chartPower/zt___1197504.png","chartTorque":""}]