[{"id":"v2xp___1205587","fullName":"ChipTuning - Primo V2XP 1.0 MPI - 41 HP ","desc":"Zvýšení výkonu motoru (chiptuning) vozidla Primo V2XP 1.0 MPI - 41 HP je možné z původních 25 kW (36 HP) až na 28 kW (41 HP) a nárůst točivého momentu ze 80 Nm až na 90 Nm.,Maximální rychlost se po úpravě zvýší o + 1 KM/H a kombinovaná spotřeba se sníží v průměru o -0,30 L / 100 KM.","imgUrl":"./previews/v2xp___.png","fullDesc":"Níže naleznete parametry před a po úpravě Standard pro vozidlo: Primo V2XP 1.0 MPI - 41 HP. Modelová řada vyráběná od roku 2018. Řídící jednotka motoru od společnosti Bosch. Typ řídící jednotky ME17.8.8 . Předpokládaná doba úpravy tohoto modelu je 2 - 4 hodiny.","numbers":["Výkon HP","36 HP","41 HP","Výkon kW","25 kW","28 kW","Točivý moment Nm","80 Nm","90 Nm","Maximální rychlost","","+ 1 KM/H","Spotřeba město","","-0,20 L / 100 KM","Kombinovaná spotřeba","","-0,20 L / 100 KM","Spotřeba mimo město","","-0,10 L / 100 KM"],"chartPower":"./chartPower/v2xp___1205587.png","chartTorque":"./chartTorque/v2xp___1205587.png"}]