[{"id":"phantom_(_8th)__1207604","fullName":"ChipTuning - Rolls Royce Phantom 6.75 V12 48v Automat - 571 HP ","desc":"Zvýšení výkonu motoru (chiptuning) vozidla Rolls Royce Phantom 6.75 V12 48v Automat - 571 HP je možné z původních 415 kW (566 HP) až na 480 kW (654 HP) a nárůst točivého momentu ze 895 Nm až na 1015 Nm.,Maximální rychlost se po úpravě zvýší o + 16 KM/H a kombinovaná spotřeba se sníží v průměru o -1,20 L / 100 KM.","imgUrl":"./previews/phantom_(_8th)__.png","fullDesc":"Níže naleznete parametry před a po úpravě Standard pro vozidlo: Rolls Royce Phantom 6.75 V12 48v Automat - 571 HP. Modelová řada vyráběná od roku 2017. Úprava tohoto modelu se provádí přes diagnostickou zásuvku. Řídící jednotka motoru od společnosti Bosch. Typ řídící jednotky MG1CS024 (DME_8CT0). Tato úprava je přizpůsobena pro automatickou převodovku. Předpokládaná doba úpravy tohoto modelu je 1 - 2 hodiny.","numbers":["Výkon HP","566 HP","634 HP","Výkon kW","415 kW","465 kW","Točivý moment Nm","895 Nm","981 Nm","Maximální rychlost","","+ 12 KM/H","Spotřeba město","","-0,80 L / 100 KM","Kombinovaná spotřeba","","-0,70 L / 100 KM","Spotřeba mimo město","","-0,65 L / 100 KM"],"chartPower":"./chartPower/phantom_(_8th)__1207604.png","chartTorque":"./chartTorque/phantom_(_8th)__1207604.png"}]