[{"id":"75___1207607","fullName":"ChipTuning - Rover 75 2.0 16v CDT - 116 HP ","desc":"Zvýšení výkonu motoru (chiptuning) vozidla Rover 75 2.0 16v CDT - 116 HP je možné z původních 85 kW (116 HP) až na 118 kW (160 HP) a nárůst točivého momentu až na 388 Nm.,Maximální rychlost se po úpravě zvýší o + 5 KM/H a kombinovaná spotřeba se sníží v průměru o -0,50 L / 100 KM.","imgUrl":"./previews/75___.png","fullDesc":"Níže naleznete parametry před a po úpravě Standard pro vozidlo: Rover 75 2.0 16v CDT - 116 HP. Úprava tohoto modelu se provádí přes diagnostickou zásuvku. Řídící jednotka motoru od společnosti Bosch. Typ řídící jednotky DDE4.0. Předpokládaná doba úpravy tohoto modelu je 1 - 2 hodiny.","numbers":["Výkon HP","116 HP","150 HP","Výkon kW","85 kW","110 kW","Točivý moment Nm","-","+80 Nm","Maximální rychlost","","+ 3 KM/H","Spotřeba město","","-0,30 L / 100 KM","Kombinovaná spotřeba","","-0,25 L / 100 KM","Spotřeba mimo město","","-0,20 L / 100 KM"],"chartPower":"./chartPower/75___1207607.png","chartTorque":""},{"id":"75___1207608","fullName":"ChipTuning - Rover 75 2.0 16v CDT - 131 HP ","desc":"Zvýšení výkonu motoru (chiptuning) vozidla Rover 75 2.0 16v CDT - 131 HP je možné z původních 95 kW (130 HP) až na 131 kW (179 HP) a nárůst točivého momentu až na 437 Nm.,Maximální rychlost se po úpravě zvýší o + 5 KM/H a kombinovaná spotřeba se sníží v průměru o -0,50 L / 100 KM.","imgUrl":"./previews/75___.png","fullDesc":"Níže naleznete parametry před a po úpravě Standard pro vozidlo: Rover 75 2.0 16v CDT - 131 HP. Úprava tohoto modelu se provádí přes diagnostickou zásuvku. Řídící jednotka motoru od společnosti Bosch. Typ řídící jednotky DDE4.0. Předpokládaná doba úpravy tohoto modelu je 1 - 2 hodiny.","numbers":["Výkon HP","130 HP","168 HP","Výkon kW","95 kW","123 kW","Točivý moment Nm","-","+90 Nm","Maximální rychlost","","+ 3 KM/H","Spotřeba město","","-0,30 L / 100 KM","Kombinovaná spotřeba","","-0,25 L / 100 KM","Spotřeba mimo město","","-0,20 L / 100 KM"],"chartPower":"./chartPower/75___1207608.png","chartTorque":""}]