[{"id":"93___1207609","fullName":"ChipTuning - Saab 93 1.9  8v TiD - 120 HP ","desc":"Zvýšení výkonu motoru (chiptuning) vozidla Saab 93 1.9 8v TiD - 120 HP je možné z původních 91 kW (123 HP) až na 125 kW (169 HP) a nárůst točivého momentu až na 405 Nm.,Maximální rychlost se po úpravě zvýší o + 5 KM/H a kombinovaná spotřeba se sníží v průměru o -0,50 L / 100 KM.","imgUrl":"./previews/93___.png","fullDesc":"Níže naleznete parametry před a po úpravě Standard pro vozidlo: Saab 93 1.9 8v TiD - 120 HP. Modelová řada vyráběná od roku 2004. Úprava tohoto modelu se provádí přes diagnostickou zásuvku. Řídící jednotka motoru od společnosti Bosch. Typ řídící jednotky EDC16C39 nebo EDC16C9. Předpokládaná doba úpravy tohoto modelu je 1 - 2 hodiny.","numbers":["Výkon HP","123 HP","158 HP","Výkon kW","91 kW","117 kW","Točivý moment Nm","-","+83 Nm","Maximální rychlost","","+ 3 KM/H","Spotřeba město","","-0,30 L / 100 KM","Kombinovaná spotřeba","","-0,25 L / 100 KM","Spotřeba mimo město","","-0,20 L / 100 KM"],"chartPower":"./chartPower/93___1207609.png","chartTorque":""},{"id":"93___1207613","fullName":"ChipTuning - Saab 93 1.9 16v TiDS - 150 HP ","desc":"Zvýšení výkonu motoru (chiptuning) vozidla Saab 93 1.9 16v TiDS - 150 HP je možné z původních 110 kW (150 HP) až na 144 kW (197 HP) a nárůst točivého momentu až na 491 Nm.,Maximální rychlost se po úpravě zvýší o + 5 KM/H a kombinovaná spotřeba se sníží v průměru o -0,50 L / 100 KM.","imgUrl":"./previews/93___.png","fullDesc":"Níže naleznete parametry před a po úpravě Standard pro vozidlo: Saab 93 1.9 16v TiDS - 150 HP. Modelová řada vyráběná od roku 2007. Úprava tohoto modelu se provádí přes diagnostickou zásuvku. Řídící jednotka motoru od společnosti Bosch. Typ řídící jednotky EDC16C39. Předpokládaná doba úpravy tohoto modelu je 1 - 2 hodiny.","numbers":["Výkon HP","150 HP","186 HP","Výkon kW","110 kW","136 kW","Točivý moment Nm","-","+96 Nm","Maximální rychlost","","+ 3 KM/H","Spotřeba město","","-0,30 L / 100 KM","Kombinovaná spotřeba","","-0,25 L / 100 KM","Spotřeba mimo město","","-0,20 L / 100 KM"],"chartPower":"./chartPower/93___1207613.png","chartTorque":""},{"id":"93___1207612","fullName":"ChipTuning - Saab 93 1.9 16v TiDS - 152 HP ","desc":"Zvýšení výkonu motoru (chiptuning) vozidla Saab 93 1.9 16v TiDS - 152 HP je možné z původních 117 kW (157 HP) až na 152 kW (204 HP) a nárůst točivého momentu až na 506 Nm.,Maximální rychlost se po úpravě zvýší o + 5 KM/H a kombinovaná spotřeba se sníží v průměru o -0,50 L / 100 KM.","imgUrl":"./previews/93___.png","fullDesc":"Níže naleznete parametry před a po úpravě Standard pro vozidlo: Saab 93 1.9 16v TiDS - 152 HP. Modelová řada vyráběná od roku 2004. Úprava tohoto modelu se provádí přes diagnostickou zásuvku. Řídící jednotka motoru od společnosti Bosch. Typ řídící jednotky EDC16C9. Předpokládaná doba úpravy tohoto modelu je 1 - 2 hodiny.","numbers":["Výkon HP","157 HP","193 HP","Výkon kW","117 kW","144 kW","Točivý moment Nm","-","+98 Nm","Maximální rychlost","","+ 3 KM/H","Spotřeba město","","-0,30 L / 100 KM","Kombinovaná spotřeba","","-0,25 L / 100 KM","Spotřeba mimo město","","-0,20 L / 100 KM"],"chartPower":"./chartPower/93___1207612.png","chartTorque":""},{"id":"93___1207615","fullName":"ChipTuning - Saab 93 1.9 16v TTiD - 181 HP ","desc":"Zvýšení výkonu motoru (chiptuning) vozidla Saab 93 1.9 16v TTiD - 181 HP je možné z původních 135 kW (183 HP) až na 171 kW (232 HP) a nárůst točivého momentu až na 554 Nm.,Maximální rychlost se po úpravě zvýší o + 5 KM/H a kombinovaná spotřeba se sníží v průměru o -0,50 L / 100 KM.","imgUrl":"./previews/93___.png","fullDesc":"Níže naleznete parametry před a po úpravě Standard pro vozidlo: Saab 93 1.9 16v TTiD - 181 HP. Modelová řada vyráběná od roku 2007. Úprava tohoto modelu se provádí přes diagnostickou zásuvku. Řídící jednotka motoru od společnosti Bosch. Typ řídící jednotky EDC16C39. Předpokládaná doba úpravy tohoto modelu je 1 - 2 hodiny.","numbers":["Výkon HP","183 HP","221 HP","Výkon kW","135 kW","163 kW","Točivý moment Nm","-","+86 Nm","Maximální rychlost","","+ 3 KM/H","Spotřeba město","","-0,30 L / 100 KM","Kombinovaná spotřeba","","-0,25 L / 100 KM","Spotřeba mimo město","","-0,20 L / 100 KM"],"chartPower":"./chartPower/93___1207615.png","chartTorque":""},{"id":"93___1207619","fullName":"ChipTuning - Saab 93 2.0 16v Turbo - 150 HP ","desc":"Zvýšení výkonu motoru (chiptuning) vozidla Saab 93 2.0 16v Turbo - 150 HP je možné z původních 112 kW (152 HP) až na 146 kW (199 HP) a nárůst točivého momentu až na 289 Nm.,Maximální rychlost se po úpravě zvýší o + 5 KM/H a kombinovaná spotřeba se sníží v průměru o -0,50 L / 100 KM.","imgUrl":"./previews/93___.png","fullDesc":"Níže naleznete parametry před a po úpravě Standard pro vozidlo: Saab 93 2.0 16v Turbo - 150 HP. Modelová řada vyráběná od roku 2003. Úprava tohoto modelu se provádí přes diagnostickou zásuvku. Řídící jednotka motoru od společnosti Trionic. Typ řídící jednotky 8. Předpokládaná doba úpravy tohoto modelu je 1 - 2 hodiny.","numbers":["Výkon HP","152 HP","188 HP","Výkon kW","112 kW","138 kW","Točivý moment Nm","-","+55 Nm","Maximální rychlost","","+ 3 KM/H","Spotřeba město","","-0,30 L / 100 KM","Kombinovaná spotřeba","","-0,25 L / 100 KM","Spotřeba mimo město","","-0,20 L / 100 KM"],"chartPower":"./chartPower/93___1207619.png","chartTorque":""},{"id":"93___1207618","fullName":"ChipTuning - Saab 93 2.0 16v Turbo - 175 HP ","desc":"Zvýšení výkonu motoru (chiptuning) vozidla Saab 93 2.0 16v Turbo - 175 HP je možné z původních 131 kW (177 HP) až na 171 kW (232 HP) a nárůst točivého momentu až na 338 Nm.,Maximální rychlost se po úpravě zvýší o + 5 KM/H a kombinovaná spotřeba se sníží v průměru o -0,50 L / 100 KM.","imgUrl":"./previews/93___.png","fullDesc":"Níže naleznete parametry před a po úpravě Standard pro vozidlo: Saab 93 2.0 16v Turbo - 175 HP. Modelová řada vyráběná od roku 2003. Úprava tohoto modelu se provádí přes diagnostickou zásuvku. Řídící jednotka motoru od společnosti Trionic. Typ řídící jednotky 8, 8 HFQ nebo 8 LFQ. Předpokládaná doba úpravy tohoto modelu je 1 - 2 hodiny.","numbers":["Výkon HP","177 HP","219 HP","Výkon kW","131 kW","162 kW","Točivý moment Nm","-","+64 Nm","Maximální rychlost","","+ 3 KM/H","Spotřeba město","","-0,30 L / 100 KM","Kombinovaná spotřeba","","-0,25 L / 100 KM","Spotřeba mimo město","","-0,20 L / 100 KM"],"chartPower":"./chartPower/93___1207618.png","chartTorque":""},{"id":"93___1207624","fullName":"ChipTuning - Saab 93 2.0 16v Turbo Aero - 208 HP ","desc":"Zvýšení výkonu motoru (chiptuning) vozidla Saab 93 2.0 16v Turbo Aero - 208 HP je možné z původních 155 kW (210 HP) až na 197 kW (267 HP) a nárůst točivého momentu až na 409 Nm.,Maximální rychlost se po úpravě zvýší o + 5 KM/H a kombinovaná spotřeba se sníží v průměru o -0,50 L / 100 KM.","imgUrl":"./previews/93___.png","fullDesc":"Níže naleznete parametry před a po úpravě Standard pro vozidlo: Saab 93 2.0 16v Turbo Aero - 208 HP. Modelová řada vyráběná od roku 2000. Úprava tohoto modelu se provádí přes diagnostickou zásuvku. Řídící jednotka motoru od společnosti Trionic. Typ řídící jednotky 7. Předpokládaná doba úpravy tohoto modelu je 1 - 2 hodiny.","numbers":["Výkon HP","210 HP","254 HP","Výkon kW","155 kW","187 kW","Točivý moment Nm","-","+82 Nm","Maximální rychlost","","+ 3 KM/H","Spotřeba město","","-0,30 L / 100 KM","Kombinovaná spotřeba","","-0,25 L / 100 KM","Spotřeba mimo město","","-0,20 L / 100 KM"],"chartPower":"./chartPower/93___1207624.png","chartTorque":""},{"id":"93___1207626","fullName":"ChipTuning - Saab 93 2.0 16v Turbo Aero - 209 HP ","desc":"Zvýšení výkonu motoru (chiptuning) vozidla Saab 93 2.0 16v Turbo Aero - 209 HP je možné z původních 159 kW (214 HP) až na 201 kW (271 HP) a nárůst točivého momentu až na 414 Nm.,Maximální rychlost se po úpravě zvýší o + 5 KM/H a kombinovaná spotřeba se sníží v průměru o -0,50 L / 100 KM.","imgUrl":"./previews/93___.png","fullDesc":"Níže naleznete parametry před a po úpravě Standard pro vozidlo: Saab 93 2.0 16v Turbo Aero - 209 HP. Modelová řada vyráběná od roku 2003. Úprava tohoto modelu se provádí přes diagnostickou zásuvku. Řídící jednotka motoru od společnosti Trionic. Typ řídící jednotky 8. Předpokládaná doba úpravy tohoto modelu je 1 - 2 hodiny.","numbers":["Výkon HP","214 HP","258 HP","Výkon kW","159 kW","191 kW","Točivý moment Nm","-","+82 Nm","Maximální rychlost","","+ 3 KM/H","Spotřeba město","","-0,30 L / 100 KM","Kombinovaná spotřeba","","-0,25 L / 100 KM","Spotřeba mimo město","","-0,20 L / 100 KM"],"chartPower":"./chartPower/93___1207626.png","chartTorque":""},{"id":"93___1207630","fullName":"ChipTuning - Saab 93 2.0 16v Turbo BioPower - 175 HP ","desc":"Zvýšení výkonu motoru (chiptuning) vozidla Saab 93 2.0 16v Turbo BioPower - 175 HP je možné z původních 125 kW (171 HP) až na 165 kW (226 HP) a nárůst točivého momentu až na 332 Nm.,Maximální rychlost se po úpravě zvýší o + 5 KM/H a kombinovaná spotřeba se sníží v průměru o -0,50 L / 100 KM.","imgUrl":"./previews/93___.png","fullDesc":"Níže naleznete parametry před a po úpravě Standard pro vozidlo: Saab 93 2.0 16v Turbo BioPower - 175 HP. Modelová řada vyráběná od roku 2007. Úprava tohoto modelu se provádí přes diagnostickou zásuvku. Řídící jednotka motoru od společnosti Trionic. Typ řídící jednotky 7 nebo 8. Předpokládaná doba úpravy tohoto modelu je 1 - 2 hodiny.","numbers":["Výkon HP","171 HP","213 HP","Výkon kW","125 kW","156 kW","Točivý moment Nm","-","+64 Nm","Maximální rychlost","","+ 3 KM/H","Spotřeba město","","-0,30 L / 100 KM","Kombinovaná spotřeba","","-0,25 L / 100 KM","Spotřeba mimo město","","-0,20 L / 100 KM"],"chartPower":"./chartPower/93___1207630.png","chartTorque":""},{"id":"93___1207632","fullName":"ChipTuning - Saab 93 2.0 16v Turbo BioPower AT 5 speed - 150 HP ","desc":"Zvýšení výkonu motoru (chiptuning) vozidla Saab 93 2.0 16v Turbo BioPower AT 5 speed - 150 HP je možné z původních 113 kW (153 HP) až na 147 kW (200 HP) a nárůst točivého momentu až na 290 Nm.,Maximální rychlost se po úpravě zvýší o + 5 KM/H a kombinovaná spotřeba se sníží v průměru o -0,50 L / 100 KM.","imgUrl":"./previews/93___.png","fullDesc":"Níže naleznete parametry před a po úpravě Standard pro vozidlo: Saab 93 2.0 16v Turbo BioPower AT 5 speed - 150 HP. Modelová řada vyráběná od roku 2007. Úprava tohoto modelu se provádí přes diagnostickou zásuvku. Řídící jednotka motoru od společnosti Trionic. Typ řídící jednotky 8. Předpokládaná doba úpravy tohoto modelu je 1 - 2 hodiny.","numbers":["Výkon HP","153 HP","189 HP","Výkon kW","113 kW","139 kW","Točivý moment Nm","-","+55 Nm","Maximální rychlost","","+ 3 KM/H","Spotřeba město","","-0,30 L / 100 KM","Kombinovaná spotřeba","","-0,25 L / 100 KM","Spotřeba mimo město","","-0,20 L / 100 KM"],"chartPower":"./chartPower/93___1207632.png","chartTorque":""},{"id":"93___1207633","fullName":"ChipTuning - Saab 93 2.0 16v Turbo BioPower MT 5 speed - 150 HP ","desc":"Zvýšení výkonu motoru (chiptuning) vozidla Saab 93 2.0 16v Turbo BioPower MT 5 speed - 150 HP je možné z původních 112 kW (152 HP) až na 146 kW (199 HP) a nárůst točivého momentu až na 289 Nm.,Maximální rychlost se po úpravě zvýší o + 5 KM/H a kombinovaná spotřeba se sníží v průměru o -0,50 L / 100 KM.","imgUrl":"./previews/93___.png","fullDesc":"Níže naleznete parametry před a po úpravě Standard pro vozidlo: Saab 93 2.0 16v Turbo BioPower MT 5 speed - 150 HP. Modelová řada vyráběná od roku 2007. Úprava tohoto modelu se provádí přes diagnostickou zásuvku. Řídící jednotka motoru od společnosti Trionic. Typ řídící jednotky 8. Předpokládaná doba úpravy tohoto modelu je 1 - 2 hodiny.","numbers":["Výkon HP","152 HP","188 HP","Výkon kW","112 kW","138 kW","Točivý moment Nm","-","+55 Nm","Maximální rychlost","","+ 3 KM/H","Spotřeba město","","-0,30 L / 100 KM","Kombinovaná spotřeba","","-0,25 L / 100 KM","Spotřeba mimo město","","-0,20 L / 100 KM"],"chartPower":"./chartPower/93___1207633.png","chartTorque":""},{"id":"93___1207634","fullName":"ChipTuning - Saab 93 2.0 16v Turbo HPT - 188 HP ","desc":"Zvýšení výkonu motoru (chiptuning) vozidla Saab 93 2.0 16v Turbo HPT - 188 HP je možné z původních 140 kW (190 HP) až na 183 kW (249 HP) a nárůst točivého momentu až na 369 Nm.,Maximální rychlost se po úpravě zvýší o + 5 KM/H a kombinovaná spotřeba se sníží v průměru o -0,50 L / 100 KM.","imgUrl":"./previews/93___.png","fullDesc":"Níže naleznete parametry před a po úpravě Standard pro vozidlo: Saab 93 2.0 16v Turbo HPT - 188 HP. Modelová řada vyráběná od roku 2000. Úprava tohoto modelu se provádí přes diagnostickou zásuvku. Řídící jednotka motoru od společnosti Trionic. Typ řídící jednotky 7. Předpokládaná doba úpravy tohoto modelu je 1 - 2 hodiny.","numbers":["Výkon HP","190 HP","235 HP","Výkon kW","140 kW","173 kW","Točivý moment Nm","-","+74 Nm","Maximální rychlost","","+ 3 KM/H","Spotřeba město","","-0,30 L / 100 KM","Kombinovaná spotřeba","","-0,25 L / 100 KM","Spotřeba mimo město","","-0,20 L / 100 KM"],"chartPower":"./chartPower/93___1207634.png","chartTorque":""},{"id":"93___1207637","fullName":"ChipTuning - Saab 93 2.0 16v Turbo LPT - 150 HP ","desc":"Zvýšení výkonu motoru (chiptuning) vozidla Saab 93 2.0 16v Turbo LPT - 150 HP je možné z původních 106 kW (146 HP) až na 140 kW (193 HP) a nárůst točivého momentu až na 283 Nm.,Maximální rychlost se po úpravě zvýší o + 5 KM/H a kombinovaná spotřeba se sníží v průměru o -0,50 L / 100 KM.","imgUrl":"./previews/93___.png","fullDesc":"Níže naleznete parametry před a po úpravě Standard pro vozidlo: Saab 93 2.0 16v Turbo LPT - 150 HP. Modelová řada vyráběná od roku 2001. Úprava tohoto modelu se provádí přes diagnostickou zásuvku. Řídící jednotka motoru od společnosti Trionic. Typ řídící jednotky 7. Předpokládaná doba úpravy tohoto modelu je 1 - 2 hodiny.","numbers":["Výkon HP","146 HP","182 HP","Výkon kW","106 kW","132 kW","Točivý moment Nm","-","+55 Nm","Maximální rychlost","","+ 3 KM/H","Spotřeba město","","-0,30 L / 100 KM","Kombinovaná spotřeba","","-0,25 L / 100 KM","Spotřeba mimo město","","-0,20 L / 100 KM"],"chartPower":"./chartPower/93___1207637.png","chartTorque":""},{"id":"93___1207636","fullName":"ChipTuning - Saab 93 2.0 16v Turbo LPT - 156 HP ","desc":"Zvýšení výkonu motoru (chiptuning) vozidla Saab 93 2.0 16v Turbo LPT - 156 HP je možné z původních 110 kW (151 HP) až na 146 kW (199 HP) a nárůst točivého momentu až na 295 Nm.,Maximální rychlost se po úpravě zvýší o + 5 KM/H a kombinovaná spotřeba se sníží v průměru o -0,50 L / 100 KM.","imgUrl":"./previews/93___.png","fullDesc":"Níže naleznete parametry před a po úpravě Standard pro vozidlo: Saab 93 2.0 16v Turbo LPT - 156 HP. Modelová řada vyráběná od roku 2000. Úprava tohoto modelu se provádí přes diagnostickou zásuvku. Řídící jednotka motoru od společnosti Trionic. Typ řídící jednotky 7. Předpokládaná doba úpravy tohoto modelu je 1 - 2 hodiny.","numbers":["Výkon HP","151 HP","188 HP","Výkon kW","110 kW","138 kW","Točivý moment Nm","-","+57 Nm","Maximální rychlost","","+ 3 KM/H","Spotřeba město","","-0,30 L / 100 KM","Kombinovaná spotřeba","","-0,25 L / 100 KM","Spotřeba mimo město","","-0,20 L / 100 KM"],"chartPower":"./chartPower/93___1207636.png","chartTorque":""},{"id":"93___1207638","fullName":"ChipTuning - Saab 93 2.0 16v Turbo LPT SAAB Tuned - 175 HP ","desc":"Zvýšení výkonu motoru (chiptuning) vozidla Saab 93 2.0 16v Turbo LPT SAAB Tuned - 175 HP je možné z původních 126 kW (172 HP) až na 166 kW (227 HP) a nárůst točivého momentu až na 333 Nm.,Maximální rychlost se po úpravě zvýší o + 5 KM/H a kombinovaná spotřeba se sníží v průměru o -0,50 L / 100 KM.","imgUrl":"./previews/93___.png","fullDesc":"Níže naleznete parametry před a po úpravě Standard pro vozidlo: Saab 93 2.0 16v Turbo LPT SAAB Tuned - 175 HP. Modelová řada vyráběná od roku 2001. Úprava tohoto modelu se provádí přes diagnostickou zásuvku. Řídící jednotka motoru od společnosti Trionic. Typ řídící jednotky 7. Předpokládaná doba úpravy tohoto modelu je 1 - 2 hodiny.","numbers":["Výkon HP","172 HP","214 HP","Výkon kW","126 kW","157 kW","Točivý moment Nm","-","+64 Nm","Maximální rychlost","","+ 3 KM/H","Spotřeba město","","-0,30 L / 100 KM","Kombinovaná spotřeba","","-0,25 L / 100 KM","Spotřeba mimo město","","-0,20 L / 100 KM"],"chartPower":"./chartPower/93___1207638.png","chartTorque":""},{"id":"93___1207617","fullName":"ChipTuning - Saab 93 2.2 16v TiD - 117 HP ","desc":"Zvýšení výkonu motoru (chiptuning) vozidla Saab 93 2.2 16v TiD - 117 HP je možné z původních 81 kW (112 HP) až na 114 kW (156 HP) a nárůst točivého momentu až na 387 Nm.,Maximální rychlost se po úpravě zvýší o + 5 KM/H a kombinovaná spotřeba se sníží v průměru o -0,50 L / 100 KM.","imgUrl":"./previews/93___.png","fullDesc":"Níže naleznete parametry před a po úpravě Standard pro vozidlo: Saab 93 2.2 16v TiD - 117 HP. Modelová řada vyráběná od roku 1998. Řídící jednotka motoru od společnosti Bosch. Typ řídící jednotky EDC15M. Předpokládaná doba úpravy tohoto modelu je 2 - 4 hodiny.","numbers":["Výkon HP","112 HP","146 HP","Výkon kW","81 kW","106 kW","Točivý moment Nm","-","+81 Nm","Maximální rychlost","","+ 3 KM/H","Spotřeba město","","-0,30 L / 100 KM","Kombinovaná spotřeba","","-0,25 L / 100 KM","Spotřeba mimo město","","-0,20 L / 100 KM"],"chartPower":"./chartPower/93___1207617.png","chartTorque":""},{"id":"93___1207639","fullName":"ChipTuning - Saab 93 2.3 16v Turbo Aero - 234 HP ","desc":"Zvýšení výkonu motoru (chiptuning) vozidla Saab 93 2.3 16v Turbo Aero - 234 HP je možné z původních 172 kW (234 HP) až na 219 kW (298 HP) a nárůst točivého momentu až na 439 Nm.,Maximální rychlost se po úpravě zvýší o + 5 KM/H a kombinovaná spotřeba se sníží v průměru o -0,50 L / 100 KM.","imgUrl":"./previews/93___.png","fullDesc":"Níže naleznete parametry před a po úpravě Standard pro vozidlo: Saab 93 2.3 16v Turbo Aero - 234 HP. Modelová řada vyráběná od roku 2001. Úprava tohoto modelu se provádí přes diagnostickou zásuvku. Řídící jednotka motoru od společnosti Trionic. Typ řídící jednotky 7. Předpokládaná doba úpravy tohoto modelu je 1 - 2 hodiny.","numbers":["Výkon HP","234 HP","283 HP","Výkon kW","172 kW","208 kW","Točivý moment Nm","-","+79 Nm","Maximální rychlost","","+ 3 KM/H","Spotřeba město","","-0,30 L / 100 KM","Kombinovaná spotřeba","","-0,25 L / 100 KM","Spotřeba mimo město","","-0,20 L / 100 KM"],"chartPower":"./chartPower/93___1207639.png","chartTorque":""},{"id":"93___1207640","fullName":"ChipTuning - Saab 93 2.3 16v Turbo Viggen - 228 HP ","desc":"Zvýšení výkonu motoru (chiptuning) vozidla Saab 93 2.3 16v Turbo Viggen - 228 HP je možné z původních 165 kW (225 HP) až na 211 kW (287 HP) a nárůst točivého momentu až na 426 Nm.,Maximální rychlost se po úpravě zvýší o + 5 KM/H a kombinovaná spotřeba se sníží v průměru o -0,50 L / 100 KM.","imgUrl":"./previews/93___.png","fullDesc":"Níže naleznete parametry před a po úpravě Standard pro vozidlo: Saab 93 2.3 16v Turbo Viggen - 228 HP. Modelová řada vyráběná od roku 1998. Úprava tohoto modelu se provádí přes diagnostickou zásuvku. Řídící jednotka motoru od společnosti Trionic. Typ řídící jednotky 7. Předpokládaná doba úpravy tohoto modelu je 1 - 2 hodiny.","numbers":["Výkon HP","225 HP","273 HP","Výkon kW","165 kW","200 kW","Točivý moment Nm","-","+77 Nm","Maximální rychlost","","+ 3 KM/H","Spotřeba město","","-0,30 L / 100 KM","Kombinovaná spotřeba","","-0,25 L / 100 KM","Spotřeba mimo město","","-0,20 L / 100 KM"],"chartPower":"./chartPower/93___1207640.png","chartTorque":""},{"id":"93___1207644","fullName":"ChipTuning - Saab 93 2.3 16v Turbo Viggen - 234 HP ","desc":"Zvýšení výkonu motoru (chiptuning) vozidla Saab 93 2.3 16v Turbo Viggen - 234 HP je možné z původních 173 kW (235 HP) až na 220 kW (299 HP) a nárůst točivého momentu až na 440 Nm.,Maximální rychlost se po úpravě zvýší o + 5 KM/H a kombinovaná spotřeba se sníží v průměru o -0,50 L / 100 KM.","imgUrl":"./previews/93___.png","fullDesc":"Níže naleznete parametry před a po úpravě Standard pro vozidlo: Saab 93 2.3 16v Turbo Viggen - 234 HP. Modelová řada vyráběná od roku 2001. Úprava tohoto modelu se provádí přes diagnostickou zásuvku. Řídící jednotka motoru od společnosti Trionic. Typ řídící jednotky 7. Předpokládaná doba úpravy tohoto modelu je 1 - 2 hodiny.","numbers":["Výkon HP","235 HP","284 HP","Výkon kW","173 kW","209 kW","Točivý moment Nm","-","+79 Nm","Maximální rychlost","","+ 3 KM/H","Spotřeba město","","-0,30 L / 100 KM","Kombinovaná spotřeba","","-0,25 L / 100 KM","Spotřeba mimo město","","-0,20 L / 100 KM"],"chartPower":"./chartPower/93___1207644.png","chartTorque":""},{"id":"93___1207643","fullName":"ChipTuning - Saab 93 2.3 16v Turbo Viggen - 250 HP ","desc":"Zvýšení výkonu motoru (chiptuning) vozidla Saab 93 2.3 16v Turbo Viggen - 250 HP je možné z původních 184 kW (250 HP) až na 235 kW (319 HP) a nárůst točivého momentu až na 469 Nm.,Maximální rychlost se po úpravě zvýší o + 5 KM/H a kombinovaná spotřeba se sníží v průměru o -0,50 L / 100 KM.","imgUrl":"./previews/93___.png","fullDesc":"Níže naleznete parametry před a po úpravě Standard pro vozidlo: Saab 93 2.3 16v Turbo Viggen - 250 HP. Modelová řada vyráběná od roku 2000. Úprava tohoto modelu se provádí přes diagnostickou zásuvku. Řídící jednotka motoru od společnosti Trionic. Typ řídící jednotky 7. Předpokládaná doba úpravy tohoto modelu je 1 - 2 hodiny.","numbers":["Výkon HP","250 HP","303 HP","Výkon kW","184 kW","223 kW","Točivý moment Nm","-","+84 Nm","Maximální rychlost","","+ 3 KM/H","Spotřeba město","","-0,30 L / 100 KM","Kombinovaná spotřeba","","-0,25 L / 100 KM","Spotřeba mimo město","","-0,20 L / 100 KM"],"chartPower":"./chartPower/93___1207643.png","chartTorque":""},{"id":"93___1207647","fullName":"ChipTuning - Saab 93 2.8 V6 24v Turbo Aero - 231 HP ","desc":"Zvýšení výkonu motoru (chiptuning) vozidla Saab 93 2.8 V6 24v Turbo Aero - 231 HP je možné z původních 165 kW (226 HP) až na 212 kW (290 HP) a nárůst točivého momentu až na 429 Nm.,Maximální rychlost se po úpravě zvýší o + 5 KM/H a kombinovaná spotřeba se sníží v průměru o -0,50 L / 100 KM.","imgUrl":"./previews/93___.png","fullDesc":"Níže naleznete parametry před a po úpravě Standard pro vozidlo: Saab 93 2.8 V6 24v Turbo Aero - 231 HP. Modelová řada vyráběná od roku 2006. Úprava tohoto modelu se provádí přes diagnostickou zásuvku. Řídící jednotka motoru od společnosti Bosch. Typ řídící jednotky ME9.6.1. Předpokládaná doba úpravy tohoto modelu je 1 - 2 hodiny.","numbers":["Výkon HP","226 HP","275 HP","Výkon kW","165 kW","201 kW","Točivý moment Nm","-","+78 Nm","Maximální rychlost","","+ 3 KM/H","Spotřeba město","","-0,30 L / 100 KM","Kombinovaná spotřeba","","-0,25 L / 100 KM","Spotřeba mimo město","","-0,20 L / 100 KM"],"chartPower":"./chartPower/93___1207647.png","chartTorque":""},{"id":"93___1207648","fullName":"ChipTuning - Saab 93 2.8 V6 24v Turbo Aero - 250 HP ","desc":"Zvýšení výkonu motoru (chiptuning) vozidla Saab 93 2.8 V6 24v Turbo Aero - 250 HP je možné z původních 179 kW (245 HP) až na 230 kW (314 HP) a nárůst točivého momentu až na 464 Nm.,Maximální rychlost se po úpravě zvýší o + 5 KM/H a kombinovaná spotřeba se sníží v průměru o -0,50 L / 100 KM.","imgUrl":"./previews/93___.png","fullDesc":"Níže naleznete parametry před a po úpravě Standard pro vozidlo: Saab 93 2.8 V6 24v Turbo Aero - 250 HP. Modelová řada vyráběná od roku 2006. Úprava tohoto modelu se provádí přes diagnostickou zásuvku. Řídící jednotka motoru od společnosti Bosch. Typ řídící jednotky ME9.6.1. Předpokládaná doba úpravy tohoto modelu je 1 - 2 hodiny.","numbers":["Výkon HP","245 HP","298 HP","Výkon kW","179 kW","218 kW","Točivý moment Nm","-","+84 Nm","Maximální rychlost","","+ 3 KM/H","Spotřeba město","","-0,30 L / 100 KM","Kombinovaná spotřeba","","-0,25 L / 100 KM","Spotřeba mimo město","","-0,20 L / 100 KM"],"chartPower":"./chartPower/93___1207648.png","chartTorque":""},{"id":"93___1207649","fullName":"ChipTuning - Saab 93 2.8 V6 24v Turbo Aero - 254 HP ","desc":"Zvýšení výkonu motoru (chiptuning) vozidla Saab 93 2.8 V6 24v Turbo Aero - 254 HP je možné z původních 183 kW (250 HP) až na 234 kW (319 HP) a nárůst točivého momentu až na 473 Nm.,Maximální rychlost se po úpravě zvýší o + 5 KM/H a kombinovaná spotřeba se sníží v průměru o -0,50 L / 100 KM.","imgUrl":"./previews/93___.png","fullDesc":"Níže naleznete parametry před a po úpravě Standard pro vozidlo: Saab 93 2.8 V6 24v Turbo Aero - 254 HP. Modelová řada vyráběná od roku 2006. Úprava tohoto modelu se provádí přes diagnostickou zásuvku. Řídící jednotka motoru od společnosti Bosch. Typ řídící jednotky ME9.6.1. Předpokládaná doba úpravy tohoto modelu je 1 - 2 hodiny.","numbers":["Výkon HP","250 HP","303 HP","Výkon kW","183 kW","222 kW","Točivý moment Nm","-","+86 Nm","Maximální rychlost","","+ 3 KM/H","Spotřeba město","","-0,30 L / 100 KM","Kombinovaná spotřeba","","-0,25 L / 100 KM","Spotřeba mimo město","","-0,20 L / 100 KM"],"chartPower":"./chartPower/93___1207649.png","chartTorque":""},{"id":"93___1207653","fullName":"ChipTuning - Saab 93 2.8 V6 24v Turbo FWD - 280 HP ","desc":"Zvýšení výkonu motoru (chiptuning) vozidla Saab 93 2.8 V6 24v Turbo FWD - 280 HP je možné z původních 207 kW (281 HP) až na 250 kW (340 HP) a nárůst točivého momentu až na 526 Nm.,Maximální rychlost se po úpravě zvýší o + 5 KM/H a kombinovaná spotřeba se sníží v průměru o -0,50 L / 100 KM.","imgUrl":"./previews/93___.png","fullDesc":"Níže naleznete parametry před a po úpravě Standard pro vozidlo: Saab 93 2.8 V6 24v Turbo FWD - 280 HP. Modelová řada vyráběná od roku 2009. Úprava tohoto modelu se provádí přes diagnostickou zásuvku. Řídící jednotka motoru od společnosti Bosch. Typ řídící jednotky ME9.6.1. Předpokládaná doba úpravy tohoto modelu je 1 - 2 hodiny.","numbers":["Výkon HP","281 HP","326 HP","Výkon kW","207 kW","240 kW","Točivý moment Nm","-","+94 Nm","Maximální rychlost","","+ 3 KM/H","Spotřeba město","","-0,30 L / 100 KM","Kombinovaná spotřeba","","-0,25 L / 100 KM","Spotřeba mimo město","","-0,20 L / 100 KM"],"chartPower":"./chartPower/93___1207653.png","chartTorque":""},{"id":"93___1207655","fullName":"ChipTuning - Saab 93 2.8 V6 24v Turbo X - 280 HP ","desc":"Zvýšení výkonu motoru (chiptuning) vozidla Saab 93 2.8 V6 24v Turbo X - 280 HP je možné z původních 210 kW (284 HP) až na 253 kW (343 HP) a nárůst točivého momentu až na 529 Nm.,Maximální rychlost se po úpravě zvýší o + 5 KM/H a kombinovaná spotřeba se sníží v průměru o -0,50 L / 100 KM.","imgUrl":"./previews/93___.png","fullDesc":"Níže naleznete parametry před a po úpravě Standard pro vozidlo: Saab 93 2.8 V6 24v Turbo X - 280 HP. Modelová řada vyráběná od roku 2008. Úprava tohoto modelu se provádí přes diagnostickou zásuvku. Řídící jednotka motoru od společnosti Bosch. Typ řídící jednotky ME9.6.1. Předpokládaná doba úpravy tohoto modelu je 1 - 2 hodiny.","numbers":["Výkon HP","284 HP","329 HP","Výkon kW","210 kW","243 kW","Točivý moment Nm","-","+94 Nm","Maximální rychlost","","+ 3 KM/H","Spotřeba město","","-0,30 L / 100 KM","Kombinovaná spotřeba","","-0,25 L / 100 KM","Spotřeba mimo město","","-0,20 L / 100 KM"],"chartPower":"./chartPower/93___1207655.png","chartTorque":""},{"id":"93___1207657","fullName":"ChipTuning - Saab 93 2.8 V6 24v Turbo XWD - 280 HP ","desc":"Zvýšení výkonu motoru (chiptuning) vozidla Saab 93 2.8 V6 24v Turbo XWD - 280 HP je možné z původních 210 kW (284 HP) až na 253 kW (343 HP) a nárůst točivého momentu až na 529 Nm.,Maximální rychlost se po úpravě zvýší o + 5 KM/H a kombinovaná spotřeba se sníží v průměru o -0,50 L / 100 KM.","imgUrl":"./previews/93___.png","fullDesc":"Níže naleznete parametry před a po úpravě Standard pro vozidlo: Saab 93 2.8 V6 24v Turbo XWD - 280 HP. Modelová řada vyráběná od roku 2008. Úprava tohoto modelu se provádí přes diagnostickou zásuvku. Řídící jednotka motoru od společnosti Bosch. Typ řídící jednotky ME9.6.1. Předpokládaná doba úpravy tohoto modelu je 1 - 2 hodiny.","numbers":["Výkon HP","284 HP","329 HP","Výkon kW","210 kW","243 kW","Točivý moment Nm","-","+94 Nm","Maximální rychlost","","+ 3 KM/H","Spotřeba město","","-0,30 L / 100 KM","Kombinovaná spotřeba","","-0,25 L / 100 KM","Spotřeba mimo město","","-0,20 L / 100 KM"],"chartPower":"./chartPower/93___1207657.png","chartTorque":""},{"id":"95___1207659","fullName":"ChipTuning - Saab 95 1.9 16v TiD - 150 HP ","desc":"Zvýšení výkonu motoru (chiptuning) vozidla Saab 95 1.9 16v TiD - 150 HP je možné z původních 106 kW (146 HP) až na 140 kW (193 HP) a nárůst točivého momentu až na 487 Nm.,Maximální rychlost se po úpravě zvýší o + 5 KM/H a kombinovaná spotřeba se sníží v průměru o -0,50 L / 100 KM.","imgUrl":"./previews/95___.png","fullDesc":"Níže naleznete parametry před a po úpravě Standard pro vozidlo: Saab 95 1.9 16v TiD - 150 HP. Modelová řada vyráběná od roku 2007. Úprava tohoto modelu se provádí přes diagnostickou zásuvku. Řídící jednotka motoru od společnosti Bosch. Typ řídící jednotky EDC16C39. Předpokládaná doba úpravy tohoto modelu je 1 - 2 hodiny.","numbers":["Výkon HP","146 HP","182 HP","Výkon kW","106 kW","132 kW","Točivý moment Nm","-","+96 Nm","Maximální rychlost","","+ 3 KM/H","Spotřeba město","","-0,30 L / 100 KM","Kombinovaná spotřeba","","-0,25 L / 100 KM","Spotřeba mimo město","","-0,20 L / 100 KM"],"chartPower":"./chartPower/95___1207659.png","chartTorque":""},{"id":"95___1207660","fullName":"ChipTuning - Saab 95 2.0 16v TTiD - 190 HP ","desc":"Zvýšení výkonu motoru (chiptuning) vozidla Saab 95 2.0 16v TTiD - 190 HP je možné z původních 135 kW (185 HP) až na 173 kW (237 HP) a nárůst točivého momentu ze 395 Nm až na 546 Nm.,Maximální rychlost se po úpravě zvýší o + 9 KM/H a kombinovaná spotřeba se sníží v průměru o -0,70 L / 100 KM.","imgUrl":"./previews/95___.png","fullDesc":"Níže naleznete parametry před a po úpravě Standard pro vozidlo: Saab 95 2.0 16v TTiD - 190 HP. Modelová řada vyráběná od roku 2010. Řídící jednotka motoru od společnosti Bosch. Typ řídící jednotky EDC17C19. Předpokládaná doba úpravy tohoto modelu je 2 - 4 hodiny.","numbers":["Výkon HP","185 HP","225 HP","Výkon kW","135 kW","164 kW","Točivý moment Nm","395 Nm","503 Nm","Maximální rychlost","","+ 6 KM/H","Spotřeba město","","-0,50 L / 100 KM","Kombinovaná spotřeba","","-0,40 L / 100 KM","Spotřeba mimo město","","-0,30 L / 100 KM"],"chartPower":"./chartPower/95___1207660.png","chartTorque":"./chartTorque/95___1207660.png"},{"id":"95___1207669","fullName":"ChipTuning - Saab 95 2.0 16v Turbo - 150 HP ","desc":"Zvýšení výkonu motoru (chiptuning) vozidla Saab 95 2.0 16v Turbo - 150 HP je možné z původních 108 kW (148 HP) až na 142 kW (195 HP) a nárůst točivého momentu až na 285 Nm.,Maximální rychlost se po úpravě zvýší o + 5 KM/H a kombinovaná spotřeba se sníží v průměru o -0,50 L / 100 KM.","imgUrl":"./previews/95___.png","fullDesc":"Níže naleznete parametry před a po úpravě Standard pro vozidlo: Saab 95 2.0 16v Turbo - 150 HP. Modelová řada vyráběná od roku 1998. Úprava tohoto modelu se provádí přes diagnostickou zásuvku. Řídící jednotka motoru od společnosti Trionic. Typ řídící jednotky 7. Předpokládaná doba úpravy tohoto modelu je 1 - 2 hodiny.","numbers":["Výkon HP","148 HP","184 HP","Výkon kW","108 kW","134 kW","Točivý moment Nm","-","+55 Nm","Maximální rychlost","","+ 3 KM/H","Spotřeba město","","-0,30 L / 100 KM","Kombinovaná spotřeba","","-0,25 L / 100 KM","Spotřeba mimo město","","-0,20 L / 100 KM"],"chartPower":"./chartPower/95___1207669.png","chartTorque":""},{"id":"95___1207671","fullName":"ChipTuning - Saab 95 2.0 16v Turbo - 220 HP ","desc":"Zvýšení výkonu motoru (chiptuning) vozidla Saab 95 2.0 16v Turbo - 220 HP je možné z původních 164 kW (222 HP) až na 208 kW (282 HP) a nárůst točivého momentu až na 433 Nm.,Maximální rychlost se po úpravě zvýší o + 5 KM/H a kombinovaná spotřeba se sníží v průměru o -0,50 L / 100 KM.","imgUrl":"./previews/95___.png","fullDesc":"Níže naleznete parametry před a po úpravě Standard pro vozidlo: Saab 95 2.0 16v Turbo - 220 HP. Modelová řada vyráběná od roku 2010. Úprava tohoto modelu se provádí přes diagnostickou zásuvku. Řídící jednotka motoru od společnosti ACDelco. Typ řídící jednotky E39. Předpokládaná doba úpravy tohoto modelu je 1 - 2 hodiny.","numbers":["Výkon HP","222 HP","268 HP","Výkon kW","164 kW","198 kW","Točivý moment Nm","-","+87 Nm","Maximální rychlost","","+ 3 KM/H","Spotřeba město","","-0,30 L / 100 KM","Kombinovaná spotřeba","","-0,25 L / 100 KM","Spotřeba mimo město","","-0,20 L / 100 KM"],"chartPower":"./chartPower/95___1207671.png","chartTorque":""},{"id":"95___1207672","fullName":"ChipTuning - Saab 95 2.0 16v Turbo BioPower - 180 HP ","desc":"Zvýšení výkonu motoru (chiptuning) vozidla Saab 95 2.0 16v Turbo BioPower - 180 HP je možné z původních 127 kW (175 HP) až na 169 kW (231 HP) a nárůst točivého momentu až na 346 Nm.,Maximální rychlost se po úpravě zvýší o + 5 KM/H a kombinovaná spotřeba se sníží v průměru o -0,50 L / 100 KM.","imgUrl":"./previews/95___.png","fullDesc":"Níže naleznete parametry před a po úpravě Standard pro vozidlo: Saab 95 2.0 16v Turbo BioPower - 180 HP. Modelová řada vyráběná od roku 2005. Úprava tohoto modelu se provádí přes diagnostickou zásuvku. Řídící jednotka motoru od společnosti Trionic. Typ řídící jednotky 7. Předpokládaná doba úpravy tohoto modelu je 1 - 2 hodiny.","numbers":["Výkon HP","175 HP","218 HP","Výkon kW","127 kW","159 kW","Točivý moment Nm","-","+71 Nm","Maximální rychlost","","+ 3 KM/H","Spotřeba město","","-0,30 L / 100 KM","Kombinovaná spotřeba","","-0,25 L / 100 KM","Spotřeba mimo město","","-0,20 L / 100 KM"],"chartPower":"./chartPower/95___1207672.png","chartTorque":""},{"id":"95___1207673","fullName":"ChipTuning - Saab 95 2.0 16v Turbo Ecopower - 150 HP ","desc":"Zvýšení výkonu motoru (chiptuning) vozidla Saab 95 2.0 16v Turbo Ecopower - 150 HP je možné z původních 114 kW (154 HP) až na 148 kW (201 HP) a nárůst točivého momentu až na 291 Nm.,Maximální rychlost se po úpravě zvýší o + 5 KM/H a kombinovaná spotřeba se sníží v průměru o -0,50 L / 100 KM.","imgUrl":"./previews/95___.png","fullDesc":"Níže naleznete parametry před a po úpravě Standard pro vozidlo: Saab 95 2.0 16v Turbo Ecopower - 150 HP. Modelová řada vyráběná od roku 2001. Úprava tohoto modelu se provádí přes diagnostickou zásuvku. Řídící jednotka motoru od společnosti Trionic. Typ řídící jednotky 7. Předpokládaná doba úpravy tohoto modelu je 1 - 2 hodiny.","numbers":["Výkon HP","154 HP","190 HP","Výkon kW","114 kW","140 kW","Točivý moment Nm","-","+55 Nm","Maximální rychlost","","+ 3 KM/H","Spotřeba město","","-0,30 L / 100 KM","Kombinovaná spotřeba","","-0,25 L / 100 KM","Spotřeba mimo město","","-0,20 L / 100 KM"],"chartPower":"./chartPower/95___1207673.png","chartTorque":""},{"id":"95___1207676","fullName":"ChipTuning - Saab 95 2.0 16v Turbo SAAB Tuned - 185 HP ","desc":"Zvýšení výkonu motoru (chiptuning) vozidla Saab 95 2.0 16v Turbo SAAB Tuned - 185 HP je možné z původních 139 kW (188 HP) až na 182 kW (245 HP) a nárůst točivého momentu až na 365 Nm.,Maximální rychlost se po úpravě zvýší o + 5 KM/H a kombinovaná spotřeba se sníží v průměru o -0,50 L / 100 KM.","imgUrl":"./previews/95___.png","fullDesc":"Níže naleznete parametry před a po úpravě Standard pro vozidlo: Saab 95 2.0 16v Turbo SAAB Tuned - 185 HP. Modelová řada vyráběná od roku 2001. Úprava tohoto modelu se provádí přes diagnostickou zásuvku. Řídící jednotka motoru od společnosti Trionic. Typ řídící jednotky 7. Předpokládaná doba úpravy tohoto modelu je 1 - 2 hodiny.","numbers":["Výkon HP","188 HP","232 HP","Výkon kW","139 kW","172 kW","Točivý moment Nm","-","+73 Nm","Maximální rychlost","","+ 3 KM/H","Spotřeba město","","-0,30 L / 100 KM","Kombinovaná spotřeba","","-0,25 L / 100 KM","Spotřeba mimo město","","-0,20 L / 100 KM"],"chartPower":"./chartPower/95___1207676.png","chartTorque":""},{"id":"95___1207674","fullName":"ChipTuning - Saab 95 2.0 16v Turbo SAAB Tuned - 192 HP ","desc":"Zvýšení výkonu motoru (chiptuning) vozidla Saab 95 2.0 16v Turbo SAAB Tuned - 192 HP je možné z původních 144 kW (195 HP) až na 188 kW (255 HP) a nárůst točivého momentu až na 377 Nm.,Maximální rychlost se po úpravě zvýší o + 5 KM/H a kombinovaná spotřeba se sníží v průměru o -0,50 L / 100 KM.","imgUrl":"./previews/95___.png","fullDesc":"Níže naleznete parametry před a po úpravě Standard pro vozidlo: Saab 95 2.0 16v Turbo SAAB Tuned - 192 HP. Modelová řada vyráběná od roku 1998. Úprava tohoto modelu se provádí přes diagnostickou zásuvku. Řídící jednotka motoru od společnosti Trionic. Typ řídící jednotky 7. Předpokládaná doba úpravy tohoto modelu je 1 - 2 hodiny.","numbers":["Výkon HP","195 HP","241 HP","Výkon kW","144 kW","178 kW","Točivý moment Nm","-","+75 Nm","Maximální rychlost","","+ 3 KM/H","Spotřeba město","","-0,30 L / 100 KM","Kombinovaná spotřeba","","-0,25 L / 100 KM","Spotřeba mimo město","","-0,20 L / 100 KM"],"chartPower":"./chartPower/95___1207674.png","chartTorque":""},{"id":"95___1207663","fullName":"ChipTuning - Saab 95 2.0 TiD - 160 HP ","desc":"Zvýšení výkonu motoru (chiptuning) vozidla Saab 95 2.0 TiD - 160 HP je možné z původních 121 kW (163 HP) až na 157 kW (212 HP) a nárůst točivého momentu ze 353 Nm až na 486 Nm.,Maximální rychlost se po úpravě zvýší o + 9 KM/H a kombinovaná spotřeba se sníží v průměru o -0,70 L / 100 KM.","imgUrl":"./previews/95___.png","fullDesc":"Níže naleznete parametry před a po úpravě Standard pro vozidlo: Saab 95 2.0 TiD - 160 HP. Modelová řada vyráběná od roku 2009. Řídící jednotka motoru od společnosti Bosch. Typ řídící jednotky EDC17CP21. Předpokládaná doba úpravy tohoto modelu je 2 - 4 hodiny.","numbers":["Výkon HP","163 HP","201 HP","Výkon kW","121 kW","149 kW","Točivý moment Nm","353 Nm","448 Nm","Maximální rychlost","","+ 6 KM/H","Spotřeba město","","-0,50 L / 100 KM","Kombinovaná spotřeba","","-0,40 L / 100 KM","Spotřeba mimo město","","-0,30 L / 100 KM"],"chartPower":"./chartPower/95___1207663.png","chartTorque":"./chartTorque/95___1207663.png"},{"id":"95___1207661","fullName":"ChipTuning - Saab 95 2.0 TiD Automat - 160 HP ","desc":"Zvýšení výkonu motoru (chiptuning) vozidla Saab 95 2.0 TiD Automat - 160 HP je možné z původních 119 kW (161 HP) až na 154 kW (208 HP) a nárůst točivého momentu ze 351 Nm až na 466 Nm.,Maximální rychlost se po úpravě zvýší o + 9 KM/H a kombinovaná spotřeba se sníží v průměru o -0,70 L / 100 KM.","imgUrl":"./previews/95___.png","fullDesc":"Níže naleznete parametry před a po úpravě Standard pro vozidlo: Saab 95 2.0 TiD Automat - 160 HP. Modelová řada vyráběná od roku 2009. Řídící jednotka motoru od společnosti Bosch. Typ řídící jednotky EDC17CP21. Tato úprava je přizpůsobena pro automatickou převodovku. Předpokládaná doba úpravy tohoto modelu je 2 - 4 hodiny.","numbers":["Výkon HP","161 HP","197 HP","Výkon kW","119 kW","146 kW","Točivý moment Nm","351 Nm","433 Nm","Maximální rychlost","","+ 6 KM/H","Spotřeba město","","-0,50 L / 100 KM","Kombinovaná spotřeba","","-0,40 L / 100 KM","Spotřeba mimo město","","-0,30 L / 100 KM"],"chartPower":"./chartPower/95___1207661.png","chartTorque":"./chartTorque/95___1207661.png"},{"id":"95___1207668","fullName":"ChipTuning - Saab 95 2.0 TTiD - 190 HP ","desc":"Zvýšení výkonu motoru (chiptuning) vozidla Saab 95 2.0 TTiD - 190 HP je možné z původních 120 kW (192 HP) až na 156 kW (252 HP) a nárůst točivého momentu ze 402 Nm až na 553 Nm.,Maximální rychlost se po úpravě zvýší o + 9 KM/H a kombinovaná spotřeba se sníží v průměru o -0,70 L / 100 KM.","imgUrl":"./previews/95___.png","fullDesc":"Níže naleznete parametry před a po úpravě Standard pro vozidlo: Saab 95 2.0 TTiD - 190 HP. Modelová řada vyráběná od roku 2010. Řídící jednotka motoru od společnosti Bosch. Typ řídící jednotky EDC17CP21. Předpokládaná doba úpravy tohoto modelu je 2 - 4 hodiny.","numbers":["Výkon HP","192 HP","238 HP","Výkon kW","120 kW","148 kW","Točivý moment Nm","402 Nm","510 Nm","Maximální rychlost","","+ 6 KM/H","Spotřeba město","","-0,50 L / 100 KM","Kombinovaná spotřeba","","-0,40 L / 100 KM","Spotřeba mimo město","","-0,30 L / 100 KM"],"chartPower":"./chartPower/95___1207668.png","chartTorque":"./chartTorque/95___1207668.png"},{"id":"95___1207667","fullName":"ChipTuning - Saab 95 2.0 TTiD - 190 HP ","desc":"Zvýšení výkonu motoru (chiptuning) vozidla Saab 95 2.0 TTiD - 190 HP je možné z původních 135 kW (185 HP) až na 173 kW (237 HP) a nárůst točivého momentu ze 395 Nm až na 546 Nm.,Maximální rychlost se po úpravě zvýší o + 9 KM/H a kombinovaná spotřeba se sníží v průměru o -0,70 L / 100 KM.","imgUrl":"./previews/95___.png","fullDesc":"Níže naleznete parametry před a po úpravě Standard pro vozidlo: Saab 95 2.0 TTiD - 190 HP. Modelová řada vyráběná od roku 2009. Řídící jednotka motoru od společnosti Bosch. Typ řídící jednotky EDC17CP21. Předpokládaná doba úpravy tohoto modelu je 2 - 4 hodiny.","numbers":["Výkon HP","185 HP","225 HP","Výkon kW","135 kW","164 kW","Točivý moment Nm","395 Nm","503 Nm","Maximální rychlost","","+ 6 KM/H","Spotřeba město","","-0,50 L / 100 KM","Kombinovaná spotřeba","","-0,40 L / 100 KM","Spotřeba mimo město","","-0,30 L / 100 KM"],"chartPower":"./chartPower/95___1207667.png","chartTorque":"./chartTorque/95___1207667.png"},{"id":"95___1207665","fullName":"ChipTuning - Saab 95 2.0 TTiD Automat - 190 HP ","desc":"Zvýšení výkonu motoru (chiptuning) vozidla Saab 95 2.0 TTiD Automat - 190 HP je možné z původních 119 kW (191 HP) až na 154 kW (248 HP) a nárůst točivého momentu ze 401 Nm až na 531 Nm.,Maximální rychlost se po úpravě zvýší o + 9 KM/H a kombinovaná spotřeba se sníží v průměru o -0,70 L / 100 KM.","imgUrl":"./previews/95___.png","fullDesc":"Níže naleznete parametry před a po úpravě Standard pro vozidlo: Saab 95 2.0 TTiD Automat - 190 HP. Modelová řada vyráběná od roku 2009. Řídící jednotka motoru od společnosti Bosch. Typ řídící jednotky EDC17CP21. Tato úprava je přizpůsobena pro automatickou převodovku. Předpokládaná doba úpravy tohoto modelu je 2 - 4 hodiny.","numbers":["Výkon HP","191 HP","235 HP","Výkon kW","119 kW","146 kW","Točivý moment Nm","401 Nm","494 Nm","Maximální rychlost","","+ 6 KM/H","Spotřeba město","","-0,50 L / 100 KM","Kombinovaná spotřeba","","-0,40 L / 100 KM","Spotřeba mimo město","","-0,30 L / 100 KM"],"chartPower":"./chartPower/95___1207665.png","chartTorque":"./chartTorque/95___1207665.png"},{"id":"95___1207680","fullName":"ChipTuning - Saab 95 2.3 16v Turbo - 163 HP ","desc":"Zvýšení výkonu motoru (chiptuning) vozidla Saab 95 2.3 16v Turbo - 163 HP je možné z původních 117 kW (160 HP) až na 155 kW (211 HP) a nárůst točivého momentu až na 310 Nm.,Maximální rychlost se po úpravě zvýší o + 5 KM/H a kombinovaná spotřeba se sníží v průměru o -0,50 L / 100 KM.","imgUrl":"./previews/95___.png","fullDesc":"Níže naleznete parametry před a po úpravě Standard pro vozidlo: Saab 95 2.3 16v Turbo - 163 HP. Modelová řada vyráběná od roku 2001. Úprava tohoto modelu se provádí přes diagnostickou zásuvku. Řídící jednotka motoru od společnosti Trionic. Typ řídící jednotky 7. Předpokládaná doba úpravy tohoto modelu je 1 - 2 hodiny.","numbers":["Výkon HP","160 HP","199 HP","Výkon kW","117 kW","146 kW","Točivý moment Nm","-","+60 Nm","Maximální rychlost","","+ 3 KM/H","Spotřeba město","","-0,30 L / 100 KM","Kombinovaná spotřeba","","-0,25 L / 100 KM","Spotřeba mimo město","","-0,20 L / 100 KM"],"chartPower":"./chartPower/95___1207680.png","chartTorque":""},{"id":"95___1207679","fullName":"ChipTuning - Saab 95 2.3 16v Turbo - 170 HP ","desc":"Zvýšení výkonu motoru (chiptuning) vozidla Saab 95 2.3 16v Turbo - 170 HP je možné z původních 124 kW (169 HP) až na 163 kW (222 HP) a nárůst točivého momentu až na 325 Nm.,Maximální rychlost se po úpravě zvýší o + 5 KM/H a kombinovaná spotřeba se sníží v průměru o -0,50 L / 100 KM.","imgUrl":"./previews/95___.png","fullDesc":"Níže naleznete parametry před a po úpravě Standard pro vozidlo: Saab 95 2.3 16v Turbo - 170 HP. Modelová řada vyráběná od roku 2001. Úprava tohoto modelu se provádí přes diagnostickou zásuvku. Řídící jednotka motoru od společnosti Trionic. Typ řídící jednotky 7. Předpokládaná doba úpravy tohoto modelu je 1 - 2 hodiny.","numbers":["Výkon HP","169 HP","210 HP","Výkon kW","124 kW","154 kW","Točivý moment Nm","-","+62 Nm","Maximální rychlost","","+ 3 KM/H","Spotřeba město","","-0,30 L / 100 KM","Kombinovaná spotřeba","","-0,25 L / 100 KM","Spotřeba mimo město","","-0,20 L / 100 KM"],"chartPower":"./chartPower/95___1207679.png","chartTorque":""},{"id":"95___1207678","fullName":"ChipTuning - Saab 95 2.3 16v Turbo - 185 HP ","desc":"Zvýšení výkonu motoru (chiptuning) vozidla Saab 95 2.3 16v Turbo - 185 HP je možné z původních 131 kW (180 HP) až na 174 kW (237 HP) a nárůst točivého momentu až na 357 Nm.,Maximální rychlost se po úpravě zvýší o + 5 KM/H a kombinovaná spotřeba se sníží v průměru o -0,50 L / 100 KM.","imgUrl":"./previews/95___.png","fullDesc":"Níže naleznete parametry před a po úpravě Standard pro vozidlo: Saab 95 2.3 16v Turbo - 185 HP. Modelová řada vyráběná od roku 2001. Úprava tohoto modelu se provádí přes diagnostickou zásuvku. Řídící jednotka motoru od společnosti Trionic. Typ řídící jednotky 7. Předpokládaná doba úpravy tohoto modelu je 1 - 2 hodiny.","numbers":["Výkon HP","180 HP","224 HP","Výkon kW","131 kW","164 kW","Točivý moment Nm","-","+73 Nm","Maximální rychlost","","+ 3 KM/H","Spotřeba město","","-0,30 L / 100 KM","Kombinovaná spotřeba","","-0,25 L / 100 KM","Spotřeba mimo město","","-0,20 L / 100 KM"],"chartPower":"./chartPower/95___1207678.png","chartTorque":""},{"id":"95___1207683","fullName":"ChipTuning - Saab 95 2.3 16v Turbo - 220 HP ","desc":"Zvýšení výkonu motoru (chiptuning) vozidla Saab 95 2.3 16v Turbo - 220 HP je možné z původních 163 kW (221 HP) až na 207 kW (281 HP) a nárůst točivého momentu až na 432 Nm.,Maximální rychlost se po úpravě zvýší o + 5 KM/H a kombinovaná spotřeba se sníží v průměru o -0,50 L / 100 KM.","imgUrl":"./previews/95___.png","fullDesc":"Níže naleznete parametry před a po úpravě Standard pro vozidlo: Saab 95 2.3 16v Turbo - 220 HP. Modelová řada vyráběná od roku 2004. Úprava tohoto modelu se provádí přes diagnostickou zásuvku. Řídící jednotka motoru od společnosti Trionic. Typ řídící jednotky 7. Předpokládaná doba úpravy tohoto modelu je 1 - 2 hodiny.","numbers":["Výkon HP","221 HP","267 HP","Výkon kW","163 kW","197 kW","Točivý moment Nm","-","+87 Nm","Maximální rychlost","","+ 3 KM/H","Spotřeba město","","-0,30 L / 100 KM","Kombinovaná spotřeba","","-0,25 L / 100 KM","Spotřeba mimo město","","-0,20 L / 100 KM"],"chartPower":"./chartPower/95___1207683.png","chartTorque":""},{"id":"95___1207691","fullName":"ChipTuning - Saab 95 2.3 16v Turbo Aero - 230 HP ","desc":"Zvýšení výkonu motoru (chiptuning) vozidla Saab 95 2.3 16v Turbo Aero - 230 HP je možné z původních 171 kW (232 HP) až na 217 kW (294 HP) a nárůst točivého momentu až na 434 Nm.,Maximální rychlost se po úpravě zvýší o + 5 KM/H a kombinovaná spotřeba se sníží v průměru o -0,50 L / 100 KM.","imgUrl":"./previews/95___.png","fullDesc":"Níže naleznete parametry před a po úpravě Standard pro vozidlo: Saab 95 2.3 16v Turbo Aero - 230 HP. Modelová řada vyráběná od roku 2000. Úprava tohoto modelu se provádí přes diagnostickou zásuvku. Řídící jednotka motoru od společnosti Trionic. Typ řídící jednotky 7. Předpokládaná doba úpravy tohoto modelu je 1 - 2 hodiny.","numbers":["Výkon HP","232 HP","280 HP","Výkon kW","171 kW","206 kW","Točivý moment Nm","-","+78 Nm","Maximální rychlost","","+ 3 KM/H","Spotřeba město","","-0,30 L / 100 KM","Kombinovaná spotřeba","","-0,25 L / 100 KM","Spotřeba mimo město","","-0,20 L / 100 KM"],"chartPower":"./chartPower/95___1207691.png","chartTorque":""},{"id":"95___1207692","fullName":"ChipTuning - Saab 95 2.3 16v Turbo Aero - 250 HP ","desc":"Zvýšení výkonu motoru (chiptuning) vozidla Saab 95 2.3 16v Turbo Aero - 250 HP je možné z původních 187 kW (253 HP) až na 238 kW (322 HP) a nárůst točivého momentu až na 472 Nm.,Maximální rychlost se po úpravě zvýší o + 5 KM/H a kombinovaná spotřeba se sníží v průměru o -0,50 L / 100 KM.","imgUrl":"./previews/95___.png","fullDesc":"Níže naleznete parametry před a po úpravě Standard pro vozidlo: Saab 95 2.3 16v Turbo Aero - 250 HP. Modelová řada vyráběná od roku 2000. Úprava tohoto modelu se provádí přes diagnostickou zásuvku. Řídící jednotka motoru od společnosti Trionic. Typ řídící jednotky 7. Předpokládaná doba úpravy tohoto modelu je 1 - 2 hodiny.","numbers":["Výkon HP","253 HP","306 HP","Výkon kW","187 kW","226 kW","Točivý moment Nm","-","+84 Nm","Maximální rychlost","","+ 3 KM/H","Spotřeba město","","-0,30 L / 100 KM","Kombinovaná spotřeba","","-0,25 L / 100 KM","Spotřeba mimo město","","-0,20 L / 100 KM"],"chartPower":"./chartPower/95___1207692.png","chartTorque":""},{"id":"95___1207695","fullName":"ChipTuning - Saab 95 2.3 16v Turbo Aero - 301 HP ","desc":"Zvýšení výkonu motoru (chiptuning) vozidla Saab 95 2.3 16v Turbo Aero - 301 HP je možné z původních 225 kW (305 HP) až na 271 kW (367 HP) a nárůst točivého momentu až na 532 Nm.,Maximální rychlost se po úpravě zvýší o + 5 KM/H a kombinovaná spotřeba se sníží v průměru o -0,50 L / 100 KM.","imgUrl":"./previews/95___.png","fullDesc":"Níže naleznete parametry před a po úpravě Standard pro vozidlo: Saab 95 2.3 16v Turbo Aero - 301 HP. Modelová řada vyráběná od roku 2006. Úprava tohoto modelu se provádí přes diagnostickou zásuvku. Řídící jednotka motoru od společnosti Trionic. Typ řídící jednotky 7. Předpokládaná doba úpravy tohoto modelu je 1 - 2 hodiny.","numbers":["Výkon HP","305 HP","353 HP","Výkon kW","225 kW","260 kW","Točivý moment Nm","-","+76 Nm","Maximální rychlost","","+ 3 KM/H","Spotřeba město","","-0,30 L / 100 KM","Kombinovaná spotřeba","","-0,25 L / 100 KM","Spotřeba mimo město","","-0,20 L / 100 KM"],"chartPower":"./chartPower/95___1207695.png","chartTorque":""},{"id":"95___1207697","fullName":"ChipTuning - Saab 95 2.3 16v Turbo Ecopower - 163 HP ","desc":"Zvýšení výkonu motoru (chiptuning) vozidla Saab 95 2.3 16v Turbo Ecopower - 163 HP je možné z původních 123 kW (166 HP) až na 161 kW (217 HP) a nárůst točivého momentu až na 316 Nm.,Maximální rychlost se po úpravě zvýší o + 5 KM/H a kombinovaná spotřeba se sníží v průměru o -0,50 L / 100 KM.","imgUrl":"./previews/95___.png","fullDesc":"Níže naleznete parametry před a po úpravě Standard pro vozidlo: Saab 95 2.3 16v Turbo Ecopower - 163 HP. Modelová řada vyráběná od roku 1998. Úprava tohoto modelu se provádí přes diagnostickou zásuvku. Řídící jednotka motoru od společnosti Trionic. Typ řídící jednotky 7. Předpokládaná doba úpravy tohoto modelu je 1 - 2 hodiny.","numbers":["Výkon HP","166 HP","205 HP","Výkon kW","123 kW","152 kW","Točivý moment Nm","-","+60 Nm","Maximální rychlost","","+ 3 KM/H","Spotřeba město","","-0,30 L / 100 KM","Kombinovaná spotřeba","","-0,25 L / 100 KM","Spotřeba mimo město","","-0,20 L / 100 KM"],"chartPower":"./chartPower/95___1207697.png","chartTorque":""},{"id":"95___1207696","fullName":"ChipTuning - Saab 95 2.3 16v Turbo Ecopower - 165 HP ","desc":"Zvýšení výkonu motoru (chiptuning) vozidla Saab 95 2.3 16v Turbo Ecopower - 165 HP je možné z původních 125 kW (169 HP) až na 163 kW (221 HP) a nárůst točivého momentu až na 319 Nm.,Maximální rychlost se po úpravě zvýší o + 5 KM/H a kombinovaná spotřeba se sníží v průměru o -0,50 L / 100 KM.","imgUrl":"./previews/95___.png","fullDesc":"Níže naleznete parametry před a po úpravě Standard pro vozidlo: Saab 95 2.3 16v Turbo Ecopower - 165 HP. Modelová řada vyráběná od roku 1998. Úprava tohoto modelu se provádí přes diagnostickou zásuvku. Řídící jednotka motoru od společnosti Trionic. Typ řídící jednotky 7. Předpokládaná doba úpravy tohoto modelu je 1 - 2 hodiny.","numbers":["Výkon HP","169 HP","209 HP","Výkon kW","125 kW","154 kW","Točivý moment Nm","-","+60 Nm","Maximální rychlost","","+ 3 KM/H","Spotřeba město","","-0,30 L / 100 KM","Kombinovaná spotřeba","","-0,25 L / 100 KM","Spotřeba mimo město","","-0,20 L / 100 KM"],"chartPower":"./chartPower/95___1207696.png","chartTorque":""},{"id":"95___1207699","fullName":"ChipTuning - Saab 95 2.3 16v Turbo Ecopower - 170 HP ","desc":"Zvýšení výkonu motoru (chiptuning) vozidla Saab 95 2.3 16v Turbo Ecopower - 170 HP je možné z původních 124 kW (169 HP) až na 163 kW (222 HP) a nárůst točivého momentu až na 325 Nm.,Maximální rychlost se po úpravě zvýší o + 5 KM/H a kombinovaná spotřeba se sníží v průměru o -0,50 L / 100 KM.","imgUrl":"./previews/95___.png","fullDesc":"Níže naleznete parametry před a po úpravě Standard pro vozidlo: Saab 95 2.3 16v Turbo Ecopower - 170 HP. Modelová řada vyráběná od roku 1998. Úprava tohoto modelu se provádí přes diagnostickou zásuvku. Řídící jednotka motoru od společnosti Trionic. Typ řídící jednotky 7. Předpokládaná doba úpravy tohoto modelu je 1 - 2 hodiny.","numbers":["Výkon HP","169 HP","210 HP","Výkon kW","124 kW","154 kW","Točivý moment Nm","-","+62 Nm","Maximální rychlost","","+ 3 KM/H","Spotřeba město","","-0,30 L / 100 KM","Kombinovaná spotřeba","","-0,25 L / 100 KM","Spotřeba mimo město","","-0,20 L / 100 KM"],"chartPower":"./chartPower/95___1207699.png","chartTorque":""},{"id":"95___1207701","fullName":"ChipTuning - Saab 95 2.3 16v Turbo Ecopower - 185 HP ","desc":"Zvýšení výkonu motoru (chiptuning) vozidla Saab 95 2.3 16v Turbo Ecopower - 185 HP je možné z původních 137 kW (186 HP) až na 180 kW (243 HP) a nárůst točivého momentu až na 363 Nm.,Maximální rychlost se po úpravě zvýší o + 5 KM/H a kombinovaná spotřeba se sníží v průměru o -0,50 L / 100 KM.","imgUrl":"./previews/95___.png","fullDesc":"Níže naleznete parametry před a po úpravě Standard pro vozidlo: Saab 95 2.3 16v Turbo Ecopower - 185 HP. Modelová řada vyráběná od roku 2000. Úprava tohoto modelu se provádí přes diagnostickou zásuvku. Řídící jednotka motoru od společnosti Trionic. Typ řídící jednotky 7. Předpokládaná doba úpravy tohoto modelu je 1 - 2 hodiny.","numbers":["Výkon HP","186 HP","230 HP","Výkon kW","137 kW","170 kW","Točivý moment Nm","-","+73 Nm","Maximální rychlost","","+ 3 KM/H","Spotřeba město","","-0,30 L / 100 KM","Kombinovaná spotřeba","","-0,25 L / 100 KM","Spotřeba mimo město","","-0,20 L / 100 KM"],"chartPower":"./chartPower/95___1207701.png","chartTorque":""},{"id":"95___1207704","fullName":"ChipTuning - Saab 95 2.8 V6 24v Turbo Aero - 301 HP ","desc":"Zvýšení výkonu motoru (chiptuning) vozidla Saab 95 2.8 V6 24v Turbo Aero - 301 HP je možné z původních 226 kW (306 HP) až na 272 kW (368 HP) a nárůst točivého momentu až na 533 Nm.,Maximální rychlost se po úpravě zvýší o + 5 KM/H a kombinovaná spotřeba se sníží v průměru o -0,50 L / 100 KM.","imgUrl":"./previews/95___.png","fullDesc":"Níže naleznete parametry před a po úpravě Standard pro vozidlo: Saab 95 2.8 V6 24v Turbo Aero - 301 HP. Modelová řada vyráběná od roku 2010. Úprava tohoto modelu se provádí přes diagnostickou zásuvku. Řídící jednotka motoru od společnosti Bosch. Typ řídící jednotky ME9.6.1. Předpokládaná doba úpravy tohoto modelu je 1 - 2 hodiny.","numbers":["Výkon HP","306 HP","354 HP","Výkon kW","226 kW","261 kW","Točivý moment Nm","-","+76 Nm","Maximální rychlost","","+ 3 KM/H","Spotřeba město","","-0,30 L / 100 KM","Kombinovaná spotřeba","","-0,25 L / 100 KM","Spotřeba mimo město","","-0,20 L / 100 KM"],"chartPower":"./chartPower/95___1207704.png","chartTorque":""},{"id":"95___1207706","fullName":"ChipTuning - Saab 95 3.0 V6 Turbo - 200 HP ","desc":"Zvýšení výkonu motoru (chiptuning) vozidla Saab 95 3.0 V6 Turbo - 200 HP je možné z původních 150 kW (203 HP) až na 196 kW (265 HP) a nárůst točivého momentu až na 395 Nm.,Maximální rychlost se po úpravě zvýší o + 5 KM/H a kombinovaná spotřeba se sníží v průměru o -0,50 L / 100 KM.","imgUrl":"./previews/95___.png","fullDesc":"Níže naleznete parametry před a po úpravě Standard pro vozidlo: Saab 95 3.0 V6 Turbo - 200 HP. Modelová řada vyráběná od roku 1998. Úprava tohoto modelu se provádí přes diagnostickou zásuvku. Řídící jednotka motoru od společnosti Trionic. Typ řídící jednotky 7. Předpokládaná doba úpravy tohoto modelu je 1 - 2 hodiny.","numbers":["Výkon HP","203 HP","251 HP","Výkon kW","150 kW","185 kW","Točivý moment Nm","-","+79 Nm","Maximální rychlost","","+ 3 KM/H","Spotřeba město","","-0,30 L / 100 KM","Kombinovaná spotřeba","","-0,25 L / 100 KM","Spotřeba mimo město","","-0,20 L / 100 KM"],"chartPower":"./chartPower/95___1207706.png","chartTorque":""}]