[{"id":"forfour__w453_1217983","fullName":"ChipTuning - Smart Forfour 1.0 - 71 HP ","desc":"Zvýšení výkonu motoru (chiptuning) vozidla Smart Forfour 1.0 - 71 HP je možné z původních 52 kW (71 HP) až na 57 kW (79 HP) a nárůst točivého momentu ze 91 Nm až na 102 Nm.,Maximální rychlost se po úpravě zvýší o + 1 KM/H a kombinovaná spotřeba se sníží v průměru o -0,30 L / 100 KM.","imgUrl":"./previews/forfour__w453_.png","fullDesc":"Níže naleznete parametry před a po úpravě Standard pro vozidlo: Smart Forfour 1.0 - 71 HP. Modelová řada W453, vyráběná od roku 2014. Úprava tohoto modelu se provádí připojením na konektory řídící jednotky bez rozebírání jednotky. Řídící jednotka motoru od společnosti Bosch. Typ řídící jednotky ME17.9.20. Předpokládaná doba úpravy tohoto modelu je 1.5 - 2.5 hodiny.","numbers":["Výkon HP","71 HP","79 HP","Výkon kW","52 kW","57 kW","Točivý moment Nm","91 Nm","102 Nm","Maximální rychlost","","+ 1 KM/H","Spotřeba město","","-0,20 L / 100 KM","Kombinovaná spotřeba","","-0,20 L / 100 KM","Spotřeba mimo město","","-0,10 L / 100 KM"],"chartPower":"./chartPower/forfour__w453_1217983.png","chartTorque":"./chartTorque/forfour__w453_1217983.png"},{"id":"forfour__w453_1217993","fullName":"ChipTuning - Smart Forfour 1.0 Automat - 71 HP ","desc":"Zvýšení výkonu motoru (chiptuning) vozidla Smart Forfour 1.0 Automat - 71 HP je možné z původních 52 kW (71 HP) až na 57 kW (79 HP) a nárůst točivého momentu ze 91 Nm až na 102 Nm.,Maximální rychlost se po úpravě zvýší o + 1 KM/H a kombinovaná spotřeba se sníží v průměru o -0,30 L / 100 KM.","imgUrl":"./previews/forfour__w453_.png","fullDesc":"Níže naleznete parametry před a po úpravě Standard pro vozidlo: Smart Forfour 1.0 Automat - 71 HP. Modelová řada W453, vyráběná od roku 2014. Úprava tohoto modelu se provádí připojením na konektory řídící jednotky bez rozebírání jednotky. Řídící jednotka motoru od společnosti Bosch. Typ řídící jednotky ME17.9.20. Tato úprava je přizpůsobena pro automatickou převodovku. Předpokládaná doba úpravy tohoto modelu je 1.5 - 2.5 hodiny.","numbers":["Výkon HP","71 HP","79 HP","Výkon kW","52 kW","57 kW","Točivý moment Nm","91 Nm","102 Nm","Maximální rychlost","","+ 1 KM/H","Spotřeba město","","-0,20 L / 100 KM","Kombinovaná spotřeba","","-0,20 L / 100 KM","Spotřeba mimo město","","-0,10 L / 100 KM"],"chartPower":"./chartPower/forfour__w453_1217993.png","chartTorque":"./chartTorque/forfour__w453_1217993.png"},{"id":"forfour__w453_1218003","fullName":"ChipTuning - Smart Forfour 900 - 90 HP ","desc":"Zvýšení výkonu motoru (chiptuning) vozidla Smart Forfour 900 - 90 HP je možné z původních 66 kW (90 HP) až na 89 kW (121 HP) a nárůst točivého momentu ze 135 Nm až na 177 Nm.,Maximální rychlost se po úpravě zvýší o + 5 KM/H a kombinovaná spotřeba se sníží v průměru o -0,50 L / 100 KM.","imgUrl":"./previews/forfour__w453_.png","fullDesc":"Níže naleznete parametry před a po úpravě Standard pro vozidlo: Smart Forfour 900 - 90 HP. Modelová řada W453, vyráběná od roku 2014. Úprava tohoto modelu se provádí připojením na konektory řídící jednotky bez rozebírání jednotky. Řídící jednotka motoru od společnosti Bosch. Typ řídící jednotky ME17.7.20 nebo ME17.9.20. Předpokládaná doba úpravy tohoto modelu je 1.5 - 2.5 hodiny.","numbers":["Výkon HP","90 HP","114 HP","Výkon kW","66 kW","84 kW","Točivý moment Nm","135 Nm","165 Nm","Maximální rychlost","","+ 3 KM/H","Spotřeba město","","-0,30 L / 100 KM","Kombinovaná spotřeba","","-0,25 L / 100 KM","Spotřeba mimo město","","-0,20 L / 100 KM"],"chartPower":"./chartPower/forfour__w453_1218003.png","chartTorque":"./chartTorque/forfour__w453_1218003.png"},{"id":"forfour__w453_1218014","fullName":"ChipTuning - Smart Forfour 900 Automat - 90 HP ","desc":"Zvýšení výkonu motoru (chiptuning) vozidla Smart Forfour 900 Automat - 90 HP je možné z původních 66 kW (90 HP) až na 88 kW (120 HP) a nárůst točivého momentu ze 135 Nm až na 170 Nm.,Maximální rychlost se po úpravě zvýší o + 5 KM/H a kombinovaná spotřeba se sníží v průměru o -0,50 L / 100 KM.","imgUrl":"./previews/forfour__w453_.png","fullDesc":"Níže naleznete parametry před a po úpravě Standard pro vozidlo: Smart Forfour 900 Automat - 90 HP. Modelová řada W453, vyráběná od roku 2014. Úprava tohoto modelu se provádí připojením na konektory řídící jednotky bez rozebírání jednotky. Řídící jednotka motoru od společnosti Bosch. Typ řídící jednotky ME17.7.20 nebo ME17.9.20. Tato úprava je přizpůsobena pro automatickou převodovku. Předpokládaná doba úpravy tohoto modelu je 1.5 - 2.5 hodiny.","numbers":["Výkon HP","90 HP","113 HP","Výkon kW","66 kW","83 kW","Točivý moment Nm","135 Nm","160 Nm","Maximální rychlost","","+ 3 KM/H","Spotřeba město","","-0,30 L / 100 KM","Kombinovaná spotřeba","","-0,25 L / 100 KM","Spotřeba mimo město","","-0,20 L / 100 KM"],"chartPower":"./chartPower/forfour__w453_1218014.png","chartTorque":"./chartTorque/forfour__w453_1218014.png"},{"id":"forfour__w454_1218043","fullName":"ChipTuning - Smart Forfour 1.3 - 95 HP ","desc":"Zvýšení výkonu motoru (chiptuning) vozidla Smart Forfour 1.3 - 95 HP je možné z původních 70 kW (95 HP) až na 77 kW (105 HP) a nárůst točivého momentu ze 125 Nm až na 140 Nm.,Maximální rychlost se po úpravě zvýší o + 1 KM/H a kombinovaná spotřeba se sníží v průměru o -0,40 L / 100 KM.","imgUrl":"./previews/forfour__w454_.png","fullDesc":"Níže naleznete parametry před a po úpravě Standard pro vozidlo: Smart Forfour 1.3 - 95 HP. Modelová řada W454, vyráběná od roku 2004. Řídící jednotka motoru od společnosti Mitsubishi. Typ řídící jednotky E6T424. Předpokládaná doba úpravy tohoto modelu je 2 - 4 hodiny.","numbers":["Výkon HP","95 HP","105 HP","Výkon kW","70 kW","77 kW","Točivý moment Nm","125 Nm","140 Nm","Maximální rychlost","","+ 1 KM/H","Spotřeba město","","-0,20 L / 100 KM","Kombinovaná spotřeba","","-0,20 L / 100 KM","Spotřeba mimo město","","-0,10 L / 100 KM"],"chartPower":"./chartPower/forfour__w454_1218043.png","chartTorque":"./chartTorque/forfour__w454_1218043.png"},{"id":"forfour__w454_1218046","fullName":"ChipTuning - Smart Forfour 1.3 Automat - 95 HP ","desc":"Zvýšení výkonu motoru (chiptuning) vozidla Smart Forfour 1.3 Automat - 95 HP je možné z původních 70 kW (95 HP) až na 77 kW (105 HP) a nárůst točivého momentu ze 125 Nm až na 140 Nm.,Maximální rychlost se po úpravě zvýší o + 1 KM/H a kombinovaná spotřeba se sníží v průměru o -0,40 L / 100 KM.","imgUrl":"./previews/forfour__w454_.png","fullDesc":"Níže naleznete parametry před a po úpravě Standard pro vozidlo: Smart Forfour 1.3 Automat - 95 HP. Modelová řada W454, vyráběná od roku 2004. Řídící jednotka motoru od společnosti Mitsubishi. Typ řídící jednotky E6T424. Tato úprava je přizpůsobena pro automatickou převodovku. Předpokládaná doba úpravy tohoto modelu je 2 - 4 hodiny.","numbers":["Výkon HP","95 HP","105 HP","Výkon kW","70 kW","77 kW","Točivý moment Nm","125 Nm","140 Nm","Maximální rychlost","","+ 1 KM/H","Spotřeba město","","-0,20 L / 100 KM","Kombinovaná spotřeba","","-0,20 L / 100 KM","Spotřeba mimo město","","-0,10 L / 100 KM"],"chartPower":"./chartPower/forfour__w454_1218046.png","chartTorque":"./chartTorque/forfour__w454_1218046.png"},{"id":"forfour__w454_1218049","fullName":"ChipTuning - Smart Forfour 1.5 - 109 HP ","desc":"Zvýšení výkonu motoru (chiptuning) vozidla Smart Forfour 1.5 - 109 HP je možné z původních 80 kW (109 HP) až na 88 kW (121 HP) a nárůst točivého momentu ze 145 Nm až na 162 Nm.,Maximální rychlost se po úpravě zvýší o + 1 KM/H a kombinovaná spotřeba se sníží v průměru o -0,40 L / 100 KM.","imgUrl":"./previews/forfour__w454_.png","fullDesc":"Níže naleznete parametry před a po úpravě Standard pro vozidlo: Smart Forfour 1.5 - 109 HP. Modelová řada W454, vyráběná od roku 2004. Řídící jednotka motoru od společnosti Mitsubishi. Typ řídící jednotky MH8304F. Předpokládaná doba úpravy tohoto modelu je 2 - 4 hodiny.","numbers":["Výkon HP","109 HP","121 HP","Výkon kW","80 kW","88 kW","Točivý moment Nm","145 Nm","162 Nm","Maximální rychlost","","+ 1 KM/H","Spotřeba město","","-0,20 L / 100 KM","Kombinovaná spotřeba","","-0,20 L / 100 KM","Spotřeba mimo město","","-0,10 L / 100 KM"],"chartPower":"./chartPower/forfour__w454_1218049.png","chartTorque":"./chartTorque/forfour__w454_1218049.png"},{"id":"forfour__w454_1218051","fullName":"ChipTuning - Smart Forfour 1.5 Automat - 109 HP ","desc":"Zvýšení výkonu motoru (chiptuning) vozidla Smart Forfour 1.5 Automat - 109 HP je možné z původních 80 kW (109 HP) až na 88 kW (121 HP) a nárůst točivého momentu ze 145 Nm až na 162 Nm.,Maximální rychlost se po úpravě zvýší o + 1 KM/H a kombinovaná spotřeba se sníží v průměru o -0,40 L / 100 KM.","imgUrl":"./previews/forfour__w454_.png","fullDesc":"Níže naleznete parametry před a po úpravě Standard pro vozidlo: Smart Forfour 1.5 Automat - 109 HP. Modelová řada W454, vyráběná od roku 2004. Řídící jednotka motoru od společnosti Mitsubishi. Typ řídící jednotky MH8304F. Tato úprava je přizpůsobena pro automatickou převodovku. Předpokládaná doba úpravy tohoto modelu je 2 - 4 hodiny.","numbers":["Výkon HP","109 HP","121 HP","Výkon kW","80 kW","88 kW","Točivý moment Nm","145 Nm","162 Nm","Maximální rychlost","","+ 1 KM/H","Spotřeba město","","-0,20 L / 100 KM","Kombinovaná spotřeba","","-0,20 L / 100 KM","Spotřeba mimo město","","-0,10 L / 100 KM"],"chartPower":"./chartPower/forfour__w454_1218051.png","chartTorque":"./chartTorque/forfour__w454_1218051.png"},{"id":"forfour__w454_1218025","fullName":"ChipTuning - Smart Forfour 1.5 CDI - 68 HP ","desc":"Zvýšení výkonu motoru (chiptuning) vozidla Smart Forfour 1.5 CDI - 68 HP je možné z původních 50 kW (68 HP) až na 71 kW (95 HP) a nárůst točivého momentu ze 160 Nm až na 220 Nm.,Maximální rychlost se po úpravě zvýší o + 7 KM/H a kombinovaná spotřeba se sníží v průměru o -0,60 L / 100 KM.","imgUrl":"./previews/forfour__w454_.png","fullDesc":"Níže naleznete parametry před a po úpravě Standard pro vozidlo: Smart Forfour 1.5 CDI - 68 HP. Modelová řada W454, vyráběná od roku 2004. Úprava tohoto modelu se provádí přes diagnostickou zásuvku. Řídící jednotka motoru od společnosti Bosch. Typ řídící jednotky EDC16C32 nebo EDC16C33. Předpokládaná doba úpravy tohoto modelu je 1 - 2 hodiny.","numbers":["Výkon HP","68 HP","89 HP","Výkon kW","50 kW","66 kW","Točivý moment Nm","160 Nm","203 Nm","Maximální rychlost","","+ 4 KM/H","Spotřeba město","","-0,40 L / 100 KM","Kombinovaná spotřeba","","-0,35 L / 100 KM","Spotřeba mimo město","","-0,30 L / 100 KM"],"chartPower":"./chartPower/forfour__w454_1218025.png","chartTorque":"./chartTorque/forfour__w454_1218025.png"},{"id":"forfour__w454_1218026","fullName":"ChipTuning - Smart Forfour 1.5 CDI - 95 HP ","desc":"Zvýšení výkonu motoru (chiptuning) vozidla Smart Forfour 1.5 CDI - 95 HP je možné z původních 70 kW (95 HP) až na 99 kW (133 HP) a nárůst točivého momentu ze 210 Nm až na 290 Nm.,Maximální rychlost se po úpravě zvýší o + 7 KM/H a kombinovaná spotřeba se sníží v průměru o -0,60 L / 100 KM.","imgUrl":"./previews/forfour__w454_.png","fullDesc":"Níže naleznete parametry před a po úpravě Standard pro vozidlo: Smart Forfour 1.5 CDI - 95 HP. Modelová řada W454, vyráběná od roku 2004. Úprava tohoto modelu se provádí přes diagnostickou zásuvku. Řídící jednotka motoru od společnosti Bosch. Typ řídící jednotky EDC16C33. Předpokládaná doba úpravy tohoto modelu je 1 - 2 hodiny.","numbers":["Výkon HP","95 HP","124 HP","Výkon kW","70 kW","92 kW","Točivý moment Nm","210 Nm","267 Nm","Maximální rychlost","","+ 4 KM/H","Spotřeba město","","-0,40 L / 100 KM","Kombinovaná spotřeba","","-0,35 L / 100 KM","Spotřeba mimo město","","-0,30 L / 100 KM"],"chartPower":"./chartPower/forfour__w454_1218026.png","chartTorque":"./chartTorque/forfour__w454_1218026.png"},{"id":"forfour__w454_1218035","fullName":"ChipTuning - Smart Forfour 1.5 CDI Automat - 68 HP ","desc":"Zvýšení výkonu motoru (chiptuning) vozidla Smart Forfour 1.5 CDI Automat - 68 HP je možné z původních 50 kW (68 HP) až na 70 kW (94 HP) a nárůst točivého momentu ze 160 Nm až na 212 Nm.,Maximální rychlost se po úpravě zvýší o + 7 KM/H a kombinovaná spotřeba se sníží v průměru o -0,60 L / 100 KM.","imgUrl":"./previews/forfour__w454_.png","fullDesc":"Níže naleznete parametry před a po úpravě Standard pro vozidlo: Smart Forfour 1.5 CDI Automat - 68 HP. Modelová řada W454, vyráběná od roku 2004. Úprava tohoto modelu se provádí přes diagnostickou zásuvku. Řídící jednotka motoru od společnosti Bosch. Typ řídící jednotky EDC16C32 nebo EDC16C33. Tato úprava je přizpůsobena pro automatickou převodovku. Předpokládaná doba úpravy tohoto modelu je 1 - 2 hodiny.","numbers":["Výkon HP","68 HP","88 HP","Výkon kW","50 kW","65 kW","Točivý moment Nm","160 Nm","197 Nm","Maximální rychlost","","+ 4 KM/H","Spotřeba město","","-0,40 L / 100 KM","Kombinovaná spotřeba","","-0,35 L / 100 KM","Spotřeba mimo město","","-0,30 L / 100 KM"],"chartPower":"./chartPower/forfour__w454_1218035.png","chartTorque":"./chartTorque/forfour__w454_1218035.png"},{"id":"forfour__w454_1218034","fullName":"ChipTuning - Smart Forfour 1.5 CDI Automat - 95 HP ","desc":"Zvýšení výkonu motoru (chiptuning) vozidla Smart Forfour 1.5 CDI Automat - 95 HP je možné z původních 70 kW (95 HP) až na 97 kW (131 HP) a nárůst točivého momentu ze 210 Nm až na 279 Nm.,Maximální rychlost se po úpravě zvýší o + 7 KM/H a kombinovaná spotřeba se sníží v průměru o -0,60 L / 100 KM.","imgUrl":"./previews/forfour__w454_.png","fullDesc":"Níže naleznete parametry před a po úpravě Standard pro vozidlo: Smart Forfour 1.5 CDI Automat - 95 HP. Modelová řada W454, vyráběná od roku 2004. Úprava tohoto modelu se provádí přes diagnostickou zásuvku. Řídící jednotka motoru od společnosti Bosch. Typ řídící jednotky EDC16C33. Tato úprava je přizpůsobena pro automatickou převodovku. Předpokládaná doba úpravy tohoto modelu je 1 - 2 hodiny.","numbers":["Výkon HP","95 HP","123 HP","Výkon kW","70 kW","91 kW","Točivý moment Nm","210 Nm","259 Nm","Maximální rychlost","","+ 4 KM/H","Spotřeba město","","-0,40 L / 100 KM","Kombinovaná spotřeba","","-0,35 L / 100 KM","Spotřeba mimo město","","-0,30 L / 100 KM"],"chartPower":"./chartPower/forfour__w454_1218034.png","chartTorque":"./chartTorque/forfour__w454_1218034.png"},{"id":"forfour_brabus__w453_1218053","fullName":"ChipTuning - Smart Forfour Brabus 900 Automat - 109 HP ","desc":"Zvýšení výkonu motoru (chiptuning) vozidla Smart Forfour Brabus 900 Automat - 109 HP je možné z původních 80 kW (109 HP) až na 103 kW (142 HP) a nárůst točivého momentu ze 170 Nm až na 223 Nm.,Maximální rychlost se po úpravě zvýší o + 5 KM/H a kombinovaná spotřeba se sníží v průměru o -0,50 L / 100 KM.","imgUrl":"./previews/forfour_brabus__w453_.png","fullDesc":"Níže naleznete parametry před a po úpravě Standard pro vozidlo: Smart Forfour Brabus 900 Automat - 109 HP. Modelová řada W453, vyráběná od roku 2016. Úprava tohoto modelu se provádí připojením na konektory řídící jednotky bez rozebírání jednotky. Řídící jednotka motoru od společnosti Bosch. Typ řídící jednotky ME17.9.20. Tato úprava je přizpůsobena pro automatickou převodovku. Předpokládaná doba úpravy tohoto modelu je 1.5 - 2.5 hodiny.","numbers":["Výkon HP","109 HP","134 HP","Výkon kW","80 kW","98 kW","Točivý moment Nm","170 Nm","208 Nm","Maximální rychlost","","+ 3 KM/H","Spotřeba město","","-0,30 L / 100 KM","Kombinovaná spotřeba","","-0,25 L / 100 KM","Spotřeba mimo město","","-0,20 L / 100 KM"],"chartPower":"./chartPower/forfour_brabus__w453_1218053.png","chartTorque":"./chartTorque/forfour_brabus__w453_1218053.png"},{"id":"forfour_brabus__w454_1218059","fullName":"ChipTuning - Smart Forfour Brabus 1.5 - 177 HP ","desc":"Zvýšení výkonu motoru (chiptuning) vozidla Smart Forfour Brabus 1.5 - 177 HP je možné z původních 130 kW (177 HP) až na 170 kW (232 HP) a nárůst točivého momentu ze 230 Nm až na 314 Nm.,Maximální rychlost se po úpravě zvýší o + 7 KM/H a kombinovaná spotřeba se sníží v průměru o -0,60 L / 100 KM.","imgUrl":"./previews/forfour_brabus__w454_.png","fullDesc":"Níže naleznete parametry před a po úpravě Standard pro vozidlo: Smart Forfour Brabus 1.5 - 177 HP. Modelová řada W454, vyráběná od roku 2005. Řídící jednotka motoru od společnosti Mitsubishi. Typ řídící jednotky MH8304F. Předpokládaná doba úpravy tohoto modelu je 2 - 4 hodiny.","numbers":["Výkon HP","177 HP","219 HP","Výkon kW","130 kW","161 kW","Točivý moment Nm","230 Nm","290 Nm","Maximální rychlost","","+ 4 KM/H","Spotřeba město","","-0,40 L / 100 KM","Kombinovaná spotřeba","","-0,35 L / 100 KM","Spotřeba mimo město","","-0,30 L / 100 KM"],"chartPower":"./chartPower/forfour_brabus__w454_1218059.png","chartTorque":"./chartTorque/forfour_brabus__w454_1218059.png"},{"id":"forfour_sportstyle__w454_1218061","fullName":"ChipTuning - Smart Forfour Sportstyle 1.5 - 122 HP ","desc":"Zvýšení výkonu motoru (chiptuning) vozidla Smart Forfour Sportstyle 1.5 - 122 HP je možné z původních 90 kW (122 HP) až na 99 kW (135 HP) a nárůst točivého momentu ze 160 Nm až na 179 Nm.,Maximální rychlost se po úpravě zvýší o + 1 KM/H a kombinovaná spotřeba se sníží v průměru o -0,40 L / 100 KM.","imgUrl":"./previews/forfour_sportstyle__w454_.png","fullDesc":"Níže naleznete parametry před a po úpravě Standard pro vozidlo: Smart Forfour Sportstyle 1.5 - 122 HP. Modelová řada W454, vyráběná od roku 2004. Řídící jednotka motoru od společnosti Mitsubishi. Typ řídící jednotky MH8304F. Předpokládaná doba úpravy tohoto modelu je 2 - 4 hodiny.","numbers":["Výkon HP","122 HP","135 HP","Výkon kW","90 kW","99 kW","Točivý moment Nm","160 Nm","179 Nm","Maximální rychlost","","+ 1 KM/H","Spotřeba město","","-0,20 L / 100 KM","Kombinovaná spotřeba","","-0,20 L / 100 KM","Spotřeba mimo město","","-0,10 L / 100 KM"],"chartPower":"./chartPower/forfour_sportstyle__w454_1218061.png","chartTorque":"./chartTorque/forfour_sportstyle__w454_1218061.png"},{"id":"forfour_sportstyle__w454_1218063","fullName":"ChipTuning - Smart Forfour Sportstyle 1.5 Automat - 122 HP ","desc":"Zvýšení výkonu motoru (chiptuning) vozidla Smart Forfour Sportstyle 1.5 Automat - 122 HP je možné z původních 90 kW (122 HP) až na 99 kW (135 HP) a nárůst točivého momentu ze 160 Nm až na 179 Nm.,Maximální rychlost se po úpravě zvýší o + 1 KM/H a kombinovaná spotřeba se sníží v průměru o -0,40 L / 100 KM.","imgUrl":"./previews/forfour_sportstyle__w454_.png","fullDesc":"Níže naleznete parametry před a po úpravě Standard pro vozidlo: Smart Forfour Sportstyle 1.5 Automat - 122 HP. Modelová řada W454, vyráběná od roku 2004. Řídící jednotka motoru od společnosti Mitsubishi. Typ řídící jednotky MH8304F. Tato úprava je přizpůsobena pro automatickou převodovku. Předpokládaná doba úpravy tohoto modelu je 2 - 4 hodiny.","numbers":["Výkon HP","122 HP","135 HP","Výkon kW","90 kW","99 kW","Točivý moment Nm","160 Nm","179 Nm","Maximální rychlost","","+ 1 KM/H","Spotřeba město","","-0,20 L / 100 KM","Kombinovaná spotřeba","","-0,20 L / 100 KM","Spotřeba mimo město","","-0,10 L / 100 KM"],"chartPower":"./chartPower/forfour_sportstyle__w454_1218063.png","chartTorque":"./chartTorque/forfour_sportstyle__w454_1218063.png"},{"id":"fortwo__w450_1218068","fullName":"ChipTuning - Smart Fortwo 700 Automat - 50 HP ","desc":"Zvýšení výkonu motoru (chiptuning) vozidla Smart Fortwo 700 Automat - 50 HP je možné z původních 37 kW (50 HP) až na 41 kW (56 HP) a nárůst točivého momentu ze 80 Nm až na 90 Nm.,Maximální rychlost se po úpravě zvýší o + 1 KM/H a kombinovaná spotřeba se sníží v průměru o -0,30 L / 100 KM.","imgUrl":"./previews/fortwo__w450_.png","fullDesc":"Níže naleznete parametry před a po úpravě Standard pro vozidlo: Smart Fortwo 700 Automat - 50 HP. Modelová řada W450, vyráběná od roku 2003. Řídící jednotka motoru od společnosti Bosch. Typ řídící jednotky MEG1.1. Tato úprava je přizpůsobena pro automatickou převodovku. Předpokládaná doba úpravy tohoto modelu je 2 - 4 hodiny.","numbers":["Výkon HP","50 HP","56 HP","Výkon kW","37 kW","41 kW","Točivý moment Nm","80 Nm","90 Nm","Maximální rychlost","","+ 1 KM/H","Spotřeba město","","-0,20 L / 100 KM","Kombinovaná spotřeba","","-0,20 L / 100 KM","Spotřeba mimo město","","-0,10 L / 100 KM"],"chartPower":"./chartPower/fortwo__w450_1218068.png","chartTorque":"./chartTorque/fortwo__w450_1218068.png"},{"id":"fortwo__w450_1218069","fullName":"ChipTuning - Smart Fortwo 700 Automat - 50 HP ","desc":"Zvýšení výkonu motoru (chiptuning) vozidla Smart Fortwo 700 Automat - 50 HP je možné z původních 37 kW (50 HP) až na 41 kW (56 HP) a nárůst točivého momentu ze 80 Nm až na 90 Nm.,Maximální rychlost se po úpravě zvýší o + 1 KM/H a kombinovaná spotřeba se sníží v průměru o -0,30 L / 100 KM.","imgUrl":"./previews/fortwo__w450_.png","fullDesc":"Níže naleznete parametry před a po úpravě Standard pro vozidlo: Smart Fortwo 700 Automat - 50 HP. Modelová řada W450, vyráběná od roku 2003. Řídící jednotka motoru od společnosti Bosch. Typ řídící jednotky MEG1.1. Tato úprava je přizpůsobena pro automatickou převodovku. Předpokládaná doba úpravy tohoto modelu je 2 - 4 hodiny.","numbers":["Výkon HP","50 HP","56 HP","Výkon kW","37 kW","41 kW","Točivý moment Nm","80 Nm","90 Nm","Maximální rychlost","","+ 1 KM/H","Spotřeba město","","-0,20 L / 100 KM","Kombinovaná spotřeba","","-0,20 L / 100 KM","Spotřeba mimo město","","-0,10 L / 100 KM"],"chartPower":"./chartPower/fortwo__w450_1218069.png","chartTorque":"./chartTorque/fortwo__w450_1218069.png"},{"id":"fortwo__w450_1218065","fullName":"ChipTuning - Smart Fortwo 800 CDI Automat - 41 HP ","desc":"Zvýšení výkonu motoru (chiptuning) vozidla Smart Fortwo 800 CDI Automat - 41 HP je možné z původních 30 kW (41 HP) až na 43 kW (57 HP) a nárůst točivého momentu ze 100 Nm až na 131 Nm.,Maximální rychlost se po úpravě zvýší o + 5 KM/H a kombinovaná spotřeba se sníží v průměru o -0,50 L / 100 KM.","imgUrl":"./previews/fortwo__w450_.png","fullDesc":"Níže naleznete parametry před a po úpravě Standard pro vozidlo: Smart Fortwo 800 CDI Automat - 41 HP. Modelová řada W450, vyráběná od roku 2003. Úprava tohoto modelu se provádí přes diagnostickou zásuvku. Řídící jednotka motoru od společnosti Bosch. Typ řídící jednotky EDC15C5. Tato úprava je přizpůsobena pro automatickou převodovku. Předpokládaná doba úpravy tohoto modelu je 1 - 2 hodiny.","numbers":["Výkon HP","41 HP","53 HP","Výkon kW","30 kW","40 kW","Točivý moment Nm","100 Nm","122 Nm","Maximální rychlost","","+ 3 KM/H","Spotřeba město","","-0,30 L / 100 KM","Kombinovaná spotřeba","","-0,25 L / 100 KM","Spotřeba mimo město","","-0,20 L / 100 KM"],"chartPower":"./chartPower/fortwo__w450_1218065.png","chartTorque":"./chartTorque/fortwo__w450_1218065.png"},{"id":"fortwo__w451_1218095","fullName":"ChipTuning - Smart Fortwo 1.0 Automat - 61 HP ","desc":"Zvýšení výkonu motoru (chiptuning) vozidla Smart Fortwo 1.0 Automat - 61 HP je možné z původních 45 kW (61 HP) až na 50 kW (68 HP) a nárůst točivého momentu ze 89 Nm až na 100 Nm.,Maximální rychlost se po úpravě zvýší o + 1 KM/H a kombinovaná spotřeba se sníží v průměru o -0,30 L / 100 KM.","imgUrl":"./previews/fortwo__w451_.png","fullDesc":"Níže naleznete parametry před a po úpravě Standard pro vozidlo: Smart Fortwo 1.0 Automat - 61 HP. Modelová řada W451, vyráběná od roku 2007. Řídící jednotka motoru od společnosti Bosch. Typ řídící jednotky ME7.7.0. Tato úprava je přizpůsobena pro automatickou převodovku. Předpokládaná doba úpravy tohoto modelu je 2 - 4 hodiny.","numbers":["Výkon HP","61 HP","68 HP","Výkon kW","45 kW","50 kW","Točivý moment Nm","89 Nm","100 Nm","Maximální rychlost","","+ 1 KM/H","Spotřeba město","","-0,20 L / 100 KM","Kombinovaná spotřeba","","-0,20 L / 100 KM","Spotřeba mimo město","","-0,10 L / 100 KM"],"chartPower":"./chartPower/fortwo__w451_1218095.png","chartTorque":"./chartTorque/fortwo__w451_1218095.png"},{"id":"fortwo__w451_1218094","fullName":"ChipTuning - Smart Fortwo 1.0 Automat - 71 HP ","desc":"Zvýšení výkonu motoru (chiptuning) vozidla Smart Fortwo 1.0 Automat - 71 HP je možné z původních 52 kW (71 HP) až na 57 kW (79 HP) a nárůst točivého momentu ze 92 Nm až na 103 Nm.,Maximální rychlost se po úpravě zvýší o + 1 KM/H a kombinovaná spotřeba se sníží v průměru o -0,30 L / 100 KM.","imgUrl":"./previews/fortwo__w451_.png","fullDesc":"Níže naleznete parametry před a po úpravě Standard pro vozidlo: Smart Fortwo 1.0 Automat - 71 HP. Modelová řada W451, vyráběná od roku 2007. Řídící jednotka motoru od společnosti Bosch. Typ řídící jednotky ME7.7.0. Tato úprava je přizpůsobena pro automatickou převodovku. Předpokládaná doba úpravy tohoto modelu je 2 - 4 hodiny.","numbers":["Výkon HP","71 HP","79 HP","Výkon kW","52 kW","57 kW","Točivý moment Nm","92 Nm","103 Nm","Maximální rychlost","","+ 1 KM/H","Spotřeba město","","-0,20 L / 100 KM","Kombinovaná spotřeba","","-0,20 L / 100 KM","Spotřeba mimo město","","-0,10 L / 100 KM"],"chartPower":"./chartPower/fortwo__w451_1218094.png","chartTorque":"./chartTorque/fortwo__w451_1218094.png"},{"id":"fortwo__w451_1218097","fullName":"ChipTuning - Smart Fortwo 1.0 Automat - 71 HP ","desc":"Zvýšení výkonu motoru (chiptuning) vozidla Smart Fortwo 1.0 Automat - 71 HP je možné z původních 52 kW (71 HP) až na 57 kW (79 HP) a nárůst točivého momentu ze 92 Nm až na 103 Nm.,Maximální rychlost se po úpravě zvýší o + 1 KM/H a kombinovaná spotřeba se sníží v průměru o -0,30 L / 100 KM.","imgUrl":"./previews/fortwo__w451_.png","fullDesc":"Níže naleznete parametry před a po úpravě Standard pro vozidlo: Smart Fortwo 1.0 Automat - 71 HP. Modelová řada W451, vyráběná od roku 2007. Řídící jednotka motoru od společnosti Bosch. Typ řídící jednotky ME7.7.0. Tato úprava je přizpůsobena pro automatickou převodovku. Předpokládaná doba úpravy tohoto modelu je 2 - 4 hodiny.","numbers":["Výkon HP","71 HP","79 HP","Výkon kW","52 kW","57 kW","Točivý moment Nm","92 Nm","103 Nm","Maximální rychlost","","+ 1 KM/H","Spotřeba město","","-0,20 L / 100 KM","Kombinovaná spotřeba","","-0,20 L / 100 KM","Spotřeba mimo město","","-0,10 L / 100 KM"],"chartPower":"./chartPower/fortwo__w451_1218097.png","chartTorque":"./chartTorque/fortwo__w451_1218097.png"},{"id":"fortwo__w451_1218111","fullName":"ChipTuning - Smart Fortwo 1.0 Automat - 71 HP ","desc":"Zvýšení výkonu motoru (chiptuning) vozidla Smart Fortwo 1.0 Automat - 71 HP je možné z původních 52 kW (71 HP) až na 57 kW (79 HP) a nárůst točivého momentu ze 92 Nm až na 103 Nm.,Maximální rychlost se po úpravě zvýší o + 1 KM/H a kombinovaná spotřeba se sníží v průměru o -0,30 L / 100 KM.","imgUrl":"./previews/fortwo__w451_.png","fullDesc":"Níže naleznete parametry před a po úpravě Standard pro vozidlo: Smart Fortwo 1.0 Automat - 71 HP. Modelová řada W451, vyráběná od roku 2007. Řídící jednotka motoru od společnosti Bosch. Typ řídící jednotky ME7.7.0. Tato úprava je přizpůsobena pro automatickou převodovku. Předpokládaná doba úpravy tohoto modelu je 2 - 4 hodiny.","numbers":["Výkon HP","71 HP","79 HP","Výkon kW","52 kW","57 kW","Točivý moment Nm","92 Nm","103 Nm","Maximální rychlost","","+ 1 KM/H","Spotřeba město","","-0,20 L / 100 KM","Kombinovaná spotřeba","","-0,20 L / 100 KM","Spotřeba mimo město","","-0,10 L / 100 KM"],"chartPower":"./chartPower/fortwo__w451_1218111.png","chartTorque":"./chartTorque/fortwo__w451_1218111.png"},{"id":"fortwo__w451_1218108","fullName":"ChipTuning - Smart Fortwo 1.0 mhd Automat - 71 HP ","desc":"Zvýšení výkonu motoru (chiptuning) vozidla Smart Fortwo 1.0 mhd Automat - 71 HP je možné z původních 52 kW (71 HP) až na 57 kW (79 HP) a nárůst točivého momentu ze 92 Nm až na 103 Nm.,Maximální rychlost se po úpravě zvýší o + 1 KM/H a kombinovaná spotřeba se sníží v průměru o -0,30 L / 100 KM.","imgUrl":"./previews/fortwo__w451_.png","fullDesc":"Níže naleznete parametry před a po úpravě Standard pro vozidlo: Smart Fortwo 1.0 mhd Automat - 71 HP. Modelová řada W451, vyráběná od roku 2010. Řídící jednotka motoru od společnosti Bosch. Typ řídící jednotky ME7.7.0. Tato úprava je přizpůsobena pro automatickou převodovku. Předpokládaná doba úpravy tohoto modelu je 2 - 4 hodiny.","numbers":["Výkon HP","71 HP","79 HP","Výkon kW","52 kW","57 kW","Točivý moment Nm","92 Nm","103 Nm","Maximální rychlost","","+ 1 KM/H","Spotřeba město","","-0,20 L / 100 KM","Kombinovaná spotřeba","","-0,20 L / 100 KM","Spotřeba mimo město","","-0,10 L / 100 KM"],"chartPower":"./chartPower/fortwo__w451_1218108.png","chartTorque":"./chartTorque/fortwo__w451_1218108.png"},{"id":"fortwo__w451_1218076","fullName":"ChipTuning - Smart Fortwo 800 CDI Automat - 45 HP ","desc":"Zvýšení výkonu motoru (chiptuning) vozidla Smart Fortwo 800 CDI Automat - 45 HP je možné z původních 33 kW (45 HP) až na 47 kW (62 HP) a nárůst točivého momentu ze 110 Nm až na 145 Nm.,Maximální rychlost se po úpravě zvýší o + 5 KM/H a kombinovaná spotřeba se sníží v průměru o -0,50 L / 100 KM.","imgUrl":"./previews/fortwo__w451_.png","fullDesc":"Níže naleznete parametry před a po úpravě Standard pro vozidlo: Smart Fortwo 800 CDI Automat - 45 HP. Modelová řada W451, vyráběná od roku 2007. Úprava tohoto modelu se provádí přes diagnostickou zásuvku. Řídící jednotka motoru od společnosti Bosch. Typ řídící jednotky EDC16C32. Tato úprava je přizpůsobena pro automatickou převodovku. Předpokládaná doba úpravy tohoto modelu je 1 - 2 hodiny.","numbers":["Výkon HP","45 HP","58 HP","Výkon kW","33 kW","44 kW","Točivý moment Nm","110 Nm","135 Nm","Maximální rychlost","","+ 3 KM/H","Spotřeba město","","-0,30 L / 100 KM","Kombinovaná spotřeba","","-0,25 L / 100 KM","Spotřeba mimo město","","-0,20 L / 100 KM"],"chartPower":"./chartPower/fortwo__w451_1218076.png","chartTorque":"./chartTorque/fortwo__w451_1218076.png"},{"id":"fortwo__w451_1218080","fullName":"ChipTuning - Smart Fortwo 800 CDI Automat - 54 HP ","desc":"Zvýšení výkonu motoru (chiptuning) vozidla Smart Fortwo 800 CDI Automat - 54 HP je možné z původních 40 kW (54 HP) až na 56 kW (75 HP) a nárůst točivého momentu ze 130 Nm až na 171 Nm.,Maximální rychlost se po úpravě zvýší o + 5 KM/H a kombinovaná spotřeba se sníží v průměru o -0,50 L / 100 KM.","imgUrl":"./previews/fortwo__w451_.png","fullDesc":"Níže naleznete parametry před a po úpravě Standard pro vozidlo: Smart Fortwo 800 CDI Automat - 54 HP. Modelová řada W451, vyráběná od roku 2009. Úprava tohoto modelu se provádí přes diagnostickou zásuvku. Řídící jednotka motoru od společnosti Bosch. Typ řídící jednotky EDC16C32. Tato úprava je přizpůsobena pro automatickou převodovku. Předpokládaná doba úpravy tohoto modelu je 1 - 2 hodiny.","numbers":["Výkon HP","54 HP","70 HP","Výkon kW","40 kW","52 kW","Točivý moment Nm","130 Nm","159 Nm","Maximální rychlost","","+ 3 KM/H","Spotřeba město","","-0,30 L / 100 KM","Kombinovaná spotřeba","","-0,25 L / 100 KM","Spotřeba mimo město","","-0,20 L / 100 KM"],"chartPower":"./chartPower/fortwo__w451_1218080.png","chartTorque":"./chartTorque/fortwo__w451_1218080.png"},{"id":"fortwo__w453_1218119","fullName":"ChipTuning - Smart Fortwo 1.0 - 71 HP ","desc":"Zvýšení výkonu motoru (chiptuning) vozidla Smart Fortwo 1.0 - 71 HP je možné z původních 52 kW (71 HP) až na 57 kW (79 HP) a nárůst točivého momentu ze 91 Nm až na 102 Nm.,Maximální rychlost se po úpravě zvýší o + 1 KM/H a kombinovaná spotřeba se sníží v průměru o -0,30 L / 100 KM.","imgUrl":"./previews/fortwo__w453_.png","fullDesc":"Níže naleznete parametry před a po úpravě Standard pro vozidlo: Smart Fortwo 1.0 - 71 HP. Modelová řada W453, vyráběná od roku 2014. Úprava tohoto modelu se provádí připojením na konektory řídící jednotky bez rozebírání jednotky. Řídící jednotka motoru od společnosti Bosch. Typ řídící jednotky ME17.9.20. Předpokládaná doba úpravy tohoto modelu je 1.5 - 2.5 hodiny.","numbers":["Výkon HP","71 HP","79 HP","Výkon kW","52 kW","57 kW","Točivý moment Nm","91 Nm","102 Nm","Maximální rychlost","","+ 1 KM/H","Spotřeba město","","-0,20 L / 100 KM","Kombinovaná spotřeba","","-0,20 L / 100 KM","Spotřeba mimo město","","-0,10 L / 100 KM"],"chartPower":"./chartPower/fortwo__w453_1218119.png","chartTorque":"./chartTorque/fortwo__w453_1218119.png"},{"id":"fortwo__w453_1218129","fullName":"ChipTuning - Smart Fortwo 1.0 Automat - 71 HP ","desc":"Zvýšení výkonu motoru (chiptuning) vozidla Smart Fortwo 1.0 Automat - 71 HP je možné z původních 52 kW (71 HP) až na 57 kW (79 HP) a nárůst točivého momentu ze 91 Nm až na 102 Nm.,Maximální rychlost se po úpravě zvýší o + 1 KM/H a kombinovaná spotřeba se sníží v průměru o -0,30 L / 100 KM.","imgUrl":"./previews/fortwo__w453_.png","fullDesc":"Níže naleznete parametry před a po úpravě Standard pro vozidlo: Smart Fortwo 1.0 Automat - 71 HP. Modelová řada W453, vyráběná od roku 2014. Úprava tohoto modelu se provádí připojením na konektory řídící jednotky bez rozebírání jednotky. Řídící jednotka motoru od společnosti Bosch. Typ řídící jednotky ME17.9.20. Tato úprava je přizpůsobena pro automatickou převodovku. Předpokládaná doba úpravy tohoto modelu je 1.5 - 2.5 hodiny.","numbers":["Výkon HP","71 HP","79 HP","Výkon kW","52 kW","57 kW","Točivý moment Nm","91 Nm","102 Nm","Maximální rychlost","","+ 1 KM/H","Spotřeba město","","-0,20 L / 100 KM","Kombinovaná spotřeba","","-0,20 L / 100 KM","Spotřeba mimo město","","-0,10 L / 100 KM"],"chartPower":"./chartPower/fortwo__w453_1218129.png","chartTorque":"./chartTorque/fortwo__w453_1218129.png"},{"id":"fortwo__w453_1218139","fullName":"ChipTuning - Smart Fortwo 900 - 90 HP ","desc":"Zvýšení výkonu motoru (chiptuning) vozidla Smart Fortwo 900 - 90 HP je možné z původních 66 kW (90 HP) až na 89 kW (121 HP) a nárůst točivého momentu ze 135 Nm až na 177 Nm.,Maximální rychlost se po úpravě zvýší o + 5 KM/H a kombinovaná spotřeba se sníží v průměru o -0,50 L / 100 KM.","imgUrl":"./previews/fortwo__w453_.png","fullDesc":"Níže naleznete parametry před a po úpravě Standard pro vozidlo: Smart Fortwo 900 - 90 HP. Modelová řada W453, vyráběná od roku 2014. Úprava tohoto modelu se provádí připojením na konektory řídící jednotky bez rozebírání jednotky. Řídící jednotka motoru od společnosti Bosch. Typ řídící jednotky ME17.7.20 nebo ME17.9.20. Předpokládaná doba úpravy tohoto modelu je 1.5 - 2.5 hodiny.","numbers":["Výkon HP","90 HP","114 HP","Výkon kW","66 kW","84 kW","Točivý moment Nm","135 Nm","165 Nm","Maximální rychlost","","+ 3 KM/H","Spotřeba město","","-0,30 L / 100 KM","Kombinovaná spotřeba","","-0,25 L / 100 KM","Spotřeba mimo město","","-0,20 L / 100 KM"],"chartPower":"./chartPower/fortwo__w453_1218139.png","chartTorque":"./chartTorque/fortwo__w453_1218139.png"},{"id":"fortwo__w453_1218150","fullName":"ChipTuning - Smart Fortwo 900 Automat - 90 HP ","desc":"Zvýšení výkonu motoru (chiptuning) vozidla Smart Fortwo 900 Automat - 90 HP je možné z původních 66 kW (90 HP) až na 88 kW (120 HP) a nárůst točivého momentu ze 135 Nm až na 170 Nm.,Maximální rychlost se po úpravě zvýší o + 5 KM/H a kombinovaná spotřeba se sníží v průměru o -0,50 L / 100 KM.","imgUrl":"./previews/fortwo__w453_.png","fullDesc":"Níže naleznete parametry před a po úpravě Standard pro vozidlo: Smart Fortwo 900 Automat - 90 HP. Modelová řada W453, vyráběná od roku 2014. Úprava tohoto modelu se provádí připojením na konektory řídící jednotky bez rozebírání jednotky. Řídící jednotka motoru od společnosti Bosch. Typ řídící jednotky ME17.7.20 nebo ME17.9.20. Tato úprava je přizpůsobena pro automatickou převodovku. Předpokládaná doba úpravy tohoto modelu je 1.5 - 2.5 hodiny.","numbers":["Výkon HP","90 HP","113 HP","Výkon kW","66 kW","83 kW","Točivý moment Nm","135 Nm","160 Nm","Maximální rychlost","","+ 3 KM/H","Spotřeba město","","-0,30 L / 100 KM","Kombinovaná spotřeba","","-0,25 L / 100 KM","Spotřeba mimo město","","-0,20 L / 100 KM"],"chartPower":"./chartPower/fortwo__w453_1218150.png","chartTorque":"./chartTorque/fortwo__w453_1218150.png"},{"id":"fortwo_brabus__w450_1218161","fullName":"ChipTuning - Smart Fortwo Brabus 700 Automat - 75 HP ","desc":"Zvýšení výkonu motoru (chiptuning) vozidla Smart Fortwo Brabus 700 Automat - 75 HP je možné z původních 55 kW (75 HP) až na 73 kW (100 HP) a nárůst točivého momentu ze 110 Nm až na 138 Nm.,Maximální rychlost se po úpravě zvýší o + 5 KM/H a kombinovaná spotřeba se sníží v průměru o -0,50 L / 100 KM.","imgUrl":"./previews/fortwo_brabus__w450_.png","fullDesc":"Níže naleznete parametry před a po úpravě Standard pro vozidlo: Smart Fortwo Brabus 700 Automat - 75 HP. Modelová řada W450, vyráběná od roku 2003. Řídící jednotka motoru od společnosti Bosch. Typ řídící jednotky MEG1.1. Tato úprava je přizpůsobena pro automatickou převodovku. Předpokládaná doba úpravy tohoto modelu je 2 - 4 hodiny.","numbers":["Výkon HP","75 HP","94 HP","Výkon kW","55 kW","69 kW","Točivý moment Nm","110 Nm","130 Nm","Maximální rychlost","","+ 3 KM/H","Spotřeba město","","-0,30 L / 100 KM","Kombinovaná spotřeba","","-0,25 L / 100 KM","Spotřeba mimo město","","-0,20 L / 100 KM"],"chartPower":"./chartPower/fortwo_brabus__w450_1218161.png","chartTorque":"./chartTorque/fortwo_brabus__w450_1218161.png"},{"id":"fortwo_brabus__w451_1218165","fullName":"ChipTuning - Smart Fortwo Brabus 1.0 Automat - 98 HP ","desc":"Zvýšení výkonu motoru (chiptuning) vozidla Smart Fortwo Brabus 1.0 Automat - 98 HP je možné z původních 72 kW (98 HP) až na 93 kW (128 HP) a nárůst točivého momentu ze 140 Nm až na 176 Nm.,Maximální rychlost se po úpravě zvýší o + 5 KM/H a kombinovaná spotřeba se sníží v průměru o -0,50 L / 100 KM.","imgUrl":"./previews/fortwo_brabus__w451_.png","fullDesc":"Níže naleznete parametry před a po úpravě Standard pro vozidlo: Smart Fortwo Brabus 1.0 Automat - 98 HP. Modelová řada W451, vyráběná od roku 2007. Řídící jednotka motoru od společnosti Bosch. Typ řídící jednotky ME7.7.0. Tato úprava je přizpůsobena pro automatickou převodovku. Předpokládaná doba úpravy tohoto modelu je 2 - 4 hodiny.","numbers":["Výkon HP","98 HP","121 HP","Výkon kW","72 kW","88 kW","Točivý moment Nm","140 Nm","166 Nm","Maximální rychlost","","+ 3 KM/H","Spotřeba město","","-0,30 L / 100 KM","Kombinovaná spotřeba","","-0,25 L / 100 KM","Spotřeba mimo město","","-0,20 L / 100 KM"],"chartPower":"./chartPower/fortwo_brabus__w451_1218165.png","chartTorque":"./chartTorque/fortwo_brabus__w451_1218165.png"},{"id":"fortwo_brabus__w451_1218168","fullName":"ChipTuning - Smart Fortwo Brabus 1.0 Automat - 102 HP ","desc":"Zvýšení výkonu motoru (chiptuning) vozidla Smart Fortwo Brabus 1.0 Automat - 102 HP je možné z původních 75 kW (102 HP) až na 97 kW (132 HP) a nárůst točivého momentu ze 147 Nm až na 192 Nm.,Maximální rychlost se po úpravě zvýší o + 5 KM/H a kombinovaná spotřeba se sníží v průměru o -0,50 L / 100 KM.","imgUrl":"./previews/fortwo_brabus__w451_.png","fullDesc":"Níže naleznete parametry před a po úpravě Standard pro vozidlo: Smart Fortwo Brabus 1.0 Automat - 102 HP. Modelová řada W451, vyráběná od roku 2010. Řídící jednotka motoru od společnosti Bosch. Typ řídící jednotky ME7.7.0. Tato úprava je přizpůsobena pro automatickou převodovku. Předpokládaná doba úpravy tohoto modelu je 2 - 4 hodiny.","numbers":["Výkon HP","102 HP","125 HP","Výkon kW","75 kW","92 kW","Točivý moment Nm","147 Nm","179 Nm","Maximální rychlost","","+ 3 KM/H","Spotřeba město","","-0,30 L / 100 KM","Kombinovaná spotřeba","","-0,25 L / 100 KM","Spotřeba mimo město","","-0,20 L / 100 KM"],"chartPower":"./chartPower/fortwo_brabus__w451_1218168.png","chartTorque":"./chartTorque/fortwo_brabus__w451_1218168.png"},{"id":"fortwo_brabus__w453_1218174","fullName":"ChipTuning - Smart Fortwo Brabus 900 Automat - 109 HP ","desc":"Zvýšení výkonu motoru (chiptuning) vozidla Smart Fortwo Brabus 900 Automat - 109 HP je možné z původních 80 kW (109 HP) až na 103 kW (142 HP) a nárůst točivého momentu ze 170 Nm až na 223 Nm.,Maximální rychlost se po úpravě zvýší o + 5 KM/H a kombinovaná spotřeba se sníží v průměru o -0,50 L / 100 KM.","imgUrl":"./previews/fortwo_brabus__w453_.png","fullDesc":"Níže naleznete parametry před a po úpravě Standard pro vozidlo: Smart Fortwo Brabus 900 Automat - 109 HP. Modelová řada W453, vyráběná od roku 2016. Úprava tohoto modelu se provádí připojením na konektory řídící jednotky bez rozebírání jednotky. Řídící jednotka motoru od společnosti Bosch. Typ řídící jednotky ME17.9.20. Tato úprava je přizpůsobena pro automatickou převodovku. Předpokládaná doba úpravy tohoto modelu je 1.5 - 2.5 hodiny.","numbers":["Výkon HP","109 HP","134 HP","Výkon kW","80 kW","98 kW","Točivý moment Nm","170 Nm","208 Nm","Maximální rychlost","","+ 3 KM/H","Spotřeba město","","-0,30 L / 100 KM","Kombinovaná spotřeba","","-0,25 L / 100 KM","Spotřeba mimo město","","-0,20 L / 100 KM"],"chartPower":"./chartPower/fortwo_brabus__w453_1218174.png","chartTorque":"./chartTorque/fortwo_brabus__w453_1218174.png"},{"id":"fortwo_brabus ultimate 125__w453_1218180","fullName":"ChipTuning - Smart Fortwo Brabus Ultimate 125 900 Automat - 125 HP ","desc":"Zvýšení výkonu motoru (chiptuning) vozidla Smart Fortwo Brabus Ultimate 125 900 Automat - 125 HP je možné z původních 92 kW (125 HP) až na 119 kW (161 HP) a nárůst točivého momentu ze 200 Nm až na 262 Nm.,Maximální rychlost se po úpravě zvýší o + 5 KM/H a kombinovaná spotřeba se sníží v průměru o -0,50 L / 100 KM.","imgUrl":"./previews/fortwo_brabus ultimate 125__w453_.png","fullDesc":"Níže naleznete parametry před a po úpravě Standard pro vozidlo: Smart Fortwo Brabus Ultimate 125 900 Automat - 125 HP. Modelová řada W453, vyráběná od roku 2017. Úprava tohoto modelu se provádí připojením na konektory řídící jednotky bez rozebírání jednotky. Řídící jednotka motoru od společnosti Bosch. Typ řídící jednotky ME17.9.20. Tato úprava je přizpůsobena pro automatickou převodovku. Předpokládaná doba úpravy tohoto modelu je 1.5 - 2.5 hodiny.","numbers":["Výkon HP","125 HP","153 HP","Výkon kW","92 kW","113 kW","Točivý moment Nm","200 Nm","244 Nm","Maximální rychlost","","+ 3 KM/H","Spotřeba město","","-0,30 L / 100 KM","Kombinovaná spotřeba","","-0,25 L / 100 KM","Spotřeba mimo město","","-0,20 L / 100 KM"],"chartPower":"./chartPower/fortwo_brabus ultimate 125__w453_1218180.png","chartTorque":"./chartTorque/fortwo_brabus ultimate 125__w453_1218180.png"},{"id":"fortwo_city coupe__w450_1218188","fullName":"ChipTuning - Smart Fortwo City Coupe 600 Automat - 45 HP ","desc":"Zvýšení výkonu motoru (chiptuning) vozidla Smart Fortwo City Coupe 600 Automat - 45 HP je možné z původních 33 kW (45 HP) až na 45 kW (61 HP) a nárůst točivého momentu ze 70 Nm až na 87 Nm.,Maximální rychlost se po úpravě zvýší o + 5 KM/H a kombinovaná spotřeba se sníží v průměru o -0,50 L / 100 KM.","imgUrl":"./previews/fortwo_city coupe__w450_.png","fullDesc":"Níže naleznete parametry před a po úpravě Standard pro vozidlo: Smart Fortwo City Coupe 600 Automat - 45 HP. Modelová řada W450, vyráběná od roku 1998. Řídící jednotka motoru od společnosti Bosch. Typ řídící jednotky MEG1.0. Tato úprava je přizpůsobena pro automatickou převodovku. Předpokládaná doba úpravy tohoto modelu je 2 - 4 hodiny.","numbers":["Výkon HP","45 HP","57 HP","Výkon kW","33 kW","42 kW","Točivý moment Nm","70 Nm","82 Nm","Maximální rychlost","","+ 3 KM/H","Spotřeba město","","-0,30 L / 100 KM","Kombinovaná spotřeba","","-0,25 L / 100 KM","Spotřeba mimo město","","-0,20 L / 100 KM"],"chartPower":"./chartPower/fortwo_city coupe__w450_1218188.png","chartTorque":"./chartTorque/fortwo_city coupe__w450_1218188.png"},{"id":"fortwo_city coupe__w450_1218189","fullName":"ChipTuning - Smart Fortwo City Coupe 600 Automat - 54 HP ","desc":"Zvýšení výkonu motoru (chiptuning) vozidla Smart Fortwo City Coupe 600 Automat - 54 HP je možné z původních 40 kW (54 HP) až na 53 kW (72 HP) a nárůst točivého momentu ze 80 Nm až na 101 Nm.,Maximální rychlost se po úpravě zvýší o + 5 KM/H a kombinovaná spotřeba se sníží v průměru o -0,50 L / 100 KM.","imgUrl":"./previews/fortwo_city coupe__w450_.png","fullDesc":"Níže naleznete parametry před a po úpravě Standard pro vozidlo: Smart Fortwo City Coupe 600 Automat - 54 HP. Modelová řada W450, vyráběná od roku 1998. Řídící jednotka motoru od společnosti Bosch. Typ řídící jednotky MEG1.0. Tato úprava je přizpůsobena pro automatickou převodovku. Předpokládaná doba úpravy tohoto modelu je 2 - 4 hodiny.","numbers":["Výkon HP","54 HP","68 HP","Výkon kW","40 kW","50 kW","Točivý moment Nm","80 Nm","95 Nm","Maximální rychlost","","+ 3 KM/H","Spotřeba město","","-0,30 L / 100 KM","Kombinovaná spotřeba","","-0,25 L / 100 KM","Spotřeba mimo město","","-0,20 L / 100 KM"],"chartPower":"./chartPower/fortwo_city coupe__w450_1218189.png","chartTorque":"./chartTorque/fortwo_city coupe__w450_1218189.png"},{"id":"fortwo_city coupe__w450_1218194","fullName":"ChipTuning - Smart Fortwo City Coupe 600 Automat - 61 HP ","desc":"Zvýšení výkonu motoru (chiptuning) vozidla Smart Fortwo City Coupe 600 Automat - 61 HP je možné z původních 45 kW (61 HP) až na 59 kW (81 HP) a nárůst točivého momentu ze 88 Nm až na 110 Nm.,Maximální rychlost se po úpravě zvýší o + 5 KM/H a kombinovaná spotřeba se sníží v průměru o -0,50 L / 100 KM.","imgUrl":"./previews/fortwo_city coupe__w450_.png","fullDesc":"Níže naleznete parametry před a po úpravě Standard pro vozidlo: Smart Fortwo City Coupe 600 Automat - 61 HP. Modelová řada W450, vyráběná od roku 2001. Řídící jednotka motoru od společnosti Bosch. Typ řídící jednotky MEG1.0. Tato úprava je přizpůsobena pro automatickou převodovku. Předpokládaná doba úpravy tohoto modelu je 2 - 4 hodiny.","numbers":["Výkon HP","61 HP","76 HP","Výkon kW","45 kW","56 kW","Točivý moment Nm","88 Nm","104 Nm","Maximální rychlost","","+ 3 KM/H","Spotřeba město","","-0,30 L / 100 KM","Kombinovaná spotřeba","","-0,25 L / 100 KM","Spotřeba mimo město","","-0,20 L / 100 KM"],"chartPower":"./chartPower/fortwo_city coupe__w450_1218194.png","chartTorque":"./chartTorque/fortwo_city coupe__w450_1218194.png"},{"id":"fortwo_city coupe__w450_1218184","fullName":"ChipTuning - Smart Fortwo City Coupe 800 CDI Automat - 41 HP ","desc":"Zvýšení výkonu motoru (chiptuning) vozidla Smart Fortwo City Coupe 800 CDI Automat - 41 HP je možné z původních 30 kW (41 HP) až na 43 kW (57 HP) a nárůst točivého momentu ze 100 Nm až na 131 Nm.,Maximální rychlost se po úpravě zvýší o + 5 KM/H a kombinovaná spotřeba se sníží v průměru o -0,50 L / 100 KM.","imgUrl":"./previews/fortwo_city coupe__w450_.png","fullDesc":"Níže naleznete parametry před a po úpravě Standard pro vozidlo: Smart Fortwo City Coupe 800 CDI Automat - 41 HP. Modelová řada W450, vyráběná od roku 1999. Úprava tohoto modelu se provádí přes diagnostickou zásuvku. Řídící jednotka motoru od společnosti Bosch. Typ řídící jednotky EDC15C5. Tato úprava je přizpůsobena pro automatickou převodovku. Předpokládaná doba úpravy tohoto modelu je 1 - 2 hodiny.","numbers":["Výkon HP","41 HP","53 HP","Výkon kW","30 kW","40 kW","Točivý moment Nm","100 Nm","122 Nm","Maximální rychlost","","+ 3 KM/H","Spotřeba město","","-0,30 L / 100 KM","Kombinovaná spotřeba","","-0,25 L / 100 KM","Spotřeba mimo město","","-0,20 L / 100 KM"],"chartPower":"./chartPower/fortwo_city coupe__w450_1218184.png","chartTorque":"./chartTorque/fortwo_city coupe__w450_1218184.png"},{"id":"fortwo_crossblade __w450_1218203","fullName":"ChipTuning - Smart Fortwo Crossblade  600 Automat - 71 HP ","desc":"Zvýšení výkonu motoru (chiptuning) vozidla Smart Fortwo Crossblade 600 Automat - 71 HP je možné z původních 52 kW (71 HP) až na 69 kW (94 HP) a nárůst točivého momentu ze 100 Nm až na 125 Nm.,Maximální rychlost se po úpravě zvýší o + 5 KM/H a kombinovaná spotřeba se sníží v průměru o -0,50 L / 100 KM.","imgUrl":"./previews/fortwo_crossblade __w450_.png","fullDesc":"Níže naleznete parametry před a po úpravě Standard pro vozidlo: Smart Fortwo Crossblade 600 Automat - 71 HP. Modelová řada W450, vyráběná od roku 2002. Řídící jednotka motoru od společnosti Bosch. Typ řídící jednotky MEG1.0. Tato úprava je přizpůsobena pro automatickou převodovku. Předpokládaná doba úpravy tohoto modelu je 2 - 4 hodiny.","numbers":["Výkon HP","71 HP","89 HP","Výkon kW","52 kW","65 kW","Točivý moment Nm","100 Nm","118 Nm","Maximální rychlost","","+ 3 KM/H","Spotřeba město","","-0,30 L / 100 KM","Kombinovaná spotřeba","","-0,25 L / 100 KM","Spotřeba mimo město","","-0,20 L / 100 KM"],"chartPower":"./chartPower/fortwo_crossblade __w450_1218203.png","chartTorque":"./chartTorque/fortwo_crossblade __w450_1218203.png"},{"id":"roadster__w452_1218207","fullName":"ChipTuning - Smart Roadster 700 Automat - 61 HP ","desc":"Zvýšení výkonu motoru (chiptuning) vozidla Smart Roadster 700 Automat - 61 HP je možné z původních 45 kW (61 HP) až na 59 kW (81 HP) a nárůst točivého momentu ze 95 Nm až na 120 Nm.,Maximální rychlost se po úpravě zvýší o + 5 KM/H a kombinovaná spotřeba se sníží v průměru o -0,50 L / 100 KM.","imgUrl":"./previews/roadster__w452_.png","fullDesc":"Níže naleznete parametry před a po úpravě Standard pro vozidlo: Smart Roadster 700 Automat - 61 HP. Modelová řada W452, vyráběná od roku 2003. Řídící jednotka motoru od společnosti Bosch. Typ řídící jednotky MEG1.1. Tato úprava je přizpůsobena pro automatickou převodovku. Předpokládaná doba úpravy tohoto modelu je 2 - 4 hodiny.","numbers":["Výkon HP","61 HP","76 HP","Výkon kW","45 kW","56 kW","Točivý moment Nm","95 Nm","113 Nm","Maximální rychlost","","+ 3 KM/H","Spotřeba město","","-0,30 L / 100 KM","Kombinovaná spotřeba","","-0,25 L / 100 KM","Spotřeba mimo město","","-0,20 L / 100 KM"],"chartPower":"./chartPower/roadster__w452_1218207.png","chartTorque":"./chartTorque/roadster__w452_1218207.png"},{"id":"roadster__w452_1218208","fullName":"ChipTuning - Smart Roadster 700 Automat - 82 HP ","desc":"Zvýšení výkonu motoru (chiptuning) vozidla Smart Roadster 700 Automat - 82 HP je možné z původních 60 kW (82 HP) až na 80 kW (109 HP) a nárůst točivého momentu ze 110 Nm až na 138 Nm.,Maximální rychlost se po úpravě zvýší o + 5 KM/H a kombinovaná spotřeba se sníží v průměru o -0,50 L / 100 KM.","imgUrl":"./previews/roadster__w452_.png","fullDesc":"Níže naleznete parametry před a po úpravě Standard pro vozidlo: Smart Roadster 700 Automat - 82 HP. Modelová řada W452, vyráběná od roku 2003. Řídící jednotka motoru od společnosti Bosch. Typ řídící jednotky MEG1.1. Tato úprava je přizpůsobena pro automatickou převodovku. Předpokládaná doba úpravy tohoto modelu je 2 - 4 hodiny.","numbers":["Výkon HP","82 HP","103 HP","Výkon kW","60 kW","75 kW","Točivý moment Nm","110 Nm","130 Nm","Maximální rychlost","","+ 3 KM/H","Spotřeba město","","-0,30 L / 100 KM","Kombinovaná spotřeba","","-0,25 L / 100 KM","Spotřeba mimo město","","-0,20 L / 100 KM"],"chartPower":"./chartPower/roadster__w452_1218208.png","chartTorque":"./chartTorque/roadster__w452_1218208.png"},{"id":"roadster_brabus__w452_1218215","fullName":"ChipTuning - Smart Roadster Brabus 700 Automat - 101 HP ","desc":"Zvýšení výkonu motoru (chiptuning) vozidla Smart Roadster Brabus 700 Automat - 101 HP je možné z původních 74 kW (101 HP) až na 96 kW (131 HP) a nárůst točivého momentu ze 130 Nm až na 164 Nm.,Maximální rychlost se po úpravě zvýší o + 5 KM/H a kombinovaná spotřeba se sníží v průměru o -0,50 L / 100 KM.","imgUrl":"./previews/roadster_brabus__w452_.png","fullDesc":"Níže naleznete parametry před a po úpravě Standard pro vozidlo: Smart Roadster Brabus 700 Automat - 101 HP. Modelová řada W452, vyráběná od roku 2003. Řídící jednotka motoru od společnosti Bosch. Typ řídící jednotky MEG1.1. Tato úprava je přizpůsobena pro automatickou převodovku. Předpokládaná doba úpravy tohoto modelu je 2 - 4 hodiny.","numbers":["Výkon HP","101 HP","124 HP","Výkon kW","74 kW","91 kW","Točivý moment Nm","130 Nm","154 Nm","Maximální rychlost","","+ 3 KM/H","Spotřeba město","","-0,30 L / 100 KM","Kombinovaná spotřeba","","-0,25 L / 100 KM","Spotřeba mimo město","","-0,20 L / 100 KM"],"chartPower":"./chartPower/roadster_brabus__w452_1218215.png","chartTorque":"./chartTorque/roadster_brabus__w452_1218215.png"}]