[{"id":"actyon___1218221","fullName":"ChipTuning - Ssangyong Actyon 2.0 XDi - 141 HP ","desc":"Zvýšení výkonu motoru (chiptuning) vozidla Ssangyong Actyon 2.0 XDi - 141 HP je možné z původních 104 kW (141 HP) až na 137 kW (185 HP) a nárůst točivého momentu ze 310 Nm až na 436 Nm.,Maximální rychlost se po úpravě zvýší o + 9 KM/H a kombinovaná spotřeba se sníží v průměru o -0,70 L / 100 KM.","imgUrl":"./previews/actyon___.png","fullDesc":"Níže naleznete parametry před a po úpravě Standard pro vozidlo: Ssangyong Actyon 2.0 XDi - 141 HP. Modelová řada vyráběná od roku 2006. Úprava tohoto modelu se provádí přes diagnostickou zásuvku. Řídící jednotka motoru od společnosti Delphi. Typ řídící jednotky DCM3.2. Předpokládaná doba úpravy tohoto modelu je 1 - 2 hodiny.","numbers":["Výkon HP","141 HP","175 HP","Výkon kW","104 kW","129 kW","Točivý moment Nm","310 Nm","400 Nm","Maximální rychlost","","+ 6 KM/H","Spotřeba město","","-0,50 L / 100 KM","Kombinovaná spotřeba","","-0,40 L / 100 KM","Spotřeba mimo město","","-0,30 L / 100 KM"],"chartPower":"./chartPower/actyon___1218221.png","chartTorque":"./chartTorque/actyon___1218221.png"},{"id":"actyon___1218223","fullName":"ChipTuning - Ssangyong Actyon 2.0 XDi - 150 HP ","desc":"Zvýšení výkonu motoru (chiptuning) vozidla Ssangyong Actyon 2.0 XDi - 150 HP je možné z původních 110 kW (150 HP) až na 144 kW (197 HP) a nárůst točivého momentu ze 360 Nm až na 496 Nm.,Maximální rychlost se po úpravě zvýší o + 9 KM/H a kombinovaná spotřeba se sníží v průměru o -0,70 L / 100 KM.","imgUrl":"./previews/actyon___.png","fullDesc":"Níže naleznete parametry před a po úpravě Standard pro vozidlo: Ssangyong Actyon 2.0 XDi - 150 HP. Modelová řada vyráběná od roku 2011. Úprava tohoto modelu se provádí přes diagnostickou zásuvku. Řídící jednotka motoru od společnosti Delphi. Typ řídící jednotky DCM3.7. Předpokládaná doba úpravy tohoto modelu je 1 - 2 hodiny.","numbers":["Výkon HP","150 HP","186 HP","Výkon kW","110 kW","136 kW","Točivý moment Nm","360 Nm","457 Nm","Maximální rychlost","","+ 6 KM/H","Spotřeba město","","-0,50 L / 100 KM","Kombinovaná spotřeba","","-0,40 L / 100 KM","Spotřeba mimo město","","-0,30 L / 100 KM"],"chartPower":"./chartPower/actyon___1218223.png","chartTorque":"./chartTorque/actyon___1218223.png"},{"id":"actyon___1218222","fullName":"ChipTuning - Ssangyong Actyon 2.0 XDi - 175 HP ","desc":"Zvýšení výkonu motoru (chiptuning) vozidla Ssangyong Actyon 2.0 XDi - 175 HP je možné z původních 129 kW (175 HP) až na 164 kW (223 HP) a nárůst točivého momentu ze 360 Nm až na 496 Nm.,Maximální rychlost se po úpravě zvýší o + 9 KM/H a kombinovaná spotřeba se sníží v průměru o -0,70 L / 100 KM.","imgUrl":"./previews/actyon___.png","fullDesc":"Níže naleznete parametry před a po úpravě Standard pro vozidlo: Ssangyong Actyon 2.0 XDi - 175 HP. Modelová řada vyráběná od roku 2011. Úprava tohoto modelu se provádí přes diagnostickou zásuvku. Řídící jednotka motoru od společnosti Delphi. Typ řídící jednotky DCM3.7. Předpokládaná doba úpravy tohoto modelu je 1 - 2 hodiny.","numbers":["Výkon HP","175 HP","212 HP","Výkon kW","129 kW","156 kW","Točivý moment Nm","360 Nm","457 Nm","Maximální rychlost","","+ 6 KM/H","Spotřeba město","","-0,50 L / 100 KM","Kombinovaná spotřeba","","-0,40 L / 100 KM","Spotřeba mimo město","","-0,30 L / 100 KM"],"chartPower":"./chartPower/actyon___1218222.png","chartTorque":"./chartTorque/actyon___1218222.png"},{"id":"actyon___1218226","fullName":"ChipTuning - Ssangyong Actyon 2.2 e-XDi - 178 HP ","desc":"Zvýšení výkonu motoru (chiptuning) vozidla Ssangyong Actyon 2.2 e-XDi - 178 HP je možné z původních 131 kW (178 HP) až na 167 kW (226 HP) a nárůst točivého momentu ze 400 Nm až na 551 Nm.,Maximální rychlost se po úpravě zvýší o + 11 KM/H a kombinovaná spotřeba se sníží v průměru o -0,90 L / 100 KM.","imgUrl":"./previews/actyon___.png","fullDesc":"Níže naleznete parametry před a po úpravě Standard pro vozidlo: Ssangyong Actyon 2.2 e-XDi - 178 HP. Modelová řada vyráběná od roku 2016. Úprava tohoto modelu se provádí přes diagnostickou zásuvku. Řídící jednotka motoru od společnosti Delphi. Typ řídící jednotky DCM6.2AP. Předpokládaná doba úpravy tohoto modelu je 1 - 2 hodiny.","numbers":["Výkon HP","178 HP","215 HP","Výkon kW","131 kW","159 kW","Točivý moment Nm","400 Nm","508 Nm","Maximální rychlost","","+ 8 KM/H","Spotřeba město","","-0,60 L / 100 KM","Kombinovaná spotřeba","","-0,50 L / 100 KM","Spotřeba mimo město","","-0,40 L / 100 KM"],"chartPower":"./chartPower/actyon___1218226.png","chartTorque":"./chartTorque/actyon___1218226.png"},{"id":"actyon_sports___1218230","fullName":"ChipTuning - Ssangyong Actyon Sports 2.0 XDi - 141 HP ","desc":"Zvýšení výkonu motoru (chiptuning) vozidla Ssangyong Actyon Sports 2.0 XDi - 141 HP je možné z původních 104 kW (141 HP) až na 137 kW (185 HP) a nárůst točivého momentu ze 310 Nm až na 436 Nm.,Maximální rychlost se po úpravě zvýší o + 9 KM/H a kombinovaná spotřeba se sníží v průměru o -0,70 L / 100 KM.","imgUrl":"./previews/actyon_sports___.png","fullDesc":"Níže naleznete parametry před a po úpravě Standard pro vozidlo: Ssangyong Actyon Sports 2.0 XDi - 141 HP. Modelová řada vyráběná od roku 2006. Úprava tohoto modelu se provádí přes diagnostickou zásuvku. Řídící jednotka motoru od společnosti Delphi. Typ řídící jednotky DCM3.2. Předpokládaná doba úpravy tohoto modelu je 1 - 2 hodiny.","numbers":["Výkon HP","141 HP","175 HP","Výkon kW","104 kW","129 kW","Točivý moment Nm","310 Nm","400 Nm","Maximální rychlost","","+ 6 KM/H","Spotřeba město","","-0,50 L / 100 KM","Kombinovaná spotřeba","","-0,40 L / 100 KM","Spotřeba mimo město","","-0,30 L / 100 KM"],"chartPower":"./chartPower/actyon_sports___1218230.png","chartTorque":"./chartTorque/actyon_sports___1218230.png"},{"id":"actyon_sports___1218232","fullName":"ChipTuning - Ssangyong Actyon Sports 2.0 XDi - 150 HP ","desc":"Zvýšení výkonu motoru (chiptuning) vozidla Ssangyong Actyon Sports 2.0 XDi - 150 HP je možné z původních 110 kW (150 HP) až na 144 kW (197 HP) a nárůst točivého momentu ze 360 Nm až na 496 Nm.,Maximální rychlost se po úpravě zvýší o + 9 KM/H a kombinovaná spotřeba se sníží v průměru o -0,70 L / 100 KM.","imgUrl":"./previews/actyon_sports___.png","fullDesc":"Níže naleznete parametry před a po úpravě Standard pro vozidlo: Ssangyong Actyon Sports 2.0 XDi - 150 HP. Modelová řada vyráběná od roku 2011. Úprava tohoto modelu se provádí přes diagnostickou zásuvku. Řídící jednotka motoru od společnosti Delphi. Typ řídící jednotky DCM3.7. Předpokládaná doba úpravy tohoto modelu je 1 - 2 hodiny.","numbers":["Výkon HP","150 HP","186 HP","Výkon kW","110 kW","136 kW","Točivý moment Nm","360 Nm","457 Nm","Maximální rychlost","","+ 6 KM/H","Spotřeba město","","-0,50 L / 100 KM","Kombinovaná spotřeba","","-0,40 L / 100 KM","Spotřeba mimo město","","-0,30 L / 100 KM"],"chartPower":"./chartPower/actyon_sports___1218232.png","chartTorque":"./chartTorque/actyon_sports___1218232.png"},{"id":"actyon_sports___1218231","fullName":"ChipTuning - Ssangyong Actyon Sports 2.0 XDi - 175 HP ","desc":"Zvýšení výkonu motoru (chiptuning) vozidla Ssangyong Actyon Sports 2.0 XDi - 175 HP je možné z původních 129 kW (175 HP) až na 164 kW (223 HP) a nárůst točivého momentu ze 360 Nm až na 496 Nm.,Maximální rychlost se po úpravě zvýší o + 9 KM/H a kombinovaná spotřeba se sníží v průměru o -0,70 L / 100 KM.","imgUrl":"./previews/actyon_sports___.png","fullDesc":"Níže naleznete parametry před a po úpravě Standard pro vozidlo: Ssangyong Actyon Sports 2.0 XDi - 175 HP. Modelová řada vyráběná od roku 2011. Úprava tohoto modelu se provádí přes diagnostickou zásuvku. Řídící jednotka motoru od společnosti Delphi. Typ řídící jednotky DCM3.7. Předpokládaná doba úpravy tohoto modelu je 1 - 2 hodiny.","numbers":["Výkon HP","175 HP","212 HP","Výkon kW","129 kW","156 kW","Točivý moment Nm","360 Nm","457 Nm","Maximální rychlost","","+ 6 KM/H","Spotřeba město","","-0,50 L / 100 KM","Kombinovaná spotřeba","","-0,40 L / 100 KM","Spotřeba mimo město","","-0,30 L / 100 KM"],"chartPower":"./chartPower/actyon_sports___1218231.png","chartTorque":"./chartTorque/actyon_sports___1218231.png"},{"id":"actyon_sports___1218235","fullName":"ChipTuning - Ssangyong Actyon Sports 2.2 e-XDi - 178 HP ","desc":"Zvýšení výkonu motoru (chiptuning) vozidla Ssangyong Actyon Sports 2.2 e-XDi - 178 HP je možné z původních 131 kW (178 HP) až na 167 kW (226 HP) a nárůst točivého momentu ze 400 Nm až na 551 Nm.,Maximální rychlost se po úpravě zvýší o + 11 KM/H a kombinovaná spotřeba se sníží v průměru o -0,90 L / 100 KM.","imgUrl":"./previews/actyon_sports___.png","fullDesc":"Níže naleznete parametry před a po úpravě Standard pro vozidlo: Ssangyong Actyon Sports 2.2 e-XDi - 178 HP. Modelová řada vyráběná od roku 2016. Úprava tohoto modelu se provádí přes diagnostickou zásuvku. Řídící jednotka motoru od společnosti Delphi. Typ řídící jednotky DCM6.2AP. Předpokládaná doba úpravy tohoto modelu je 1 - 2 hodiny.","numbers":["Výkon HP","178 HP","215 HP","Výkon kW","131 kW","159 kW","Točivý moment Nm","400 Nm","508 Nm","Maximální rychlost","","+ 8 KM/H","Spotřeba město","","-0,60 L / 100 KM","Kombinovaná spotřeba","","-0,50 L / 100 KM","Spotřeba mimo město","","-0,40 L / 100 KM"],"chartPower":"./chartPower/actyon_sports___1218235.png","chartTorque":"./chartTorque/actyon_sports___1218235.png"},{"id":"korando_(_3rd)__1218239","fullName":"ChipTuning - Ssangyong Korando 2.0 XDi - 175 HP ","desc":"Zvýšení výkonu motoru (chiptuning) vozidla Ssangyong Korando 2.0 XDi - 175 HP je možné z původních 129 kW (175 HP) až na 164 kW (223 HP) a nárůst točivého momentu ze 360 Nm až na 496 Nm.,Maximální rychlost se po úpravě zvýší o + 9 KM/H a kombinovaná spotřeba se sníží v průměru o -0,70 L / 100 KM.","imgUrl":"./previews/korando_(_3rd)__.png","fullDesc":"Níže naleznete parametry před a po úpravě Standard pro vozidlo: Ssangyong Korando 2.0 XDi - 175 HP. Modelová řada vyráběná od roku 2010. Úprava tohoto modelu se provádí přes diagnostickou zásuvku. Řídící jednotka motoru od společnosti Delphi. Typ řídící jednotky DCM3.7. Předpokládaná doba úpravy tohoto modelu je 1 - 2 hodiny.","numbers":["Výkon HP","175 HP","212 HP","Výkon kW","129 kW","156 kW","Točivý moment Nm","360 Nm","457 Nm","Maximální rychlost","","+ 6 KM/H","Spotřeba město","","-0,50 L / 100 KM","Kombinovaná spotřeba","","-0,40 L / 100 KM","Spotřeba mimo město","","-0,30 L / 100 KM"],"chartPower":"./chartPower/korando_(_3rd)__1218239.png","chartTorque":"./chartTorque/korando_(_3rd)__1218239.png"},{"id":"korando_(_3rd)__1218251","fullName":"ChipTuning - Ssangyong Korando 2.2 e-XDi - 178 HP ","desc":"Zvýšení výkonu motoru (chiptuning) vozidla Ssangyong Korando 2.2 e-XDi - 178 HP je možné z původních 131 kW (178 HP) až na 167 kW (226 HP) a nárůst točivého momentu ze 400 Nm až na 551 Nm.,Maximální rychlost se po úpravě zvýší o + 11 KM/H a kombinovaná spotřeba se sníží v průměru o -0,90 L / 100 KM.","imgUrl":"./previews/korando_(_3rd)__.png","fullDesc":"Níže naleznete parametry před a po úpravě Standard pro vozidlo: Ssangyong Korando 2.2 e-XDi - 178 HP. Modelová řada vyráběná od roku 2015. Úprava tohoto modelu se provádí přes diagnostickou zásuvku. Řídící jednotka motoru od společnosti Delphi. Typ řídící jednotky DCM6.2AP. Předpokládaná doba úpravy tohoto modelu je 1 - 2 hodiny.","numbers":["Výkon HP","178 HP","215 HP","Výkon kW","131 kW","159 kW","Točivý moment Nm","400 Nm","508 Nm","Maximální rychlost","","+ 8 KM/H","Spotřeba město","","-0,60 L / 100 KM","Kombinovaná spotřeba","","-0,50 L / 100 KM","Spotřeba mimo město","","-0,40 L / 100 KM"],"chartPower":"./chartPower/korando_(_3rd)__1218251.png","chartTorque":"./chartTorque/korando_(_3rd)__1218251.png"},{"id":"kyron___1218257","fullName":"ChipTuning - Ssangyong Kyron 2.0 XDi - 141 HP ","desc":"Zvýšení výkonu motoru (chiptuning) vozidla Ssangyong Kyron 2.0 XDi - 141 HP je možné z původních 104 kW (141 HP) až na 137 kW (185 HP) a nárůst točivého momentu ze 310 Nm až na 436 Nm.,Maximální rychlost se po úpravě zvýší o + 9 KM/H a kombinovaná spotřeba se sníží v průměru o -0,70 L / 100 KM.","imgUrl":"./previews/kyron___.png","fullDesc":"Níže naleznete parametry před a po úpravě Standard pro vozidlo: Ssangyong Kyron 2.0 XDi - 141 HP. Modelová řada vyráběná od roku 2005. Úprava tohoto modelu se provádí přes diagnostickou zásuvku. Řídící jednotka motoru od společnosti Delphi. Typ řídící jednotky DCM3.2. Předpokládaná doba úpravy tohoto modelu je 1 - 2 hodiny.","numbers":["Výkon HP","141 HP","175 HP","Výkon kW","104 kW","129 kW","Točivý moment Nm","310 Nm","400 Nm","Maximální rychlost","","+ 6 KM/H","Spotřeba město","","-0,50 L / 100 KM","Kombinovaná spotřeba","","-0,40 L / 100 KM","Spotřeba mimo město","","-0,30 L / 100 KM"],"chartPower":"./chartPower/kyron___1218257.png","chartTorque":"./chartTorque/kyron___1218257.png"},{"id":"kyron___1218258","fullName":"ChipTuning - Ssangyong Kyron 2.7 XDi - 180 HP ","desc":"Zvýšení výkonu motoru (chiptuning) vozidla Ssangyong Kyron 2.7 XDi - 180 HP je možné z původních 132 kW (180 HP) až na 168 kW (229 HP) a nárůst točivého momentu ze 402 Nm až na 555 Nm.,Maximální rychlost se po úpravě zvýší o + 13 KM/H a kombinovaná spotřeba se sníží v průměru o -1,00 L / 100 KM.","imgUrl":"./previews/kyron___.png","fullDesc":"Níže naleznete parametry před a po úpravě Standard pro vozidlo: Ssangyong Kyron 2.7 XDi - 180 HP. Modelová řada vyráběná od roku 2005. Úprava tohoto modelu se provádí přes diagnostickou zásuvku. Řídící jednotka motoru od společnosti Delphi. Typ řídící jednotky DCM3.7. Předpokládaná doba úpravy tohoto modelu je 1 - 2 hodiny.","numbers":["Výkon HP","180 HP","218 HP","Výkon kW","132 kW","160 kW","Točivý moment Nm","402 Nm","511 Nm","Maximální rychlost","","+ 10 KM/H","Spotřeba město","","-0,70 L / 100 KM","Kombinovaná spotřeba","","-0,60 L / 100 KM","Spotřeba mimo město","","-0,50 L / 100 KM"],"chartPower":"./chartPower/kyron___1218258.png","chartTorque":"./chartTorque/kyron___1218258.png"},{"id":"musso__q200_1218260","fullName":"ChipTuning - Ssangyong Musso 2.2 e-XDi - 178 HP ","desc":"Zvýšení výkonu motoru (chiptuning) vozidla Ssangyong Musso 2.2 e-XDi - 178 HP je možné z původních 131 kW (178 HP) až na 167 kW (226 HP) a nárůst točivého momentu ze 400 Nm až na 551 Nm.,Maximální rychlost se po úpravě zvýší o + 11 KM/H a kombinovaná spotřeba se sníží v průměru o -0,90 L / 100 KM.","imgUrl":"./previews/musso__q200_.png","fullDesc":"Níže naleznete parametry před a po úpravě Standard pro vozidlo: Ssangyong Musso 2.2 e-XDi - 178 HP. Modelová řada Q200, vyráběná od roku 2017. Úprava tohoto modelu se provádí přes diagnostickou zásuvku. Řídící jednotka motoru od společnosti Delphi. Typ řídící jednotky DCM6.2AP. Předpokládaná doba úpravy tohoto modelu je 1 - 2 hodiny.","numbers":["Výkon HP","178 HP","215 HP","Výkon kW","131 kW","159 kW","Točivý moment Nm","400 Nm","508 Nm","Maximální rychlost","","+ 8 KM/H","Spotřeba město","","-0,60 L / 100 KM","Kombinovaná spotřeba","","-0,50 L / 100 KM","Spotřeba mimo město","","-0,40 L / 100 KM"],"chartPower":"./chartPower/musso__q200_1218260.png","chartTorque":"./chartTorque/musso__q200_1218260.png"},{"id":"rexton___1218263","fullName":"ChipTuning - Ssangyong Rexton 2.0 XDi - 155 HP ","desc":"Zvýšení výkonu motoru (chiptuning) vozidla Ssangyong Rexton 2.0 XDi - 155 HP je možné z původních 114 kW (155 HP) až na 149 kW (203 HP) a nárůst točivého momentu ze 360 Nm až na 496 Nm.,Maximální rychlost se po úpravě zvýší o + 9 KM/H a kombinovaná spotřeba se sníží v průměru o -0,70 L / 100 KM.","imgUrl":"./previews/rexton___.png","fullDesc":"Níže naleznete parametry před a po úpravě Standard pro vozidlo: Ssangyong Rexton 2.0 XDi - 155 HP. Modelová řada vyráběná od roku 2012. Úprava tohoto modelu se provádí přes diagnostickou zásuvku. Řídící jednotka motoru od společnosti Delphi. Typ řídící jednotky DCM3.7. Předpokládaná doba úpravy tohoto modelu je 1 - 2 hodiny.","numbers":["Výkon HP","155 HP","192 HP","Výkon kW","114 kW","141 kW","Točivý moment Nm","360 Nm","457 Nm","Maximální rychlost","","+ 6 KM/H","Spotřeba město","","-0,50 L / 100 KM","Kombinovaná spotřeba","","-0,40 L / 100 KM","Spotřeba mimo město","","-0,30 L / 100 KM"],"chartPower":"./chartPower/rexton___1218263.png","chartTorque":"./chartTorque/rexton___1218263.png"},{"id":"rexton___1218265","fullName":"ChipTuning - Ssangyong Rexton 2.2 e-XDi - 178 HP ","desc":"Zvýšení výkonu motoru (chiptuning) vozidla Ssangyong Rexton 2.2 e-XDi - 178 HP je možné z původních 131 kW (178 HP) až na 167 kW (226 HP) a nárůst točivého momentu ze 400 Nm až na 551 Nm.,Maximální rychlost se po úpravě zvýší o + 11 KM/H a kombinovaná spotřeba se sníží v průměru o -0,90 L / 100 KM.","imgUrl":"./previews/rexton___.png","fullDesc":"Níže naleznete parametry před a po úpravě Standard pro vozidlo: Ssangyong Rexton 2.2 e-XDi - 178 HP. Modelová řada vyráběná od roku 2015. Úprava tohoto modelu se provádí přes diagnostickou zásuvku. Řídící jednotka motoru od společnosti Delphi. Typ řídící jednotky DCM6.2AP. Předpokládaná doba úpravy tohoto modelu je 1 - 2 hodiny.","numbers":["Výkon HP","178 HP","215 HP","Výkon kW","131 kW","159 kW","Točivý moment Nm","400 Nm","508 Nm","Maximální rychlost","","+ 8 KM/H","Spotřeba město","","-0,60 L / 100 KM","Kombinovaná spotřeba","","-0,50 L / 100 KM","Spotřeba mimo město","","-0,40 L / 100 KM"],"chartPower":"./chartPower/rexton___1218265.png","chartTorque":"./chartTorque/rexton___1218265.png"},{"id":"rexton___1218272","fullName":"ChipTuning - Ssangyong Rexton 2.7 XDi - 160 HP ","desc":"Zvýšení výkonu motoru (chiptuning) vozidla Ssangyong Rexton 2.7 XDi - 160 HP je možné z původních 118 kW (160 HP) až na 154 kW (209 HP) a nárůst točivého momentu ze 340 Nm až na 469 Nm.,Maximální rychlost se po úpravě zvýší o + 13 KM/H a kombinovaná spotřeba se sníží v průměru o -1,00 L / 100 KM.","imgUrl":"./previews/rexton___.png","fullDesc":"Níže naleznete parametry před a po úpravě Standard pro vozidlo: Ssangyong Rexton 2.7 XDi - 160 HP. Modelová řada vyráběná od roku 2008. Úprava tohoto modelu se provádí přes diagnostickou zásuvku. Řídící jednotka motoru od společnosti Delphi. Typ řídící jednotky DCM3.2. Předpokládaná doba úpravy tohoto modelu je 1 - 2 hodiny.","numbers":["Výkon HP","160 HP","198 HP","Výkon kW","118 kW","146 kW","Točivý moment Nm","340 Nm","432 Nm","Maximální rychlost","","+ 10 KM/H","Spotřeba město","","-0,70 L / 100 KM","Kombinovaná spotřeba","","-0,60 L / 100 KM","Spotřeba mimo město","","-0,50 L / 100 KM"],"chartPower":"./chartPower/rexton___1218272.png","chartTorque":"./chartTorque/rexton___1218272.png"},{"id":"rexton___1218271","fullName":"ChipTuning - Ssangyong Rexton 2.7 XDi - 163 HP ","desc":"Zvýšení výkonu motoru (chiptuning) vozidla Ssangyong Rexton 2.7 XDi - 163 HP je možné z původních 120 kW (163 HP) až na 158 kW (214 HP) a nárůst točivého momentu ze 345 Nm až na 475 Nm.,Maximální rychlost se po úpravě zvýší o + 13 KM/H a kombinovaná spotřeba se sníží v průměru o -1,00 L / 100 KM.","imgUrl":"./previews/rexton___.png","fullDesc":"Níže naleznete parametry před a po úpravě Standard pro vozidlo: Ssangyong Rexton 2.7 XDi - 163 HP. Modelová řada vyráběná od roku 2004. Úprava tohoto modelu se provádí přes diagnostickou zásuvku. Řídící jednotka motoru od společnosti Delphi. Typ řídící jednotky DCM. Předpokládaná doba úpravy tohoto modelu je 1 - 2 hodiny.","numbers":["Výkon HP","163 HP","202 HP","Výkon kW","120 kW","149 kW","Točivý moment Nm","345 Nm","438 Nm","Maximální rychlost","","+ 10 KM/H","Spotřeba město","","-0,70 L / 100 KM","Kombinovaná spotřeba","","-0,60 L / 100 KM","Spotřeba mimo město","","-0,50 L / 100 KM"],"chartPower":"./chartPower/rexton___1218271.png","chartTorque":"./chartTorque/rexton___1218271.png"},{"id":"rexton___1218273","fullName":"ChipTuning - Ssangyong Rexton 2.7 XDi - 180 HP ","desc":"Zvýšení výkonu motoru (chiptuning) vozidla Ssangyong Rexton 2.7 XDi - 180 HP je možné z původních 132 kW (180 HP) až na 168 kW (229 HP) a nárůst točivého momentu ze 402 Nm až na 555 Nm.,Maximální rychlost se po úpravě zvýší o + 13 KM/H a kombinovaná spotřeba se sníží v průměru o -1,00 L / 100 KM.","imgUrl":"./previews/rexton___.png","fullDesc":"Níže naleznete parametry před a po úpravě Standard pro vozidlo: Ssangyong Rexton 2.7 XDi - 180 HP. Modelová řada vyráběná od roku 2010. Úprava tohoto modelu se provádí přes diagnostickou zásuvku. Řídící jednotka motoru od společnosti Delphi. Typ řídící jednotky DCM3.2. Předpokládaná doba úpravy tohoto modelu je 1 - 2 hodiny.","numbers":["Výkon HP","180 HP","218 HP","Výkon kW","132 kW","160 kW","Točivý moment Nm","402 Nm","511 Nm","Maximální rychlost","","+ 10 KM/H","Spotřeba město","","-0,70 L / 100 KM","Kombinovaná spotřeba","","-0,60 L / 100 KM","Spotřeba mimo město","","-0,50 L / 100 KM"],"chartPower":"./chartPower/rexton___1218273.png","chartTorque":"./chartTorque/rexton___1218273.png"},{"id":"rodius___1218274","fullName":"ChipTuning - Ssangyong Rodius 2.0 XDi - 155 HP ","desc":"Zvýšení výkonu motoru (chiptuning) vozidla Ssangyong Rodius 2.0 XDi - 155 HP je možné z původních 114 kW (155 HP) až na 149 kW (203 HP) a nárůst točivého momentu ze 360 Nm až na 496 Nm.,Maximální rychlost se po úpravě zvýší o + 9 KM/H a kombinovaná spotřeba se sníží v průměru o -0,70 L / 100 KM.","imgUrl":"./previews/rodius___.png","fullDesc":"Níže naleznete parametry před a po úpravě Standard pro vozidlo: Ssangyong Rodius 2.0 XDi - 155 HP. Modelová řada vyráběná od roku 2012. Úprava tohoto modelu se provádí přes diagnostickou zásuvku. Řídící jednotka motoru od společnosti Delphi. Typ řídící jednotky DCM3.7. Předpokládaná doba úpravy tohoto modelu je 1 - 2 hodiny.","numbers":["Výkon HP","155 HP","192 HP","Výkon kW","114 kW","141 kW","Točivý moment Nm","360 Nm","457 Nm","Maximální rychlost","","+ 6 KM/H","Spotřeba město","","-0,50 L / 100 KM","Kombinovaná spotřeba","","-0,40 L / 100 KM","Spotřeba mimo město","","-0,30 L / 100 KM"],"chartPower":"./chartPower/rodius___1218274.png","chartTorque":"./chartTorque/rodius___1218274.png"},{"id":"rodius___1218276","fullName":"ChipTuning - Ssangyong Rodius 2.7 XDi - 163 HP ","desc":"Zvýšení výkonu motoru (chiptuning) vozidla Ssangyong Rodius 2.7 XDi - 163 HP je možné z původních 120 kW (163 HP) až na 158 kW (214 HP) a nárůst točivého momentu ze 345 Nm až na 475 Nm.,Maximální rychlost se po úpravě zvýší o + 13 KM/H a kombinovaná spotřeba se sníží v průměru o -1,00 L / 100 KM.","imgUrl":"./previews/rodius___.png","fullDesc":"Níže naleznete parametry před a po úpravě Standard pro vozidlo: Ssangyong Rodius 2.7 XDi - 163 HP. Modelová řada vyráběná od roku 2005. Úprava tohoto modelu se provádí přes diagnostickou zásuvku. Řídící jednotka motoru od společnosti Delphi. Typ řídící jednotky DCM. Předpokládaná doba úpravy tohoto modelu je 1 - 2 hodiny.","numbers":["Výkon HP","163 HP","202 HP","Výkon kW","120 kW","149 kW","Točivý moment Nm","345 Nm","438 Nm","Maximální rychlost","","+ 10 KM/H","Spotřeba město","","-0,70 L / 100 KM","Kombinovaná spotřeba","","-0,60 L / 100 KM","Spotřeba mimo město","","-0,50 L / 100 KM"],"chartPower":"./chartPower/rodius___1218276.png","chartTorque":"./chartTorque/rodius___1218276.png"},{"id":"rodius___1218277","fullName":"ChipTuning - Ssangyong Rodius 3.2 V6 - 220 HP ","desc":"Zvýšení výkonu motoru (chiptuning) vozidla Ssangyong Rodius 3.2 V6 - 220 HP je možné z původních 162 kW (220 HP) až na 178 kW (244 HP) a nárůst točivého momentu až na 355 Nm.,Maximální rychlost se po úpravě zvýší o + 1 KM/H a kombinovaná spotřeba se sníží v průměru o -0,30 L / 100 KM.","imgUrl":"./previews/rodius___.png","fullDesc":"Níže naleznete parametry před a po úpravě Standard pro vozidlo: Ssangyong Rodius 3.2 V6 - 220 HP. Modelová řada vyráběná od roku 2006. Úprava tohoto modelu se provádí přes diagnostickou zásuvku. Řídící jednotka motoru od společnosti Delphi. Typ řídící jednotky DCM3.2. Předpokládaná doba úpravy tohoto modelu je 1 - 2 hodiny.","numbers":["Výkon HP","220 HP","244 HP","Výkon kW","162 kW","178 kW","Točivý moment Nm","-","+38 Nm","Maximální rychlost","","+ 1 KM/H","Spotřeba město","","-0,20 L / 100 KM","Kombinovaná spotřeba","","-0,20 L / 100 KM","Spotřeba mimo město","","-0,10 L / 100 KM"],"chartPower":"./chartPower/rodius___1218277.png","chartTorque":""},{"id":"stavic___1218278","fullName":"ChipTuning - Ssangyong Stavic 2.0 XDI - 155 HP ","desc":"Zvýšení výkonu motoru (chiptuning) vozidla Ssangyong Stavic 2.0 XDI - 155 HP je možné z původních 114 kW (155 HP) až na 149 kW (203 HP) a nárůst točivého momentu až na 510 Nm.,Maximální rychlost se po úpravě zvýší o + 5 KM/H a kombinovaná spotřeba se sníží v průměru o -0,50 L / 100 KM.","imgUrl":"./previews/stavic___.png","fullDesc":"Níže naleznete parametry před a po úpravě Standard pro vozidlo: Ssangyong Stavic 2.0 XDI - 155 HP. Modelová řada vyráběná od roku 2012. Úprava tohoto modelu se provádí přes diagnostickou zásuvku. Řídící jednotka motoru od společnosti Delphi. Typ řídící jednotky DCM3.7. Předpokládaná doba úpravy tohoto modelu je 1 - 2 hodiny.","numbers":["Výkon HP","155 HP","192 HP","Výkon kW","114 kW","141 kW","Točivý moment Nm","-","+100 Nm","Maximální rychlost","","+ 3 KM/H","Spotřeba město","","-0,30 L / 100 KM","Kombinovaná spotřeba","","-0,25 L / 100 KM","Spotřeba mimo město","","-0,20 L / 100 KM"],"chartPower":"./chartPower/stavic___1218278.png","chartTorque":""},{"id":"stavic___1218279","fullName":"ChipTuning - Ssangyong Stavic 2.0 XDI - 155 HP ","desc":"Zvýšení výkonu motoru (chiptuning) vozidla Ssangyong Stavic 2.0 XDI - 155 HP je možné z původních 114 kW (155 HP) až na 149 kW (203 HP) a nárůst točivého momentu ze 360 Nm až na 496 Nm.,Maximální rychlost se po úpravě zvýší o + 9 KM/H a kombinovaná spotřeba se sníží v průměru o -0,70 L / 100 KM.","imgUrl":"./previews/stavic___.png","fullDesc":"Níže naleznete parametry před a po úpravě Standard pro vozidlo: Ssangyong Stavic 2.0 XDI - 155 HP. Modelová řada vyráběná od roku 2012. Úprava tohoto modelu se provádí přes diagnostickou zásuvku. Řídící jednotka motoru od společnosti Delphi. Typ řídící jednotky DCM3.7. Předpokládaná doba úpravy tohoto modelu je 1 - 2 hodiny.","numbers":["Výkon HP","155 HP","192 HP","Výkon kW","114 kW","141 kW","Točivý moment Nm","360 Nm","457 Nm","Maximální rychlost","","+ 6 KM/H","Spotřeba město","","-0,50 L / 100 KM","Kombinovaná spotřeba","","-0,40 L / 100 KM","Spotřeba mimo město","","-0,30 L / 100 KM"],"chartPower":"./chartPower/stavic___1218279.png","chartTorque":"./chartTorque/stavic___1218279.png"},{"id":"stavic___1218280","fullName":"ChipTuning - Ssangyong Stavic 2.7 XDi - 163 HP ","desc":"Zvýšení výkonu motoru (chiptuning) vozidla Ssangyong Stavic 2.7 XDi - 163 HP je možné z původních 120 kW (163 HP) až na 158 kW (214 HP) a nárůst točivého momentu ze 345 Nm až na 475 Nm.,Maximální rychlost se po úpravě zvýší o + 13 KM/H a kombinovaná spotřeba se sníží v průměru o -1,00 L / 100 KM.","imgUrl":"./previews/stavic___.png","fullDesc":"Níže naleznete parametry před a po úpravě Standard pro vozidlo: Ssangyong Stavic 2.7 XDi - 163 HP. Modelová řada vyráběná od roku 2008. Úprava tohoto modelu se provádí přes diagnostickou zásuvku. Řídící jednotka motoru od společnosti Delphi. Typ řídící jednotky DCM. Předpokládaná doba úpravy tohoto modelu je 1 - 2 hodiny.","numbers":["Výkon HP","163 HP","202 HP","Výkon kW","120 kW","149 kW","Točivý moment Nm","345 Nm","438 Nm","Maximální rychlost","","+ 10 KM/H","Spotřeba město","","-0,70 L / 100 KM","Kombinovaná spotřeba","","-0,60 L / 100 KM","Spotřeba mimo město","","-0,50 L / 100 KM"],"chartPower":"./chartPower/stavic___1218280.png","chartTorque":"./chartTorque/stavic___1218280.png"},{"id":"stavic___1218281","fullName":"ChipTuning - Ssangyong Stavic 3.2 V6 - 220 HP ","desc":"Zvýšení výkonu motoru (chiptuning) vozidla Ssangyong Stavic 3.2 V6 - 220 HP je možné z původních 162 kW (220 HP) až na 178 kW (244 HP) a nárůst točivého momentu až na 355 Nm.,Maximální rychlost se po úpravě zvýší o + 1 KM/H a kombinovaná spotřeba se sníží v průměru o -0,30 L / 100 KM.","imgUrl":"./previews/stavic___.png","fullDesc":"Níže naleznete parametry před a po úpravě Standard pro vozidlo: Ssangyong Stavic 3.2 V6 - 220 HP. Modelová řada vyráběná od roku 2005. Úprava tohoto modelu se provádí přes diagnostickou zásuvku. Řídící jednotka motoru od společnosti Delphi. Typ řídící jednotky DCM3.2. Předpokládaná doba úpravy tohoto modelu je 1 - 2 hodiny.","numbers":["Výkon HP","220 HP","244 HP","Výkon kW","162 kW","178 kW","Točivý moment Nm","-","+38 Nm","Maximální rychlost","","+ 1 KM/H","Spotřeba město","","-0,20 L / 100 KM","Kombinovaná spotřeba","","-0,20 L / 100 KM","Spotřeba mimo město","","-0,10 L / 100 KM"],"chartPower":"./chartPower/stavic___1218281.png","chartTorque":""},{"id":"tivoli___1218282","fullName":"ChipTuning - Ssangyong Tivoli 1.6 e-XDi - 116 HP ","desc":"Zvýšení výkonu motoru (chiptuning) vozidla Ssangyong Tivoli 1.6 e-XDi - 116 HP je možné z původních 85 kW (116 HP) až na 118 kW (160 HP) a nárůst točivého momentu až na 388 Nm.,Maximální rychlost se po úpravě zvýší o + 5 KM/H a kombinovaná spotřeba se sníží v průměru o -0,50 L / 100 KM.","imgUrl":"./previews/tivoli___.png","fullDesc":"Níže naleznete parametry před a po úpravě Standard pro vozidlo: Ssangyong Tivoli 1.6 e-XDi - 116 HP. Modelová řada vyráběná od roku 2015. Úprava tohoto modelu se provádí přes diagnostickou zásuvku. Řídící jednotka motoru od společnosti Delphi. Typ řídící jednotky DCM6.2AP. Předpokládaná doba úpravy tohoto modelu je 1 - 2 hodiny.","numbers":["Výkon HP","116 HP","150 HP","Výkon kW","85 kW","110 kW","Točivý moment Nm","-","+80 Nm","Maximální rychlost","","+ 3 KM/H","Spotřeba město","","-0,30 L / 100 KM","Kombinovaná spotřeba","","-0,25 L / 100 KM","Spotřeba mimo město","","-0,20 L / 100 KM"],"chartPower":"./chartPower/tivoli___1218282.png","chartTorque":""},{"id":"xlv___1218288","fullName":"ChipTuning - Ssangyong XLV 1.6 e-XDi - 116 HP ","desc":"Zvýšení výkonu motoru (chiptuning) vozidla Ssangyong XLV 1.6 e-XDi - 116 HP je možné z původních 85 kW (116 HP) až na 118 kW (160 HP) a nárůst točivého momentu až na 388 Nm.,Maximální rychlost se po úpravě zvýší o + 5 KM/H a kombinovaná spotřeba se sníží v průměru o -0,50 L / 100 KM.","imgUrl":"./previews/xlv___.png","fullDesc":"Níže naleznete parametry před a po úpravě Standard pro vozidlo: Ssangyong XLV 1.6 e-XDi - 116 HP. Modelová řada vyráběná od roku 2016. Řídící jednotka motoru od společnosti Delphi. Typ řídící jednotky DCM6.2AP. Předpokládaná doba úpravy tohoto modelu je 2 - 4 hodiny.","numbers":["Výkon HP","116 HP","150 HP","Výkon kW","85 kW","110 kW","Točivý moment Nm","-","+80 Nm","Maximální rychlost","","+ 3 KM/H","Spotřeba město","","-0,30 L / 100 KM","Kombinovaná spotřeba","","-0,25 L / 100 KM","Spotřeba mimo město","","-0,20 L / 100 KM"],"chartPower":"./chartPower/xlv___1218288.png","chartTorque":""}]