[{"id":"alto_(_7th)_ha25_1219134","fullName":"ChipTuning - Suzuki Alto 0.7i 12v - 54 HP ","desc":"Zvýšení výkonu motoru (chiptuning) vozidla Suzuki Alto 0.7i 12v - 54 HP je možné z původních 37 kW (51 HP) až na 41 kW (57 HP) a nárůst točivého momentu ze 60 Nm až na 68 Nm.,Maximální rychlost se po úpravě zvýší o + 1 KM/H a kombinovaná spotřeba se sníží v průměru o -0,30 L / 100 KM.","imgUrl":"./previews/alto_(_7th)_ha25_.png","fullDesc":"Níže naleznete parametry před a po úpravě Standard pro vozidlo: Suzuki Alto 0.7i 12v - 54 HP. Modelová řada HA25, vyráběná od roku 2009. Řídící jednotka motoru od společnosti Mitsubishi. Typ řídící jednotky E6T90975H. Předpokládaná doba úpravy tohoto modelu je 2 - 4 hodiny.","numbers":["Výkon HP","51 HP","57 HP","Výkon kW","37 kW","41 kW","Točivý moment Nm","60 Nm","68 Nm","Maximální rychlost","","+ 1 KM/H","Spotřeba město","","-0,20 L / 100 KM","Kombinovaná spotřeba","","-0,20 L / 100 KM","Spotřeba mimo město","","-0,10 L / 100 KM"],"chartPower":"./chartPower/alto_(_7th)_ha25_1219134.png","chartTorque":"./chartTorque/alto_(_7th)_ha25_1219134.png"},{"id":"alto_(_8th)_ha25_1219140","fullName":"ChipTuning - Suzuki Alto 0.7i 12v - 50 HP ","desc":"Zvýšení výkonu motoru (chiptuning) vozidla Suzuki Alto 0.7i 12v - 50 HP je možné z původních 36 kW (49 HP) až na 40 kW (55 HP) a nárůst točivého momentu ze 62 Nm až na 70 Nm.,Maximální rychlost se po úpravě zvýší o + 1 KM/H a kombinovaná spotřeba se sníží v průměru o -0,30 L / 100 KM.","imgUrl":"./previews/alto_(_8th)_ha25_.png","fullDesc":"Níže naleznete parametry před a po úpravě Standard pro vozidlo: Suzuki Alto 0.7i 12v - 50 HP. Modelová řada HA25, vyráběná od roku 2014. Řídící jednotka motoru od společnosti Mitsubishi. Typ řídící jednotky E6T91695H. Předpokládaná doba úpravy tohoto modelu je 2 - 4 hodiny.","numbers":["Výkon HP","49 HP","55 HP","Výkon kW","36 kW","40 kW","Točivý moment Nm","62 Nm","70 Nm","Maximální rychlost","","+ 1 KM/H","Spotřeba město","","-0,20 L / 100 KM","Kombinovaná spotřeba","","-0,20 L / 100 KM","Spotřeba mimo město","","-0,10 L / 100 KM"],"chartPower":"./chartPower/alto_(_8th)_ha25_1219140.png","chartTorque":"./chartTorque/alto_(_8th)_ha25_1219140.png"},{"id":"carry___1219144","fullName":"ChipTuning - Suzuki Carry 0.7i 12v - 50 HP ","desc":"Zvýšení výkonu motoru (chiptuning) vozidla Suzuki Carry 0.7i 12v - 50 HP je možné z původních 37 kW (50 HP) až na 41 kW (56 HP) a nárůst točivého momentu až na 82 Nm.,Maximální rychlost se po úpravě zvýší o + 1 KM/H a kombinovaná spotřeba se sníží v průměru o -0,30 L / 100 KM.","imgUrl":"./previews/carry___.png","fullDesc":"Níže naleznete parametry před a po úpravě Standard pro vozidlo: Suzuki Carry 0.7i 12v - 50 HP. Modelová řada vyráběná od roku 2013. Řídící jednotka motoru od společnosti Mitsubishi. Typ řídící jednotky E6T91571H. Předpokládaná doba úpravy tohoto modelu je 2 - 4 hodiny.","numbers":["Výkon HP","50 HP","56 HP","Výkon kW","37 kW","41 kW","Točivý moment Nm","-","+9 Nm","Maximální rychlost","","+ 1 KM/H","Spotřeba město","","-0,20 L / 100 KM","Kombinovaná spotřeba","","-0,20 L / 100 KM","Spotřeba mimo město","","-0,10 L / 100 KM"],"chartPower":"./chartPower/carry___1219144.png","chartTorque":""},{"id":"ciaz___1219155","fullName":"ChipTuning - Suzuki Ciaz 1.5 16v VVT - 105 HP ","desc":"Zvýšení výkonu motoru (chiptuning) vozidla Suzuki Ciaz 1.5 16v VVT - 105 HP je možné z původních 73 kW (101 HP) až na 81 kW (113 HP) a nárůst točivého momentu ze 126 Nm až na 142 Nm.,Maximální rychlost se po úpravě zvýší o + 1 KM/H a kombinovaná spotřeba se sníží v průměru o -0,40 L / 100 KM.","imgUrl":"./previews/ciaz___.png","fullDesc":"Níže naleznete parametry před a po úpravě Standard pro vozidlo: Suzuki Ciaz 1.5 16v VVT - 105 HP. Modelová řada vyráběná od roku 2018. Úprava tohoto modelu se provádí připojením na konektory řídící jednotky bez rozebírání jednotky. Řídící jednotka motoru od společnosti Bosch. Typ řídící jednotky ME17.9.64. Předpokládaná doba úpravy tohoto modelu je 1.5 - 2.5 hodiny.","numbers":["Výkon HP","101 HP","113 HP","Výkon kW","73 kW","81 kW","Točivý moment Nm","126 Nm","142 Nm","Maximální rychlost","","+ 1 KM/H","Spotřeba město","","-0,20 L / 100 KM","Kombinovaná spotřeba","","-0,20 L / 100 KM","Spotřeba mimo město","","-0,10 L / 100 KM"],"chartPower":"./chartPower/ciaz___1219155.png","chartTorque":"./chartTorque/ciaz___1219155.png"},{"id":"ciaz___1219149","fullName":"ChipTuning - Suzuki Ciaz 1.5 16v VVT Automat - 105 HP ","desc":"Zvýšení výkonu motoru (chiptuning) vozidla Suzuki Ciaz 1.5 16v VVT Automat - 105 HP je možné z původních 82 kW (110 HP) až na 90 kW (122 HP) a nárůst točivého momentu ze 135 Nm až na 151 Nm.,Maximální rychlost se po úpravě zvýší o + 1 KM/H a kombinovaná spotřeba se sníží v průměru o -0,40 L / 100 KM.","imgUrl":"./previews/ciaz___.png","fullDesc":"Níže naleznete parametry před a po úpravě Standard pro vozidlo: Suzuki Ciaz 1.5 16v VVT Automat - 105 HP. Modelová řada vyráběná od roku 2018. Úprava tohoto modelu se provádí připojením na konektory řídící jednotky bez rozebírání jednotky. Řídící jednotka motoru od společnosti Bosch. Typ řídící jednotky ME17.9.64. Tato úprava je přizpůsobena pro automatickou převodovku. Předpokládaná doba úpravy tohoto modelu je 1.5 - 2.5 hodiny.","numbers":["Výkon HP","110 HP","122 HP","Výkon kW","82 kW","90 kW","Točivý moment Nm","135 Nm","151 Nm","Maximální rychlost","","+ 1 KM/H","Spotřeba město","","-0,20 L / 100 KM","Kombinovaná spotřeba","","-0,20 L / 100 KM","Spotřeba mimo město","","-0,10 L / 100 KM"],"chartPower":"./chartPower/ciaz___1219149.png","chartTorque":"./chartTorque/ciaz___1219149.png"},{"id":"ertiga_(_2nd)_nc_1219167","fullName":"ChipTuning - Suzuki Ertiga 1.5 16v VVT - 105 HP ","desc":"Zvýšení výkonu motoru (chiptuning) vozidla Suzuki Ertiga 1.5 16v VVT - 105 HP je možné z původních 80 kW (108 HP) až na 88 kW (120 HP) a nárůst točivého momentu ze 133 Nm až na 149 Nm.,Maximální rychlost se po úpravě zvýší o + 1 KM/H a kombinovaná spotřeba se sníží v průměru o -0,40 L / 100 KM.","imgUrl":"./previews/ertiga_(_2nd)_nc_.png","fullDesc":"Níže naleznete parametry před a po úpravě Standard pro vozidlo: Suzuki Ertiga 1.5 16v VVT - 105 HP. Modelová řada NC, vyráběná od roku 2018. Úprava tohoto modelu se provádí připojením na konektory řídící jednotky bez rozebírání jednotky. Řídící jednotka motoru od společnosti Bosch. Typ řídící jednotky ME17.9.64. Předpokládaná doba úpravy tohoto modelu je 1.5 - 2.5 hodiny.","numbers":["Výkon HP","108 HP","120 HP","Výkon kW","80 kW","88 kW","Točivý moment Nm","133 Nm","149 Nm","Maximální rychlost","","+ 1 KM/H","Spotřeba město","","-0,20 L / 100 KM","Kombinovaná spotřeba","","-0,20 L / 100 KM","Spotřeba mimo město","","-0,10 L / 100 KM"],"chartPower":"./chartPower/ertiga_(_2nd)_nc_1219167.png","chartTorque":"./chartTorque/ertiga_(_2nd)_nc_1219167.png"},{"id":"ertiga_(_2nd)_nc_1219161","fullName":"ChipTuning - Suzuki Ertiga 1.5 16v VVT Automat - 105 HP ","desc":"Zvýšení výkonu motoru (chiptuning) vozidla Suzuki Ertiga 1.5 16v VVT Automat - 105 HP je možné z původních 80 kW (108 HP) až na 88 kW (120 HP) a nárůst točivého momentu ze 133 Nm až na 149 Nm.,Maximální rychlost se po úpravě zvýší o + 1 KM/H a kombinovaná spotřeba se sníží v průměru o -0,40 L / 100 KM.","imgUrl":"./previews/ertiga_(_2nd)_nc_.png","fullDesc":"Níže naleznete parametry před a po úpravě Standard pro vozidlo: Suzuki Ertiga 1.5 16v VVT Automat - 105 HP. Modelová řada NC, vyráběná od roku 2018. Úprava tohoto modelu se provádí připojením na konektory řídící jednotky bez rozebírání jednotky. Řídící jednotka motoru od společnosti Bosch. Typ řídící jednotky ME17.9.64. Tato úprava je přizpůsobena pro automatickou převodovku. Předpokládaná doba úpravy tohoto modelu je 1.5 - 2.5 hodiny.","numbers":["Výkon HP","108 HP","120 HP","Výkon kW","80 kW","88 kW","Točivý moment Nm","133 Nm","149 Nm","Maximální rychlost","","+ 1 KM/H","Spotřeba město","","-0,20 L / 100 KM","Kombinovaná spotřeba","","-0,20 L / 100 KM","Spotřeba mimo město","","-0,10 L / 100 KM"],"chartPower":"./chartPower/ertiga_(_2nd)_nc_1219161.png","chartTorque":"./chartTorque/ertiga_(_2nd)_nc_1219161.png"},{"id":"forenza___1219173","fullName":"ChipTuning - Suzuki Forenza 2.0 TDCI - 121 HP ","desc":"Zvýšení výkonu motoru (chiptuning) vozidla Suzuki Forenza 2.0 TDCI - 121 HP je možné z původních 94 kW (126 HP) až na 128 kW (172 HP) a nárůst točivého momentu až na 412 Nm.,Maximální rychlost se po úpravě zvýší o + 5 KM/H a kombinovaná spotřeba se sníží v průměru o -0,50 L / 100 KM.","imgUrl":"./previews/forenza___.png","fullDesc":"Níže naleznete parametry před a po úpravě Standard pro vozidlo: Suzuki Forenza 2.0 TDCI - 121 HP. Úprava tohoto modelu se provádí přes diagnostickou zásuvku. Řídící jednotka motoru od společnosti Bosch. Typ řídící jednotky EDC16C39. Předpokládaná doba úpravy tohoto modelu je 1 - 2 hodiny.","numbers":["Výkon HP","126 HP","161 HP","Výkon kW","94 kW","120 kW","Točivý moment Nm","-","+84 Nm","Maximální rychlost","","+ 3 KM/H","Spotřeba město","","-0,30 L / 100 KM","Kombinovaná spotřeba","","-0,25 L / 100 KM","Spotřeba mimo město","","-0,20 L / 100 KM"],"chartPower":"./chartPower/forenza___1219173.png","chartTorque":""},{"id":"fun___1219174","fullName":"ChipTuning - Suzuki Fun 1.0  8v FlexPower - 69 HP ","desc":"Zvýšení výkonu motoru (chiptuning) vozidla Suzuki Fun 1.0 8v FlexPower - 69 HP je možné z původních 55 kW (73 HP) až na 60 kW (81 HP) a nárůst točivého momentu až na 116 Nm.,Maximální rychlost se po úpravě zvýší o + 1 KM/H a kombinovaná spotřeba se sníží v průměru o -0,30 L / 100 KM.","imgUrl":"./previews/fun___.png","fullDesc":"Níže naleznete parametry před a po úpravě Standard pro vozidlo: Suzuki Fun 1.0 8v FlexPower - 69 HP. Úprava tohoto modelu se provádí přes diagnostickou zásuvku. Řídící jednotka motoru od společnosti ACDelco. Typ řídící jednotky Multec. Předpokládaná doba úpravy tohoto modelu je 1 - 2 hodiny.","numbers":["Výkon HP","73 HP","81 HP","Výkon kW","55 kW","60 kW","Točivý moment Nm","-","+12 Nm","Maximální rychlost","","+ 1 KM/H","Spotřeba město","","-0,20 L / 100 KM","Kombinovaná spotřeba","","-0,20 L / 100 KM","Spotřeba mimo město","","-0,10 L / 100 KM"],"chartPower":"./chartPower/fun___1219174.png","chartTorque":""},{"id":"grand_vitara_( 1st)__1219175","fullName":"ChipTuning - Suzuki Grand Vitara 2.0 HDi 16v - 109 HP ","desc":"Zvýšení výkonu motoru (chiptuning) vozidla Suzuki Grand Vitara 2.0 HDi 16v - 109 HP je možné z původních 82 kW (111 HP) až na 112 kW (153 HP) a nárůst točivého momentu ze 272 Nm až na 381 Nm.,Maximální rychlost se po úpravě zvýší o + 9 KM/H a kombinovaná spotřeba se sníží v průměru o -0,70 L / 100 KM.","imgUrl":"./previews/grand_vitara_( 1st)__.png","fullDesc":"Níže naleznete parametry před a po úpravě Standard pro vozidlo: Suzuki Grand Vitara 2.0 HDi 16v - 109 HP. Modelová řada vyráběná od roku 2003. Úprava tohoto modelu se provádí přes diagnostickou zásuvku. Řídící jednotka motoru od společnosti Bosch. Typ řídící jednotky EDC15C2. Předpokládaná doba úpravy tohoto modelu je 1 - 2 hodiny.","numbers":["Výkon HP","111 HP","143 HP","Výkon kW","82 kW","105 kW","Točivý moment Nm","272 Nm","350 Nm","Maximální rychlost","","+ 6 KM/H","Spotřeba město","","-0,50 L / 100 KM","Kombinovaná spotřeba","","-0,40 L / 100 KM","Spotřeba mimo město","","-0,30 L / 100 KM"],"chartPower":"./chartPower/grand_vitara_( 1st)__1219175.png","chartTorque":"./chartTorque/grand_vitara_( 1st)__1219175.png"},{"id":"grand_vitara_( 1st)__1219178","fullName":"ChipTuning - Suzuki Grand Vitara 2.0 HDi 16v XL-7 - 109 HP ","desc":"Zvýšení výkonu motoru (chiptuning) vozidla Suzuki Grand Vitara 2.0 HDi 16v XL-7 - 109 HP je možné z původních 78 kW (107 HP) až na 108 kW (149 HP) a nárůst točivého momentu ze 268 Nm až na 377 Nm.,Maximální rychlost se po úpravě zvýší o + 9 KM/H a kombinovaná spotřeba se sníží v průměru o -0,70 L / 100 KM.","imgUrl":"./previews/grand_vitara_( 1st)__.png","fullDesc":"Níže naleznete parametry před a po úpravě Standard pro vozidlo: Suzuki Grand Vitara 2.0 HDi 16v XL-7 - 109 HP. Modelová řada vyráběná od roku 2003. Úprava tohoto modelu se provádí přes diagnostickou zásuvku. Řídící jednotka motoru od společnosti Bosch. Typ řídící jednotky EDC15C2. Předpokládaná doba úpravy tohoto modelu je 1 - 2 hodiny.","numbers":["Výkon HP","107 HP","139 HP","Výkon kW","78 kW","101 kW","Točivý moment Nm","268 Nm","346 Nm","Maximální rychlost","","+ 6 KM/H","Spotřeba město","","-0,50 L / 100 KM","Kombinovaná spotřeba","","-0,40 L / 100 KM","Spotřeba mimo město","","-0,30 L / 100 KM"],"chartPower":"./chartPower/grand_vitara_( 1st)__1219178.png","chartTorque":"./chartTorque/grand_vitara_( 1st)__1219178.png"},{"id":"grand_vitara_( 1st)__1219181","fullName":"ChipTuning - Suzuki Grand Vitara 2.0 HDi 8v - 109 HP ","desc":"Zvýšení výkonu motoru (chiptuning) vozidla Suzuki Grand Vitara 2.0 HDi 8v - 109 HP je možné z původních 85 kW (114 HP) až na 115 kW (156 HP) a nárůst točivého momentu ze 255 Nm až na 350 Nm.,Maximální rychlost se po úpravě zvýší o + 9 KM/H a kombinovaná spotřeba se sníží v průměru o -0,70 L / 100 KM.","imgUrl":"./previews/grand_vitara_( 1st)__.png","fullDesc":"Níže naleznete parametry před a po úpravě Standard pro vozidlo: Suzuki Grand Vitara 2.0 HDi 8v - 109 HP. Modelová řada vyráběná od roku 2000. Úprava tohoto modelu se provádí přes diagnostickou zásuvku. Řídící jednotka motoru od společnosti Bosch. Typ řídící jednotky EDC15C2. Předpokládaná doba úpravy tohoto modelu je 1 - 2 hodiny.","numbers":["Výkon HP","114 HP","146 HP","Výkon kW","85 kW","108 kW","Točivý moment Nm","255 Nm","323 Nm","Maximální rychlost","","+ 6 KM/H","Spotřeba město","","-0,50 L / 100 KM","Kombinovaná spotřeba","","-0,40 L / 100 KM","Spotřeba mimo město","","-0,30 L / 100 KM"],"chartPower":"./chartPower/grand_vitara_( 1st)__1219181.png","chartTorque":"./chartTorque/grand_vitara_( 1st)__1219181.png"},{"id":"grand_vitara_( 1st)__1219185","fullName":"ChipTuning - Suzuki Grand Vitara 2.0 VEP 8v - 87 HP ","desc":"Zvýšení výkonu motoru (chiptuning) vozidla Suzuki Grand Vitara 2.0 VEP 8v - 87 HP je možné z původních 59 kW (82 HP) až na 65 kW (92 HP) a nárůst točivého momentu ze 211 Nm až na 237 Nm.,Maximální rychlost se po úpravě zvýší o + 2 KM/H a kombinovaná spotřeba se sníží v průměru o -0,50 L / 100 KM.","imgUrl":"./previews/grand_vitara_( 1st)__.png","fullDesc":"Níže naleznete parametry před a po úpravě Standard pro vozidlo: Suzuki Grand Vitara 2.0 VEP 8v - 87 HP. Modelová řada vyráběná od roku 1998. Úprava tohoto modelu se provádí přes diagnostickou zásuvku. Řídící jednotka motoru od společnosti Continental. Typ řídící jednotky SID801. Předpokládaná doba úpravy tohoto modelu je 1 - 2 hodiny.","numbers":["Výkon HP","82 HP","92 HP","Výkon kW","59 kW","65 kW","Točivý moment Nm","211 Nm","237 Nm","Maximální rychlost","","+ 2 KM/H","Spotřeba město","","-0,30 L / 100 KM","Kombinovaná spotřeba","","-0,25 L / 100 KM","Spotřeba mimo město","","-0,20 L / 100 KM"],"chartPower":"./chartPower/grand_vitara_( 1st)__1219185.png","chartTorque":"./chartTorque/grand_vitara_( 1st)__1219185.png"},{"id":"grand_vitara_( 2nd)_jt_1219206","fullName":"ChipTuning - Suzuki Grand Vitara 1.6 16v VVT - 106 HP ","desc":"Zvýšení výkonu motoru (chiptuning) vozidla Suzuki Grand Vitara 1.6 16v VVT - 106 HP je možné z původních 83 kW (111 HP) až na 91 kW (123 HP) a nárůst točivého momentu ze 150 Nm až na 167 Nm.,Maximální rychlost se po úpravě zvýší o + 2 KM/H a kombinovaná spotřeba se sníží v průměru o -0,50 L / 100 KM.","imgUrl":"./previews/grand_vitara_( 2nd)_jt_.png","fullDesc":"Níže naleznete parametry před a po úpravě Standard pro vozidlo: Suzuki Grand Vitara 1.6 16v VVT - 106 HP. Modelová řada JT, vyráběná od roku 2005. Řídící jednotka motoru od společnosti Denso. Typ řídící jednotky K1. Předpokládaná doba úpravy tohoto modelu je 2 - 4 hodiny.","numbers":["Výkon HP","111 HP","123 HP","Výkon kW","83 kW","91 kW","Točivý moment Nm","150 Nm","167 Nm","Maximální rychlost","","+ 2 KM/H","Spotřeba město","","-0,30 L / 100 KM","Kombinovaná spotřeba","","-0,25 L / 100 KM","Spotřeba mimo město","","-0,20 L / 100 KM"],"chartPower":"./chartPower/grand_vitara_( 2nd)_jt_1219206.png","chartTorque":"./chartTorque/grand_vitara_( 2nd)_jt_1219206.png"},{"id":"grand_vitara_( 2nd)_jt_1219203","fullName":"ChipTuning - Suzuki Grand Vitara 1.6 16v VVT - 120 HP ","desc":"Zvýšení výkonu motoru (chiptuning) vozidla Suzuki Grand Vitara 1.6 16v VVT - 120 HP je možné z původních 91 kW (123 HP) až na 100 kW (136 HP) a nárůst točivého momentu ze 159 Nm až na 178 Nm.,Maximální rychlost se po úpravě zvýší o + 2 KM/H a kombinovaná spotřeba se sníží v průměru o -0,50 L / 100 KM.","imgUrl":"./previews/grand_vitara_( 2nd)_jt_.png","fullDesc":"Níže naleznete parametry před a po úpravě Standard pro vozidlo: Suzuki Grand Vitara 1.6 16v VVT - 120 HP. Modelová řada JT, vyráběná od roku 2013. Úprava tohoto modelu se provádí připojením na konektory řídící jednotky bez rozebírání jednotky. Řídící jednotka motoru od společnosti Bosch. Typ řídící jednotky ME17.9.51. Předpokládaná doba úpravy tohoto modelu je 1.5 - 2.5 hodiny.","numbers":["Výkon HP","123 HP","136 HP","Výkon kW","91 kW","100 kW","Točivý moment Nm","159 Nm","178 Nm","Maximální rychlost","","+ 2 KM/H","Spotřeba město","","-0,30 L / 100 KM","Kombinovaná spotřeba","","-0,25 L / 100 KM","Spotřeba mimo město","","-0,20 L / 100 KM"],"chartPower":"./chartPower/grand_vitara_( 2nd)_jt_1219203.png","chartTorque":"./chartTorque/grand_vitara_( 2nd)_jt_1219203.png"},{"id":"grand_vitara_( 2nd)_jt_1219188","fullName":"ChipTuning - Suzuki Grand Vitara 1.9 DDiS - 129 HP ","desc":"Zvýšení výkonu motoru (chiptuning) vozidla Suzuki Grand Vitara 1.9 DDiS - 129 HP je možné z původních 97 kW (131 HP) až na 133 kW (179 HP) a nárůst točivého momentu ze 302 Nm až na 424 Nm.,Maximální rychlost se po úpravě zvýší o + 9 KM/H a kombinovaná spotřeba se sníží v průměru o -0,70 L / 100 KM.","imgUrl":"./previews/grand_vitara_( 2nd)_jt_.png","fullDesc":"Níže naleznete parametry před a po úpravě Standard pro vozidlo: Suzuki Grand Vitara 1.9 DDiS - 129 HP. Modelová řada JT, vyráběná od roku 2006. Úprava tohoto modelu se provádí přes diagnostickou zásuvku. Řídící jednotka motoru od společnosti Bosch. Typ řídící jednotky EDC16C3 nebo EDC16C36. Předpokládaná doba úpravy tohoto modelu je 1 - 2 hodiny.","numbers":["Výkon HP","131 HP","168 HP","Výkon kW","97 kW","125 kW","Točivý moment Nm","302 Nm","389 Nm","Maximální rychlost","","+ 6 KM/H","Spotřeba město","","-0,50 L / 100 KM","Kombinovaná spotřeba","","-0,40 L / 100 KM","Spotřeba mimo město","","-0,30 L / 100 KM"],"chartPower":"./chartPower/grand_vitara_( 2nd)_jt_1219188.png","chartTorque":"./chartTorque/grand_vitara_( 2nd)_jt_1219188.png"},{"id":"grand_vitara_( 2nd)_jt_1219217","fullName":"ChipTuning - Suzuki Grand Vitara 2.0 16v - 140 HP ","desc":"Zvýšení výkonu motoru (chiptuning) vozidla Suzuki Grand Vitara 2.0 16v - 140 HP je možné z původních 99 kW (136 HP) až na 109 kW (151 HP) a nárůst točivého momentu ze 179 Nm až na 201 Nm.,Maximální rychlost se po úpravě zvýší o + 2 KM/H a kombinovaná spotřeba se sníží v průměru o -0,50 L / 100 KM.","imgUrl":"./previews/grand_vitara_( 2nd)_jt_.png","fullDesc":"Níže naleznete parametry před a po úpravě Standard pro vozidlo: Suzuki Grand Vitara 2.0 16v - 140 HP. Modelová řada JT, vyráběná od roku 2005. Řídící jednotka motoru od společnosti Denso. Typ řídící jednotky N/A. Předpokládaná doba úpravy tohoto modelu je 2 - 4 hodiny.","numbers":["Výkon HP","136 HP","151 HP","Výkon kW","99 kW","109 kW","Točivý moment Nm","179 Nm","201 Nm","Maximální rychlost","","+ 2 KM/H","Spotřeba město","","-0,30 L / 100 KM","Kombinovaná spotřeba","","-0,25 L / 100 KM","Spotřeba mimo město","","-0,20 L / 100 KM"],"chartPower":"./chartPower/grand_vitara_( 2nd)_jt_1219217.png","chartTorque":"./chartTorque/grand_vitara_( 2nd)_jt_1219217.png"},{"id":"grand_vitara_( 2nd)_jt_1219222","fullName":"ChipTuning - Suzuki Grand Vitara 2.4 VVT - 166 HP ","desc":"Zvýšení výkonu motoru (chiptuning) vozidla Suzuki Grand Vitara 2.4 VVT - 166 HP je možné z původních 119 kW (163 HP) až na 131 kW (181 HP) a nárůst točivého momentu ze 222 Nm až na 249 Nm.,Maximální rychlost se po úpravě zvýší o + 3 KM/H a kombinovaná spotřeba se sníží v průměru o -0,60 L / 100 KM.","imgUrl":"./previews/grand_vitara_( 2nd)_jt_.png","fullDesc":"Níže naleznete parametry před a po úpravě Standard pro vozidlo: Suzuki Grand Vitara 2.4 VVT - 166 HP. Modelová řada JT, vyráběná od roku 2008. Řídící jednotka motoru od společnosti Mitsubishi. Typ řídící jednotky E6T1xxx. Předpokládaná doba úpravy tohoto modelu je 2 - 4 hodiny.","numbers":["Výkon HP","163 HP","181 HP","Výkon kW","119 kW","131 kW","Točivý moment Nm","222 Nm","249 Nm","Maximální rychlost","","+ 3 KM/H","Spotřeba město","","-0,40 L / 100 KM","Kombinovaná spotřeba","","-0,30 L / 100 KM","Spotřeba mimo město","","-0,20 L / 100 KM"],"chartPower":"./chartPower/grand_vitara_( 2nd)_jt_1219222.png","chartTorque":"./chartTorque/grand_vitara_( 2nd)_jt_1219222.png"},{"id":"grand_vitara_( 2nd)_jt_1219221","fullName":"ChipTuning - Suzuki Grand Vitara 2.4 VVT - 169 HP ","desc":"Zvýšení výkonu motoru (chiptuning) vozidla Suzuki Grand Vitara 2.4 VVT - 169 HP je možné z původních 123 kW (168 HP) až na 135 kW (187 HP) a nárůst točivého momentu ze 226 Nm až na 253 Nm.,Maximální rychlost se po úpravě zvýší o + 3 KM/H a kombinovaná spotřeba se sníží v průměru o -0,60 L / 100 KM.","imgUrl":"./previews/grand_vitara_( 2nd)_jt_.png","fullDesc":"Níže naleznete parametry před a po úpravě Standard pro vozidlo: Suzuki Grand Vitara 2.4 VVT - 169 HP. Modelová řada JT, vyráběná od roku 2008. Řídící jednotka motoru od společnosti Denso. Typ řídící jednotky 078K0. Předpokládaná doba úpravy tohoto modelu je 2 - 4 hodiny.","numbers":["Výkon HP","168 HP","187 HP","Výkon kW","123 kW","135 kW","Točivý moment Nm","226 Nm","253 Nm","Maximální rychlost","","+ 3 KM/H","Spotřeba město","","-0,40 L / 100 KM","Kombinovaná spotřeba","","-0,30 L / 100 KM","Spotřeba mimo město","","-0,20 L / 100 KM"],"chartPower":"./chartPower/grand_vitara_( 2nd)_jt_1219221.png","chartTorque":"./chartTorque/grand_vitara_( 2nd)_jt_1219221.png"},{"id":"grand_vitara_( 2nd)_jt_1219238","fullName":"ChipTuning - Suzuki Grand Vitara 3.2 V6 Automat - 233 HP ","desc":"Zvýšení výkonu motoru (chiptuning) vozidla Suzuki Grand Vitara 3.2 V6 Automat - 233 HP je možné z původních 172 kW (234 HP) až na 189 kW (260 HP) a nárůst točivého momentu ze 290 Nm až na 325 Nm.,Maximální rychlost se po úpravě zvýší o + 5 KM/H a kombinovaná spotřeba se sníží v průměru o -0,70 L / 100 KM.","imgUrl":"./previews/grand_vitara_( 2nd)_jt_.png","fullDesc":"Níže naleznete parametry před a po úpravě Standard pro vozidlo: Suzuki Grand Vitara 3.2 V6 Automat - 233 HP. Modelová řada JT, vyráběná od roku 2008. Úprava tohoto modelu se provádí připojením na konektory řídící jednotky bez rozebírání jednotky. Řídící jednotka motoru od společnosti Bosch. Typ řídící jednotky ME9.6.1. Tato úprava je přizpůsobena pro automatickou převodovku. Předpokládaná doba úpravy tohoto modelu je 1.5 - 2.5 hodiny.","numbers":["Výkon HP","234 HP","260 HP","Výkon kW","172 kW","189 kW","Točivý moment Nm","290 Nm","325 Nm","Maximální rychlost","","+ 5 KM/H","Spotřeba město","","-0,50 L / 100 KM","Kombinovaná spotřeba","","-0,40 L / 100 KM","Spotřeba mimo město","","-0,30 L / 100 KM"],"chartPower":"./chartPower/grand_vitara_( 2nd)_jt_1219238.png","chartTorque":"./chartTorque/grand_vitara_( 2nd)_jt_1219238.png"},{"id":"ignis___1219249","fullName":"ChipTuning - Suzuki Ignis 1.2 VVT Hybrid - 90 HP ","desc":"Zvýšení výkonu motoru (chiptuning) vozidla Suzuki Ignis 1.2 VVT Hybrid - 90 HP je možné z původních 66 kW (90 HP) až na 73 kW (100 HP) a nárůst točivého momentu ze 120 Nm až na 134 Nm.,Maximální rychlost se po úpravě zvýší o + 1 KM/H a kombinovaná spotřeba se sníží v průměru o -0,40 L / 100 KM.","imgUrl":"./previews/ignis___.png","fullDesc":"Níže naleznete parametry před a po úpravě Standard pro vozidlo: Suzuki Ignis 1.2 VVT Hybrid - 90 HP. Modelová řada vyráběná od roku 2016. Úprava tohoto modelu se provádí připojením na konektory řídící jednotky bez rozebírání jednotky. Řídící jednotka motoru od společnosti Bosch. Typ řídící jednotky ME17.9.64. Předpokládaná doba úpravy tohoto modelu je 1.5 - 2.5 hodiny.","numbers":["Výkon HP","90 HP","100 HP","Výkon kW","66 kW","73 kW","Točivý moment Nm","120 Nm","134 Nm","Maximální rychlost","","+ 1 KM/H","Spotřeba město","","-0,20 L / 100 KM","Kombinovaná spotřeba","","-0,20 L / 100 KM","Spotřeba mimo město","","-0,10 L / 100 KM"],"chartPower":"./chartPower/ignis___1219249.png","chartTorque":"./chartTorque/ignis___1219249.png"},{"id":"ignis___1219253","fullName":"ChipTuning - Suzuki Ignis 1.3 16v - 63 HP ","desc":"Zvýšení výkonu motoru (chiptuning) vozidla Suzuki Ignis 1.3 16v - 63 HP je možné z původních 51 kW (68 HP) až na 56 kW (75 HP) a nárůst točivého momentu až na 106 Nm.,Maximální rychlost se po úpravě zvýší o + 1 KM/H a kombinovaná spotřeba se sníží v průměru o -0,30 L / 100 KM.","imgUrl":"./previews/ignis___.png","fullDesc":"Níže naleznete parametry před a po úpravě Standard pro vozidlo: Suzuki Ignis 1.3 16v - 63 HP. Modelová řada vyráběná od roku 2000. Řídící jednotka motoru od společnosti Mitsubishi. Typ řídící jednotky E6T172. Předpokládaná doba úpravy tohoto modelu je 2 - 4 hodiny.","numbers":["Výkon HP","68 HP","75 HP","Výkon kW","51 kW","56 kW","Točivý moment Nm","-","+11 Nm","Maximální rychlost","","+ 1 KM/H","Spotřeba město","","-0,20 L / 100 KM","Kombinovaná spotřeba","","-0,20 L / 100 KM","Spotřeba mimo město","","-0,10 L / 100 KM"],"chartPower":"./chartPower/ignis___1219253.png","chartTorque":""},{"id":"ignis___1219248","fullName":"ChipTuning - Suzuki Ignis 1.3 DDiS - 69 HP ","desc":"Zvýšení výkonu motoru (chiptuning) vozidla Suzuki Ignis 1.3 DDiS - 69 HP je možné z původních 50 kW (68 HP) až na 55 kW (76 HP) a nárůst točivého momentu ze 101 Nm až na 113 Nm.,Maximální rychlost se po úpravě zvýší o + 1 KM/H a kombinovaná spotřeba se sníží v průměru o -0,40 L / 100 KM.","imgUrl":"./previews/ignis___.png","fullDesc":"Níže naleznete parametry před a po úpravě Standard pro vozidlo: Suzuki Ignis 1.3 DDiS - 69 HP. Úprava tohoto modelu se provádí přes diagnostickou zásuvku. Řídící jednotka motoru od společnosti Magneti Marelli. Typ řídící jednotky MJD602.04. Předpokládaná doba úpravy tohoto modelu je 1 - 2 hodiny.","numbers":["Výkon HP","68 HP","76 HP","Výkon kW","50 kW","55 kW","Točivý moment Nm","101 Nm","113 Nm","Maximální rychlost","","+ 1 KM/H","Spotřeba město","","-0,20 L / 100 KM","Kombinovaná spotřeba","","-0,20 L / 100 KM","Spotřeba mimo město","","-0,10 L / 100 KM"],"chartPower":"./chartPower/ignis___1219248.png","chartTorque":"./chartTorque/ignis___1219248.png"},{"id":"ignis___1219254","fullName":"ChipTuning - Suzuki Ignis 1.3 VVT - 92 HP ","desc":"Zvýšení výkonu motoru (chiptuning) vozidla Suzuki Ignis 1.3 VVT - 92 HP je možné z původních 63 kW (87 HP) až na 70 kW (97 HP) a nárůst točivého momentu až na 144 Nm.,Maximální rychlost se po úpravě zvýší o + 1 KM/H a kombinovaná spotřeba se sníží v průměru o -0,30 L / 100 KM.","imgUrl":"./previews/ignis___.png","fullDesc":"Níže naleznete parametry před a po úpravě Standard pro vozidlo: Suzuki Ignis 1.3 VVT - 92 HP. Modelová řada vyráběná od roku 2003. Řídící jednotka motoru od společnosti Denso. Typ řídící jednotky 062J0. Předpokládaná doba úpravy tohoto modelu je 2 - 4 hodiny.","numbers":["Výkon HP","87 HP","97 HP","Výkon kW","63 kW","70 kW","Točivý moment Nm","-","+16 Nm","Maximální rychlost","","+ 1 KM/H","Spotřeba město","","-0,20 L / 100 KM","Kombinovaná spotřeba","","-0,20 L / 100 KM","Spotřeba mimo město","","-0,10 L / 100 KM"],"chartPower":"./chartPower/ignis___1219254.png","chartTorque":""},{"id":"ignis___1219255","fullName":"ChipTuning - Suzuki Ignis 1.5 16v - 110 HP ","desc":"Zvýšení výkonu motoru (chiptuning) vozidla Suzuki Ignis 1.5 16v - 110 HP je možné z původních 85 kW (114 HP) až na 93 kW (126 HP) a nárůst točivého momentu až na 182 Nm.,Maximální rychlost se po úpravě zvýší o + 1 KM/H a kombinovaná spotřeba se sníží v průměru o -0,30 L / 100 KM.","imgUrl":"./previews/ignis___.png","fullDesc":"Níže naleznete parametry před a po úpravě Standard pro vozidlo: Suzuki Ignis 1.5 16v - 110 HP. Modelová řada vyráběná od roku 2000. Řídící jednotka motoru od společnosti Mitsubishi. Typ řídící jednotky E6T172. Předpokládaná doba úpravy tohoto modelu je 2 - 4 hodiny.","numbers":["Výkon HP","114 HP","126 HP","Výkon kW","85 kW","93 kW","Točivý moment Nm","-","+19 Nm","Maximální rychlost","","+ 1 KM/H","Spotřeba město","","-0,20 L / 100 KM","Kombinovaná spotřeba","","-0,20 L / 100 KM","Spotřeba mimo město","","-0,10 L / 100 KM"],"chartPower":"./chartPower/ignis___1219255.png","chartTorque":""},{"id":"ignis___1219256","fullName":"ChipTuning - Suzuki Ignis 1.5 VVT - 99 HP ","desc":"Zvýšení výkonu motoru (chiptuning) vozidla Suzuki Ignis 1.5 VVT - 99 HP je možné z původních 76 kW (102 HP) až na 83 kW (113 HP) a nárůst točivého momentu až na 163 Nm.,Maximální rychlost se po úpravě zvýší o + 1 KM/H a kombinovaná spotřeba se sníží v průměru o -0,30 L / 100 KM.","imgUrl":"./previews/ignis___.png","fullDesc":"Níže naleznete parametry před a po úpravě Standard pro vozidlo: Suzuki Ignis 1.5 VVT - 99 HP. Modelová řada vyráběná od roku 2003. Řídící jednotka motoru od společnosti Denso. Typ řídící jednotky 062J0. Předpokládaná doba úpravy tohoto modelu je 2 - 4 hodiny.","numbers":["Výkon HP","102 HP","113 HP","Výkon kW","76 kW","83 kW","Točivý moment Nm","-","+17 Nm","Maximální rychlost","","+ 1 KM/H","Spotřeba město","","-0,20 L / 100 KM","Kombinovaná spotřeba","","-0,20 L / 100 KM","Spotřeba mimo město","","-0,10 L / 100 KM"],"chartPower":"./chartPower/ignis___1219256.png","chartTorque":""},{"id":"jimny___1219283","fullName":"ChipTuning - Suzuki Jimny 1.3 16v VVT - 84 HP ","desc":"Zvýšení výkonu motoru (chiptuning) vozidla Suzuki Jimny 1.3 16v VVT - 84 HP je možné z původních 66 kW (88 HP) až na 72 kW (97 HP) a nárůst točivého momentu až na 140 Nm.,Maximální rychlost se po úpravě zvýší o + 1 KM/H a kombinovaná spotřeba se sníží v průměru o -0,30 L / 100 KM.","imgUrl":"./previews/jimny___.png","fullDesc":"Níže naleznete parametry před a po úpravě Standard pro vozidlo: Suzuki Jimny 1.3 16v VVT - 84 HP. Modelová řada vyráběná od roku 2004. Řídící jednotka motoru od společnosti Denso. Typ řídící jednotky 076Jx. Předpokládaná doba úpravy tohoto modelu je 2 - 4 hodiny.","numbers":["Výkon HP","88 HP","97 HP","Výkon kW","66 kW","72 kW","Točivý moment Nm","-","+15 Nm","Maximální rychlost","","+ 1 KM/H","Spotřeba město","","-0,20 L / 100 KM","Kombinovaná spotřeba","","-0,20 L / 100 KM","Spotřeba mimo město","","-0,10 L / 100 KM"],"chartPower":"./chartPower/jimny___1219283.png","chartTorque":""},{"id":"jimny___1219281","fullName":"ChipTuning - Suzuki Jimny 1.5 DDIS - 65 HP ","desc":"Zvýšení výkonu motoru (chiptuning) vozidla Suzuki Jimny 1.5 DDIS - 65 HP je možné z původních 49 kW (66 HP) až na 54 kW (73 HP) a nárůst točivého momentu až na 144 Nm.,Maximální rychlost se po úpravě zvýší o + 1 KM/H a kombinovaná spotřeba se sníží v průměru o -0,30 L / 100 KM.","imgUrl":"./previews/jimny___.png","fullDesc":"Níže naleznete parametry před a po úpravě Standard pro vozidlo: Suzuki Jimny 1.5 DDIS - 65 HP. Úprava tohoto modelu se provádí přes diagnostickou zásuvku. Řídící jednotka motoru od společnosti Delphi. Typ řídící jednotky DDCR. Předpokládaná doba úpravy tohoto modelu je 1 - 2 hodiny.","numbers":["Výkon HP","66 HP","73 HP","Výkon kW","49 kW","54 kW","Točivý moment Nm","-","+15 Nm","Maximální rychlost","","+ 1 KM/H","Spotřeba město","","-0,20 L / 100 KM","Kombinovaná spotřeba","","-0,20 L / 100 KM","Spotřeba mimo město","","-0,10 L / 100 KM"],"chartPower":"./chartPower/jimny___1219281.png","chartTorque":""},{"id":"jimny___1219282","fullName":"ChipTuning - Suzuki Jimny 1.5 DDIS - 86 HP ","desc":"Zvýšení výkonu motoru (chiptuning) vozidla Suzuki Jimny 1.5 DDIS - 86 HP je možné z původních 64 kW (87 HP) až na 70 kW (96 HP) a nárůst točivého momentu až na 189 Nm.,Maximální rychlost se po úpravě zvýší o + 1 KM/H a kombinovaná spotřeba se sníží v průměru o -0,30 L / 100 KM.","imgUrl":"./previews/jimny___.png","fullDesc":"Níže naleznete parametry před a po úpravě Standard pro vozidlo: Suzuki Jimny 1.5 DDIS - 86 HP. Úprava tohoto modelu se provádí přes diagnostickou zásuvku. Řídící jednotka motoru od společnosti Delphi. Typ řídící jednotky DCM1.2. Předpokládaná doba úpravy tohoto modelu je 1 - 2 hodiny.","numbers":["Výkon HP","87 HP","96 HP","Výkon kW","64 kW","70 kW","Točivý moment Nm","-","+20 Nm","Maximální rychlost","","+ 1 KM/H","Spotřeba město","","-0,20 L / 100 KM","Kombinovaná spotřeba","","-0,20 L / 100 KM","Spotřeba mimo město","","-0,10 L / 100 KM"],"chartPower":"./chartPower/jimny___1219282.png","chartTorque":""},{"id":"jimny_(_4th)_jb64w_1219263","fullName":"ChipTuning - Suzuki Jimny 1.5 16v VVT - 102 HP ","desc":"Zvýšení výkonu motoru (chiptuning) vozidla Suzuki Jimny 1.5 16v VVT - 102 HP je možné z původních 74 kW (101 HP) až na 82 kW (112 HP) a nárůst točivého momentu ze 129 Nm až na 145 Nm.,Maximální rychlost se po úpravě zvýší o + 1 KM/H a kombinovaná spotřeba se sníží v průměru o -0,40 L / 100 KM.","imgUrl":"./previews/jimny_(_4th)_jb64w_.png","fullDesc":"Níže naleznete parametry před a po úpravě Standard pro vozidlo: Suzuki Jimny 1.5 16v VVT - 102 HP. Modelová řada JB64W, vyráběná od roku 2018. Úprava tohoto modelu se provádí připojením na konektory řídící jednotky bez rozebírání jednotky. Řídící jednotka motoru od společnosti Bosch. Typ řídící jednotky ME17.9.64. Předpokládaná doba úpravy tohoto modelu je 1.5 - 2.5 hodiny.","numbers":["Výkon HP","101 HP","112 HP","Výkon kW","74 kW","82 kW","Točivý moment Nm","129 Nm","145 Nm","Maximální rychlost","","+ 1 KM/H","Spotřeba město","","-0,20 L / 100 KM","Kombinovaná spotřeba","","-0,20 L / 100 KM","Spotřeba mimo město","","-0,10 L / 100 KM"],"chartPower":"./chartPower/jimny_(_4th)_jb64w_1219263.png","chartTorque":"./chartTorque/jimny_(_4th)_jb64w_1219263.png"},{"id":"jimny_(_4th)_jb64w_1219257","fullName":"ChipTuning - Suzuki Jimny 1.5 16v VVT Automat - 102 HP ","desc":"Zvýšení výkonu motoru (chiptuning) vozidla Suzuki Jimny 1.5 16v VVT Automat - 102 HP je možné z původních 74 kW (101 HP) až na 82 kW (112 HP) a nárůst točivého momentu ze 129 Nm až na 145 Nm.,Maximální rychlost se po úpravě zvýší o + 1 KM/H a kombinovaná spotřeba se sníží v průměru o -0,40 L / 100 KM.","imgUrl":"./previews/jimny_(_4th)_jb64w_.png","fullDesc":"Níže naleznete parametry před a po úpravě Standard pro vozidlo: Suzuki Jimny 1.5 16v VVT Automat - 102 HP. Modelová řada JB64W, vyráběná od roku 2018. Úprava tohoto modelu se provádí připojením na konektory řídící jednotky bez rozebírání jednotky. Řídící jednotka motoru od společnosti Bosch. Typ řídící jednotky ME17.9.64. Tato úprava je přizpůsobena pro automatickou převodovku. Předpokládaná doba úpravy tohoto modelu je 1.5 - 2.5 hodiny.","numbers":["Výkon HP","101 HP","112 HP","Výkon kW","74 kW","82 kW","Točivý moment Nm","129 Nm","145 Nm","Maximální rychlost","","+ 1 KM/H","Spotřeba město","","-0,20 L / 100 KM","Kombinovaná spotřeba","","-0,20 L / 100 KM","Spotřeba mimo město","","-0,10 L / 100 KM"],"chartPower":"./chartPower/jimny_(_4th)_jb64w_1219257.png","chartTorque":"./chartTorque/jimny_(_4th)_jb64w_1219257.png"},{"id":"jimny_(_4th)_jb74w_1219275","fullName":"ChipTuning - Suzuki Jimny 1.5 16v VVT - 102 HP ","desc":"Zvýšení výkonu motoru (chiptuning) vozidla Suzuki Jimny 1.5 16v VVT - 102 HP je možné z původních 76 kW (103 HP) až na 84 kW (114 HP) a nárůst točivého momentu ze 131 Nm až na 147 Nm.,Maximální rychlost se po úpravě zvýší o + 1 KM/H a kombinovaná spotřeba se sníží v průměru o -0,40 L / 100 KM.","imgUrl":"./previews/jimny_(_4th)_jb74w_.png","fullDesc":"Níže naleznete parametry před a po úpravě Standard pro vozidlo: Suzuki Jimny 1.5 16v VVT - 102 HP. Modelová řada JB74W, vyráběná od roku 2018. Úprava tohoto modelu se provádí připojením na konektory řídící jednotky bez rozebírání jednotky. Řídící jednotka motoru od společnosti Bosch. Typ řídící jednotky ME17.9.64. Předpokládaná doba úpravy tohoto modelu je 1.5 - 2.5 hodiny.","numbers":["Výkon HP","103 HP","114 HP","Výkon kW","76 kW","84 kW","Točivý moment Nm","131 Nm","147 Nm","Maximální rychlost","","+ 1 KM/H","Spotřeba město","","-0,20 L / 100 KM","Kombinovaná spotřeba","","-0,20 L / 100 KM","Spotřeba mimo město","","-0,10 L / 100 KM"],"chartPower":"./chartPower/jimny_(_4th)_jb74w_1219275.png","chartTorque":"./chartTorque/jimny_(_4th)_jb74w_1219275.png"},{"id":"jimny_(_4th)_jb74w_1219269","fullName":"ChipTuning - Suzuki Jimny 1.5 16v VVT Automat - 102 HP ","desc":"Zvýšení výkonu motoru (chiptuning) vozidla Suzuki Jimny 1.5 16v VVT Automat - 102 HP je možné z původních 79 kW (106 HP) až na 87 kW (117 HP) a nárůst točivého momentu ze 134 Nm až na 150 Nm.,Maximální rychlost se po úpravě zvýší o + 1 KM/H a kombinovaná spotřeba se sníží v průměru o -0,40 L / 100 KM.","imgUrl":"./previews/jimny_(_4th)_jb74w_.png","fullDesc":"Níže naleznete parametry před a po úpravě Standard pro vozidlo: Suzuki Jimny 1.5 16v VVT Automat - 102 HP. Modelová řada JB74W, vyráběná od roku 2018. Úprava tohoto modelu se provádí připojením na konektory řídící jednotky bez rozebírání jednotky. Řídící jednotka motoru od společnosti Bosch. Typ řídící jednotky ME17.9.64. Tato úprava je přizpůsobena pro automatickou převodovku. Předpokládaná doba úpravy tohoto modelu je 1.5 - 2.5 hodiny.","numbers":["Výkon HP","106 HP","117 HP","Výkon kW","79 kW","87 kW","Točivý moment Nm","134 Nm","150 Nm","Maximální rychlost","","+ 1 KM/H","Spotřeba město","","-0,20 L / 100 KM","Kombinovaná spotřeba","","-0,20 L / 100 KM","Spotřeba mimo město","","-0,10 L / 100 KM"],"chartPower":"./chartPower/jimny_(_4th)_jb74w_1219269.png","chartTorque":"./chartTorque/jimny_(_4th)_jb74w_1219269.png"},{"id":"kizashi___1219286","fullName":"ChipTuning - Suzuki Kizashi 2.4 VVT - 180 HP ","desc":"Zvýšení výkonu motoru (chiptuning) vozidla Suzuki Kizashi 2.4 VVT - 180 HP je možné z původních 136 kW (184 HP) až na 149 kW (204 HP) a nárůst točivého momentu až na 294 Nm.,Maximální rychlost se po úpravě zvýší o + 1 KM/H a kombinovaná spotřeba se sníží v průměru o -0,30 L / 100 KM.","imgUrl":"./previews/kizashi___.png","fullDesc":"Níže naleznete parametry před a po úpravě Standard pro vozidlo: Suzuki Kizashi 2.4 VVT - 180 HP. Modelová řada vyráběná od roku 2009. Řídící jednotka motoru od společnosti Denso. Typ řídící jednotky 057L1. Předpokládaná doba úpravy tohoto modelu je 2 - 4 hodiny.","numbers":["Výkon HP","184 HP","204 HP","Výkon kW","136 kW","149 kW","Točivý moment Nm","-","+31 Nm","Maximální rychlost","","+ 1 KM/H","Spotřeba město","","-0,20 L / 100 KM","Kombinovaná spotřeba","","-0,20 L / 100 KM","Spotřeba mimo město","","-0,10 L / 100 KM"],"chartPower":"./chartPower/kizashi___1219286.png","chartTorque":""},{"id":"kizashi___1219285","fullName":"ChipTuning - Suzuki Kizashi 2.4 VVT - 185 HP ","desc":"Zvýšení výkonu motoru (chiptuning) vozidla Suzuki Kizashi 2.4 VVT - 185 HP je možné z původních 138 kW (187 HP) až na 152 kW (207 HP) a nárůst točivého momentu až na 300 Nm.,Maximální rychlost se po úpravě zvýší o + 1 KM/H a kombinovaná spotřeba se sníží v průměru o -0,30 L / 100 KM.","imgUrl":"./previews/kizashi___.png","fullDesc":"Níže naleznete parametry před a po úpravě Standard pro vozidlo: Suzuki Kizashi 2.4 VVT - 185 HP. Modelová řada vyráběná od roku 2009. Řídící jednotka motoru od společnosti Denso. Typ řídící jednotky 057L1. Předpokládaná doba úpravy tohoto modelu je 2 - 4 hodiny.","numbers":["Výkon HP","187 HP","207 HP","Výkon kW","138 kW","152 kW","Točivý moment Nm","-","+32 Nm","Maximální rychlost","","+ 1 KM/H","Spotřeba město","","-0,20 L / 100 KM","Kombinovaná spotřeba","","-0,20 L / 100 KM","Spotřeba mimo město","","-0,10 L / 100 KM"],"chartPower":"./chartPower/kizashi___1219285.png","chartTorque":""},{"id":"reno___1219287","fullName":"ChipTuning - Suzuki Reno 2.0 TDCI - 121 HP ","desc":"Zvýšení výkonu motoru (chiptuning) vozidla Suzuki Reno 2.0 TDCI - 121 HP je možné z původních 94 kW (126 HP) až na 128 kW (172 HP) a nárůst točivého momentu až na 412 Nm.,Maximální rychlost se po úpravě zvýší o + 5 KM/H a kombinovaná spotřeba se sníží v průměru o -0,50 L / 100 KM.","imgUrl":"./previews/reno___.png","fullDesc":"Níže naleznete parametry před a po úpravě Standard pro vozidlo: Suzuki Reno 2.0 TDCI - 121 HP. Úprava tohoto modelu se provádí přes diagnostickou zásuvku. Řídící jednotka motoru od společnosti Bosch. Typ řídící jednotky EDC16C39. Předpokládaná doba úpravy tohoto modelu je 1 - 2 hodiny.","numbers":["Výkon HP","126 HP","161 HP","Výkon kW","94 kW","120 kW","Točivý moment Nm","-","+84 Nm","Maximální rychlost","","+ 3 KM/H","Spotřeba město","","-0,30 L / 100 KM","Kombinovaná spotřeba","","-0,25 L / 100 KM","Spotřeba mimo město","","-0,20 L / 100 KM"],"chartPower":"./chartPower/reno___1219287.png","chartTorque":""},{"id":"s-cross___1219294","fullName":"ChipTuning - Suzuki S-Cross 1.6 16v - 120 HP ","desc":"Zvýšení výkonu motoru (chiptuning) vozidla Suzuki S-Cross 1.6 16v - 120 HP je možné z původních 90 kW (122 HP) až na 99 kW (135 HP) a nárůst točivého momentu ze 158 Nm až na 177 Nm.,Maximální rychlost se po úpravě zvýší o + 2 KM/H a kombinovaná spotřeba se sníží v průměru o -0,50 L / 100 KM.","imgUrl":"./previews/s-cross___.png","fullDesc":"Níže naleznete parametry před a po úpravě Standard pro vozidlo: Suzuki S-Cross 1.6 16v - 120 HP. Modelová řada vyráběná od roku 2016. Úprava tohoto modelu se provádí připojením na konektory řídící jednotky bez rozebírání jednotky. Řídící jednotka motoru od společnosti Bosch. Typ řídící jednotky ME17.9.61. Předpokládaná doba úpravy tohoto modelu je 1.5 - 2.5 hodiny.","numbers":["Výkon HP","122 HP","135 HP","Výkon kW","90 kW","99 kW","Točivý moment Nm","158 Nm","177 Nm","Maximální rychlost","","+ 2 KM/H","Spotřeba město","","-0,30 L / 100 KM","Kombinovaná spotřeba","","-0,25 L / 100 KM","Spotřeba mimo město","","-0,20 L / 100 KM"],"chartPower":"./chartPower/s-cross___1219294.png","chartTorque":"./chartTorque/s-cross___1219294.png"},{"id":"s-cross___1219288","fullName":"ChipTuning - Suzuki S-Cross 1.6 16v DDiS - 120 HP ","desc":"Zvýšení výkonu motoru (chiptuning) vozidla Suzuki S-Cross 1.6 16v DDiS - 120 HP je možné z původních 88 kW (120 HP) až na 122 kW (166 HP) a nárůst točivého momentu ze 320 Nm až na 450 Nm.,Maximální rychlost se po úpravě zvýší o + 9 KM/H a kombinovaná spotřeba se sníží v průměru o -0,70 L / 100 KM.","imgUrl":"./previews/s-cross___.png","fullDesc":"Níže naleznete parametry před a po úpravě Standard pro vozidlo: Suzuki S-Cross 1.6 16v DDiS - 120 HP. Modelová řada vyráběná od roku 2014. Úprava tohoto modelu se provádí připojením na konektory řídící jednotky bez rozebírání jednotky. Řídící jednotka motoru od společnosti Bosch. Typ řídící jednotky EDC17C49 nebo EDC17C69. Předpokládaná doba úpravy tohoto modelu je 1.5 - 2.5 hodiny.","numbers":["Výkon HP","120 HP","155 HP","Výkon kW","88 kW","114 kW","Točivý moment Nm","320 Nm","413 Nm","Maximální rychlost","","+ 6 KM/H","Spotřeba město","","-0,50 L / 100 KM","Kombinovaná spotřeba","","-0,40 L / 100 KM","Spotřeba mimo město","","-0,30 L / 100 KM"],"chartPower":"./chartPower/s-cross___1219288.png","chartTorque":"./chartTorque/s-cross___1219288.png"},{"id":"splash___1219297","fullName":"ChipTuning - Suzuki Splash 1.2 16v - 86 HP ","desc":"Zvýšení výkonu motoru (chiptuning) vozidla Suzuki Splash 1.2 16v - 86 HP je možné z původních 58 kW (81 HP) až na 64 kW (90 HP) a nárůst točivého momentu až na 133 Nm.,Maximální rychlost se po úpravě zvýší o + 1 KM/H a kombinovaná spotřeba se sníží v průměru o -0,30 L / 100 KM.","imgUrl":"./previews/splash___.png","fullDesc":"Níže naleznete parametry před a po úpravě Standard pro vozidlo: Suzuki Splash 1.2 16v - 86 HP. Modelová řada vyráběná od roku 2008. Řídící jednotka motoru od společnosti Mitsubishi. Typ řídící jednotky E6T900 M0. Předpokládaná doba úpravy tohoto modelu je 2 - 4 hodiny.","numbers":["Výkon HP","81 HP","90 HP","Výkon kW","58 kW","64 kW","Točivý moment Nm","-","+15 Nm","Maximální rychlost","","+ 1 KM/H","Spotřeba město","","-0,20 L / 100 KM","Kombinovaná spotřeba","","-0,20 L / 100 KM","Spotřeba mimo město","","-0,10 L / 100 KM"],"chartPower":"./chartPower/splash___1219297.png","chartTorque":""},{"id":"splash___1219298","fullName":"ChipTuning - Suzuki Splash 1.2 16v - 94 HP ","desc":"Zvýšení výkonu motoru (chiptuning) vozidla Suzuki Splash 1.2 16v - 94 HP je možné z původních 72 kW (97 HP) až na 79 kW (107 HP) a nárůst točivého momentu až na 154 Nm.,Maximální rychlost se po úpravě zvýší o + 1 KM/H a kombinovaná spotřeba se sníží v průměru o -0,30 L / 100 KM.","imgUrl":"./previews/splash___.png","fullDesc":"Níže naleznete parametry před a po úpravě Standard pro vozidlo: Suzuki Splash 1.2 16v - 94 HP. Modelová řada vyráběná od roku 2012. Řídící jednotka motoru od společnosti Bosch. Typ řídící jednotky MED17.8.X. Předpokládaná doba úpravy tohoto modelu je 2 - 4 hodiny.","numbers":["Výkon HP","97 HP","107 HP","Výkon kW","72 kW","79 kW","Točivý moment Nm","-","+16 Nm","Maximální rychlost","","+ 1 KM/H","Spotřeba město","","-0,20 L / 100 KM","Kombinovaná spotřeba","","-0,20 L / 100 KM","Spotřeba mimo město","","-0,10 L / 100 KM"],"chartPower":"./chartPower/splash___1219298.png","chartTorque":""},{"id":"splash___1219299","fullName":"ChipTuning - Suzuki Splash 1.2 16v VVT - 85 HP ","desc":"Zvýšení výkonu motoru (chiptuning) vozidla Suzuki Splash 1.2 16v VVT - 85 HP je možné z původních 61 kW (83 HP) až na 67 kW (92 HP) a nárůst točivého momentu ze 112 Nm až na 126 Nm.,Maximální rychlost se po úpravě zvýší o + 1 KM/H a kombinovaná spotřeba se sníží v průměru o -0,40 L / 100 KM.","imgUrl":"./previews/splash___.png","fullDesc":"Níže naleznete parametry před a po úpravě Standard pro vozidlo: Suzuki Splash 1.2 16v VVT - 85 HP. Modelová řada vyráběná od roku 2008. Úprava tohoto modelu se provádí připojením na konektory řídící jednotky bez rozebírání jednotky. Řídící jednotka motoru od společnosti Bosch. Typ řídící jednotky ME17.9.51. Předpokládaná doba úpravy tohoto modelu je 1.5 - 2.5 hodiny.","numbers":["Výkon HP","83 HP","92 HP","Výkon kW","61 kW","67 kW","Točivý moment Nm","112 Nm","126 Nm","Maximální rychlost","","+ 1 KM/H","Spotřeba město","","-0,20 L / 100 KM","Kombinovaná spotřeba","","-0,20 L / 100 KM","Spotřeba mimo město","","-0,10 L / 100 KM"],"chartPower":"./chartPower/splash___1219299.png","chartTorque":"./chartTorque/splash___1219299.png"},{"id":"splash___1219306","fullName":"ChipTuning - Suzuki Splash 1.2 VVT - 94 HP ","desc":"Zvýšení výkonu motoru (chiptuning) vozidla Suzuki Splash 1.2 VVT - 94 HP je možné z původních 74 kW (99 HP) až na 81 kW (109 HP) a nárůst točivého momentu ze 123 Nm až na 137 Nm.,Maximální rychlost se po úpravě zvýší o + 1 KM/H a kombinovaná spotřeba se sníží v průměru o -0,40 L / 100 KM.","imgUrl":"./previews/splash___.png","fullDesc":"Níže naleznete parametry před a po úpravě Standard pro vozidlo: Suzuki Splash 1.2 VVT - 94 HP. Modelová řada vyráběná od roku 2012. Úprava tohoto modelu se provádí připojením na konektory řídící jednotky bez rozebírání jednotky. Řídící jednotka motoru od společnosti Bosch. Typ řídící jednotky ME17.9.6. Předpokládaná doba úpravy tohoto modelu je 1.5 - 2.5 hodiny.","numbers":["Výkon HP","99 HP","109 HP","Výkon kW","74 kW","81 kW","Točivý moment Nm","123 Nm","137 Nm","Maximální rychlost","","+ 1 KM/H","Spotřeba město","","-0,20 L / 100 KM","Kombinovaná spotřeba","","-0,20 L / 100 KM","Spotřeba mimo město","","-0,10 L / 100 KM"],"chartPower":"./chartPower/splash___1219306.png","chartTorque":"./chartTorque/splash___1219306.png"},{"id":"splash___1219296","fullName":"ChipTuning - Suzuki Splash 1.3 DDiS - 75 HP ","desc":"Zvýšení výkonu motoru (chiptuning) vozidla Suzuki Splash 1.3 DDiS - 75 HP je možné z původních 58 kW (78 HP) až na 64 kW (86 HP) a nárůst točivého momentu až na 167 Nm.,Maximální rychlost se po úpravě zvýší o + 1 KM/H a kombinovaná spotřeba se sníží v průměru o -0,40 L / 100 KM.","imgUrl":"./previews/splash___.png","fullDesc":"Níže naleznete parametry před a po úpravě Standard pro vozidlo: Suzuki Splash 1.3 DDiS - 75 HP. Úprava tohoto modelu se provádí přes diagnostickou zásuvku. Řídící jednotka motoru od společnosti Magneti Marelli. Typ řídící jednotky MJD602.03D. Předpokládaná doba úpravy tohoto modelu je 1 - 2 hodiny.","numbers":["Výkon HP","78 HP","86 HP","Výkon kW","58 kW","64 kW","Točivý moment Nm","-","+18 Nm","Maximální rychlost","","+ 1 KM/H","Spotřeba město","","-0,20 L / 100 KM","Kombinovaná spotřeba","","-0,20 L / 100 KM","Spotřeba mimo město","","-0,10 L / 100 KM"],"chartPower":"./chartPower/splash___1219296.png","chartTorque":""},{"id":"swift__a2l_1219307","fullName":"ChipTuning - Suzuki Swift 1.0 12v Boosterjet - 112 HP ","desc":"Zvýšení výkonu motoru (chiptuning) vozidla Suzuki Swift 1.0 12v Boosterjet - 112 HP je možné z původních 78 kW (108 HP) až na 104 kW (143 HP) a nárůst točivého momentu ze 166 Nm až na 228 Nm.,Maximální rychlost se po úpravě zvýší o + 5 KM/H a kombinovaná spotřeba se sníží v průměru o -0,50 L / 100 KM.","imgUrl":"./previews/swift__a2l_.png","fullDesc":"Níže naleznete parametry před a po úpravě Standard pro vozidlo: Suzuki Swift 1.0 12v Boosterjet - 112 HP. Modelová řada A2L, vyráběná od roku 2017. Úprava tohoto modelu se provádí připojením na konektory řídící jednotky bez rozebírání jednotky. Řídící jednotka motoru od společnosti Bosch. Typ řídící jednotky ME17.9.61. Předpokládaná doba úpravy tohoto modelu je 1.5 - 2.5 hodiny.","numbers":["Výkon HP","108 HP","135 HP","Výkon kW","78 kW","98 kW","Točivý moment Nm","166 Nm","210 Nm","Maximální rychlost","","+ 3 KM/H","Spotřeba město","","-0,30 L / 100 KM","Kombinovaná spotřeba","","-0,25 L / 100 KM","Spotřeba mimo město","","-0,20 L / 100 KM"],"chartPower":"./chartPower/swift__a2l_1219307.png","chartTorque":"./chartTorque/swift__a2l_1219307.png"},{"id":"swift__a2l_1219311","fullName":"ChipTuning - Suzuki Swift 1.2 16v Dualjet - 90 HP ","desc":"Zvýšení výkonu motoru (chiptuning) vozidla Suzuki Swift 1.2 16v Dualjet - 90 HP je možné z původních 65 kW (89 HP) až na 72 kW (99 HP) a nárůst točivého momentu ze 119 Nm až na 133 Nm.,Maximální rychlost se po úpravě zvýší o + 1 KM/H a kombinovaná spotřeba se sníží v průměru o -0,40 L / 100 KM.","imgUrl":"./previews/swift__a2l_.png","fullDesc":"Níže naleznete parametry před a po úpravě Standard pro vozidlo: Suzuki Swift 1.2 16v Dualjet - 90 HP. Modelová řada A2L, vyráběná od roku 2017. Úprava tohoto modelu se provádí připojením na konektory řídící jednotky bez rozebírání jednotky. Řídící jednotka motoru od společnosti Bosch. Typ řídící jednotky ME17.9.61. Předpokládaná doba úpravy tohoto modelu je 1.5 - 2.5 hodiny.","numbers":["Výkon HP","89 HP","99 HP","Výkon kW","65 kW","72 kW","Točivý moment Nm","119 Nm","133 Nm","Maximální rychlost","","+ 1 KM/H","Spotřeba město","","-0,20 L / 100 KM","Kombinovaná spotřeba","","-0,20 L / 100 KM","Spotřeba mimo město","","-0,10 L / 100 KM"],"chartPower":"./chartPower/swift__a2l_1219311.png","chartTorque":"./chartTorque/swift__a2l_1219311.png"},{"id":"swift__a2l_1219315","fullName":"ChipTuning - Suzuki Swift 1.2 16v SHSV Hybrid - 90 HP ","desc":"Zvýšení výkonu motoru (chiptuning) vozidla Suzuki Swift 1.2 16v SHSV Hybrid - 90 HP je možné z původních 63 kW (87 HP) až na 70 kW (97 HP) a nárůst točivého momentu ze 117 Nm až na 131 Nm.,Maximální rychlost se po úpravě zvýší o + 1 KM/H a kombinovaná spotřeba se sníží v průměru o -0,40 L / 100 KM.","imgUrl":"./previews/swift__a2l_.png","fullDesc":"Níže naleznete parametry před a po úpravě Standard pro vozidlo: Suzuki Swift 1.2 16v SHSV Hybrid - 90 HP. Modelová řada A2L, vyráběná od roku 2017. Úprava tohoto modelu se provádí připojením na konektory řídící jednotky bez rozebírání jednotky. Řídící jednotka motoru od společnosti Bosch. Typ řídící jednotky ME17.9.61. Předpokládaná doba úpravy tohoto modelu je 1.5 - 2.5 hodiny.","numbers":["Výkon HP","87 HP","97 HP","Výkon kW","63 kW","70 kW","Točivý moment Nm","117 Nm","131 Nm","Maximální rychlost","","+ 1 KM/H","Spotřeba město","","-0,20 L / 100 KM","Kombinovaná spotřeba","","-0,20 L / 100 KM","Spotřeba mimo město","","-0,10 L / 100 KM"],"chartPower":"./chartPower/swift__a2l_1219315.png","chartTorque":"./chartTorque/swift__a2l_1219315.png"},{"id":"swift__azg_1219319","fullName":"ChipTuning - Suzuki Swift 1.3 DDiS - 75 HP ","desc":"Zvýšení výkonu motoru (chiptuning) vozidla Suzuki Swift 1.3 DDiS - 75 HP je možné z původních 57 kW (77 HP) až na 79 kW (107 HP) a nárůst točivého momentu ze 192 Nm až na 263 Nm.,Maximální rychlost se po úpravě zvýší o + 7 KM/H a kombinovaná spotřeba se sníží v průměru o -0,60 L / 100 KM.","imgUrl":"./previews/swift__azg_.png","fullDesc":"Níže naleznete parametry před a po úpravě Standard pro vozidlo: Suzuki Swift 1.3 DDiS - 75 HP. Modelová řada AZG, vyráběná od roku 2010. Řídící jednotka motoru od společnosti Magneti Marelli. Typ řídící jednotky MJD8DS.P1. Předpokládaná doba úpravy tohoto modelu je 2 - 4 hodiny.","numbers":["Výkon HP","77 HP","100 HP","Výkon kW","57 kW","74 kW","Točivý moment Nm","192 Nm","243 Nm","Maximální rychlost","","+ 4 KM/H","Spotřeba město","","-0,40 L / 100 KM","Kombinovaná spotřeba","","-0,35 L / 100 KM","Spotřeba mimo město","","-0,30 L / 100 KM"],"chartPower":"./chartPower/swift__azg_1219319.png","chartTorque":"./chartTorque/swift__azg_1219319.png"},{"id":"swift__mz_1219327","fullName":"ChipTuning - Suzuki Swift 1.3 DDiS - 69 HP ","desc":"Zvýšení výkonu motoru (chiptuning) vozidla Suzuki Swift 1.3 DDiS - 69 HP je možné z původních 49 kW (67 HP) až na 70 kW (94 HP) a nárůst točivého momentu ze 168 Nm až na 232 Nm.,Maximální rychlost se po úpravě zvýší o + 7 KM/H a kombinovaná spotřeba se sníží v průměru o -0,60 L / 100 KM.","imgUrl":"./previews/swift__mz_.png","fullDesc":"Níže naleznete parametry před a po úpravě Standard pro vozidlo: Suzuki Swift 1.3 DDiS - 69 HP. Modelová řada MZ, vyráběná od roku 2005. Úprava tohoto modelu se provádí přes diagnostickou zásuvku. Řídící jednotka motoru od společnosti Magneti Marelli. Typ řídící jednotky MJD6O2.04. Předpokládaná doba úpravy tohoto modelu je 1 - 2 hodiny.","numbers":["Výkon HP","67 HP","88 HP","Výkon kW","49 kW","65 kW","Točivý moment Nm","168 Nm","214 Nm","Maximální rychlost","","+ 4 KM/H","Spotřeba město","","-0,40 L / 100 KM","Kombinovaná spotřeba","","-0,35 L / 100 KM","Spotřeba mimo město","","-0,30 L / 100 KM"],"chartPower":"./chartPower/swift__mz_1219327.png","chartTorque":"./chartTorque/swift__mz_1219327.png"},{"id":"swift__mz_1219331","fullName":"ChipTuning - Suzuki Swift 1.3 DDiS - 75 HP ","desc":"Zvýšení výkonu motoru (chiptuning) vozidla Suzuki Swift 1.3 DDiS - 75 HP je možné z původních 55 kW (75 HP) až na 77 kW (105 HP) a nárůst točivého momentu ze 190 Nm až na 261 Nm.,Maximální rychlost se po úpravě zvýší o + 7 KM/H a kombinovaná spotřeba se sníží v průměru o -0,60 L / 100 KM.","imgUrl":"./previews/swift__mz_.png","fullDesc":"Níže naleznete parametry před a po úpravě Standard pro vozidlo: Suzuki Swift 1.3 DDiS - 75 HP. Modelová řada MZ, vyráběná od roku 2008. Úprava tohoto modelu se provádí přes diagnostickou zásuvku. Řídící jednotka motoru od společnosti Magneti Marelli. Typ řídící jednotky MJD6O2.03D. Předpokládaná doba úpravy tohoto modelu je 1 - 2 hodiny.","numbers":["Výkon HP","75 HP","98 HP","Výkon kW","55 kW","72 kW","Točivý moment Nm","190 Nm","241 Nm","Maximální rychlost","","+ 4 KM/H","Spotřeba město","","-0,40 L / 100 KM","Kombinovaná spotřeba","","-0,35 L / 100 KM","Spotřeba mimo město","","-0,30 L / 100 KM"],"chartPower":"./chartPower/swift__mz_1219331.png","chartTorque":"./chartTorque/swift__mz_1219331.png"},{"id":"swift__zc_1219334","fullName":"ChipTuning - Suzuki Swift 1.2 DVVT - 94 HP ","desc":"Zvýšení výkonu motoru (chiptuning) vozidla Suzuki Swift 1.2 DVVT - 94 HP je možné z původních 68 kW (93 HP) až na 75 kW (103 HP) a nárůst točivého momentu ze 117 Nm až na 131 Nm.,Maximální rychlost se po úpravě zvýší o + 1 KM/H a kombinovaná spotřeba se sníží v průměru o -0,40 L / 100 KM.","imgUrl":"./previews/swift__zc_.png","fullDesc":"Níže naleznete parametry před a po úpravě Standard pro vozidlo: Suzuki Swift 1.2 DVVT - 94 HP. Modelová řada ZC, vyráběná od roku 2015. Řídící jednotka motoru od společnosti Bosch. Typ řídící jednotky ME17.8.XX. Předpokládaná doba úpravy tohoto modelu je 2 - 4 hodiny.","numbers":["Výkon HP","93 HP","103 HP","Výkon kW","68 kW","75 kW","Točivý moment Nm","117 Nm","131 Nm","Maximální rychlost","","+ 1 KM/H","Spotřeba město","","-0,20 L / 100 KM","Kombinovaná spotřeba","","-0,20 L / 100 KM","Spotřeba mimo město","","-0,10 L / 100 KM"],"chartPower":"./chartPower/swift__zc_1219334.png","chartTorque":"./chartTorque/swift__zc_1219334.png"},{"id":"swift__zc_1219337","fullName":"ChipTuning - Suzuki Swift 1.2 VVT - 94 HP ","desc":"Zvýšení výkonu motoru (chiptuning) vozidla Suzuki Swift 1.2 VVT - 94 HP je možné z původních 69 kW (94 HP) až na 76 kW (104 HP) a nárůst točivého momentu ze 118 Nm až na 132 Nm.,Maximální rychlost se po úpravě zvýší o + 1 KM/H a kombinovaná spotřeba se sníží v průměru o -0,40 L / 100 KM.","imgUrl":"./previews/swift__zc_.png","fullDesc":"Níže naleznete parametry před a po úpravě Standard pro vozidlo: Suzuki Swift 1.2 VVT - 94 HP. Modelová řada ZC, vyráběná od roku 2010. Řídící jednotka motoru od společnosti Bosch. Typ řídící jednotky ME17.8.XX nebo ME17.9.6. Předpokládaná doba úpravy tohoto modelu je 2 - 4 hodiny.","numbers":["Výkon HP","94 HP","104 HP","Výkon kW","69 kW","76 kW","Točivý moment Nm","118 Nm","132 Nm","Maximální rychlost","","+ 1 KM/H","Spotřeba město","","-0,20 L / 100 KM","Kombinovaná spotřeba","","-0,20 L / 100 KM","Spotřeba mimo město","","-0,10 L / 100 KM"],"chartPower":"./chartPower/swift__zc_1219337.png","chartTorque":"./chartTorque/swift__zc_1219337.png"},{"id":"swift__zc_1219347","fullName":"ChipTuning - Suzuki Swift 1.3 16v - 92 HP ","desc":"Zvýšení výkonu motoru (chiptuning) vozidla Suzuki Swift 1.3 16v - 92 HP je možné z původních 72 kW (96 HP) až na 79 kW (106 HP) a nárůst točivého momentu ze 120 Nm až na 134 Nm.,Maximální rychlost se po úpravě zvýší o + 1 KM/H a kombinovaná spotřeba se sníží v průměru o -0,40 L / 100 KM.","imgUrl":"./previews/swift__zc_.png","fullDesc":"Níže naleznete parametry před a po úpravě Standard pro vozidlo: Suzuki Swift 1.3 16v - 92 HP. Modelová řada ZC, vyráběná od roku 2005. Řídící jednotka motoru od společnosti Denso. Typ řídící jednotky 33920-62J0. Předpokládaná doba úpravy tohoto modelu je 2 - 4 hodiny.","numbers":["Výkon HP","96 HP","106 HP","Výkon kW","72 kW","79 kW","Točivý moment Nm","120 Nm","134 Nm","Maximální rychlost","","+ 1 KM/H","Spotřeba město","","-0,20 L / 100 KM","Kombinovaná spotřeba","","-0,20 L / 100 KM","Spotřeba mimo město","","-0,10 L / 100 KM"],"chartPower":"./chartPower/swift__zc_1219347.png","chartTorque":"./chartTorque/swift__zc_1219347.png"},{"id":"swift__zc_1219353","fullName":"ChipTuning - Suzuki Swift 1.4 16v VVT - 95 HP ","desc":"Zvýšení výkonu motoru (chiptuning) vozidla Suzuki Swift 1.4 16v VVT - 95 HP je možné z původních 70 kW (95 HP) až na 77 kW (105 HP) a nárůst točivého momentu ze 114 Nm až na 128 Nm.,Maximální rychlost se po úpravě zvýší o + 1 KM/H a kombinovaná spotřeba se sníží v průměru o -0,40 L / 100 KM.","imgUrl":"./previews/swift__zc_.png","fullDesc":"Níže naleznete parametry před a po úpravě Standard pro vozidlo: Suzuki Swift 1.4 16v VVT - 95 HP. Modelová řada ZC, vyráběná od roku 2013. Úprava tohoto modelu se provádí připojením na konektory řídící jednotky bez rozebírání jednotky. Řídící jednotka motoru od společnosti Bosch. Typ řídící jednotky ME17.9.51. Předpokládaná doba úpravy tohoto modelu je 1.5 - 2.5 hodiny.","numbers":["Výkon HP","95 HP","105 HP","Výkon kW","70 kW","77 kW","Točivý moment Nm","114 Nm","128 Nm","Maximální rychlost","","+ 1 KM/H","Spotřeba město","","-0,20 L / 100 KM","Kombinovaná spotřeba","","-0,20 L / 100 KM","Spotřeba mimo město","","-0,10 L / 100 KM"],"chartPower":"./chartPower/swift__zc_1219353.png","chartTorque":"./chartTorque/swift__zc_1219353.png"},{"id":"swift__zc_1219358","fullName":"ChipTuning - Suzuki Swift 1.5 - 102 HP ","desc":"Zvýšení výkonu motoru (chiptuning) vozidla Suzuki Swift 1.5 - 102 HP je možné z původních 72 kW (99 HP) až na 80 kW (110 HP) a nárůst točivého momentu ze 130 Nm až na 146 Nm.,Maximální rychlost se po úpravě zvýší o + 1 KM/H a kombinovaná spotřeba se sníží v průměru o -0,40 L / 100 KM.","imgUrl":"./previews/swift__zc_.png","fullDesc":"Níže naleznete parametry před a po úpravě Standard pro vozidlo: Suzuki Swift 1.5 - 102 HP. Modelová řada ZC, vyráběná od roku 2005. Řídící jednotka motoru od společnosti Denso. Typ řídící jednotky 33920-xxxx. Předpokládaná doba úpravy tohoto modelu je 2 - 4 hodiny.","numbers":["Výkon HP","99 HP","110 HP","Výkon kW","72 kW","80 kW","Točivý moment Nm","130 Nm","146 Nm","Maximální rychlost","","+ 1 KM/H","Spotřeba město","","-0,20 L / 100 KM","Kombinovaná spotřeba","","-0,20 L / 100 KM","Spotřeba mimo město","","-0,10 L / 100 KM"],"chartPower":"./chartPower/swift__zc_1219358.png","chartTorque":"./chartTorque/swift__zc_1219358.png"},{"id":"swift_sport__zc31s_1219364","fullName":"ChipTuning - Suzuki Swift Sport 1.6 16v VVT - 125 HP ","desc":"Zvýšení výkonu motoru (chiptuning) vozidla Suzuki Swift Sport 1.6 16v VVT - 125 HP je možné z původních 94 kW (127 HP) až na 103 kW (141 HP) a nárůst točivého momentu ze 150 Nm až na 168 Nm.,Maximální rychlost se po úpravě zvýší o + 2 KM/H a kombinovaná spotřeba se sníží v průměru o -0,50 L / 100 KM.","imgUrl":"./previews/swift_sport__zc31s_.png","fullDesc":"Níže naleznete parametry před a po úpravě Standard pro vozidlo: Suzuki Swift Sport 1.6 16v VVT - 125 HP. Modelová řada ZC31S, vyráběná od roku 2005. Řídící jednotka motoru od společnosti Denso. Typ řídící jednotky 33920-xxxx. Předpokládaná doba úpravy tohoto modelu je 2 - 4 hodiny.","numbers":["Výkon HP","127 HP","141 HP","Výkon kW","94 kW","103 kW","Točivý moment Nm","150 Nm","168 Nm","Maximální rychlost","","+ 2 KM/H","Spotřeba město","","-0,30 L / 100 KM","Kombinovaná spotřeba","","-0,25 L / 100 KM","Spotřeba mimo město","","-0,20 L / 100 KM"],"chartPower":"./chartPower/swift_sport__zc31s_1219364.png","chartTorque":"./chartTorque/swift_sport__zc31s_1219364.png"},{"id":"swift_sport__zc32s_1219370","fullName":"ChipTuning - Suzuki Swift Sport 1.6 16v VVT - 136 HP ","desc":"Zvýšení výkonu motoru (chiptuning) vozidla Suzuki Swift Sport 1.6 16v VVT - 136 HP je možné z původních 97 kW (133 HP) až na 107 kW (148 HP) a nárůst točivého momentu ze 157 Nm až na 176 Nm.,Maximální rychlost se po úpravě zvýší o + 2 KM/H a kombinovaná spotřeba se sníží v průměru o -0,50 L / 100 KM.","imgUrl":"./previews/swift_sport__zc32s_.png","fullDesc":"Níže naleznete parametry před a po úpravě Standard pro vozidlo: Suzuki Swift Sport 1.6 16v VVT - 136 HP. Modelová řada ZC32S, vyráběná od roku 2013. Úprava tohoto modelu se provádí připojením na konektory řídící jednotky bez rozebírání jednotky. Řídící jednotka motoru od společnosti Bosch. Typ řídící jednotky ME17.8.XX, ME17.9.51 nebo ME17.9.6. Předpokládaná doba úpravy tohoto modelu je 1.5 - 2.5 hodiny.","numbers":["Výkon HP","133 HP","148 HP","Výkon kW","97 kW","107 kW","Točivý moment Nm","157 Nm","176 Nm","Maximální rychlost","","+ 2 KM/H","Spotřeba město","","-0,30 L / 100 KM","Kombinovaná spotřeba","","-0,25 L / 100 KM","Spotřeba mimo město","","-0,20 L / 100 KM"],"chartPower":"./chartPower/swift_sport__zc32s_1219370.png","chartTorque":"./chartTorque/swift_sport__zc32s_1219370.png"},{"id":"swift_sport__zc32s_1219387","fullName":"ChipTuning - Suzuki Swift Sport 1.6 16v VVT CVT - 136 HP ","desc":"Zvýšení výkonu motoru (chiptuning) vozidla Suzuki Swift Sport 1.6 16v VVT CVT - 136 HP je možné z původních 97 kW (133 HP) až na 107 kW (148 HP) a nárůst točivého momentu ze 157 Nm až na 176 Nm.,Maximální rychlost se po úpravě zvýší o + 2 KM/H a kombinovaná spotřeba se sníží v průměru o -0,50 L / 100 KM.","imgUrl":"./previews/swift_sport__zc32s_.png","fullDesc":"Níže naleznete parametry před a po úpravě Standard pro vozidlo: Suzuki Swift Sport 1.6 16v VVT CVT - 136 HP. Modelová řada ZC32S, vyráběná od roku 2012. Řídící jednotka motoru od společnosti Bosch. Typ řídící jednotky ME17.8.XX nebo ME17.9.6. Předpokládaná doba úpravy tohoto modelu je 2 - 4 hodiny.","numbers":["Výkon HP","133 HP","148 HP","Výkon kW","97 kW","107 kW","Točivý moment Nm","157 Nm","176 Nm","Maximální rychlost","","+ 2 KM/H","Spotřeba město","","-0,30 L / 100 KM","Kombinovaná spotřeba","","-0,25 L / 100 KM","Spotřeba mimo město","","-0,20 L / 100 KM"],"chartPower":"./chartPower/swift_sport__zc32s_1219387.png","chartTorque":"./chartTorque/swift_sport__zc32s_1219387.png"},{"id":"swift_sport__zc33s_1219403","fullName":"ChipTuning - Suzuki Swift Sport 1.4 16v Boosterjet - 140 HP ","desc":"Zvýšení výkonu motoru (chiptuning) vozidla Suzuki Swift Sport 1.4 16v Boosterjet - 140 HP je možné z původních 108 kW (145 HP) až na 141 kW (189 HP) a nárůst točivého momentu ze 235 Nm až na 319 Nm.,Maximální rychlost se po úpravě zvýší o + 7 KM/H a kombinovaná spotřeba se sníží v průměru o -0,60 L / 100 KM.","imgUrl":"./previews/swift_sport__zc33s_.png","fullDesc":"Níže naleznete parametry před a po úpravě Standard pro vozidlo: Suzuki Swift Sport 1.4 16v Boosterjet - 140 HP. Modelová řada ZC33S, vyráběná od roku 2017. Úprava tohoto modelu se provádí připojením na konektory řídící jednotky bez rozebírání jednotky. Řídící jednotka motoru od společnosti nebo Bosch. Typ řídící jednotky BOSCH MED17.9.63 nebo MED17.9.63. Předpokládaná doba úpravy tohoto modelu je 1.5 - 2.5 hodiny.","numbers":["Výkon HP","145 HP","179 HP","Výkon kW","108 kW","133 kW","Točivý moment Nm","235 Nm","295 Nm","Maximální rychlost","","+ 4 KM/H","Spotřeba město","","-0,40 L / 100 KM","Kombinovaná spotřeba","","-0,35 L / 100 KM","Spotřeba mimo město","","-0,30 L / 100 KM"],"chartPower":"./chartPower/swift_sport__zc33s_1219403.png","chartTorque":"./chartTorque/swift_sport__zc33s_1219403.png"},{"id":"swift_sport__zc33s_1219399","fullName":"ChipTuning - Suzuki Swift Sport 1.4 16v Boosterjet Automat - 140 HP ","desc":"Zvýšení výkonu motoru (chiptuning) vozidla Suzuki Swift Sport 1.4 16v Boosterjet Automat - 140 HP je možné z původních 101 kW (138 HP) až na 132 kW (180 HP) a nárůst točivého momentu ze 228 Nm až na 299 Nm.,Maximální rychlost se po úpravě zvýší o + 7 KM/H a kombinovaná spotřeba se sníží v průměru o -0,60 L / 100 KM.","imgUrl":"./previews/swift_sport__zc33s_.png","fullDesc":"Níže naleznete parametry před a po úpravě Standard pro vozidlo: Suzuki Swift Sport 1.4 16v Boosterjet Automat - 140 HP. Modelová řada ZC33S, vyráběná od roku 2017. Úprava tohoto modelu se provádí připojením na konektory řídící jednotky bez rozebírání jednotky. Řídící jednotka motoru od společnosti nebo Bosch. Typ řídící jednotky BOSCH MED17.9.63 nebo MED17.9.63. Tato úprava je přizpůsobena pro automatickou převodovku. Předpokládaná doba úpravy tohoto modelu je 1.5 - 2.5 hodiny.","numbers":["Výkon HP","138 HP","170 HP","Výkon kW","101 kW","125 kW","Točivý moment Nm","228 Nm","279 Nm","Maximální rychlost","","+ 4 KM/H","Spotřeba město","","-0,40 L / 100 KM","Kombinovaná spotřeba","","-0,35 L / 100 KM","Spotřeba mimo město","","-0,30 L / 100 KM"],"chartPower":"./chartPower/swift_sport__zc33s_1219399.png","chartTorque":"./chartTorque/swift_sport__zc33s_1219399.png"},{"id":"sx4___1219409","fullName":"ChipTuning - Suzuki SX4 1.5 VVT - 99 HP ","desc":"Zvýšení výkonu motoru (chiptuning) vozidla Suzuki SX4 1.5 VVT - 99 HP je možné z původních 69 kW (95 HP) až na 76 kW (106 HP) a nárůst točivého momentu až na 156 Nm.,Maximální rychlost se po úpravě zvýší o + 1 KM/H a kombinovaná spotřeba se sníží v průměru o -0,30 L / 100 KM.","imgUrl":"./previews/sx4___.png","fullDesc":"Níže naleznete parametry před a po úpravě Standard pro vozidlo: Suzuki SX4 1.5 VVT - 99 HP. Modelová řada vyráběná od roku 2006. Řídící jednotka motoru od společnosti Denso. Typ řídící jednotky N/A. Předpokládaná doba úpravy tohoto modelu je 2 - 4 hodiny.","numbers":["Výkon HP","95 HP","106 HP","Výkon kW","69 kW","76 kW","Točivý moment Nm","-","+17 Nm","Maximální rychlost","","+ 1 KM/H","Spotřeba město","","-0,20 L / 100 KM","Kombinovaná spotřeba","","-0,20 L / 100 KM","Spotřeba mimo město","","-0,10 L / 100 KM"],"chartPower":"./chartPower/sx4___1219409.png","chartTorque":""},{"id":"sx4___1219410","fullName":"ChipTuning - Suzuki SX4 1.5 VVT - 112 HP ","desc":"Zvýšení výkonu motoru (chiptuning) vozidla Suzuki SX4 1.5 VVT - 112 HP je možné z původních 81 kW (111 HP) až na 89 kW (123 HP) a nárůst točivého momentu až na 179 Nm.,Maximální rychlost se po úpravě zvýší o + 1 KM/H a kombinovaná spotřeba se sníží v průměru o -0,30 L / 100 KM.","imgUrl":"./previews/sx4___.png","fullDesc":"Níže naleznete parametry před a po úpravě Standard pro vozidlo: Suzuki SX4 1.5 VVT - 112 HP. Modelová řada vyráběná od roku 2009. Řídící jednotka motoru od společnosti Denso. Typ řídící jednotky N/A. Předpokládaná doba úpravy tohoto modelu je 2 - 4 hodiny.","numbers":["Výkon HP","111 HP","123 HP","Výkon kW","81 kW","89 kW","Točivý moment Nm","-","+19 Nm","Maximální rychlost","","+ 1 KM/H","Spotřeba město","","-0,20 L / 100 KM","Kombinovaná spotřeba","","-0,20 L / 100 KM","Spotřeba mimo město","","-0,10 L / 100 KM"],"chartPower":"./chartPower/sx4___1219410.png","chartTorque":""},{"id":"sx4___1219411","fullName":"ChipTuning - Suzuki SX4 1.6 16v VVT - 120 HP ","desc":"Zvýšení výkonu motoru (chiptuning) vozidla Suzuki SX4 1.6 16v VVT - 120 HP je možné z původních 89 kW (121 HP) až na 98 kW (134 HP) a nárůst točivého momentu ze 157 Nm až na 176 Nm.,Maximální rychlost se po úpravě zvýší o + 2 KM/H a kombinovaná spotřeba se sníží v průměru o -0,50 L / 100 KM.","imgUrl":"./previews/sx4___.png","fullDesc":"Níže naleznete parametry před a po úpravě Standard pro vozidlo: Suzuki SX4 1.6 16v VVT - 120 HP. Modelová řada vyráběná od roku 2013. Úprava tohoto modelu se provádí připojením na konektory řídící jednotky bez rozebírání jednotky. Řídící jednotka motoru od společnosti Bosch. Typ řídící jednotky ME17.9.51 nebo ME17.9.6. Předpokládaná doba úpravy tohoto modelu je 1.5 - 2.5 hodiny.","numbers":["Výkon HP","121 HP","134 HP","Výkon kW","89 kW","98 kW","Točivý moment Nm","157 Nm","176 Nm","Maximální rychlost","","+ 2 KM/H","Spotřeba město","","-0,30 L / 100 KM","Kombinovaná spotřeba","","-0,25 L / 100 KM","Spotřeba mimo město","","-0,20 L / 100 KM"],"chartPower":"./chartPower/sx4___1219411.png","chartTorque":"./chartTorque/sx4___1219411.png"},{"id":"sx4___1219414","fullName":"ChipTuning - Suzuki SX4 1.6 VVT - 107 HP ","desc":"Zvýšení výkonu motoru (chiptuning) vozidla Suzuki SX4 1.6 VVT - 107 HP je možné z původních 75 kW (103 HP) až na 83 kW (115 HP) a nárůst točivého momentu až na 170 Nm.,Maximální rychlost se po úpravě zvýší o + 1 KM/H a kombinovaná spotřeba se sníží v průměru o -0,30 L / 100 KM.","imgUrl":"./previews/sx4___.png","fullDesc":"Níže naleznete parametry před a po úpravě Standard pro vozidlo: Suzuki SX4 1.6 VVT - 107 HP. Modelová řada vyráběná od roku 2006. Řídící jednotka motoru od společnosti Denso. Typ řídící jednotky N/A. Předpokládaná doba úpravy tohoto modelu je 2 - 4 hodiny.","numbers":["Výkon HP","103 HP","115 HP","Výkon kW","75 kW","83 kW","Točivý moment Nm","-","+19 Nm","Maximální rychlost","","+ 1 KM/H","Spotřeba město","","-0,20 L / 100 KM","Kombinovaná spotřeba","","-0,20 L / 100 KM","Spotřeba mimo město","","-0,10 L / 100 KM"],"chartPower":"./chartPower/sx4___1219414.png","chartTorque":""},{"id":"sx4___1219415","fullName":"ChipTuning - Suzuki SX4 1.6 VVT - 120 HP ","desc":"Zvýšení výkonu motoru (chiptuning) vozidla Suzuki SX4 1.6 VVT - 120 HP je možné z původních 84 kW (116 HP) až na 93 kW (129 HP) a nárůst točivého momentu až na 189 Nm.,Maximální rychlost se po úpravě zvýší o + 1 KM/H a kombinovaná spotřeba se sníží v průměru o -0,30 L / 100 KM.","imgUrl":"./previews/sx4___.png","fullDesc":"Níže naleznete parametry před a po úpravě Standard pro vozidlo: Suzuki SX4 1.6 VVT - 120 HP. Modelová řada vyráběná od roku 2007. Řídící jednotka motoru od společnosti Bosch nebo Denso. Typ řídící jednotky ME17.8.XX nebo N/A. Předpokládaná doba úpravy tohoto modelu je 2 - 4 hodiny.","numbers":["Výkon HP","116 HP","129 HP","Výkon kW","84 kW","93 kW","Točivý moment Nm","-","+21 Nm","Maximální rychlost","","+ 1 KM/H","Spotřeba město","","-0,20 L / 100 KM","Kombinovaná spotřeba","","-0,20 L / 100 KM","Spotřeba mimo město","","-0,10 L / 100 KM"],"chartPower":"./chartPower/sx4___1219415.png","chartTorque":""},{"id":"sx4___1219407","fullName":"ChipTuning - Suzuki SX4 1.9 DdiS - 120 HP ","desc":"Zvýšení výkonu motoru (chiptuning) vozidla Suzuki SX4 1.9 DdiS - 120 HP je možné z původních 85 kW (117 HP) až na 94 kW (130 HP) a nárůst točivého momentu až na 259 Nm.,Maximální rychlost se po úpravě zvýší o + 1 KM/H a kombinovaná spotřeba se sníží v průměru o -0,30 L / 100 KM.","imgUrl":"./previews/sx4___.png","fullDesc":"Níže naleznete parametry před a po úpravě Standard pro vozidlo: Suzuki SX4 1.9 DdiS - 120 HP. Úprava tohoto modelu se provádí přes diagnostickou zásuvku. Řídící jednotka motoru od společnosti Bosch. Typ řídící jednotky EDC16C39. Předpokládaná doba úpravy tohoto modelu je 1 - 2 hodiny.","numbers":["Výkon HP","117 HP","130 HP","Výkon kW","85 kW","94 kW","Točivý moment Nm","-","+28 Nm","Maximální rychlost","","+ 1 KM/H","Spotřeba město","","-0,20 L / 100 KM","Kombinovaná spotřeba","","-0,20 L / 100 KM","Spotřeba mimo město","","-0,10 L / 100 KM"],"chartPower":"./chartPower/sx4___1219407.png","chartTorque":""},{"id":"sx4___1219408","fullName":"ChipTuning - Suzuki SX4 2.0 DDIs - 135 HP ","desc":"Zvýšení výkonu motoru (chiptuning) vozidla Suzuki SX4 2.0 DDIs - 135 HP je možné z původních 96 kW (132 HP) až na 106 kW (147 HP) a nárůst točivého momentu až na 292 Nm.,Maximální rychlost se po úpravě zvýší o + 1 KM/H a kombinovaná spotřeba se sníží v průměru o -0,30 L / 100 KM.","imgUrl":"./previews/sx4___.png","fullDesc":"Níže naleznete parametry před a po úpravě Standard pro vozidlo: Suzuki SX4 2.0 DDIs - 135 HP. Modelová řada vyráběná od roku 2011. Řídící jednotka motoru od společnosti Bosch. Typ řídící jednotky EDC16C39. Předpokládaná doba úpravy tohoto modelu je 2 - 4 hodiny.","numbers":["Výkon HP","132 HP","147 HP","Výkon kW","96 kW","106 kW","Točivý moment Nm","-","+32 Nm","Maximální rychlost","","+ 1 KM/H","Spotřeba město","","-0,20 L / 100 KM","Kombinovaná spotřeba","","-0,20 L / 100 KM","Spotřeba mimo město","","-0,10 L / 100 KM"],"chartPower":"./chartPower/sx4___1219408.png","chartTorque":""},{"id":"sx4___1219417","fullName":"ChipTuning - Suzuki SX4 2.0 VVT - 143 HP ","desc":"Zvýšení výkonu motoru (chiptuning) vozidla Suzuki SX4 2.0 VVT - 143 HP je možné z původních 103 kW (141 HP) až na 114 kW (157 HP) a nárůst točivého momentu až na 229 Nm.,Maximální rychlost se po úpravě zvýší o + 1 KM/H a kombinovaná spotřeba se sníží v průměru o -0,30 L / 100 KM.","imgUrl":"./previews/sx4___.png","fullDesc":"Níže naleznete parametry před a po úpravě Standard pro vozidlo: Suzuki SX4 2.0 VVT - 143 HP. Modelová řada vyráběná od roku 2007. Řídící jednotka motoru od společnosti Denso. Typ řídící jednotky N/A. Předpokládaná doba úpravy tohoto modelu je 2 - 4 hodiny.","numbers":["Výkon HP","141 HP","157 HP","Výkon kW","103 kW","114 kW","Točivý moment Nm","-","+25 Nm","Maximální rychlost","","+ 1 KM/H","Spotřeba město","","-0,20 L / 100 KM","Kombinovaná spotřeba","","-0,20 L / 100 KM","Spotřeba mimo město","","-0,10 L / 100 KM"],"chartPower":"./chartPower/sx4___1219417.png","chartTorque":""},{"id":"vitara___1219430","fullName":"ChipTuning - Suzuki Vitara 1.4 16v Boosterjet - 140 HP ","desc":"Zvýšení výkonu motoru (chiptuning) vozidla Suzuki Vitara 1.4 16v Boosterjet - 140 HP je možné z původních 102 kW (139 HP) až na 135 kW (183 HP) a nárůst točivého momentu ze 219 Nm až na 299 Nm.,Maximální rychlost se po úpravě zvýší o + 7 KM/H a kombinovaná spotřeba se sníží v průměru o -0,60 L / 100 KM.","imgUrl":"./previews/vitara___.png","fullDesc":"Níže naleznete parametry před a po úpravě Standard pro vozidlo: Suzuki Vitara 1.4 16v Boosterjet - 140 HP. Modelová řada vyráběná od roku 2015. Úprava tohoto modelu se provádí připojením na konektory řídící jednotky bez rozebírání jednotky. Řídící jednotka motoru od společnosti Bosch. Typ řídící jednotky MED17.9.63. Předpokládaná doba úpravy tohoto modelu je 1.5 - 2.5 hodiny.","numbers":["Výkon HP","139 HP","173 HP","Výkon kW","102 kW","127 kW","Točivý moment Nm","219 Nm","276 Nm","Maximální rychlost","","+ 4 KM/H","Spotřeba město","","-0,40 L / 100 KM","Kombinovaná spotřeba","","-0,35 L / 100 KM","Spotřeba mimo město","","-0,30 L / 100 KM"],"chartPower":"./chartPower/vitara___1219430.png","chartTorque":"./chartTorque/vitara___1219430.png"},{"id":"vitara___1219424","fullName":"ChipTuning - Suzuki Vitara 1.4 16v Boosterjet Automat - 140 HP ","desc":"Zvýšení výkonu motoru (chiptuning) vozidla Suzuki Vitara 1.4 16v Boosterjet Automat - 140 HP je možné z původních 104 kW (141 HP) až na 135 kW (183 HP) a nárůst točivého momentu ze 221 Nm až na 290 Nm.,Maximální rychlost se po úpravě zvýší o + 7 KM/H a kombinovaná spotřeba se sníží v průměru o -0,60 L / 100 KM.","imgUrl":"./previews/vitara___.png","fullDesc":"Níže naleznete parametry před a po úpravě Standard pro vozidlo: Suzuki Vitara 1.4 16v Boosterjet Automat - 140 HP. Modelová řada vyráběná od roku 2015. Úprava tohoto modelu se provádí připojením na konektory řídící jednotky bez rozebírání jednotky. Řídící jednotka motoru od společnosti Bosch. Typ řídící jednotky MED17.9.63. Tato úprava je přizpůsobena pro automatickou převodovku. Předpokládaná doba úpravy tohoto modelu je 1.5 - 2.5 hodiny.","numbers":["Výkon HP","141 HP","173 HP","Výkon kW","104 kW","128 kW","Točivý moment Nm","221 Nm","270 Nm","Maximální rychlost","","+ 4 KM/H","Spotřeba město","","-0,40 L / 100 KM","Kombinovaná spotřeba","","-0,35 L / 100 KM","Spotřeba mimo město","","-0,30 L / 100 KM"],"chartPower":"./chartPower/vitara___1219424.png","chartTorque":"./chartTorque/vitara___1219424.png"},{"id":"vitara___1219436","fullName":"ChipTuning - Suzuki Vitara 1.6 16v - 120 HP ","desc":"Zvýšení výkonu motoru (chiptuning) vozidla Suzuki Vitara 1.6 16v - 120 HP je možné z původních 88 kW (120 HP) až na 97 kW (133 HP) a nárůst točivého momentu ze 156 Nm až na 175 Nm.,Maximální rychlost se po úpravě zvýší o + 2 KM/H a kombinovaná spotřeba se sníží v průměru o -0,50 L / 100 KM.","imgUrl":"./previews/vitara___.png","fullDesc":"Níže naleznete parametry před a po úpravě Standard pro vozidlo: Suzuki Vitara 1.6 16v - 120 HP. Modelová řada vyráběná od roku 2015. Úprava tohoto modelu se provádí připojením na konektory řídící jednotky bez rozebírání jednotky. Řídící jednotka motoru od společnosti Bosch. Typ řídící jednotky ME17.9.61. Předpokládaná doba úpravy tohoto modelu je 1.5 - 2.5 hodiny.","numbers":["Výkon HP","120 HP","133 HP","Výkon kW","88 kW","97 kW","Točivý moment Nm","156 Nm","175 Nm","Maximální rychlost","","+ 2 KM/H","Spotřeba město","","-0,30 L / 100 KM","Kombinovaná spotřeba","","-0,25 L / 100 KM","Spotřeba mimo město","","-0,20 L / 100 KM"],"chartPower":"./chartPower/vitara___1219436.png","chartTorque":"./chartTorque/vitara___1219436.png"},{"id":"vitara___1219442","fullName":"ChipTuning - Suzuki Vitara 1.6 16v Automat - 120 HP ","desc":"Zvýšení výkonu motoru (chiptuning) vozidla Suzuki Vitara 1.6 16v Automat - 120 HP je možné z původních 83 kW (115 HP) až na 92 kW (128 HP) a nárůst točivého momentu ze 151 Nm až na 170 Nm.,Maximální rychlost se po úpravě zvýší o + 2 KM/H a kombinovaná spotřeba se sníží v průměru o -0,50 L / 100 KM.","imgUrl":"./previews/vitara___.png","fullDesc":"Níže naleznete parametry před a po úpravě Standard pro vozidlo: Suzuki Vitara 1.6 16v Automat - 120 HP. Modelová řada vyráběná od roku 2015. Úprava tohoto modelu se provádí připojením na konektory řídící jednotky bez rozebírání jednotky. Řídící jednotka motoru od společnosti Bosch. Typ řídící jednotky ME17.9.61. Tato úprava je přizpůsobena pro automatickou převodovku. Předpokládaná doba úpravy tohoto modelu je 1.5 - 2.5 hodiny.","numbers":["Výkon HP","115 HP","128 HP","Výkon kW","83 kW","92 kW","Točivý moment Nm","151 Nm","170 Nm","Maximální rychlost","","+ 2 KM/H","Spotřeba město","","-0,30 L / 100 KM","Kombinovaná spotřeba","","-0,25 L / 100 KM","Spotřeba mimo město","","-0,20 L / 100 KM"],"chartPower":"./chartPower/vitara___1219442.png","chartTorque":"./chartTorque/vitara___1219442.png"},{"id":"vitara___1219418","fullName":"ChipTuning - Suzuki Vitara 1.6 16v DDiS - 120 HP ","desc":"Zvýšení výkonu motoru (chiptuning) vozidla Suzuki Vitara 1.6 16v DDiS - 120 HP je možné z původních 86 kW (118 HP) až na 120 kW (164 HP) a nárůst točivého momentu ze 318 Nm až na 448 Nm.,Maximální rychlost se po úpravě zvýší o + 9 KM/H a kombinovaná spotřeba se sníží v průměru o -0,70 L / 100 KM.","imgUrl":"./previews/vitara___.png","fullDesc":"Níže naleznete parametry před a po úpravě Standard pro vozidlo: Suzuki Vitara 1.6 16v DDiS - 120 HP. Modelová řada vyráběná od roku 2015. Úprava tohoto modelu se provádí připojením na konektory řídící jednotky bez rozebírání jednotky. Řídící jednotka motoru od společnosti Bosch. Typ řídící jednotky EDC17C69. Předpokládaná doba úpravy tohoto modelu je 1.5 - 2.5 hodiny.","numbers":["Výkon HP","118 HP","153 HP","Výkon kW","86 kW","112 kW","Točivý moment Nm","318 Nm","411 Nm","Maximální rychlost","","+ 6 KM/H","Spotřeba město","","-0,50 L / 100 KM","Kombinovaná spotřeba","","-0,40 L / 100 KM","Spotřeba mimo město","","-0,30 L / 100 KM"],"chartPower":"./chartPower/vitara___1219418.png","chartTorque":"./chartTorque/vitara___1219418.png"},{"id":"wagon_r___1219448","fullName":"ChipTuning - Suzuki Wagon R 1.3 DDiS - 69 HP ","desc":"Zvýšení výkonu motoru (chiptuning) vozidla Suzuki Wagon R 1.3 DDiS - 69 HP je možné z původních 50 kW (68 HP) až na 55 kW (76 HP) a nárůst točivého momentu až na 151 Nm.,Maximální rychlost se po úpravě zvýší o + 1 KM/H a kombinovaná spotřeba se sníží v průměru o -0,40 L / 100 KM.","imgUrl":"./previews/wagon_r___.png","fullDesc":"Níže naleznete parametry před a po úpravě Standard pro vozidlo: Suzuki Wagon R 1.3 DDiS - 69 HP. Úprava tohoto modelu se provádí přes diagnostickou zásuvku. Řídící jednotka motoru od společnosti Magneti Marelli. Typ řídící jednotky MJD602.04. Předpokládaná doba úpravy tohoto modelu je 1 - 2 hodiny.","numbers":["Výkon HP","68 HP","76 HP","Výkon kW","50 kW","55 kW","Točivý moment Nm","-","+16 Nm","Maximální rychlost","","+ 1 KM/H","Spotřeba město","","-0,20 L / 100 KM","Kombinovaná spotřeba","","-0,20 L / 100 KM","Spotřeba mimo město","","-0,10 L / 100 KM"],"chartPower":"./chartPower/wagon_r___1219448.png","chartTorque":""},{"id":"wagon_r___1219449","fullName":"ChipTuning - Suzuki Wagon R 660 Turbo - 64 HP ","desc":"Zvýšení výkonu motoru (chiptuning) vozidla Suzuki Wagon R 660 Turbo - 64 HP je možné z původních 47 kW (64 HP) až na 64 kW (86 HP) a nárůst točivého momentu až na 118 Nm.,Maximální rychlost se po úpravě zvýší o + 5 KM/H a kombinovaná spotřeba se sníží v průměru o -0,50 L / 100 KM.","imgUrl":"./previews/wagon_r___.png","fullDesc":"Níže naleznete parametry před a po úpravě Standard pro vozidlo: Suzuki Wagon R 660 Turbo - 64 HP. Modelová řada vyráběná od roku 2008. Řídící jednotka motoru od společnosti Mitsubishi. Typ řídící jednotky E6T900 M0. Předpokládaná doba úpravy tohoto modelu je 2 - 4 hodiny.","numbers":["Výkon HP","64 HP","81 HP","Výkon kW","47 kW","60 kW","Točivý moment Nm","-","+20 Nm","Maximální rychlost","","+ 3 KM/H","Spotřeba město","","-0,30 L / 100 KM","Kombinovaná spotřeba","","-0,25 L / 100 KM","Spotřeba mimo město","","-0,20 L / 100 KM"],"chartPower":"./chartPower/wagon_r___1219449.png","chartTorque":""},{"id":"xl7___1219450","fullName":"ChipTuning - Suzuki Xl7 3.6 V6 24v - 256 HP ","desc":"Zvýšení výkonu motoru (chiptuning) vozidla Suzuki Xl7 3.6 V6 24v - 256 HP je možné z původních 185 kW (253 HP) až na 204 kW (281 HP) a nárůst točivého momentu až na 409 Nm.,Maximální rychlost se po úpravě zvýší o + 1 KM/H a kombinovaná spotřeba se sníží v průměru o -0,30 L / 100 KM.","imgUrl":"./previews/xl7___.png","fullDesc":"Níže naleznete parametry před a po úpravě Standard pro vozidlo: Suzuki Xl7 3.6 V6 24v - 256 HP. Modelová řada vyráběná od roku 2007. Úprava tohoto modelu se provádí připojením na konektory řídící jednotky bez rozebírání jednotky. Řídící jednotka motoru od společnosti Bosch. Typ řídící jednotky ME9.6.1. Předpokládaná doba úpravy tohoto modelu je 1.5 - 2.5 hodiny.","numbers":["Výkon HP","253 HP","281 HP","Výkon kW","185 kW","204 kW","Točivý moment Nm","-","+44 Nm","Maximální rychlost","","+ 1 KM/H","Spotřeba město","","-0,20 L / 100 KM","Kombinovaná spotřeba","","-0,20 L / 100 KM","Spotřeba mimo město","","-0,10 L / 100 KM"],"chartPower":"./chartPower/xl7___1219450.png","chartTorque":""}]