[{"id":"lux_a2.0___1220636","fullName":"ChipTuning - VinFast Lux A2.0 2.0 Turbo Automat - 175 HP ","desc":"Zvýšení výkonu motoru (chiptuning) vozidla VinFast Lux A2.0 2.0 Turbo Automat - 175 HP je možné z původních 131 kW (177 HP) až na 169 kW (229 HP) a nárůst točivého momentu ze 272 Nm až na 364 Nm.,Maximální rychlost se po úpravě zvýší o + 9 KM/H a kombinovaná spotřeba se sníží v průměru o -0,70 L / 100 KM.","imgUrl":"./previews/lux_a2.0___.png","fullDesc":"Níže naleznete parametry před a po úpravě Standard pro vozidlo: VinFast Lux A2.0 2.0 Turbo Automat - 175 HP. Modelová řada vyráběná od roku 2019. Úprava tohoto modelu se provádí připojením na konektory řídící jednotky bez rozebírání jednotky. Řídící jednotka motoru od společnosti Bosch. Typ řídící jednotky MG1CS088. Tato úprava je přizpůsobena pro automatickou převodovku. Předpokládaná doba úpravy tohoto modelu je 1.5 - 2.5 hodiny.","numbers":["Výkon HP","177 HP","217 HP","Výkon kW","131 kW","160 kW","Točivý moment Nm","272 Nm","338 Nm","Maximální rychlost","","+ 6 KM/H","Spotřeba město","","-0,50 L / 100 KM","Kombinovaná spotřeba","","-0,40 L / 100 KM","Spotřeba mimo město","","-0,30 L / 100 KM"],"chartPower":"./chartPower/lux_a2.0___1220636.png","chartTorque":"./chartTorque/lux_a2.0___1220636.png"},{"id":"lux_a2.0___1220635","fullName":"ChipTuning - VinFast Lux A2.0 2.0 Turbo Automat - 231 HP ","desc":"Zvýšení výkonu motoru (chiptuning) vozidla VinFast Lux A2.0 2.0 Turbo Automat - 231 HP je možné z původních 165 kW (226 HP) až na 209 kW (286 HP) a nárůst točivého momentu ze 345 Nm až na 444 Nm.,Maximální rychlost se po úpravě zvýší o + 9 KM/H a kombinovaná spotřeba se sníží v průměru o -0,70 L / 100 KM.","imgUrl":"./previews/lux_a2.0___.png","fullDesc":"Níže naleznete parametry před a po úpravě Standard pro vozidlo: VinFast Lux A2.0 2.0 Turbo Automat - 231 HP. Modelová řada vyráběná od roku 2019. Úprava tohoto modelu se provádí připojením na konektory řídící jednotky bez rozebírání jednotky. Řídící jednotka motoru od společnosti Bosch. Typ řídící jednotky MG1CS088. Tato úprava je přizpůsobena pro automatickou převodovku. Předpokládaná doba úpravy tohoto modelu je 1.5 - 2.5 hodiny.","numbers":["Výkon HP","226 HP","272 HP","Výkon kW","165 kW","199 kW","Točivý moment Nm","345 Nm","416 Nm","Maximální rychlost","","+ 6 KM/H","Spotřeba město","","-0,50 L / 100 KM","Kombinovaná spotřeba","","-0,40 L / 100 KM","Spotřeba mimo město","","-0,30 L / 100 KM"],"chartPower":"./chartPower/lux_a2.0___1220635.png","chartTorque":"./chartTorque/lux_a2.0___1220635.png"}]