[{"model":"124_spider___","value":"1147738","text":"1.4 16v MultiAir Turbo - 125kW / 170HP (250Nm)"},{"model":"124_spider___","value":"1147732","text":"1.4 16v MultiAir Turbo Automat - 125kW / 170HP (250Nm)"},{"model":"500___","value":"1147744","text":"1.4 16v T-Jet - 99kW / 135HP (206Nm)"},{"model":"500_assetto corse___","value":"1147749","text":"1.4 16v T-Jet - 140kW / 190HP (300Nm)"},{"model":"500_assetto_corse___","value":"1147748","text":"1.4 16v T-Jet - 147kW / 200HP (300Nm)"},{"model":"500_custom___","value":"1147751","text":"1.4 16v T-Jet MTA - 103kW / 140HP (206Nm)"},{"model":"500_esseesse___","value":"1147760","text":"1.4 16v MultiAir Turbo - 118kW / 160HP (230Nm)"},{"model":"500_esseesse___","value":"1147766","text":"1.4 16v T-Jet - 118kW / 160HP (230Nm)"},{"model":"500c___","value":"1147771","text":"1.4 16v T-Jet - 103kW / 140HP (206Nm)"},{"model":"595_competizione___","value":"1147775","text":"1.4 16v MultiAir Turbo - 132kW / 180HP (250Nm)"},{"model":"595_competizione___","value":"1147784","text":"1.4 16v T-Jet MT - 118kW / 160HP (230Nm)"},{"model":"595_competizione___","value":"1147790","text":"1.4 16v T-Jet MT - 132kW / 180HP (230Nm)"},{"model":"595_competizione___","value":"1147794","text":"1.4 16v T-Jet MTA - 118kW / 160HP (230Nm)"},{"model":"595_competizione___","value":"1147803","text":"1.4 16v T-Jet MTA - 132kW / 180HP (230Nm)"},{"model":"595c_turismo___","value":"1147805","text":"1.4 16v T-Jet MT - 118kW / 160HP (230Nm)"},{"model":"595c_turismo___","value":"1147812","text":"1.4 16v T-Jet MTA - 118kW / 160HP (230Nm)"},{"model":"695_tributo ferrari___","value":"1147820","text":"1.4 16v T-Jet - 132kW / 180HP (250Nm)"},{"model":"grande_punto___","value":"1147824","text":"1.4 16v T-Jet - 114kW / 155HP (230Nm)"},{"model":"grande_punto esseesse___","value":"1147828","text":"1.4 16v T-Jet - 132kW / 180HP (270Nm)"},{"model":"punto_evo___","value":"1147832","text":"1.4 16v MultiAir Turbo - 120kW / 163HP (250Nm)"},{"model":"punto_evo___","value":"1147834","text":"1.4 16v T-Jet MultiAir - 120kW / 163HP (250Nm)"},{"model":"punto_evo esseesse___","value":"1147840","text":"1.4 16v MultiAir Turbo - 132kW / 180HP (270Nm)"},{"model":"punto_evo_esseesse___","value":"1147844","text":"1.4 16v T-Jet MultiAir - 132kW / 180HP (270Nm)"}]