[{"model":"csx___","value":"1147848","text":"2.0 16v i-VTEC - 116kW / 158HP (188Nm)"},{"model":"csx_type-s___","value":"1147854","text":"2.0 16v i-VTEC - 147kW / 200HP (188Nm)"},{"model":"ilx___","value":"1147862","text":"2.4 16v i-VTEC - 150kW / 204HP (230Nm)"},{"model":"mdx___","value":"1147872","text":"3.5 V6 VTEC - 198kW / 269HP (340Nm)"},{"model":"mdx___","value":"1147876","text":"3.7 V6 VTEC - 220kW / 299HP (370Nm)"},{"model":"mdx__yd_","value":"1147865","text":"3.7 24v V6 VTEC - 224kW / 305HP (370Nm)"},{"model":"rdx___","value":"1147890","text":"2.3 16v i-VTEC - 180kW / 245HP (350Nm)"},{"model":"rdx__tb_","value":"1147883","text":"2.3 16v Turbo i-VTEC - 179kW / 243HP (350Nm)"},{"model":"rl___","value":"1147900","text":"3.5 V6 VTEC - 213kW / 290HP (347Nm)"},{"model":"rl__kb_","value":"1147896","text":"3.5 24v V6 VTEC - 213kW / 290HP (347Nm)"},{"model":"rlx___","value":"1147904","text":"3.5 24v V6 VTEC - 230kW / 313HP (369Nm)"},{"model":"tl_type-s___","value":"1147907","text":"3.5 24v V6 VTEC - 213kW / 290HP (347Nm)"},{"model":"tl_type-s___","value":"1147909","text":"3.5 V6 VTEC - 213kW / 290HP (347Nm)"},{"model":"tsx___","value":"1147918","text":"2.4 16v i-VTEC - 150kW / 204HP (223Nm)"},{"model":"tsx___","value":"1147916","text":"2.4 16v i-VTEC - 150kW / 204HP (225Nm)"},{"model":"tsx__cl_","value":"1147911","text":"2.4 16v i-VTEC - 150kW / 204HP (225Nm)"},{"model":"tsx__cl_","value":"1147913","text":"2.4 16v i-VTEC - 153kW / 208HP (231Nm)"},{"model":"zdx___","value":"1147924","text":"3.7 24v V6 VTEC - 220kW / 299HP (370Nm)"}]