[{"model":"145_(_2nd)__","value":"1147933","text":"1.4 16v Twin Spark - 76kW / 103HP (0Nm)"},{"model":"145_(_2nd)__","value":"1147934","text":"1.6 16v Twin Spark - 88kW / 120HP (0Nm)"},{"model":"145_(_2nd)__","value":"1147935","text":"1.8 16v Twin Spark - 106kW / 144HP (0Nm)"},{"model":"145_(_2nd)__","value":"1147932","text":"1.9 JTD  8v - 77kW / 105HP (0Nm)"},{"model":"146_(_2nd)__","value":"1147937","text":"1.4 16v Twin Spark - 76kW / 103HP (0Nm)"},{"model":"146_(_2nd)__","value":"1147938","text":"1.6 16v Twin Spark - 88kW / 120HP (0Nm)"},{"model":"146_(_2nd)__","value":"1147939","text":"1.8 16v Twin Spark - 106kW / 144HP (0Nm)"},{"model":"146_(_2nd)__","value":"1147936","text":"1.9 JTD  8v - 77kW / 105HP (0Nm)"},{"model":"147___","value":"1147950","text":"1.6 16v Twin Spark - 88kW / 120HP (0Nm)"},{"model":"147___","value":"1147951","text":"1.6 16v Twin Spark ECO - 77kW / 105HP (0Nm)"},{"model":"147___","value":"1147940","text":"1.9 JTD  8v - 74kW / 101HP (0Nm)"},{"model":"147___","value":"1147941","text":"1.9 JTD  8v - 85kW / 116HP (0Nm)"},{"model":"147___","value":"1147942","text":"1.9 JTD  8v M-Jet - 88kW / 120HP (0Nm)"},{"model":"147___","value":"1147944","text":"1.9 JTD 16v M-Jet - 103kW / 140HP (0Nm)"},{"model":"147___","value":"1147946","text":"1.9 JTD 16v M-Jet - 110kW / 150HP (0Nm)"},{"model":"147___","value":"1147948","text":"1.9 JTD 16v M-Jet - 125kW / 170HP (0Nm)"},{"model":"147___","value":"1147952","text":"2.0 16v Twin Spark - 110kW / 150HP (0Nm)"},{"model":"147___","value":"1147953","text":"3.2 GTA V6 24v - 184kW / 250HP (0Nm)"},{"model":"156_(_1st)__","value":"1147962","text":"1.6 16v Twin Spark - 88kW / 120HP (0Nm)"},{"model":"156_(_1st)__","value":"1147963","text":"1.6 16v Twin Spark - 90kW / 122HP (0Nm)"},{"model":"156_(_1st)__","value":"1147965","text":"1.8 16v Twin Spark - 103kW / 140HP (0Nm)"},{"model":"156_(_1st)__","value":"1147964","text":"1.8 16v Twin Spark - 106kW / 144HP (0Nm)"},{"model":"156_(_1st)__","value":"1147954","text":"1.9 JTD  8v - 77kW / 105HP (0Nm)"},{"model":"156_(_1st)__","value":"1147955","text":"1.9 JTD  8v - 81kW / 110HP (0Nm)"},{"model":"156_(_1st)__","value":"1147956","text":"1.9 JTD  8v - 85kW / 116HP (0Nm)"},{"model":"156_(_1st)__","value":"1147957","text":"1.9 JTD 16v M-Jet - 103kW / 140HP (0Nm)"},{"model":"156_(_1st)__","value":"1147967","text":"2.0 16v Twin Spark - 110kW / 150HP (0Nm)"},{"model":"156_(_1st)__","value":"1147966","text":"2.0 16v Twin Spark - 113kW / 154HP (0Nm)"},{"model":"156_(_1st)__","value":"1147968","text":"2.0 16v Twin Spark Selespeed - 110kW / 150HP (0Nm)"},{"model":"156_(_1st)__","value":"1147969","text":"2.0 JTS 16v Selespeed - 122kW / 166HP (0Nm)"},{"model":"156_(_1st)__","value":"1147959","text":"2.4 JTD 10v - 100kW / 136HP (0Nm)"},{"model":"156_(_1st)__","value":"1147960","text":"2.4 JTD 10v - 103kW / 140HP (0Nm)"},{"model":"156_(_1st)__","value":"1147961","text":"2.4 JTD 10v - 110kW / 150HP (0Nm)"},{"model":"156_(_1st)__","value":"1147970","text":"2.5 V6 24v - 141kW / 192HP (0Nm)"},{"model":"156_(_1st)__","value":"1147971","text":"2.5 V6 24v Selespeed - 141kW / 192HP (0Nm)"},{"model":"156_(_1st)__","value":"1147972","text":"2.5i V6 24v - 139kW / 189HP (222Nm)"},{"model":"156_(_1st)__","value":"1147976","text":"2.5i V6 24v Selespeed - 139kW / 189HP (222Nm)"},{"model":"156_(_1st)__","value":"1147980","text":"3.2 GTA V6 24v - 184kW / 250HP (0Nm)"},{"model":"156_(_1st)__","value":"1147981","text":"3.2 GTA V6 24v Selespeed - 184kW / 250HP (0Nm)"},{"model":"156_(_2nd)__","value":"1147989","text":"1.6 16v Twin Spark - 90kW / 122HP (0Nm)"},{"model":"156_(_2nd)__","value":"1147990","text":"1.8 16v Twin Spark - 103kW / 140HP (0Nm)"},{"model":"156_(_2nd)__","value":"1147982","text":"1.9 JTD  8v - 85kW / 116HP (0Nm)"},{"model":"156_(_2nd)__","value":"1147983","text":"1.9 JTD 16v M-Jet - 103kW / 140HP (0Nm)"},{"model":"156_(_2nd)__","value":"1147985","text":"1.9 JTD 16v M-Jet - 110kW / 150HP (0Nm)"},{"model":"156_(_2nd)__","value":"1147991","text":"2.0 JTS 16v - 122kW / 166HP (0Nm)"},{"model":"156_(_2nd)__","value":"1147992","text":"2.0 JTS 16v Selespeed - 122kW / 166HP (0Nm)"},{"model":"156_(_2nd)__","value":"1147987","text":"2.4 JTD 20v M-Jet - 125kW / 170HP (0Nm)"},{"model":"156_(_2nd)__","value":"1147993","text":"2.5 V6 24v - 141kW / 192HP (0Nm)"},{"model":"156_(_2nd)__","value":"1147994","text":"2.5 V6 24v Q-System - 141kW / 192HP (0Nm)"},{"model":"156_(_2nd)__","value":"1147995","text":"3.2 GTA V6 24v - 184kW / 250HP (0Nm)"},{"model":"156_(_2nd)__","value":"1147996","text":"3.2 GTA V6 24v Selespeed - 184kW / 250HP (0Nm)"},{"model":"159___","value":"1147997","text":"1.9 JTD  8v M-Jet - 88kW / 120HP (0Nm)"},{"model":"159___","value":"1147999","text":"1.9 JTD  8v M-Jet ECO - 88kW / 120HP (0Nm)"},{"model":"159___","value":"1148001","text":"1.9 JTD 16v M-Jet - 110kW / 150HP (0Nm)"},{"model":"159___","value":"1148003","text":"1.9 JTD 16v M-Jet Q-Tronic - 110kW / 150HP (0Nm)"},{"model":"159___","value":"1148017","text":"1.9 JTS 16v - 118kW / 160HP (0Nm)"},{"model":"159___","value":"1148018","text":"1750 TBi 16v - 147kW / 200HP (0Nm)"},{"model":"159___","value":"1148005","text":"2.0 16v JtdM - 125kW / 170HP (0Nm)"},{"model":"159___","value":"1148007","text":"2.0 16v M-Jet - 100kW / 136HP (0Nm)"},{"model":"159___","value":"1148020","text":"2.2 JTS 16v - 136kW / 185HP (0Nm)"},{"model":"159___","value":"1148021","text":"2.2 JTS 16v Selespeed - 136kW / 185HP (0Nm)"},{"model":"159___","value":"1148009","text":"2.4 JTD 20v M-Jet - 147kW / 200HP (0Nm)"},{"model":"159___","value":"1148011","text":"2.4 JTD 20v M-Jet - 154kW / 209HP (0Nm)"},{"model":"159___","value":"1148015","text":"2.4 JTD 20v M-Jet Q-Tronic - 147kW / 200HP (0Nm)"},{"model":"159___","value":"1148013","text":"2.4 JTD 20v M-Jet Q4 - 154kW / 209HP (0Nm)"},{"model":"159___","value":"1148022","text":"3.2 JTS V6 24v - 191kW / 260HP (0Nm)"},{"model":"159___","value":"1148023","text":"3.2 JTS V6 24v Q4 - 191kW / 260HP (0Nm)"},{"model":"159___","value":"1148024","text":"3.2 JTS V6 24v Q4 Q-Tronic - 191kW / 260HP (0Nm)"},{"model":"166_(_1st)__","value":"1148029","text":"2.0 16v Twin Spark - 110kW / 150HP (0Nm)"},{"model":"166_(_1st)__","value":"1148028","text":"2.0 16v Twin Spark - 114kW / 155HP (0Nm)"},{"model":"166_(_1st)__","value":"1148025","text":"2.4 JTD 10v - 100kW / 136HP (0Nm)"},{"model":"166_(_1st)__","value":"1148026","text":"2.4 JTD 10v - 103kW / 140HP (0Nm)"},{"model":"166_(_1st)__","value":"1148027","text":"2.4 JTD 10v - 110kW / 150HP (0Nm)"},{"model":"166_(_2nd)__","value":"1148037","text":"2.0 16v Twin Spark - 110kW / 150HP (0Nm)"},{"model":"166_(_2nd)__","value":"1148030","text":"2.4 JTD 10v - 110kW / 150HP (0Nm)"},{"model":"166_(_2nd)__","value":"1148031","text":"2.4 JTD 20v M-Jet - 129kW / 175HP (0Nm)"},{"model":"166_(_2nd)__","value":"1148033","text":"2.4 JTD 20v M-Jet - 136kW / 185HP (0Nm)"},{"model":"166_(_2nd)__","value":"1148035","text":"2.4 JTD 20v M-Jet Sportronic - 129kW / 175HP (0Nm)"},{"model":"166_(_2nd)__","value":"1148038","text":"2.5 V6 24v - 138kW / 188HP (0Nm)"},{"model":"166_(_2nd)__","value":"1148039","text":"3.0 V6 24v Sportronic - 162kW / 220HP (0Nm)"},{"model":"166_(_2nd)__","value":"1148040","text":"3.2 V6 24v - 176kW / 239HP (0Nm)"},{"model":"4c___","value":"1148041","text":"1.7 VVT Automat - 176kW / 240HP (350Nm)"},{"model":"4c_spider___","value":"1148060","text":"1.7 VVT Automat - 176kW / 240HP (350Nm)"},{"model":"8c___","value":"1148074","text":"4.7 V8 Competizione - 331kW / 450HP (0Nm)"},{"model":"brera___","value":"1148081","text":"1750 TBi 16v - 147kW / 200HP (0Nm)"},{"model":"brera___","value":"1148075","text":"2.0 16v M-Jet - 125kW / 170HP (0Nm)"},{"model":"brera___","value":"1148083","text":"2.2 JTS 16v - 136kW / 185HP (0Nm)"},{"model":"brera___","value":"1148077","text":"2.4 JTD 20v M-Jet - 154kW / 209HP (0Nm)"},{"model":"brera___","value":"1148079","text":"2.4 JTD 20v M-Jet Q-Tronic - 147kW / 200HP (0Nm)"},{"model":"brera___","value":"1148084","text":"3.2 JTS V6 24v - 191kW / 260HP (0Nm)"},{"model":"brera___","value":"1148085","text":"3.2 JTS V6 24v Q4 - 191kW / 260HP (0Nm)"},{"model":"giulia___","value":"1148098","text":"2.2 Diesel - 100kW / 136HP (380Nm)"},{"model":"giulia___","value":"1148092","text":"2.2 Diesel - 110kW / 150HP (380Nm)"},{"model":"giulia___","value":"1148093","text":"2.2 Diesel - 132kW / 180HP (380Nm)"},{"model":"giulia___","value":"1148102","text":"2.2 Diesel Automat - 110kW / 150HP (380Nm)"},{"model":"giulia___","value":"1148103","text":"2.2 Diesel Automat - 132kW / 180HP (380Nm)"},{"model":"giulia__(952)_","value":"1148086","text":"2.0 Turbo Automat - 147kW / 200HP (330Nm)"},{"model":"giulia_q4___","value":"1148118","text":"2.0 Turbo Automat - 206kW / 280HP (400Nm)"},{"model":"giulia_q4___","value":"1148116","text":"2.2 Diesel Automat - 154kW / 209HP (450Nm)"},{"model":"giulia_q4__(952)_","value":"1148110","text":"2.0 Turbo Automat - 206kW / 280HP (400Nm)"},{"model":"giulia_quadrifoglio verde___","value":"1148120","text":"2.9 V6 TwinTurbo - 375kW / 510HP (600Nm)"},{"model":"giulia_quadrifoglio_verde___","value":"1148124","text":"2.9 V6 TwinTurbo Automat - 375kW / 510HP (600Nm)"},{"model":"giulietta___","value":"1148216","text":"1.4 16v GPL Turbo - 88kW / 120HP (206Nm)"},{"model":"giulietta___","value":"1148222","text":"1.4 TB 16v 105 - 77kW / 105HP (206Nm)"},{"model":"giulietta___","value":"1148228","text":"1.4 TB 16v 120 - 88kW / 120HP (206Nm)"},{"model":"giulietta___","value":"1148236","text":"1.4 TB 16v MultiAir - 125kW / 170HP (250Nm)"},{"model":"giulietta___","value":"1148250","text":"1.4 TB 16v MultiAir Sportiva - 125kW / 170HP (250Nm)"},{"model":"giulietta___","value":"1148258","text":"1.4 TB 16v MultiAir TCT - 125kW / 170HP (250Nm)"},{"model":"giulietta___","value":"1148128","text":"1.6 JTDm 16v 105 - 77kW / 105HP (320Nm)"},{"model":"giulietta___","value":"1148136","text":"1.6 JTDm2 16v 105 - 77kW / 105HP (320Nm)"},{"model":"giulietta___","value":"1148145","text":"1.6 JTDm2 16v 120 - 88kW / 120HP (320Nm)"},{"model":"giulietta___","value":"1148151","text":"1.6 JTDm2 16v 120 TCT - 88kW / 120HP (320Nm)"},{"model":"giulietta___","value":"1148279","text":"1750 16v Tbi - 173kW / 235HP (340Nm)"},{"model":"giulietta___","value":"1148289","text":"1750 16v TBi TCT - 177kW / 241HP (340Nm)"},{"model":"giulietta___","value":"1148160","text":"2.0 JTDm 16v 150 - 110kW / 150HP (380Nm)"},{"model":"giulietta___","value":"1148169","text":"2.0 JTDm 16v 170 - 125kW / 170HP (350Nm)"},{"model":"giulietta___","value":"1148181","text":"2.0 JTDm 16v 175 TCT - 129kW / 175HP (350Nm)"},{"model":"giulietta___","value":"1148189","text":"2.0 JTDm-2 16v - 103kW / 140HP (350Nm)"},{"model":"giulietta___","value":"1148197","text":"2.0 JTDm-2 16v - 125kW / 170HP (350Nm)"},{"model":"giulietta___","value":"1148206","text":"2.0 JTDm-2 16v Automatic - 125kW / 170HP (350Nm)"},{"model":"giulietta___","value":"1148207","text":"2.0 JTDm-2 16v TCT - 125kW / 170HP (350Nm)"},{"model":"gt___","value":"1148307","text":"1.8 16v Twin Spark - 103kW / 140HP (0Nm)"},{"model":"gt___","value":"1148301","text":"1.9 JTD 16v M-Jet - 110kW / 150HP (0Nm)"},{"model":"gt___","value":"1148305","text":"2.0 16v M-Jet - 125kW / 170HP (0Nm)"},{"model":"gt___","value":"1148308","text":"2.0 JTS 16v Selespeed - 122kW / 166HP (0Nm)"},{"model":"gt___","value":"1148309","text":"3.2 V6 24v - 176kW / 239HP (0Nm)"},{"model":"gtv___","value":"1148310","text":"1.8 16v Twin Spark - 106kW / 144HP (0Nm)"},{"model":"gtv___","value":"1148312","text":"2.0 16v Twin Spark - 110kW / 150HP (0Nm)"},{"model":"gtv___","value":"1148311","text":"2.0 16v Twin Spark - 114kW / 155HP (0Nm)"},{"model":"gtv___","value":"1148313","text":"2.0 JTS 16v - 122kW / 166HP (0Nm)"},{"model":"gtv___","value":"1148314","text":"3.0 V6 24v - 162kW / 220HP (0Nm)"},{"model":"gtv___","value":"1148315","text":"3.0 V6 24v 6m - 162kW / 220HP (0Nm)"},{"model":"gtv___","value":"1148316","text":"3.2 V6 24v - 176kW / 239HP (0Nm)"},{"model":"mito___","value":"1148391","text":"0.9 TwinAir - 63kW / 86HP (145Nm)"},{"model":"mito___","value":"1148317","text":"1.3 16v Multijet - 70kW / 95HP (200Nm)"},{"model":"mito___","value":"1148331","text":"1.3 JTDm - 62kW / 84HP (200Nm)"},{"model":"mito___","value":"1148340","text":"1.3 JTDm - 66kW / 90HP (200Nm)"},{"model":"mito___","value":"1148346","text":"1.3 JTDm - 70kW / 95HP (200Nm)"},{"model":"mito___","value":"1148352","text":"1.3 JTDm Eco - 62kW / 84HP (200Nm)"},{"model":"mito___","value":"1148402","text":"1.4  8v - 57kW / 78HP (115Nm)"},{"model":"mito___","value":"1148414","text":"1.4  8v - 51kW / 69HP (115Nm)"},{"model":"mito___","value":"1148416","text":"1.4  8v - 57kW / 78HP (120Nm)"},{"model":"mito___","value":"1148418","text":"1.4 16v - 58kW / 79HP (120Nm)"},{"model":"mito___","value":"1148422","text":"1.4 16v MultiAir - 77kW / 105HP (130Nm)"},{"model":"mito___","value":"1148442","text":"1.4 16v Turbo - 88kW / 120HP (206Nm)"},{"model":"mito___","value":"1148445","text":"1.4 16v Turbo - 114kW / 155HP (230Nm)"},{"model":"mito___","value":"1148449","text":"1.4 16v Turbo MultiAir - 99kW / 135HP (206Nm)"},{"model":"mito___","value":"1148470","text":"1.4 16v Turbo MultiAir TCT - 99kW / 135HP (206Nm)"},{"model":"mito___","value":"1148500","text":"1.4 16v Turbo TwinAir BiFuel - 88kW / 120HP (206Nm)"},{"model":"mito___","value":"1148361","text":"1.6 JTDm - 85kW / 116HP (320Nm)"},{"model":"mito___","value":"1148373","text":"1.6 JTDm - 88kW / 120HP (320Nm)"},{"model":"mito_quadrifoglio verde___","value":"1148504","text":"1.4 16v Turbo MultiAir - 125kW / 170HP (250Nm)"},{"model":"spider___","value":"1148540","text":"1.8 16v Twin Spark - 106kW / 144HP (0Nm)"},{"model":"spider___","value":"1148541","text":"1750 TBi 16v - 147kW / 200HP (0Nm)"},{"model":"spider___","value":"1148544","text":"2.0 16v Twin Spark - 110kW / 150HP (0Nm)"},{"model":"spider___","value":"1148543","text":"2.0 16v Twin Spark - 114kW / 155HP (0Nm)"},{"model":"spider___","value":"1148545","text":"2.0 JTS 16v - 122kW / 166HP (0Nm)"},{"model":"spider___","value":"1148546","text":"2.2 JTS 16v - 136kW / 185HP (0Nm)"},{"model":"spider___","value":"1148547","text":"2.2 JTS 16v Selespeed - 136kW / 185HP (0Nm)"},{"model":"spider___","value":"1148534","text":"2.4 JTD 20v M-Jet - 147kW / 200HP (0Nm)"},{"model":"spider___","value":"1148536","text":"2.4 JTD 20v M-Jet - 154kW / 209HP (0Nm)"},{"model":"spider___","value":"1148538","text":"2.4 JTD 20v M-Jet Q-Tronic - 147kW / 200HP (0Nm)"},{"model":"spider___","value":"1148548","text":"3.0 V6 24v 6m - 160kW / 218HP (0Nm)"},{"model":"spider___","value":"1148549","text":"3.2 JTS V6 24v - 191kW / 260HP (0Nm)"},{"model":"spider___","value":"1148550","text":"3.2 JTS V6 24v Q4 - 191kW / 260HP (0Nm)"},{"model":"spider___","value":"1148551","text":"3.2 JTS V6 24v Q4 Q-Tronic - 191kW / 260HP (0Nm)"},{"model":"spider___","value":"1148552","text":"3.2 V6 24v - 176kW / 239HP (0Nm)"},{"model":"stelvio___","value":"1148553","text":"2.2 Diesel Automat - 154kW / 209HP (450Nm)"},{"model":"stelvio_q4___","value":"1148571","text":"2.2 Diesel Automat - 154kW / 209HP (470Nm)"},{"model":"stelvio_q4__(949)_","value":"1148559","text":"2.0 Turbo Automat - 147kW / 200HP (330Nm)"},{"model":"stelvio_q4__(949)_","value":"1148560","text":"2.0 Turbo Automat - 206kW / 280HP (400Nm)"},{"model":"stelvio_quadrifoglio verde___","value":"1148573","text":"2.9 V6 TwinTurbo Automat - 375kW / 510HP (600Nm)"}]