[{"model":"cygnet___","value":"1148586","text":"1.3 16v - 72kW / 98HP (125Nm)"},{"model":"cygnet___","value":"1148590","text":"1.3 16v Collette Limited Edition - 72kW / 98HP (125Nm)"},{"model":"cygnet___","value":"1148591","text":"1.3 16v Launch Edition - 72kW / 98HP (125Nm)"},{"model":"cygnet___","value":"1148592","text":"1.3 16v Launch Edition Multidrive S - 72kW / 98HP (125Nm)"},{"model":"cygnet___","value":"1148593","text":"1.3 16v Multidrive S - 72kW / 98HP (125Nm)"},{"model":"db9___","value":"1148597","text":"6.0 V12 - 331kW / 450HP (570Nm)"},{"model":"db9___","value":"1148603","text":"6.0 V12 - 350kW / 476HP (600Nm)"},{"model":"db9___","value":"1148607","text":"6.0 V12 - 380kW / 517HP (620Nm)"},{"model":"db9___","value":"1148610","text":"6.0 V12 Carbon Black Edition - 350kW / 476HP (600Nm)"},{"model":"db9___","value":"1148611","text":"6.0 V12 GT - 380kW / 517HP (620Nm)"},{"model":"db9___","value":"1148613","text":"6.0 V12 Lm - 331kW / 450HP (570Nm)"},{"model":"db9___","value":"1148614","text":"6.0 V12 Touchtronic-2 - 331kW / 450HP (570Nm)"},{"model":"db9___","value":"1148620","text":"6.0 V12 Touchtronic-2 - 350kW / 476HP (600Nm)"},{"model":"db9_volante___","value":"1148624","text":"6.0 V12 - 331kW / 450HP (570Nm)"},{"model":"db9_volante___","value":"1148629","text":"6.0 V12 - 350kW / 476HP (600Nm)"},{"model":"db9_volante___","value":"1148633","text":"6.0 V12 - 380kW / 517HP (620Nm)"},{"model":"db9_volante___","value":"1148636","text":"6.0 V12 Morning Frost Edition - 350kW / 476HP (600Nm)"},{"model":"db9_volante___","value":"1148637","text":"6.0 V12 Touchtronic-2 - 331kW / 450HP (570Nm)"},{"model":"db9_volante___","value":"1148642","text":"6.0 V12 Touchtronic-2 - 350kW / 476HP (600Nm)"},{"model":"dbs___","value":"1148646","text":"6.0 V12 - 380kW / 517HP (570Nm)"},{"model":"dbs___","value":"1148652","text":"6.0 V12 Carbon Black Special Edition - 380kW / 517HP (570Nm)"},{"model":"dbs___","value":"1148654","text":"6.0 V12 Carbon Edition - 380kW / 517HP (570Nm)"},{"model":"dbs___","value":"1148656","text":"6.0 V12 Touchtronic-2 - 380kW / 517HP (570Nm)"},{"model":"dbs___","value":"1148660","text":"6.0 V12 UB-2010 Limited Edition - 380kW / 517HP (570Nm)"},{"model":"dbs___","value":"1148661","text":"6.0 V12 Volante - 380kW / 517HP (570Nm)"},{"model":"dbs___","value":"1148665","text":"6.0 V12 Volante Carbon Black Special Edition - 380kW / 517HP (570Nm)"},{"model":"dbs___","value":"1148667","text":"6.0 V12 Volante Carbon Edition - 380kW / 517HP (570Nm)"},{"model":"dbs___","value":"1148669","text":"6.0 V12 Volante Touchtronic-2 - 380kW / 517HP (570Nm)"},{"model":"dbs___","value":"1148673","text":"6.0 V12 Volante UB-2010 Limited Edition - 380kW / 517HP (570Nm)"},{"model":"rapide___","value":"1148674","text":"6.0 V12 - 350kW / 476HP (600Nm)"},{"model":"v12_vantage___","value":"1148678","text":"6.0 V12 - 380kW / 517HP (570Nm)"},{"model":"v12_vantage___","value":"1148688","text":"6.0 V12 Carbon Black Special Edition - 380kW / 517HP (570Nm)"},{"model":"v12_vantage roadster___","value":"1148694","text":"6.0 V12 - 380kW / 517HP (570Nm)"},{"model":"v12_vantage s___","value":"1148697","text":"6.0 V12 - 421kW / 573HP (570Nm)"},{"model":"v12_vantage s roadster___","value":"1148703","text":"6.0 V12 - 421kW / 573HP (570Nm)"},{"model":"v12_zagato___","value":"1148707","text":"6.0 V12 S - 380kW / 517HP (570Nm)"},{"model":"v8_vantage___","value":"1148710","text":"4.3 V8 - 283kW / 385HP (410Nm)"},{"model":"v8_vantage___","value":"1148714","text":"4.3 V8 N24 - 305kW / 415HP (425Nm)"},{"model":"v8_vantage___","value":"1148716","text":"4.3 V8 N400 - 298kW / 405HP (410Nm)"},{"model":"v8_vantage___","value":"1148718","text":"4.3 V8 N400 Sportshift - 298kW / 405HP (410Nm)"},{"model":"v8_vantage___","value":"1148720","text":"4.3 V8 N420 - 313kW / 426HP (470Nm)"},{"model":"v8_vantage___","value":"1148722","text":"4.3 V8 N420 Sportshift3 - 313kW / 426HP (470Nm)"},{"model":"v8_vantage___","value":"1148724","text":"4.3 V8 Sportshift - 283kW / 385HP (410Nm)"},{"model":"v8_vantage___","value":"1148727","text":"4.7 V8 - 313kW / 426HP (470Nm)"},{"model":"v8_vantage___","value":"1148734","text":"4.7 V8 N430 6-speed - 321kW / 437HP (490Nm)"},{"model":"v8_vantage___","value":"1148736","text":"4.7 V8 N430 Sportshift - 321kW / 437HP (490Nm)"},{"model":"v8_vantage___","value":"1148738","text":"4.7 V8 Sportshift - 313kW / 426HP (470Nm)"},{"model":"v8_vantage roadster___","value":"1148745","text":"4.3 V8 - 283kW / 385HP (410Nm)"},{"model":"v8_vantage_roadster___","value":"1148748","text":"4.3 V8 N400 - 298kW / 405HP (410Nm)"},{"model":"v8_vantage_roadster___","value":"1148750","text":"4.3 V8 N400 Sportshift - 298kW / 405HP (410Nm)"},{"model":"v8_vantage_roadster___","value":"1148752","text":"4.3 V8 N420 - 313kW / 426HP (470Nm)"},{"model":"v8_vantage_roadster___","value":"1148754","text":"4.3 V8 N420 Sportshift3 - 313kW / 426HP (470Nm)"},{"model":"v8_vantage_roadster___","value":"1148756","text":"4.3 V8 Sportshift - 283kW / 385HP (410Nm)"},{"model":"v8_vantage_roadster___","value":"1148759","text":"4.7 V8 - 313kW / 426HP (470Nm)"},{"model":"v8_vantage_roadster___","value":"1148766","text":"4.7 V8 N430 6-speed - 321kW / 437HP (490Nm)"},{"model":"v8_vantage_roadster___","value":"1148768","text":"4.7 V8 N430 Sportshift - 321kW / 437HP (490Nm)"},{"model":"v8_vantage_roadster___","value":"1148770","text":"4.7 V8 Sportshift - 313kW / 426HP (470Nm)"},{"model":"v8_vantage s___","value":"1148777","text":"4.7 V8 - 313kW / 426HP (470Nm)"},{"model":"v8_vantage_s___","value":"1148778","text":"4.7 V8 - 321kW / 437HP (490Nm)"},{"model":"v8_vantage s roadster___","value":"1148782","text":"4.7 V8 - 321kW / 437HP (490Nm)"},{"model":"vanquish_(_2nd)__","value":"1148787","text":"6.0 V12 - 421kW / 573HP (573Nm)"},{"model":"vanquish_(_2nd)__","value":"1148791","text":"6.0 V12 - 423kW / 575HP (576Nm)"},{"model":"vanquish_(_2nd)__","value":"1148795","text":"6.0 V12 Volante - 421kW / 573HP (573Nm)"},{"model":"vanquish_(_2nd)__","value":"1148799","text":"6.0 V12 Volante - 423kW / 575HP (576Nm)"}]