[{"model":"arnage_(_1st)__","value":"1158497","text":"6.8 V8 T - 336kW / 457HP (875Nm)"},{"model":"arnage_(_1st)__","value":"1158500","text":"6.8 V8 T-24 - 336kW / 457HP (875Nm)"},{"model":"arnage_(_2nd)__","value":"1158503","text":"6.8 V8 Final Series - 373kW / 507HP (1000Nm)"},{"model":"arnage_(_2nd)__","value":"1158505","text":"6.8 V8 R - 336kW / 457HP (875Nm)"},{"model":"arnage_(_2nd)__","value":"1158508","text":"6.8 V8 RL - 336kW / 457HP (875Nm)"},{"model":"arnage_(_2nd)__","value":"1158511","text":"6.8 V8 T - 336kW / 457HP (875Nm)"},{"model":"arnage_(_2nd)__","value":"1158513","text":"6.8 V8 T - 373kW / 507HP (1000Nm)"},{"model":"arnage_drophead coupe___","value":"1158518","text":"6.8 V8 - 336kW / 457HP (875Nm)"},{"model":"azure_(_2nd)__","value":"1158519","text":"6.8 V8 - 336kW / 457HP (875Nm)"},{"model":"azure_(_2nd)__","value":"1158522","text":"6.8 V8 T - 373kW / 507HP (1000Nm)"},{"model":"bentayga___","value":"1158527","text":"3.0 V6 24v Turbo Hybrid Automat - 340kW / 462HP (700Nm)"},{"model":"bentayga___","value":"1158525","text":"4.0 V8 Automat - 320kW / 435HP (900Nm)"},{"model":"bentayga___","value":"1158529","text":"4.0 V8 Turbo Automat - 404kW / 549HP (770Nm)"},{"model":"brooklands___","value":"1158533","text":"6.8 V8 T - 395kW / 537HP (1050Nm)"},{"model":"continental_(_1st)__","value":"1158536","text":"6.0 W12 GT - 412kW / 560HP (650Nm)"},{"model":"continental_(_1st)__","value":"1158544","text":"6.0 W12 GT Mulliner - 412kW / 560HP (650Nm)"},{"model":"continental_(_1st)__","value":"1158546","text":"6.0 W12 GT Series 51 - 412kW / 560HP (650Nm)"},{"model":"continental_(_1st)__","value":"1158548","text":"6.0 W12 GT Speed - 448kW / 609HP (750Nm)"},{"model":"continental_(_1st)__","value":"1158552","text":"6.0 W12 GT Speed Series 51 - 448kW / 609HP (750Nm)"},{"model":"continental_(_1st)__","value":"1158554","text":"6.0 W12 GTC - 412kW / 560HP (650Nm)"},{"model":"continental_(_1st)__","value":"1158560","text":"6.0 W12 GTC 80-11 Edition - 412kW / 560HP (650Nm)"},{"model":"continental_(_1st)__","value":"1158561","text":"6.0 W12 GTC Series 51 - 412kW / 560HP (650Nm)"},{"model":"continental_(_1st)__","value":"1158563","text":"6.0 W12 GTC Speed - 448kW / 609HP (750Nm)"},{"model":"continental_(_1st)__","value":"1158568","text":"6.0 W12 GTC Speed Series 51 - 448kW / 609HP (750Nm)"},{"model":"continental_(_1st)__","value":"1158570","text":"6.0 W12 Supersports - 463kW / 630HP (800Nm)"},{"model":"continental_(_2nd)__","value":"1158573","text":"4.0 V8 GT - 373kW / 507HP (660Nm)"},{"model":"continental_(_2nd)__","value":"1158581","text":"4.0 V8 GT S - 388kW / 528HP (680Nm)"},{"model":"continental_(_2nd)__","value":"1158585","text":"4.0 V8 GT3-R - 441kW / 600HP (750Nm)"},{"model":"continental_(_2nd)__","value":"1158589","text":"4.0 V8 GTC - 373kW / 507HP (660Nm)"},{"model":"continental_(_2nd)__","value":"1158597","text":"4.0 V8 GTC S - 388kW / 528HP (680Nm)"},{"model":"continental_flying spur_( 1st)__","value":"1158601","text":"6.0 W12 - 412kW / 560HP (650Nm)"},{"model":"continental_flying_spur_( 1st)__","value":"1158610","text":"6.0 W12 Mulliner - 412kW / 560HP (650Nm)"},{"model":"continental_flying_spur_(_1st)__","value":"1158614","text":"6.0 W12 Speed - 448kW / 609HP (750Nm)"},{"model":"continental_flying spur_( 2nd)__","value":"1158619","text":"4.0 V8 - 373kW / 507HP (660Nm)"},{"model":"continental_gt_( 2nd)__","value":"1158623","text":"6.0 W12 Speed TwinTurbo Automat - 460kW / 625HP (800Nm)"},{"model":"continental_gt_(_2nd)__","value":"1158630","text":"6.0 W12 TwinTurbo Automat - 423kW / 575HP (700Nm)"},{"model":"continental_gt_( 3rd)__","value":"1158638","text":"4.0 V8 Turbo Automat - 404kW / 549HP (770Nm)"},{"model":"mulsanne___","value":"1158642","text":"6.8 V8 - 377kW / 513HP (1020Nm)"},{"model":"mulsanne___","value":"1158654","text":"6.8 V8 Speed - 395kW / 537HP (1100Nm)"}]