[{"model":"ats___","value":"1168559","text":"3.6 V6 Automat - 250kW / 340HP (386Nm)"},{"model":"bls___","value":"1168568","text":"2.8 V6 T - 188kW / 256HP (350Nm)"},{"model":"bls___","value":"1168563","text":"2.8 V6 T Automat - 188kW / 256HP (350Nm)"},{"model":"ct6___","value":"1168573","text":"3.6 V6 Automat - 250kW / 340HP (386Nm)"},{"model":"cts___","value":"1168581","text":"3.6 V6 - 189kW / 257HP (340Nm)"},{"model":"cts___","value":"1168577","text":"3.6 V6 Automat - 189kW / 257HP (340Nm)"},{"model":"cts___","value":"1168585","text":"3.6 V6 Automat - 250kW / 340HP (386Nm)"},{"model":"cts-v___","value":"1168589","text":"6.0 V8 16v - 299kW / 406HP (542Nm)"},{"model":"cts-v___","value":"1168594","text":"6.2 V8 - 432kW / 588HP (580Nm)"},{"model":"cts-v___","value":"1168598","text":"6.2 V8 DI Supercharged - 477kW / 649HP (854Nm)"},{"model":"dts___","value":"1168602","text":"4.6 V6 12v Automat - 205kW / 278HP (400Nm)"},{"model":"escalade_(_4th)__","value":"1168607","text":"6.2 V8 EcoTec3 10AT - 301kW / 409HP (563Nm)"},{"model":"escalade_(_4th)__","value":"1168610","text":"6.2 V8 EcoTec3 Automat - 301kW / 409HP (563Nm)"},{"model":"escalade___","value":"1168617","text":"6.2 V8 Automat - 301kW / 409HP (459Nm)"},{"model":"escalade___","value":"1168625","text":"6.2 V8 EcoTec3 - 426kW / 579HP (624Nm)"},{"model":"escalade_esv___","value":"1168630","text":"6.2 V8 EcoTec3 - 426kW / 579HP (624Nm)"},{"model":"srx___","value":"1168635","text":"4.6 V6 12v Automat - 205kW / 278HP (400Nm)"},{"model":"sts___","value":"1168640","text":"4.6 V6 12v Automat - 205kW / 278HP (400Nm)"},{"model":"xlr___","value":"1168645","text":"4.6 V6 12v Automat - 205kW / 278HP (400Nm)"},{"model":"xt5___","value":"1168650","text":"3.6 V6 Automat - 231kW / 314HP (367Nm)"},{"model":"xt6___","value":"1168654","text":"3.6 V6 Automat - 231kW / 314HP (367Nm)"},{"model":"xts___","value":"1168656","text":"3.6 V6 Automat - 250kW / 340HP (386Nm)"}]