[{"model":"agile___","value":"1168806","text":"1.0 12v - 44kW / 60HP (0Nm)"},{"model":"agile___","value":"1168807","text":"1.2 16v - 59kW / 80HP (0Nm)"},{"model":"astra___","value":"1168812","text":"1.2 16v - 48kW / 65HP (0Nm)"},{"model":"astra___","value":"1168813","text":"1.2 16v - 55kW / 75HP (0Nm)"},{"model":"astra___","value":"1168814","text":"1.4 16v - 66kW / 90HP (0Nm)"},{"model":"astra___","value":"1168816","text":"1.6  8v - 62kW / 84HP (0Nm)"},{"model":"astra___","value":"1168817","text":"1.6 16v - 74kW / 101HP (0Nm)"},{"model":"astra___","value":"1168808","text":"1.7  8v TD - 50kW / 68HP (0Nm)"},{"model":"astra___","value":"1168809","text":"1.7 16v DTI - 55kW / 75HP (0Nm)"},{"model":"astra___","value":"1168818","text":"1.8  8v - 66kW / 90HP (0Nm)"},{"model":"astra___","value":"1168819","text":"2.0  8v FlexPower - 103kW / 140HP (0Nm)"},{"model":"astra___","value":"1168820","text":"2.0 16v - 85kW / 116HP (0Nm)"},{"model":"astra___","value":"1168810","text":"2.0 16v DI - 60kW / 82HP (0Nm)"},{"model":"astra___","value":"1168811","text":"2.0 16v DTI - 74kW / 101HP (0Nm)"},{"model":"astra___","value":"1168821","text":"2.0 16v Turbo - 140kW / 190HP (0Nm)"},{"model":"astra___","value":"1168822","text":"2.0 FlexPower - 103kW / 140HP (185Nm)"},{"model":"aveo__t250_","value":"1168824","text":"1.2 16v - 62kW / 84HP (114Nm)"},{"model":"aveo__t250_","value":"1168828","text":"1.2 16v Eco - 59kW / 80HP (114Nm)"},{"model":"aveo__t300_","value":"1168854","text":"1.2 16v - 51kW / 69HP (115Nm)"},{"model":"aveo__t300_","value":"1168860","text":"1.2 16v Eco - 63kW / 86HP (115Nm)"},{"model":"aveo__t300_","value":"1168830","text":"1.3 16v D - 55kW / 75HP (190Nm)"},{"model":"aveo__t300_","value":"1168831","text":"1.3 16v D - 70kW / 95HP (210Nm)"},{"model":"aveo__t300_","value":"1168846","text":"1.3 16v D Eco - 70kW / 95HP (190Nm)"},{"model":"aveo__t300_","value":"1168868","text":"1.4 16v - 74kW / 101HP (130Nm)"},{"model":"aveo__t300_","value":"1168876","text":"1.4 16v Automatic - 74kW / 101HP (130Nm)"},{"model":"aveo__t300_","value":"1168884","text":"1.4 16v Turbo - 103kW / 140HP (180Nm)"},{"model":"aveo__t300_","value":"1168892","text":"1.6 16v - 85kW / 116HP (155Nm)"},{"model":"aveo__t300_","value":"1168900","text":"1.6 16v Automatic - 85kW / 116HP (155Nm)"},{"model":"beat___","value":"1168920","text":"1.0 6v Ecotec - 55kW / 75HP (95Nm)"},{"model":"beat___","value":"1168924","text":"1.4 16v - 73kW / 99HP (128Nm)"},{"model":"beat__m300_","value":"1168908","text":"1.0 16v - 50kW / 68HP (93Nm)"},{"model":"beat__m300_","value":"1168914","text":"1.2 16v - 60kW / 82HP (111Nm)"},{"model":"blazer___","value":"1168928","text":"3.6 V6 Automat - 231kW / 314HP (367Nm)"},{"model":"camaro___","value":"1168930","text":"3.6 V6 1LS - 241kW / 328HP (377Nm)"},{"model":"camaro___","value":"1168934","text":"3.6 V6 2LS Automatic - 241kW / 328HP (377Nm)"},{"model":"camaro___","value":"1168938","text":"3.6 V6 Automat - 250kW / 340HP (386Nm)"},{"model":"camaro___","value":"1168942","text":"3.6 V6 LS - 227kW / 309HP (370Nm)"},{"model":"camaro___","value":"1168943","text":"3.6 V6 LS - 232kW / 316HP (377Nm)"},{"model":"camaro___","value":"1168944","text":"3.6 V6 LS Automatic - 227kW / 309HP (370Nm)"},{"model":"camaro___","value":"1168945","text":"3.6 V6 LS Automatic - 232kW / 316HP (377Nm)"},{"model":"camaro___","value":"1168946","text":"3.6 V6 LT - 227kW / 309HP (370Nm)"},{"model":"camaro___","value":"1168947","text":"3.6 V6 LT - 232kW / 316HP (377Nm)"},{"model":"camaro___","value":"1168948","text":"3.6 V6 LT - 241kW / 328HP (377Nm)"},{"model":"camaro___","value":"1168952","text":"3.6 V6 LT Automatic - 227kW / 309HP (370Nm)"},{"model":"camaro___","value":"1168953","text":"3.6 V6 LT Automatic - 232kW / 316HP (377Nm)"},{"model":"camaro___","value":"1168954","text":"3.6 V6 LT Automatic - 241kW / 328HP (377Nm)"},{"model":"camaro___","value":"1168958","text":"3.6 V6 LT Convertible - 232kW / 316HP (377Nm)"},{"model":"camaro___","value":"1168959","text":"3.6 V6 LT Convertible - 241kW / 328HP (377Nm)"},{"model":"camaro___","value":"1168963","text":"3.6 V6 LT Convertible Automatic - 232kW / 316HP (377Nm)"},{"model":"camaro___","value":"1168964","text":"3.6 V6 LT Convertible Automatic - 241kW / 328HP (377Nm)"},{"model":"camaro___","value":"1168968","text":"3.6 V6 LT RS - 227kW / 309HP (370Nm)"},{"model":"camaro___","value":"1168969","text":"3.6 V6 LT RS - 232kW / 316HP (377Nm)"},{"model":"camaro___","value":"1168970","text":"3.6 V6 LT RS - 241kW / 328HP (377Nm)"},{"model":"camaro___","value":"1168972","text":"3.6 V6 LT RS 45th Anniversary Edition - 241kW / 328HP (377Nm)"},{"model":"camaro___","value":"1168973","text":"3.6 V6 LT RS 45th Anniversary Edition Automatic - 241kW / 328HP (377Nm)"},{"model":"camaro___","value":"1168974","text":"3.6 V6 LT RS Automatic - 227kW / 309HP (370Nm)"},{"model":"camaro___","value":"1168975","text":"3.6 V6 LT RS Automatic - 232kW / 316HP (377Nm)"},{"model":"camaro___","value":"1168976","text":"3.6 V6 LT RS Automatic - 241kW / 328HP (377Nm)"},{"model":"camaro___","value":"1168978","text":"3.6 V6 LT Transformers 3 Edition - 241kW / 328HP (377Nm)"},{"model":"camaro___","value":"1168979","text":"3.6 V6 LT Transformers 3 Edition Automatic - 241kW / 328HP (377Nm)"},{"model":"camaro_ss___","value":"1168980","text":"6.2 V8 LS Automat - 298kW / 405HP (556Nm)"},{"model":"camaro_ss___","value":"1168984","text":"6.2 V8 LS Convertible - 318kW / 432HP (569Nm)"},{"model":"camaro_ss___","value":"1168982","text":"6.2 V8 LS Convertible Automat - 298kW / 405HP (556Nm)"},{"model":"camaro_ss___","value":"1168995","text":"6.2 V8 SS - 318kW / 432HP (569Nm)"},{"model":"camaro_ss___","value":"1168986","text":"6.2 V8 SS 1LE Performance Pkg - 318kW / 432HP (569Nm)"},{"model":"camaro_ss___","value":"1168990","text":"6.2 V8 SS 45th Anniversary Edition - 318kW / 432HP (569Nm)"},{"model":"camaro_ss___","value":"1168989","text":"6.2 V8 SS 45th Anniversary Edition Automat - 298kW / 405HP (556Nm)"},{"model":"camaro_ss___","value":"1168991","text":"6.2 V8 SS Automat - 298kW / 405HP (556Nm)"},{"model":"camaro_ss___","value":"1169004","text":"6.2 V8 SS Convertible - 318kW / 432HP (569Nm)"},{"model":"camaro_ss___","value":"1169001","text":"6.2 V8 SS Convertible Automat - 298kW / 405HP (556Nm)"},{"model":"camaro_ss___","value":"1169011","text":"6.2 V8 SS RS - 318kW / 432HP (569Nm)"},{"model":"camaro_ss___","value":"1169007","text":"6.2 V8 SS RS Automat - 298kW / 405HP (556Nm)"},{"model":"camaro_ss___","value":"1169016","text":"6.2 V8 SS Transformers 3 Edition - 318kW / 432HP (569Nm)"},{"model":"camaro_ss___","value":"1169015","text":"6.2 V8 SS Transformers 3 Edition Automat - 298kW / 405HP (556Nm)"},{"model":"camaro_zl1___","value":"1169021","text":"6.2 V8 ZL1 - 432kW / 588HP (580Nm)"},{"model":"camaro_zl1___","value":"1169017","text":"6.2 V8 ZL1 Automat - 432kW / 588HP (580Nm)"},{"model":"camaro_zl1___","value":"1169028","text":"6.2 V8 ZL1 Convertible - 432kW / 588HP (580Nm)"},{"model":"camaro_zl1___","value":"1169025","text":"6.2 V8 ZL1 Convertible Automat - 432kW / 588HP (580Nm)"},{"model":"captiva_(_1st)__","value":"1169033","text":"2.0 16v VCDi 150 2WD - 93kW / 126HP (295Nm)"},{"model":"captiva_(_1st)__","value":"1169031","text":"2.0 16v VCDi 150 2WD - 110kW / 150HP (320Nm)"},{"model":"captiva_(_1st)__","value":"1169041","text":"2.0 16v VCDi 150 4WD - 110kW / 150HP (320Nm)"},{"model":"captiva_(_1st)__","value":"1169051","text":"2.0 16v VCDi 150 4WD Automatic - 110kW / 150HP (320Nm)"},{"model":"captiva_(_1st)__","value":"1169061","text":"2.4 16v 2WD - 100kW / 136HP (220Nm)"},{"model":"captiva_(_1st)__","value":"1169065","text":"2.4 16v 4WD - 100kW / 136HP (220Nm)"},{"model":"captiva_(_1st)__","value":"1169069","text":"2.4 16v 4WD Automatic - 100kW / 136HP (220Nm)"},{"model":"captiva_(_1st)__","value":"1169073","text":"3.2 V6 4WD Automatic - 169kW / 230HP (297Nm)"},{"model":"captiva_(_2nd)__","value":"1169078","text":"2.2 16v D 163 2WD - 120kW / 163HP (350Nm)"},{"model":"captiva_(_2nd)__","value":"1169081","text":"2.2 16v D 163 2WD Automatic - 120kW / 163HP (350Nm)"},{"model":"captiva_(_2nd)__","value":"1169084","text":"2.2 16v D 163 4WD - 120kW / 163HP (350Nm)"},{"model":"captiva_(_2nd)__","value":"1169087","text":"2.2 16v D 163 4WD Automatic - 120kW / 163HP (350Nm)"},{"model":"captiva_(_2nd)__","value":"1169090","text":"2.2 16v D 184 4WD - 135kW / 184HP (400Nm)"},{"model":"captiva_(_2nd)__","value":"1169093","text":"2.2 16v D 184 4WD Automatic - 135kW / 184HP (400Nm)"},{"model":"captiva_(_2nd)__","value":"1169096","text":"2.4 16v 2WD - 123kW / 167HP (230Nm)"},{"model":"captiva_(_2nd)__","value":"1169099","text":"2.4 16v 4WD Automatic - 123kW / 167HP (230Nm)"},{"model":"captiva_(_3rd)__","value":"1169102","text":"2.2 16v D 163 2WD - 120kW / 163HP (350Nm)"},{"model":"captiva_(_3rd)__","value":"1169104","text":"2.2 16v D 163 2WD Automatic - 120kW / 163HP (350Nm)"},{"model":"captiva_(_3rd)__","value":"1169106","text":"2.2 16v D 163 4WD Automatic - 120kW / 163HP (350Nm)"},{"model":"captiva_(_3rd)__","value":"1169107","text":"2.2 16v D 184 4WD - 135kW / 184HP (400Nm)"},{"model":"captiva_(_3rd)__","value":"1169109","text":"2.2 16v D 184 4WD Automatic - 135kW / 184HP (400Nm)"},{"model":"captiva_(_3rd)__","value":"1169111","text":"2.4 16v 2WD - 123kW / 167HP (230Nm)"},{"model":"captiva_(_3rd)__","value":"1169113","text":"2.4 16v 4WD Automatic - 123kW / 167HP (230Nm)"},{"model":"celta___","value":"1169115","text":"1.0  8v - 44kW / 60HP (0Nm)"},{"model":"celta___","value":"1169116","text":"1.0  8v FlexFuel - 51kW / 69HP (0Nm)"},{"model":"celta___","value":"1169117","text":"1.0 FlexPower - 44kW / 60HP (0Nm)"},{"model":"celta___","value":"1169118","text":"1.4  8v - 60kW / 82HP (0Nm)"},{"model":"celta___","value":"1169119","text":"1.4  8v - 63kW / 86HP (0Nm)"},{"model":"classic___","value":"1169120","text":"1.0  8v - 44kW / 60HP (0Nm)"},{"model":"classic___","value":"1169121","text":"1.0  8v FlexFuel - 44kW / 60HP (0Nm)"},{"model":"classic___","value":"1169122","text":"1.4  8v - 66kW / 90HP (0Nm)"},{"model":"cobalt___","value":"1169123","text":"1.5 16v - 78kW / 106HP (0Nm)"},{"model":"colorado_(_3rd)__","value":"1169125","text":"2.8 TD Duramax - 135kW / 183HP (500Nm)"},{"model":"colorado___","value":"1169129","text":"3.6 V6 Automat - 250kW / 340HP (386Nm)"},{"model":"corsa___","value":"1169133","text":"1.0  8v - 44kW / 60HP (0Nm)"},{"model":"corsa___","value":"1169134","text":"1.0  8v - 51kW / 69HP (0Nm)"},{"model":"corsa___","value":"1169135","text":"1.0  8v FlexFuel - 44kW / 60HP (0Nm)"},{"model":"corsa___","value":"1169136","text":"1.0  8v FlexFuel - 57kW / 78HP (0Nm)"},{"model":"corsa___","value":"1169137","text":"1.0  8v FlexPower - 51kW / 69HP (0Nm)"},{"model":"corsa___","value":"1169139","text":"1.4  8v - 66kW / 90HP (0Nm)"},{"model":"corsa___","value":"1169140","text":"1.4  8v FlexFuel - 76kW / 103HP (0Nm)"},{"model":"corvette___","value":"1169141","text":"6.0 V8 - 300kW / 408HP (542Nm)"},{"model":"corvette___","value":"1169143","text":"6.2 V8 - 321kW / 437HP (575Nm)"},{"model":"cruze_(_1st)__","value":"1169169","text":"1.6 16v - 83kW / 113HP (153Nm)"},{"model":"cruze_(_1st)__","value":"1169173","text":"1.6 16v - 91kW / 124HP (154Nm)"},{"model":"cruze_(_1st)__","value":"1169175","text":"1.6 16v Automatic - 83kW / 113HP (153Nm)"},{"model":"cruze_(_1st)__","value":"1169179","text":"1.6 16v Automatic - 91kW / 124HP (154Nm)"},{"model":"cruze_(_1st)__","value":"1169181","text":"1.8 16v - 104kW / 141HP (176Nm)"},{"model":"cruze_(_1st)__","value":"1169185","text":"1.8 16v Automatic - 104kW / 141HP (176Nm)"},{"model":"cruze_(_1st)__","value":"1169149","text":"2.0 16v VCDi - 120kW / 163HP (360Nm)"},{"model":"cruze_(_1st)__","value":"1169153","text":"2.0 16v VCDi 125 - 92kW / 125HP (300Nm)"},{"model":"cruze_(_1st)__","value":"1169157","text":"2.0 16v VCDi 150 - 110kW / 150HP (320Nm)"},{"model":"cruze_(_1st)__","value":"1169161","text":"2.0 16v VCDi 150 Automatic - 110kW / 150HP (320Nm)"},{"model":"cruze_(_1st)__","value":"1169165","text":"2.0 16v VCDi Automatic - 120kW / 163HP (360Nm)"},{"model":"cruze_(_2nd)__","value":"1169198","text":"1.4 16v Turbo - 103kW / 140HP (200Nm)"},{"model":"cruze_(_2nd)__","value":"1169201","text":"1.6 16v - 91kW / 124HP (154Nm)"},{"model":"cruze_(_2nd)__","value":"1169204","text":"1.6 16v Automatic - 91kW / 124HP (154Nm)"},{"model":"cruze_(_2nd)__","value":"1169207","text":"1.6 16v Turbo - 135kW / 184HP (235Nm)"},{"model":"cruze_(_2nd)__","value":"1169187","text":"1.7 16v VCDi - 95kW / 129HP (300Nm)"},{"model":"cruze_(_2nd)__","value":"1169213","text":"1.8 16v - 104kW / 141HP (176Nm)"},{"model":"cruze_(_2nd)__","value":"1169216","text":"1.8 16v Automatic - 104kW / 141HP (176Nm)"},{"model":"cruze_(_2nd)__","value":"1169190","text":"2.0 16v VCDi - 120kW / 163HP (360Nm)"},{"model":"cruze_(_2nd)__","value":"1169194","text":"2.0 16v VCDi Automatic - 120kW / 163HP (360Nm)"},{"model":"epica__v250_","value":"1169219","text":"2.0 16v VCDi - 110kW / 150HP (320Nm)"},{"model":"epica__v250_","value":"1169227","text":"2.0 16v VCDi Automatic - 110kW / 150HP (320Nm)"},{"model":"epica__v250_","value":"1169235","text":"2.5 20v Automatic - 115kW / 156HP (237Nm)"},{"model":"equinox_(_3rd)__","value":"1169242","text":"1.6 TD - 102kW / 139HP (325Nm)"},{"model":"equinox_(_2nd)__","value":"1169240","text":"2.4 16v ECOTEC - 136kW / 185HP (233Nm)"},{"model":"estate__j200_","value":"1169261","text":"1.4 16v - 70kW / 95HP (131Nm)"},{"model":"estate__j200_","value":"1169267","text":"1.6 16v - 80kW / 109HP (150Nm)"},{"model":"estate__j200_","value":"1169273","text":"1.6 16v Automatic - 80kW / 109HP (150Nm)"},{"model":"estate__j200_","value":"1169279","text":"1.8 16v - 89kW / 121HP (169Nm)"},{"model":"estate__j200_","value":"1169284","text":"1.8 16v Automatic - 89kW / 121HP (169Nm)"},{"model":"estate__j200_","value":"1169245","text":"2.0 16v VCDi - 89kW / 121HP (280Nm)"},{"model":"estate__j200_","value":"1169253","text":"2.0 16v VCDi Automatic - 89kW / 121HP (280Nm)"},{"model":"express___","value":"1169307","text":"4.8 V8 - 194kW / 264HP (414Nm)"},{"model":"express___","value":"1169315","text":"5.3 V8 - 239kW / 325HP (454Nm)"},{"model":"express___","value":"1169313","text":"5.3 V8 - 239kW / 325HP (458Nm)"},{"model":"express___","value":"1169320","text":"6.0 V8 - 255kW / 347HP (508Nm)"},{"model":"express___","value":"1169289","text":"6.6 V8 D Duramax - 268kW / 364HP (881Nm)"},{"model":"express___","value":"1169290","text":"6.6 V8 D Duramax - 272kW / 370HP (895Nm)"},{"model":"express___","value":"1169295","text":"6.6 V8 D Duramax - 296kW / 403HP (1037Nm)"},{"model":"impala___","value":"1169326","text":"3.5 V6 - 167kW / 227HP (298Nm)"},{"model":"impala___","value":"1169330","text":"3.9 V6 - 180kW / 245HP (325Nm)"},{"model":"impala___","value":"1169334","text":"5.3 V8 16v Automat - 225kW / 306HP (420Nm)"},{"model":"kalos___","value":"1169339","text":"1.2 16v - 62kW / 84HP (114Nm)"},{"model":"lacetti__j200_","value":"1169356","text":"1.4 16v - 70kW / 95HP (131Nm)"},{"model":"lacetti__j200_","value":"1169362","text":"1.6 16v - 80kW / 109HP (150Nm)"},{"model":"lacetti__j200_","value":"1169368","text":"1.6 16v Automatic - 80kW / 109HP (150Nm)"},{"model":"lacetti__j200_","value":"1169374","text":"1.8 16v - 89kW / 121HP (169Nm)"},{"model":"lacetti__j200_","value":"1169379","text":"1.8 16v Automatic - 89kW / 121HP (169Nm)"},{"model":"lacetti__j200_","value":"1169340","text":"2.0 16v VCDi - 89kW / 121HP (280Nm)"},{"model":"lacetti__j200_","value":"1169348","text":"2.0 16v VCDi Automatic - 89kW / 121HP (280Nm)"},{"model":"malibu___","value":"1169384","text":"2.0 16v VCDi - 117kW / 159HP (350Nm)"},{"model":"malibu___","value":"1169390","text":"2.0 16v VCDi Automat - 117kW / 159HP (350Nm)"},{"model":"malibu___","value":"1169396","text":"2.2 16v Automat - 108kW / 147HP (210Nm)"},{"model":"malibu___","value":"1169400","text":"2.4 16v - 123kW / 167HP (225Nm)"},{"model":"malibu___","value":"1169407","text":"2.4 16v Automat - 123kW / 167HP (225Nm)"},{"model":"malibu___","value":"1169403","text":"2.4 16v Automat - 126kW / 171HP (217Nm)"},{"model":"malibu___","value":"1169410","text":"2.4 16v Flexfuel - 127kW / 173HP (217Nm)"},{"model":"malibu___","value":"1169413","text":"3.5 V6 Automat - 157kW / 220HP (290Nm)"},{"model":"meriva___","value":"1169417","text":"1.3  8v CTDI - 55kW / 75HP (0Nm)"},{"model":"meriva___","value":"1169419","text":"1.6 16v - 64kW / 87HP (0Nm)"},{"model":"meriva___","value":"1169420","text":"1.6 16v - 74kW / 101HP (0Nm)"},{"model":"meriva___","value":"1169418","text":"1.7 16v DTI - 55kW / 75HP (0Nm)"},{"model":"meriva___","value":"1169421","text":"1.8  8v FlexFuel - 84kW / 114HP (0Nm)"},{"model":"meriva___","value":"1169422","text":"1.8 16v - 92kW / 125HP (0Nm)"},{"model":"montana___","value":"1169423","text":"1.7 16v DTI - 55kW / 75HP (0Nm)"},{"model":"monte_carlo___","value":"1169424","text":"3.5 V6 Automat - 157kW / 214HP (290Nm)"},{"model":"monte_carlo___","value":"1169426","text":"3.9 V6 - 180kW / 245HP (325Nm)"},{"model":"montecarlo___","value":"1169427","text":"5.3 V8 16v Automat - 225kW / 306HP (420Nm)"},{"model":"nubira__j200_","value":"1169448","text":"1.4 16v - 70kW / 95HP (131Nm)"},{"model":"nubira__j200_","value":"1169454","text":"1.6 16v - 80kW / 109HP (150Nm)"},{"model":"nubira__j200_","value":"1169460","text":"1.6 16v Automatic - 80kW / 109HP (150Nm)"},{"model":"nubira__j200_","value":"1169466","text":"1.8 16v - 89kW / 121HP (169Nm)"},{"model":"nubira__j200_","value":"1169471","text":"1.8 16v Automatic - 89kW / 121HP (169Nm)"},{"model":"nubira__j200_","value":"1169432","text":"2.0 16v VCDi - 89kW / 121HP (280Nm)"},{"model":"nubira__j200_","value":"1169440","text":"2.0 16v VCDi Automatic - 89kW / 121HP (280Nm)"},{"model":"onix_(_1st)__","value":"1169476","text":"1.0 8v FlexFuel - 58kW / 79HP (93Nm)"},{"model":"onix_(_1st)__","value":"1169480","text":"1.4 16v - 73kW / 99HP (128Nm)"},{"model":"optra__j200_","value":"1169500","text":"1.4 16v - 70kW / 95HP (131Nm)"},{"model":"optra__j200_","value":"1169506","text":"1.6 16v - 80kW / 109HP (150Nm)"},{"model":"optra__j200_","value":"1169512","text":"1.6 16v Automatic - 80kW / 109HP (150Nm)"},{"model":"optra__j200_","value":"1169518","text":"1.8 16v - 89kW / 121HP (169Nm)"},{"model":"optra__j200_","value":"1169523","text":"1.8 16v Automatic - 89kW / 121HP (169Nm)"},{"model":"optra__j200_","value":"1169484","text":"2.0 16v VCDi - 89kW / 121HP (280Nm)"},{"model":"optra__j200_","value":"1169492","text":"2.0 16v VCDi Automatic - 89kW / 121HP (280Nm)"},{"model":"orlando__j309_","value":"1169542","text":"1.4 16v Turbo - 103kW / 140HP (200Nm)"},{"model":"orlando__j309_","value":"1169545","text":"1.8 16v - 104kW / 141HP (176Nm)"},{"model":"orlando__j309_","value":"1169549","text":"1.8 16v Automatic - 104kW / 141HP (176Nm)"},{"model":"orlando__j309_","value":"1169528","text":"2.0 16v VCDi 130 - 96kW / 131HP (315Nm)"},{"model":"orlando__j309_","value":"1169534","text":"2.0 16v VCDi 163 - 120kW / 163HP (360Nm)"},{"model":"orlando__j309_","value":"1169538","text":"2.0 16v VCDi 163 Automatic - 120kW / 163HP (360Nm)"},{"model":"orlando__j309_","value":"1169552","text":"2.4 16v - 129kW / 175HP (232Nm)"},{"model":"orlando__j309_","value":"1169555","text":"2.4 16v Automatic - 129kW / 175HP (232Nm)"},{"model":"prisma___","value":"1169566","text":"1.0  8v FlexFuel - 57kW / 78HP (0Nm)"},{"model":"prisma___","value":"1169567","text":"1.4  8v FlexFuel - 71kW / 97HP (0Nm)"},{"model":"prisma_(_1st)__","value":"1169558","text":"1.0 8v FlexFuel - 58kW / 79HP (93Nm)"},{"model":"prisma_(_1st)__","value":"1169562","text":"1.4 16v - 73kW / 99HP (128Nm)"},{"model":"s10___","value":"1169568","text":"2.4  8v FlexPower - 108kW / 147HP (0Nm)"},{"model":"silverado___","value":"1169596","text":"4.8 V8 - 220kW / 299HP (414Nm)"},{"model":"silverado___","value":"1169599","text":"4.8 V8 - 225kW / 306HP (414Nm)"},{"model":"silverado___","value":"1169606","text":"5.3 V8 - 235kW / 320HP (454Nm)"},{"model":"silverado___","value":"1169603","text":"5.3 V8 - 235kW / 320HP (458Nm)"},{"model":"silverado___","value":"1169610","text":"6.0 V8 - 274kW / 373HP (508Nm)"},{"model":"silverado___","value":"1169613","text":"6.2 V8 - 301kW / 409HP (565Nm)"},{"model":"silverado___","value":"1169618","text":"6.2 V8 EcoTec3 - 313kW / 425HP (624Nm)"},{"model":"silverado___","value":"1169570","text":"6.6 V8 D Duramax - 220kW / 224HP (705Nm)"},{"model":"silverado___","value":"1169575","text":"6.6 V8 D Duramax - 268kW / 364HP (881Nm)"},{"model":"silverado___","value":"1169577","text":"6.6 V8 D Duramax - 272kW / 370HP (895Nm)"},{"model":"silverado___","value":"1169582","text":"6.6 V8 D Duramax - 296kW / 403HP (1037Nm)"},{"model":"silverado_1500___","value":"1169619","text":"6.2 V8 EcoTec3 - 313kW / 425HP (624Nm)"},{"model":"sonic__t300_","value":"1169640","text":"1.2 16v - 63kW / 86HP (115Nm)"},{"model":"sonic__t300_","value":"1169625","text":"1.3 16v D - 55kW / 75HP (190Nm)"},{"model":"sonic__t300_","value":"1169624","text":"1.3 16v D - 70kW / 95HP (190Nm)"},{"model":"sonic__t300_","value":"1169648","text":"1.4 16v - 74kW / 101HP (130Nm)"},{"model":"sonic__t300_","value":"1169656","text":"1.4 16v Turbo - 103kW / 140HP (180Nm)"},{"model":"sonic__t300_","value":"1169664","text":"1.6 16v - 85kW / 116HP (155Nm)"},{"model":"sonic__t300_","value":"1169672","text":"1.8 16v - 104kW / 141HP (176Nm)"},{"model":"spark__m300_","value":"1169684","text":"1.0 16v - 50kW / 68HP (93Nm)"},{"model":"spark__m300_","value":"1169690","text":"1.2 16v - 60kW / 82HP (111Nm)"},{"model":"spark_(_4th)_m400_","value":"1169676","text":"1.0 6v Ecotec - 55kW / 75HP (95Nm)"},{"model":"spark_(_4th)_m400_","value":"1169680","text":"1.4 16v - 73kW / 99HP (128Nm)"},{"model":"spark_gt__m300_","value":"1169696","text":"1.0 16v - 50kW / 68HP (93Nm)"},{"model":"spark_gt__m300_","value":"1169702","text":"1.2 16v - 60kW / 82HP (111Nm)"},{"model":"spin___","value":"1169708","text":"1.5 16v Automat - 78kW / 106HP (141Nm)"},{"model":"ss___","value":"1169720","text":"6.2 V8 Automat - 310kW / 422HP (563Nm)"},{"model":"suburban___","value":"1169724","text":"5.3 V8 Automat - 243kW / 330HP (472Nm)"},{"model":"suburban___","value":"1169732","text":"6.0 V8 Automat - 262kW / 356HP (518Nm)"},{"model":"suburban___","value":"1169740","text":"6.2 V8 EcoTec3 - 313kW / 425HP (624Nm)"},{"model":"tacuma__u100_","value":"1169745","text":"1.6 16v - 80kW / 109HP (150Nm)"},{"model":"tahoe___","value":"1169746","text":"4.8 V8 - 220kW / 299HP (414Nm)"},{"model":"tahoe___","value":"1169753","text":"5.3 V8 - 235kW / 320HP (461Nm)"},{"model":"tahoe___","value":"1169761","text":"6.2 V8 - 301kW / 409HP (565Nm)"},{"model":"tahoe___","value":"1169768","text":"6.2 V8 EcoTec3 - 313kW / 425HP (624Nm)"},{"model":"tornado__a_","value":"1169773","text":"1.7  8v TD - 50kW / 68HP (0Nm)"},{"model":"tosca__v250_","value":"1169774","text":"2.0 16v VCDi - 110kW / 150HP (320Nm)"},{"model":"tosca__v250_","value":"1169782","text":"2.0 16v VCDi Automatic - 110kW / 150HP (320Nm)"},{"model":"tosca__v250_","value":"1169790","text":"2.5 20v Automatic - 115kW / 156HP (237Nm)"},{"model":"tracker___","value":"1169801","text":"1.4 16v Turbo - 103kW / 140HP (200Nm)"},{"model":"tracker___","value":"1169805","text":"1.6 16v - 84kW / 114HP (155Nm)"},{"model":"tracker___","value":"1169795","text":"1.7 D AWD - 95kW / 129HP (300Nm)"},{"model":"tracker___","value":"1169798","text":"1.7 D FWD Automatic - 95kW / 129HP (300Nm)"},{"model":"tracker___","value":"1169813","text":"1.8 16v - 103kW / 140HP (175Nm)"},{"model":"tracker___","value":"1169817","text":"2.0 16v - 95kW / 129HP (182Nm)"},{"model":"trailblazer___","value":"1169818","text":"5.3 V8 16v Automat - 225kW / 306HP (420Nm)"},{"model":"trailblazer_ss___","value":"1169823","text":"6.0 V8 16v Automat - 299kW / 406HP (542Nm)"},{"model":"trax___","value":"1169834","text":"1.4 16v Turbo - 103kW / 140HP (200Nm)"},{"model":"trax___","value":"1169838","text":"1.6 16v - 84kW / 114HP (155Nm)"},{"model":"trax___","value":"1169828","text":"1.7 D AWD - 95kW / 129HP (300Nm)"},{"model":"trax___","value":"1169831","text":"1.7 D FWD Automatic - 95kW / 129HP (300Nm)"},{"model":"trax___","value":"1169846","text":"1.8 16v - 103kW / 140HP (175Nm)"},{"model":"uplander___","value":"1169850","text":"3.9 V6 12v Automat - 179kW / 243HP (332Nm)"},{"model":"vectra___","value":"1169865","text":"1.6 16v - 74kW / 101HP (0Nm)"},{"model":"vectra___","value":"1169856","text":"1.9  8v CDTI - 74kW / 101HP (0Nm)"},{"model":"vectra___","value":"1169855","text":"1.9  8v CDTI - 88kW / 120HP (0Nm)"},{"model":"vectra___","value":"1169857","text":"1.9 16v CDTI - 110kW / 150HP (0Nm)"},{"model":"vectra___","value":"1169860","text":"2.0 16v DI - 60kW / 82HP (0Nm)"},{"model":"vectra___","value":"1169861","text":"2.0 16v DTI - 74kW / 101HP (0Nm)"},{"model":"vectra___","value":"1169863","text":"2.2 16v DTI - 92kW / 125HP (0Nm)"},{"model":"vectra_gt-x___","value":"1169868","text":"2.0  8v FlexPower - 103kW / 140HP (0Nm)"},{"model":"zafira___","value":"1169869","text":"1.6 16v - 74kW / 101HP (0Nm)"},{"model":"zafira___","value":"1169870","text":"1.6 16v FlexFuel - 71kW / 97HP (0Nm)"},{"model":"zafira___","value":"1169871","text":"2.0  8v FlexPower - 103kW / 140HP (0Nm)"},{"model":"zafira___","value":"1169872","text":"2.0 16v Turbo - 141kW / 192HP (0Nm)"},{"model":"zafira___","value":"1169873","text":"2.0 16v Turbo - 147kW / 200HP (0Nm)"},{"model":"zafira___","value":"1169875","text":"2.0 16v Turbo OPC - 176kW / 239HP (0Nm)"}]