[{"model":"200___","value":"1169876","text":"2.0L 16v Multiair II - 119kW / 162HP (201Nm)"},{"model":"200___","value":"1169881","text":"2.4L 16v Multiair II - 137kW / 186HP (232Nm)"},{"model":"200c___","value":"1169886","text":"2.4 16v - 129kW / 175HP (225Nm)"},{"model":"200c___","value":"1169890","text":"3.6 V6 - 206kW / 280HP (342Nm)"},{"model":"300c___","value":"1169897","text":"3.0 V6 CRD - 140kW / 114HP (440Nm)"},{"model":"300c___","value":"1169894","text":"3.0 V6 CRD - 160kW / 218HP (0Nm)"},{"model":"300c___","value":"1169901","text":"3.6 V6 - 218kW / 296HP (350Nm)"},{"model":"300c___","value":"1169909","text":"3.6 V6 - 218kW / 296HP (365Nm)"},{"model":"300c___","value":"1169902","text":"3.6 V6 - 224kW / 305HP (350Nm)"},{"model":"300c___","value":"1169912","text":"5.7 V8 - 271kW / 369HP (527Nm)"},{"model":"300c___","value":"1169916","text":"5.7 V8 Hemi - 250kW / 340HP (525Nm)"},{"model":"300c___","value":"1169919","text":"6.4 V8 SRT-8 - 351kW / 477HP (637Nm)"},{"model":"crossfire___","value":"1169922","text":"3.2 V6 - 158kW / 215HP (0Nm)"},{"model":"crossfire___","value":"1169923","text":"3.2 V6 SRT6 - 243kW / 330HP (0Nm)"},{"model":"pacifica___","value":"1169924","text":"3.6 V6 - 220kW / 299HP (353Nm)"},{"model":"pt_cruiser___","value":"1169926","text":"2.2 16v CRD - 89kW / 121HP (0Nm)"},{"model":"pt_cruiser___","value":"1169927","text":"2.2 16v CRD - 110kW / 150HP (0Nm)"},{"model":"pt_cruiser___","value":"1169928","text":"2.4 16v Turbo GT - 153kW / 208HP (0Nm)"},{"model":"pt_cruiser___","value":"1169930","text":"2.4 V6 - 105kW / 143HP (0Nm)"},{"model":"pt_cruiser___","value":"1169929","text":"2.4 V6 - 110kW / 150HP (0Nm)"},{"model":"sebring___","value":"1169931","text":"2.0 16v CRD - 103kW / 140HP (310Nm)"},{"model":"sebring___","value":"1169937","text":"2.4 V6 - 105kW / 143HP (0Nm)"},{"model":"sebring___","value":"1169938","text":"2.4 V6 - 112kW / 152HP (0Nm)"},{"model":"sebring___","value":"1169939","text":"3.0 V6 - 154kW / 209HP (0Nm)"},{"model":"sebring___","value":"1169940","text":"3.6 V6 - 206kW / 280HP (342Nm)"},{"model":"voyager_(_4th)__","value":"1169952","text":"2.4 V6 - 112kW / 152HP (0Nm)"},{"model":"voyager_(_4th)__","value":"1169950","text":"2.5 CRD - 104kW / 141HP (0Nm)"},{"model":"voyager_(_4th)__","value":"1169951","text":"2.8 CRD - 110kW / 150HP (0Nm)"},{"model":"voyager_(_5th)__","value":"1169953","text":"2.8 CRD - 120kW / 163HP (0Nm)"}]