[{"model":"berlingo_(_1st)__","value":"1169963","text":"1.6 16v - 79kW / 107HP (0Nm)"},{"model":"berlingo_(_1st)__","value":"1169955","text":"1.6 HDI - 55kW / 75HP (0Nm)"},{"model":"berlingo_(_1st)__","value":"1169956","text":"1.6 HDI - 66kW / 90HP (0Nm)"},{"model":"berlingo_(_1st)__","value":"1169957","text":"1.6 HDI - 81kW / 110HP (0Nm)"},{"model":"berlingo_(_1st)__","value":"1169961","text":"2.0 HDI - 66kW / 90HP (0Nm)"},{"model":"berlingo_(_2nd)__","value":"1169986","text":"1.6 16v - 66kW / 90HP (0Nm)"},{"model":"berlingo_(_2nd)__","value":"1169987","text":"1.6 16v - 79kW / 107HP (0Nm)"},{"model":"berlingo_(_2nd)__","value":"1169988","text":"1.6 16v - 88kW / 120HP (0Nm)"},{"model":"berlingo_(_2nd)__","value":"1169992","text":"1.6 16v VTI - 70kW / 95HP (0Nm)"},{"model":"berlingo_(_2nd)__","value":"1169990","text":"1.6 16v VTI - 88kW / 120HP (0Nm)"},{"model":"berlingo_(_2nd)__","value":"1169964","text":"1.6 HDI - 55kW / 75HP (0Nm)"},{"model":"berlingo_(_2nd)__","value":"1169967","text":"1.6 HDI - 66kW / 90HP (0Nm)"},{"model":"berlingo_(_2nd)__","value":"1169968","text":"1.6 HDI - 81kW / 110HP (0Nm)"},{"model":"berlingo_(_3rd)__","value":"1170007","text":"1.2 PureTech 130 - 96kW / 131HP (230Nm)"},{"model":"berlingo_(_3rd)__","value":"1169994","text":"1.5 BlueHDI - 55kW / 75HP (230Nm)"},{"model":"berlingo_(_3rd)__","value":"1169993","text":"1.5 BlueHDI - 74kW / 100HP (250Nm)"},{"model":"berlingo_(_3rd)__","value":"1169995","text":"1.5 BlueHDI - 75kW / 102HP (250Nm)"},{"model":"berlingo_(_3rd)__","value":"1170001","text":"1.5 BlueHDI - 96kW / 130HP (300Nm)"},{"model":"berlingo_(_3rd)__","value":"1170004","text":"1.5 BlueHDI Automat - 96kW / 130HP (300Nm)"},{"model":"berlingo___","value":"1170008","text":"1.2 PureTech 110 - 81kW / 110HP (205Nm)"},{"model":"c-crosser___","value":"1170354","text":"2.2 HDI - 115kW / 156HP (380Nm)"},{"model":"c-crosser___","value":"1170360","text":"2.4 16v - 125kW / 170HP (0Nm)"},{"model":"c-elysee_(_2nd)__","value":"1170361","text":"1.6 BlueHDi - 73kW / 99HP (254Nm)"},{"model":"c-elysee___","value":"1170362","text":"1.2 PureTech 82 - 60kW / 82HP (118Nm)"},{"model":"c1_(_2nd)__","value":"1170011","text":"1.2 PureTech 82 - 60kW / 82HP (118Nm)"},{"model":"c1___","value":"1170017","text":"1.0 12v - 50kW / 68HP (0Nm)"},{"model":"c1___","value":"1170016","text":"1.4 HDI - 40kW / 54HP (0Nm)"},{"model":"c2___","value":"1170021","text":"1.1  8v - 44kW / 60HP (0Nm)"},{"model":"c2___","value":"1170022","text":"1.4  8v - 55kW / 75HP (0Nm)"},{"model":"c2___","value":"1170023","text":"1.4 16v - 65kW / 88HP (0Nm)"},{"model":"c2___","value":"1170018","text":"1.4 HDI - 50kW / 68HP (160Nm)"},{"model":"c2___","value":"1170024","text":"1.6 16v - 79kW / 107HP (0Nm)"},{"model":"c2___","value":"1170025","text":"1.6 16v VTS - 90kW / 122HP (0Nm)"},{"model":"c2___","value":"1170019","text":"1.6 HDI - 81kW / 110HP (0Nm)"},{"model":"c3_(_2nd)__","value":"1170056","text":"1.0 VTi 68 - 50kW / 68HP (95Nm)"},{"model":"c3_(_2nd)__","value":"1170060","text":"1.2 PureTech 82 - 60kW / 82HP (118Nm)"},{"model":"c3_(_2nd)__","value":"1170063","text":"1.4  8v - 54kW / 73HP (0Nm)"},{"model":"c3_(_2nd)__","value":"1170044","text":"1.4 HDI - 50kW / 68HP (160Nm)"},{"model":"c3_(_2nd)__","value":"1170045","text":"1.6  8v BlueHDI  75 - 55kW / 75HP (230Nm)"},{"model":"c3_(_2nd)__","value":"1170064","text":"1.6 16v - 88kW / 120HP (0Nm)"},{"model":"c3_(_2nd)__","value":"1170049","text":"1.6 HDI - 66kW / 90HP (0Nm)"},{"model":"c3_(_2nd)__","value":"1170051","text":"1.6 HDI - 81kW / 110HP (0Nm)"},{"model":"c3_(_3rd)__","value":"1170076","text":"1.2 PureTech 110 - 81kW / 110HP (205Nm)"},{"model":"c3_(_3rd)__","value":"1170080","text":"1.2 PureTech 68 - 50kW / 68HP (106Nm)"},{"model":"c3_(_3rd)__","value":"1170084","text":"1.2 PureTech 82 - 60kW / 82HP (118Nm)"},{"model":"c3_(_3rd)__","value":"1170066","text":"1.5 BlueHDI - 55kW / 75HP (230Nm)"},{"model":"c3_(_3rd)__","value":"1170068","text":"1.5 BlueHDI - 74kW / 100HP (250Nm)"},{"model":"c3_(_3rd)__","value":"1170070","text":"1.6  8v BlueHDI  75 - 55kW / 75HP (230Nm)"},{"model":"c3_(_1st)__","value":"1170040","text":"1.1  8v - 44kW / 60HP (0Nm)"},{"model":"c3_(_1st)__","value":"1170041","text":"1.4  8v - 54kW / 73HP (0Nm)"},{"model":"c3_(_1st)__","value":"1170042","text":"1.4 16v - 65kW / 88HP (0Nm)"},{"model":"c3_(_1st)__","value":"1170026","text":"1.4 8v HDi - 50kW / 68HP (160Nm)"},{"model":"c3_(_1st)__","value":"1170035","text":"1.4 HDI - 50kW / 68HP (160Nm)"},{"model":"c3_(_1st)__","value":"1170034","text":"1.4 HDI - 66kW / 90HP (0Nm)"},{"model":"c3_(_1st)__","value":"1170043","text":"1.6 16v - 79kW / 107HP (0Nm)"},{"model":"c3_(_1st)__","value":"1170036","text":"1.6 HDI - 66kW / 90HP (0Nm)"},{"model":"c3_(_1st)__","value":"1170037","text":"1.6 HDI - 81kW / 110HP (0Nm)"},{"model":"c3_aircross___","value":"1170095","text":"1.2 PureTech 110 - 81kW / 110HP (205Nm)"},{"model":"c3_aircross___","value":"1170098","text":"1.2 PureTech 130 - 96kW / 131HP (230Nm)"},{"model":"c3_aircross___","value":"1170101","text":"1.2 PureTech 82 - 60kW / 82HP (118Nm)"},{"model":"c3_aircross___","value":"1170089","text":"1.5 BlueHDI - 55kW / 75HP (230Nm)"},{"model":"c3_aircross___","value":"1170093","text":"1.5 BlueHDI - 74kW / 100HP (250Nm)"},{"model":"c3_aircross___","value":"1170091","text":"1.5 BlueHDI Automat - 88kW / 120HP (300Nm)"},{"model":"c3_picasso___","value":"1170113","text":"1.2 PureTech 110 - 81kW / 110HP (205Nm)"},{"model":"c3_picasso___","value":"1170116","text":"1.6 16v - 88kW / 120HP (0Nm)"},{"model":"c3_picasso___","value":"1170104","text":"1.6 HDI - 66kW / 90HP (0Nm)"},{"model":"c3_picasso___","value":"1170108","text":"1.6 HDI - 68kW / 92HP (0Nm)"},{"model":"c3_picasso___","value":"1170105","text":"1.6 HDI - 81kW / 110HP (0Nm)"},{"model":"c3_pluriel_( 1st)__","value":"1170118","text":"1.4 8v HDi - 50kW / 68HP (160Nm)"},{"model":"c3_pluriel___","value":"1170127","text":"1.4  8v - 54kW / 73HP (0Nm)"},{"model":"c3_pluriel___","value":"1170126","text":"1.4 HDI - 50kW / 68HP (160Nm)"},{"model":"c3_pluriel___","value":"1170128","text":"1.6 16v - 79kW / 107HP (0Nm)"},{"model":"c3-xr___","value":"1170129","text":"1.2 PureTech 85 - 63kW / 85HP (190Nm)"},{"model":"c4___","value":"1170163","text":"1.2 PureTech 110 - 81kW / 110HP (205Nm)"},{"model":"c4___","value":"1170167","text":"1.2 PureTech 130 - 96kW / 131HP (230Nm)"},{"model":"c4__b5_","value":"1170136","text":"1.4 16v - 65kW / 88HP (0Nm)"},{"model":"c4__b5_","value":"1170137","text":"1.6 16v - 79kW / 107HP (0Nm)"},{"model":"c4__b5_","value":"1170138","text":"1.6 16v THP - 103kW / 140HP (0Nm)"},{"model":"c4__b5_","value":"1170139","text":"1.6 16v THP - 110kW / 150HP (0Nm)"},{"model":"c4__b5_","value":"1170140","text":"1.6 16v VTI - 88kW / 120HP (0Nm)"},{"model":"c4__b5_","value":"1170130","text":"1.6 HDI - 66kW / 90HP (0Nm)"},{"model":"c4__b5_","value":"1170131","text":"1.6 HDI - 81kW / 110HP (0Nm)"},{"model":"c4__b5_","value":"1170144","text":"2.0 16v - 100kW / 136HP (0Nm)"},{"model":"c4__b5_","value":"1170143","text":"2.0 16v - 103kW / 140HP (0Nm)"},{"model":"c4__b5_","value":"1170142","text":"2.0 16v - 111kW / 151HP (0Nm)"},{"model":"c4__b5_","value":"1170145","text":"2.0 16v VTS - 130kW / 177HP (0Nm)"},{"model":"c4__b5_","value":"1170134","text":"2.0 HDI - 100kW / 136HP (0Nm)"},{"model":"c4__b5_","value":"1170135","text":"2.0 HDI - 103kW / 140HP (0Nm)"},{"model":"c4__b71_","value":"1170158","text":"1.6 16v - 88kW / 120HP (0Nm)"},{"model":"c4__b71_","value":"1170160","text":"1.6 16v THP - 114kW / 155HP (0Nm)"},{"model":"c4__b71_","value":"1170161","text":"1.6 16v VTI LPG - 88kW / 120HP (0Nm)"},{"model":"c4__b71_","value":"1170146","text":"1.6 HDI - 66kW / 90HP (0Nm)"},{"model":"c4__b71_","value":"1170147","text":"1.6 HDI - 81kW / 110HP (0Nm)"},{"model":"c4__b71_","value":"1170152","text":"2.0 BlueHDi - 100kW / 136HP (370Nm)"},{"model":"c4__b71_","value":"1170151","text":"2.0 BlueHDi - 110kW / 150HP (370Nm)"},{"model":"c4__b71_","value":"1170157","text":"2.0 HDI - 110kW / 150HP (0Nm)"},{"model":"c4_aircross___","value":"1170176","text":"1.6i MPI - 86kW / 117HP (154Nm)"},{"model":"c4_aircross___","value":"1170172","text":"1.8 e-HDi 150 - 110kW / 150HP (300Nm)"},{"model":"c4_cactus_( 2nd)__","value":"1170181","text":"1.5 BlueHDI - 74kW / 100HP (250Nm)"},{"model":"c4_cactus_(_2nd)__","value":"1170179","text":"1.5 BlueHDI Automat - 88kW / 120HP (300Nm)"},{"model":"c4_cactus___","value":"1170203","text":"1.2 PureTech 110 - 81kW / 110HP (205Nm)"},{"model":"c4_cactus___","value":"1170208","text":"1.2 PureTech 130 - 96kW / 131HP (230Nm)"},{"model":"c4_cactus___","value":"1170210","text":"1.2 PureTech 75 - 55kW / 75HP (118Nm)"},{"model":"c4_cactus___","value":"1170216","text":"1.2 PureTech 82 - 60kW / 82HP (118Nm)"},{"model":"c4_cactus___","value":"1170184","text":"1.6 Hdi - 68kW / 92HP (230Nm)"},{"model":"c4_cactus___","value":"1170183","text":"1.6 Hdi - 73kW / 99HP (254Nm)"},{"model":"c4_coupe___","value":"1170228","text":"1.4 16v - 65kW / 88HP (0Nm)"},{"model":"c4_coupe___","value":"1170229","text":"1.6 16v - 79kW / 107HP (0Nm)"},{"model":"c4_coupe___","value":"1170230","text":"1.6 16v THP - 110kW / 150HP (0Nm)"},{"model":"c4_coupe___","value":"1170231","text":"1.6 16v VTI - 88kW / 120HP (0Nm)"},{"model":"c4_coupe___","value":"1170222","text":"1.6 HDI - 66kW / 90HP (0Nm)"},{"model":"c4_coupe___","value":"1170223","text":"1.6 HDI - 81kW / 110HP (0Nm)"},{"model":"c4_coupe___","value":"1170233","text":"2.0 16v - 100kW / 136HP (0Nm)"},{"model":"c4_coupe___","value":"1170234","text":"2.0 16v VTS - 130kW / 177HP (0Nm)"},{"model":"c4_coupe___","value":"1170226","text":"2.0 HDI - 100kW / 136HP (0Nm)"},{"model":"c4_coupe___","value":"1170227","text":"2.0 HDI - 103kW / 140HP (0Nm)"},{"model":"c4_grand picasso___","value":"1170250","text":"1.8 16V - 92kW / 125HP (170Nm)"},{"model":"c4_grand picasso__b58_","value":"1170240","text":"1.6 16v THP - 103kW / 140HP (0Nm)"},{"model":"c4_grand_picasso__b58_","value":"1170241","text":"1.6 16v THP - 110kW / 150HP (0Nm)"},{"model":"c4_grand_picasso__b58_","value":"1170242","text":"1.6 16v VTI - 88kW / 120HP (0Nm)"},{"model":"c4_grand_picasso__b58_","value":"1170235","text":"1.6 HDI - 79kW / 107HP (0Nm)"},{"model":"c4_grand_picasso__b58_","value":"1170237","text":"1.6 HDI - 81kW / 110HP (0Nm)"},{"model":"c4_grand_picasso__b58_","value":"1170244","text":"2.0 16v - 103kW / 140HP (0Nm)"},{"model":"c4_grand_picasso__b58_","value":"1170238","text":"2.0 HDI - 100kW / 136HP (0Nm)"},{"model":"c4_grand_picasso__b58_","value":"1170239","text":"2.0 HDI - 121kW / 165HP (0Nm)"},{"model":"c4_grand picasso__b78_","value":"1170246","text":"2.0 BlueHDi - 100kW / 136HP (370Nm)"},{"model":"c4_grand_picasso__b78_","value":"1170245","text":"2.0 BlueHDi - 110kW / 150HP (370Nm)"},{"model":"c4_picasso___","value":"1170271","text":"1.2 PureTech 130 - 96kW / 131HP (230Nm)"},{"model":"c4_picasso__b58_","value":"1170254","text":"1.6 16v e-HDI - 81kW / 110HP (0Nm)"},{"model":"c4_picasso__b58_","value":"1170260","text":"1.6 16v THP - 103kW / 140HP (0Nm)"},{"model":"c4_picasso__b58_","value":"1170261","text":"1.6 16v THP - 110kW / 150HP (0Nm)"},{"model":"c4_picasso__b58_","value":"1170262","text":"1.6 16v THP - 114kW / 155HP (0Nm)"},{"model":"c4_picasso__b58_","value":"1170263","text":"1.6 16v VTI - 88kW / 120HP (0Nm)"},{"model":"c4_picasso__b58_","value":"1170256","text":"1.6 HDI - 81kW / 110HP (0Nm)"},{"model":"c4_picasso__b58_","value":"1170255","text":"1.6 HDI - 110kW / 150HP (0Nm)"},{"model":"c4_picasso__b58_","value":"1170265","text":"2.0 16v - 103kW / 140HP (0Nm)"},{"model":"c4_picasso__b58_","value":"1170258","text":"2.0 HDI - 100kW / 136HP (0Nm)"},{"model":"c4_picasso__b58_","value":"1170259","text":"2.0 HDI - 121kW / 165HP (0Nm)"},{"model":"c4_picasso__b78_","value":"1170267","text":"2.0 BlueHDi - 100kW / 136HP (370Nm)"},{"model":"c4_picasso__b78_","value":"1170266","text":"2.0 BlueHDi - 110kW / 150HP (370Nm)"},{"model":"c4_spacetourer___","value":"1170283","text":"1.2 PureTech 110 - 81kW / 110HP (205Nm)"},{"model":"c4_spacetourer___","value":"1170287","text":"1.2 PureTech 130 - 96kW / 131HP (230Nm)"},{"model":"c4_spacetourer___","value":"1170276","text":"1.5 BlueHDI - 96kW / 130HP (300Nm)"},{"model":"c4_spacetourer___","value":"1170278","text":"1.5 BlueHDI Automat - 96kW / 130HP (300Nm)"},{"model":"c4_spacetourer___","value":"1170280","text":"2.0 BlueHDi 160 - 118kW / 160HP (400Nm)"},{"model":"c5__x3_","value":"1170297","text":"2.0 16v - 100kW / 136HP (0Nm)"},{"model":"c5__x3_","value":"1170298","text":"2.0 16v HPI - 103kW / 140HP (0Nm)"},{"model":"c5__x3_","value":"1170293","text":"2.0 HDI - 66kW / 90HP (0Nm)"},{"model":"c5__x3_","value":"1170292","text":"2.0 HDI - 81kW / 110HP (0Nm)"},{"model":"c5__x3_","value":"1170294","text":"2.0 HDI - 100kW / 136HP (0Nm)"},{"model":"c5__x3_","value":"1170295","text":"2.2 HDI - 98kW / 133HP (0Nm)"},{"model":"c5__x3_","value":"1170296","text":"2.7 V6 HDI - 105kW / 143HP (0Nm)"},{"model":"c5__x3_","value":"1170299","text":"3.0 V6 - 150kW / 204HP (0Nm)"},{"model":"c5__x7_","value":"1170316","text":"1.6 16v THP - 114kW / 155HP (0Nm)"},{"model":"c5__x7_","value":"1170317","text":"1.6 16v VTI - 88kW / 120HP (0Nm)"},{"model":"c5__x7_","value":"1170300","text":"1.6 HDI - 81kW / 110HP (0Nm)"},{"model":"c5__x7_","value":"1170302","text":"1.6 HDI - 82kW / 112HP (0Nm)"},{"model":"c5__x7_","value":"1170319","text":"2.0 16v - 103kW / 140HP (0Nm)"},{"model":"c5__x7_","value":"1170304","text":"2.0 BlueHDi - 110kW / 150HP (370Nm)"},{"model":"c5__x7_","value":"1170303","text":"2.0 BlueHDi - 132kW / 180HP (400Nm)"},{"model":"c5__x7_","value":"1170308","text":"2.0 HDI - 100kW / 136HP (0Nm)"},{"model":"c5__x7_","value":"1170310","text":"2.0 HDI - 120kW / 163HP (0Nm)"},{"model":"c5__x7_","value":"1170307","text":"2.0 HDI - 125kW / 170HP (0Nm)"},{"model":"c5__x7_","value":"1170311","text":"2.2 HDI - 150kW / 204HP (0Nm)"},{"model":"c5__x7_","value":"1170320","text":"3.0 V6 24v - 155kW / 211HP (290Nm)"},{"model":"c5_aircross___","value":"1170329","text":"1.2 PureTech 130 - 96kW / 131HP (230Nm)"},{"model":"c5_aircross___","value":"1170325","text":"1.5 BlueHDI - 96kW / 130HP (300Nm)"},{"model":"c5_aircross___","value":"1170327","text":"1.5 BlueHDI Automat - 96kW / 130HP (300Nm)"},{"model":"c5_aircross___","value":"1170331","text":"1.6 16v THP PureTech Automat - 132kW / 180HP (250Nm)"},{"model":"c5_tourer__x7_","value":"1170334","text":"2.0 BlueHDi - 110kW / 150HP (370Nm)"},{"model":"c5_tourer__x7_","value":"1170333","text":"2.0 BlueHDi - 132kW / 180HP (400Nm)"},{"model":"c6___","value":"1170337","text":"2.2 HDI - 125kW / 170HP (0Nm)"},{"model":"c6___","value":"1170338","text":"2.7 V6 HDI - 150kW / 204HP (0Nm)"},{"model":"c6___","value":"1170339","text":"3.0 V6 24v - 155kW / 211HP (290Nm)"},{"model":"c8___","value":"1170350","text":"2.0 16v - 100kW / 136HP (0Nm)"},{"model":"c8___","value":"1170351","text":"2.0 16v - 103kW / 140HP (0Nm)"},{"model":"c8___","value":"1170352","text":"2.0 16v - 104kW / 141HP (0Nm)"},{"model":"c8___","value":"1170344","text":"2.0 HDI - 81kW / 110HP (0Nm)"},{"model":"c8___","value":"1170347","text":"2.0 HDI - 88kW / 120HP (0Nm)"},{"model":"c8___","value":"1170346","text":"2.0 HDI - 100kW / 136HP (0Nm)"},{"model":"c8___","value":"1170345","text":"2.0 HDI - 120kW / 163HP (0Nm)"},{"model":"c8___","value":"1170348","text":"2.2 HDI - 94kW / 128HP (0Nm)"},{"model":"c8___","value":"1170349","text":"2.2 HDI - 125kW / 170HP (0Nm)"},{"model":"c8___","value":"1170353","text":"3.0 V6 - 150kW / 204HP (0Nm)"},{"model":"ds3__a55_","value":"1170454","text":"1.2 PureTech 82 - 60kW / 82HP (118Nm)"},{"model":"ds3__a55_","value":"1170366","text":"1.4  8v  e-HDI 70 EGS - 50kW / 68HP (160Nm)"},{"model":"ds3__a55_","value":"1170457","text":"1.4 16v VTi 95 - 70kW / 95HP (135Nm)"},{"model":"ds3__a55_","value":"1170463","text":"1.4 16v VTi 95 EGS - 70kW / 95HP (135Nm)"},{"model":"ds3__a55_","value":"1170386","text":"1.6  8v  e-HDI 110 - 82kW / 112HP (270Nm)"},{"model":"ds3__a55_","value":"1170387","text":"1.6  8v  HDi 110 - 82kW / 112HP (270Nm)"},{"model":"ds3__a55_","value":"1170388","text":"1.6  8v  HDi 110 FAP - 82kW / 112HP (270Nm)"},{"model":"ds3__a55_","value":"1170389","text":"1.6  8v BlueHDI  75 - 55kW / 75HP (230Nm)"},{"model":"ds3__a55_","value":"1170393","text":"1.6  8v BlueHDI 100 - 73kW / 99HP (254Nm)"},{"model":"ds3__a55_","value":"1170397","text":"1.6  8v BlueHDI 115 - 85kW / 116HP (280Nm)"},{"model":"ds3__a55_","value":"1170401","text":"1.6  8v BlueHDI 120 - 88kW / 120HP (285Nm)"},{"model":"ds3__a55_","value":"1170405","text":"1.6  8v e-HDI 115 - 84kW / 114HP (270Nm)"},{"model":"ds3__a55_","value":"1170413","text":"1.6  8v e-HDI 90 - 68kW / 92HP (230Nm)"},{"model":"ds3__a55_","value":"1170429","text":"1.6  8v e-HDI 90 EGS6 - 68kW / 92HP (230Nm)"},{"model":"ds3__a55_","value":"1170445","text":"1.6  8v HDi 110 - 82kW / 112HP (270Nm)"},{"model":"ds3__a55_","value":"1170446","text":"1.6  8v HDi 90 - 68kW / 92HP (230Nm)"},{"model":"ds3__a55_","value":"1170473","text":"1.6 16v THP 150 - 110kW / 150HP (210Nm)"},{"model":"ds3__a55_","value":"1170471","text":"1.6 16v THP 150 - 115kW / 156HP (240Nm)"},{"model":"ds3__a55_","value":"1170477","text":"1.6 16v THP 155 - 115kW / 156HP (240Nm)"},{"model":"ds3__a55_","value":"1170480","text":"1.6 16v THP 165 - 121kW / 165HP (240Nm)"},{"model":"ds3__a55_","value":"1170484","text":"1.6 16v THP Racing - 152kW / 207HP (275Nm)"},{"model":"ds3__a55_","value":"1170486","text":"1.6 16v VTi 120 - 88kW / 120HP (160Nm)"},{"model":"ds3__a55_","value":"1170494","text":"1.6 16v VTi 120 Automatic - 88kW / 120HP (160Nm)"},{"model":"ds3__a55_","value":"1170503","text":"1.6 16v VTi 150 - 110kW / 150HP (200Nm)"},{"model":"ds3__a55_","value":"1170511","text":"1.6 16v VTi 150 Automatic - 110kW / 150HP (200Nm)"},{"model":"ds3__a56_","value":"1170548","text":"1.2 PureTech 110 - 81kW / 110HP (205Nm)"},{"model":"ds3__a56_","value":"1170554","text":"1.2 PureTech 82 - 60kW / 82HP (118Nm)"},{"model":"ds3__a56_","value":"1170520","text":"1.6  8v Cabrio BlueHDI  75 - 55kW / 75HP (230Nm)"},{"model":"ds3__a56_","value":"1170524","text":"1.6  8v Cabrio BlueHDI 100 - 73kW / 99HP (254Nm)"},{"model":"ds3__a56_","value":"1170528","text":"1.6  8v Cabrio BlueHDI 115 - 85kW / 116HP (280Nm)"},{"model":"ds3__a56_","value":"1170532","text":"1.6  8v Cabrio BlueHDI 120 - 88kW / 120HP (285Nm)"},{"model":"ds3__a56_","value":"1170536","text":"1.6  8v Cabrio e-HDI 90 Airdream EGS6 - 68kW / 92HP (230Nm)"},{"model":"ds3__a56_","value":"1170558","text":"1.6 16v THP Cabrio 150 - 110kW / 150HP (210Nm)"},{"model":"ds3__a56_","value":"1170562","text":"1.6 16v THP Cabrio 155 - 115kW / 156HP (240Nm)"},{"model":"ds3__a56_","value":"1170564","text":"1.6 16v THP Cabrio 165 - 121kW / 165HP (240Nm)"},{"model":"ds3__a56_","value":"1170568","text":"1.6 16v THP Cabrio Racing - 152kW / 207HP (275Nm)"},{"model":"ds3__a56_","value":"1170569","text":"1.6 16v VTi Cabrio 120 - 88kW / 120HP (160Nm)"},{"model":"ds3__a56_","value":"1170571","text":"1.6 16v VTi Cabrio 120 Automatic - 88kW / 120HP (160Nm)"},{"model":"ds3__a56_","value":"1170573","text":"1.6 16v VTi Cabrio 150 - 88kW / 120HP (200Nm)"},{"model":"ds3__a56_","value":"1170575","text":"1.6 16v VTi Cabrio 150 Automatic - 88kW / 120HP (200Nm)"},{"model":"ds3_crossback___","value":"1170581","text":"1.2 PureTech 100 - 74kW / 100HP (205Nm)"},{"model":"ds3_crossback___","value":"1170583","text":"1.2 PureTech 130 - 96kW / 131HP (230Nm)"},{"model":"ds3_crossback___","value":"1170577","text":"1.5 BlueHDI - 74kW / 100HP (250Nm)"},{"model":"ds3_crossback___","value":"1170579","text":"1.5 BlueHDI Automat - 96kW / 130HP (300Nm)"},{"model":"ds4___","value":"1170599","text":"1.2 PureTech 130 - 96kW / 131HP (230Nm)"},{"model":"ds4__b75_","value":"1170596","text":"1.6 16v THP - 114kW / 155HP (0Nm)"},{"model":"ds4__b75_","value":"1170595","text":"1.6 16v THP - 147kW / 200HP (0Nm)"},{"model":"ds4__b75_","value":"1170597","text":"1.6 16v VTI - 88kW / 120HP (160Nm)"},{"model":"ds4__b75_","value":"1170586","text":"1.6 Hdi - 69kW / 94HP (0Nm)"},{"model":"ds4__b75_","value":"1170585","text":"1.6 HDI - 81kW / 110HP (0Nm)"},{"model":"ds4__b75_","value":"1170587","text":"1.6 Hdi - 82kW / 112HP (0Nm)"},{"model":"ds4__b75_","value":"1170590","text":"2.0 BlueHDi - 100kW / 136HP (370Nm)"},{"model":"ds4__b75_","value":"1170588","text":"2.0 BlueHDi - 110kW / 150HP (370Nm)"},{"model":"ds4__b75_","value":"1170589","text":"2.0 BlueHDi - 132kW / 180HP (400Nm)"},{"model":"ds4__b75_","value":"1170594","text":"2.0 HDI - 118kW / 160HP (0Nm)"},{"model":"ds5__b81_","value":"1170620","text":"1.6 16v THP - 114kW / 155HP (0Nm)"},{"model":"ds5__b81_","value":"1170619","text":"1.6 16v THP - 147kW / 200HP (0Nm)"},{"model":"ds5__b81_","value":"1170605","text":"1.6 Hdi - 69kW / 94HP (0Nm)"},{"model":"ds5__b81_","value":"1170604","text":"1.6 HDI - 81kW / 110HP (0Nm)"},{"model":"ds5__b81_","value":"1170606","text":"1.6 Hdi - 82kW / 112HP (0Nm)"},{"model":"ds5__b81_","value":"1170610","text":"2.0 BlueHDi - 100kW / 136HP (370Nm)"},{"model":"ds5__b81_","value":"1170609","text":"2.0 BlueHDi - 110kW / 150HP (370Nm)"},{"model":"ds5__b81_","value":"1170607","text":"2.0 BlueHDi - 132kW / 180HP (400Nm)"},{"model":"ds5__b81_","value":"1170617","text":"2.0 HDI - 118kW / 160HP (0Nm)"},{"model":"ds5__b81_","value":"1170618","text":"2.0 HDI Hybrid4 - 121kW / 165HP (0Nm)"},{"model":"ds7_crossback___","value":"1170623","text":"1.2 PureTech 130 - 96kW / 131HP (230Nm)"},{"model":"ds7_crossback___","value":"1170621","text":"1.5 BlueHDI Automat - 96kW / 130HP (300Nm)"},{"model":"ds7_crossback___","value":"1170626","text":"1.6 16v THP PureTech Automat - 132kW / 180HP (250Nm)"},{"model":"ds7_crossback___","value":"1170625","text":"1.6 16v THP PureTech Automat - 165kW / 225HP (300Nm)"},{"model":"evasion___","value":"1170630","text":"2.0 16v - 96kW / 131HP (0Nm)"},{"model":"evasion___","value":"1170631","text":"2.0 16v - 100kW / 136HP (0Nm)"},{"model":"evasion___","value":"1170629","text":"2.0 HDI - 81kW / 110HP (0Nm)"},{"model":"grand_c4 spacetourer___","value":"1170632","text":"1.5 BlueHDI - 96kW / 130HP (300Nm)"},{"model":"grand_c4_spacetourer___","value":"1170634","text":"1.5 BlueHDI Automat - 96kW / 130HP (300Nm)"},{"model":"jumper__u5_","value":"1170648","text":"2.0 HDI - 63kW / 86HP (0Nm)"},{"model":"jumper__u5_","value":"1170649","text":"2.2 HDI - 74kW / 101HP (0Nm)"},{"model":"jumper__u5_","value":"1170650","text":"2.2 HDI - 88kW / 120HP (0Nm)"},{"model":"jumper__u5_","value":"1170652","text":"2.8 HDI - 96kW / 131HP (0Nm)"},{"model":"jumper__u5_","value":"1170653","text":"2.8 HDI - 107kW / 146HP (0Nm)"},{"model":"jumper__u9_","value":"1170654","text":"2.0 BlueHDi 110 - 80kW / 109HP (304Nm)"},{"model":"jumper__u9_","value":"1170657","text":"2.0 BlueHDi 130 - 96kW / 131HP (350Nm)"},{"model":"jumper__u9_","value":"1170660","text":"2.0 BlueHDi 160 - 120kW / 163HP (350Nm)"},{"model":"jumper__u9_","value":"1170665","text":"3.0 HDI - 107kW / 146HP (0Nm)"},{"model":"jumper__u9_","value":"1170664","text":"3.0 HDI - 114kW / 155HP (0Nm)"},{"model":"jumper__u9_","value":"1170663","text":"3.0 HDI - 118kW / 160HP (0Nm)"},{"model":"jumper__u9_","value":"1170666","text":"3.0 HDI - 132kW / 180HP (0Nm)"},{"model":"jumper_(_2nd)_u9_","value":"1170638","text":"2.2 HDi - 81kW / 110HP (250Nm)"},{"model":"jumper_(_2nd)_u9_","value":"1170637","text":"2.2 HDi - 96kW / 131HP (320Nm)"},{"model":"jumper_(_2nd)_u9_","value":"1170640","text":"2.2 HDi - 97kW / 132HP (320Nm)"},{"model":"jumper_(_2nd)_u9_","value":"1170643","text":"2.2 HDi - 98kW / 133HP (320Nm)"},{"model":"jumper_(_2nd)_u9_","value":"1170646","text":"2.2 HDi - 99kW / 135HP (320Nm)"},{"model":"jumper_(_2nd)_u9_","value":"1170636","text":"2.2 HDi - 110kW / 150HP (350Nm)"},{"model":"jumpy_(_1st)__","value":"1170670","text":"2.0 16v - 100kW / 136HP (0Nm)"},{"model":"jumpy_(_1st)__","value":"1170668","text":"2.0 HDI - 70kW / 95HP (0Nm)"},{"model":"jumpy_(_1st)__","value":"1170669","text":"2.0 HDI - 81kW / 110HP (0Nm)"},{"model":"jumpy_(_2nd)__","value":"1170672","text":"1.6 HDI - 66kW / 90HP (0Nm)"},{"model":"jumpy_(_2nd)__","value":"1170677","text":"2.0 16v - 103kW / 140HP (0Nm)"},{"model":"jumpy_(_2nd)__","value":"1170674","text":"2.0 HDI - 88kW / 120HP (0Nm)"},{"model":"jumpy_(_2nd)__","value":"1170675","text":"2.0 HDI - 103kW / 140HP (0Nm)"},{"model":"jumpy_(_2nd)__","value":"1170676","text":"2.0 HDI - 121kW / 165HP (0Nm)"},{"model":"jumpy_atlante___","value":"1170679","text":"1.5 BlueHDI - 74kW / 100HP (250Nm)"},{"model":"jumpy_atlante___","value":"1170678","text":"1.5 BlueHDI - 88kW / 120HP (300Nm)"},{"model":"nemo___","value":"1170682","text":"1.3 HDI - 55kW / 75HP (0Nm)"},{"model":"nemo___","value":"1170687","text":"1.4 16v - 55kW / 75HP (0Nm)"},{"model":"nemo___","value":"1170685","text":"1.4 HDI - 51kW / 69HP (0Nm)"},{"model":"relay___","value":"1170690","text":"2.2 HDi - 81kW / 110HP (250Nm)"},{"model":"relay___","value":"1170689","text":"2.2 HDi - 96kW / 131HP (320Nm)"},{"model":"relay___","value":"1170692","text":"2.2 HDi - 97kW / 132HP (320Nm)"},{"model":"relay___","value":"1170695","text":"2.2 HDi - 98kW / 133HP (320Nm)"},{"model":"relay___","value":"1170698","text":"2.2 HDi - 99kW / 135HP (320Nm)"},{"model":"relay___","value":"1170688","text":"2.2 HDi - 110kW / 150HP (350Nm)"},{"model":"saxo___","value":"1170700","text":"1.1  8v - 44kW / 60HP (0Nm)"},{"model":"saxo___","value":"1170701","text":"1.4  8v VTS - 55kW / 75HP (0Nm)"},{"model":"saxo___","value":"1170702","text":"1.6 16v VTR - 72kW / 98HP (0Nm)"},{"model":"saxo___","value":"1170703","text":"1.6 16v VTS - 88kW / 120HP (0Nm)"},{"model":"spacetourer___","value":"1170704","text":"1.5 BlueHDI - 88kW / 120HP (300Nm)"},{"model":"xantia___","value":"1170706","text":"2.0 HDI - 70kW / 95HP (0Nm)"},{"model":"xantia___","value":"1170707","text":"2.0 HDI - 81kW / 110HP (0Nm)"},{"model":"xsara___","value":"1170711","text":"1.4  8v - 54kW / 73HP (0Nm)"},{"model":"xsara___","value":"1170708","text":"1.4 HDI - 51kW / 69HP (0Nm)"},{"model":"xsara___","value":"1170712","text":"1.6 16v - 80kW / 109HP (0Nm)"},{"model":"xsara___","value":"1170714","text":"2.0 16v - 100kW / 136HP (0Nm)"},{"model":"xsara___","value":"1170709","text":"2.0 HDI - 66kW / 90HP (0Nm)"},{"model":"xsara___","value":"1170710","text":"2.0 HDI - 81kW / 110HP (0Nm)"},{"model":"xsara_picasso___","value":"1170718","text":"1.6 16v - 80kW / 109HP (0Nm)"},{"model":"xsara_picasso___","value":"1170717","text":"1.6 HDI - 66kW / 90HP (0Nm)"},{"model":"xsara_picasso___","value":"1170715","text":"1.6 HDI - 81kW / 110HP (0Nm)"}]