[{"model":"dokker___","value":"1170724","text":"1.5 dCi - 55kW / 75HP (180Nm)"},{"model":"dokker___","value":"1170723","text":"1.5 dCi - 70kW / 95HP (220Nm)"},{"model":"dokker_mpv___","value":"1170747","text":"1.2 TCe Automat - 85kW / 116HP (190Nm)"},{"model":"dokker_mpv___","value":"1170728","text":"1.5 dCi - 55kW / 75HP (200Nm)"},{"model":"dokker_mpv___","value":"1170727","text":"1.5 dCi - 66kW / 90HP (200Nm)"},{"model":"dokker_mpv___","value":"1170736","text":"1.5 dCi - 66kW / 90HP (220Nm)"},{"model":"dokker_mpv___","value":"1170752","text":"1.6 MPI - 60kW / 82HP (134Nm)"},{"model":"dokker_stepway___","value":"1170767","text":"1.2 TCe Automat - 85kW / 116HP (190Nm)"},{"model":"dokker_stepway___","value":"1170756","text":"1.5 dCi - 55kW / 75HP (200Nm)"},{"model":"dokker_stepway___","value":"1170755","text":"1.5 dCi - 66kW / 90HP (220Nm)"},{"model":"duster___","value":"1170824","text":"1.2 TCe Automat - 92kW / 125HP (205Nm)"},{"model":"duster___","value":"1170829","text":"1.2 TCe AWD Automat - 92kW / 125HP (205Nm)"},{"model":"duster___","value":"1170770","text":"1.5 Blue dCi - 85kW / 115HP (260Nm)"},{"model":"duster___","value":"1170772","text":"1.5 Blue dCi AWD - 85kW / 115HP (260Nm)"},{"model":"duster___","value":"1170774","text":"1.5 dCi - 63kW / 86HP (200Nm)"},{"model":"duster___","value":"1170777","text":"1.5 dCi - 65kW / 88HP (200Nm)"},{"model":"duster___","value":"1170775","text":"1.5 dCi - 66kW / 90HP (200Nm)"},{"model":"duster___","value":"1170797","text":"1.5 dCi - 66kW / 90HP (220Nm)"},{"model":"duster___","value":"1170788","text":"1.5 dCi - 70kW / 95HP (240Nm)"},{"model":"duster___","value":"1170790","text":"1.5 dCi - 79kW / 107HP (240Nm)"},{"model":"duster___","value":"1170793","text":"1.5 dCi - 81kW / 110HP (240Nm)"},{"model":"duster___","value":"1170796","text":"1.5 dCi - 81kW / 110HP (260Nm)"},{"model":"duster___","value":"1170806","text":"1.5 dCi AWD - 63kW / 86HP (200Nm)"},{"model":"duster___","value":"1170805","text":"1.5 dCi AWD - 66kW / 90HP (200Nm)"},{"model":"duster___","value":"1170812","text":"1.5 dCi AWD - 81kW / 110HP (240Nm)"},{"model":"duster___","value":"1170816","text":"1.5 dCi AWD - 81kW / 110HP (260Nm)"},{"model":"duster___","value":"1170832","text":"1.6 16v - 77kW / 105HP (148Nm)"},{"model":"duster___","value":"1170838","text":"1.6 16v AWD - 77kW / 105HP (148Nm)"},{"model":"duster___","value":"1170819","text":"1.6 16v LPG - 75kW / 102HP (144Nm)"},{"model":"duster___","value":"1170844","text":"2.0 MPI - 99kW / 135HP (160Nm)"},{"model":"duster___","value":"1170848","text":"2.0 MPI HiFlex - 104kW / 141HP (160Nm)"},{"model":"lodgy___","value":"1170852","text":"1.5 dCi - 70kW / 95HP (220Nm)"},{"model":"lodgy___","value":"1170854","text":"1.5 dCi - 85kW / 115HP (260Nm)"},{"model":"lodgy_mpv___","value":"1170872","text":"1.2 TCe Automat - 85kW / 116HP (190Nm)"},{"model":"lodgy_mpv___","value":"1170856","text":"1.5 dCi - 66kW / 90HP (200Nm)"},{"model":"lodgy_mpv___","value":"1170862","text":"1.5 dCi - 66kW / 90HP (220Nm)"},{"model":"lodgy_mpv___","value":"1170868","text":"1.5 dCi - 79kW / 107HP (240Nm)"},{"model":"lodgy_mpv___","value":"1170878","text":"1.6 MPI - 60kW / 82HP (134Nm)"},{"model":"lodgy_stepway___","value":"1170885","text":"1.2 TCe Automat - 85kW / 116HP (190Nm)"},{"model":"lodgy_stepway___","value":"1170882","text":"1.5 dCi - 66kW / 90HP (220Nm)"},{"model":"lodgy_stepway___","value":"1170884","text":"1.5 dCi - 79kW / 107HP (240Nm)"},{"model":"lodgy_stepway___","value":"1170888","text":"1.6 MPI - 60kW / 82HP (134Nm)"},{"model":"logan___","value":"1170941","text":"0.9 TCe - 66kW / 90HP (135Nm)"},{"model":"logan___","value":"1170944","text":"0.9 TCe - 66kW / 90HP (140Nm)"},{"model":"logan___","value":"1170943","text":"0.9 TCe - 71kW / 97HP (150Nm)"},{"model":"logan___","value":"1170938","text":"0.9 TCe Automat - 71kW / 97HP (150Nm)"},{"model":"logan___","value":"1170935","text":"0.9 TCe LPG - 66kW / 90HP (140Nm)"},{"model":"logan___","value":"1170947","text":"1.2 16v - 55kW / 75HP (107Nm)"},{"model":"logan___","value":"1170953","text":"1.4 MPI - 55kW / 75HP (112Nm)"},{"model":"logan___","value":"1170889","text":"1.5 dCi - 48kW / 65HP (160Nm)"},{"model":"logan___","value":"1170890","text":"1.5 dCi - 50kW / 68HP (160Nm)"},{"model":"logan___","value":"1170928","text":"1.5 dCi - 55kW / 75HP (180Nm)"},{"model":"logan___","value":"1170902","text":"1.5 dCi - 55kW / 75HP (200Nm)"},{"model":"logan___","value":"1170892","text":"1.5 dCi - 63kW / 86HP (200Nm)"},{"model":"logan___","value":"1170898","text":"1.5 dCi - 65kW / 88HP (200Nm)"},{"model":"logan___","value":"1170907","text":"1.5 dCi - 66kW / 90HP (200Nm)"},{"model":"logan___","value":"1170915","text":"1.5 dCi - 66kW / 90HP (220Nm)"},{"model":"logan___","value":"1170927","text":"1.5 dCi - 70kW / 95HP (220Nm)"},{"model":"logan___","value":"1170966","text":"1.6 16v - 77kW / 105HP (148Nm)"},{"model":"logan___","value":"1170973","text":"1.6 MPI - 64kW / 87HP (128Nm)"},{"model":"logan_mcv___","value":"1171037","text":"0.9 TCe - 66kW / 90HP (135Nm)"},{"model":"logan_mcv___","value":"1171040","text":"0.9 TCe - 66kW / 90HP (140Nm)"},{"model":"logan_mcv___","value":"1171039","text":"0.9 TCe - 71kW / 97HP (150Nm)"},{"model":"logan_mcv___","value":"1171034","text":"0.9 TCe Automat - 71kW / 97HP (150Nm)"},{"model":"logan_mcv___","value":"1171025","text":"0.9 TCe LPG - 66kW / 90HP (140Nm)"},{"model":"logan_mcv___","value":"1171043","text":"1.2 16v - 55kW / 75HP (107Nm)"},{"model":"logan_mcv___","value":"1171046","text":"1.4 MPI - 55kW / 75HP (112Nm)"},{"model":"logan_mcv___","value":"1170987","text":"1.5 dCi - 50kW / 68HP (160Nm)"},{"model":"logan_mcv___","value":"1171020","text":"1.5 dCi - 55kW / 75HP (180Nm)"},{"model":"logan_mcv___","value":"1171000","text":"1.5 dCi - 55kW / 75HP (200Nm)"},{"model":"logan_mcv___","value":"1170988","text":"1.5 dCi - 63kW / 86HP (200Nm)"},{"model":"logan_mcv___","value":"1170996","text":"1.5 dCi - 65kW / 88HP (200Nm)"},{"model":"logan_mcv___","value":"1170998","text":"1.5 dCi - 66kW / 90HP (200Nm)"},{"model":"logan_mcv___","value":"1171007","text":"1.5 dCi - 66kW / 90HP (220Nm)"},{"model":"logan_mcv___","value":"1171019","text":"1.5 dCi - 70kW / 95HP (220Nm)"},{"model":"logan_mcv___","value":"1171052","text":"1.6 16v - 77kW / 105HP (148Nm)"},{"model":"logan_mcv___","value":"1171060","text":"1.6 MPI - 64kW / 87HP (128Nm)"},{"model":"logan_mcv___","value":"1171031","text":"1.6 MPI LPG - 60kW / 82HP (131Nm)"},{"model":"logan_mcv___","value":"1171028","text":"1.6 MPI LPG - 64kW / 87HP (128Nm)"},{"model":"sandero___","value":"1171122","text":"0.9 TCe - 66kW / 90HP (135Nm)"},{"model":"sandero___","value":"1171125","text":"0.9 TCe - 66kW / 90HP (140Nm)"},{"model":"sandero___","value":"1171124","text":"0.9 TCe - 71kW / 97HP (150Nm)"},{"model":"sandero___","value":"1171119","text":"0.9 TCe Automat - 71kW / 97HP (150Nm)"},{"model":"sandero___","value":"1171109","text":"0.9 TCe LPG - 66kW / 90HP (140Nm)"},{"model":"sandero___","value":"1171128","text":"1.2 16v - 55kW / 75HP (107Nm)"},{"model":"sandero___","value":"1171112","text":"1.2 16v LPG - 53kW / 72HP (103Nm)"},{"model":"sandero___","value":"1171135","text":"1.4 MPI - 55kW / 75HP (112Nm)"},{"model":"sandero___","value":"1171117","text":"1.4 MPI LPG - 55kW / 75HP (112Nm)"},{"model":"sandero___","value":"1171068","text":"1.5 dCi - 50kW / 68HP (160Nm)"},{"model":"sandero___","value":"1171102","text":"1.5 dCi - 55kW / 75HP (180Nm)"},{"model":"sandero___","value":"1171076","text":"1.5 dCi - 55kW / 75HP (200Nm)"},{"model":"sandero___","value":"1171069","text":"1.5 dCi - 63kW / 86HP (200Nm)"},{"model":"sandero___","value":"1171072","text":"1.5 dCi - 65kW / 88HP (200Nm)"},{"model":"sandero___","value":"1171081","text":"1.5 dCi - 66kW / 90HP (200Nm)"},{"model":"sandero___","value":"1171089","text":"1.5 dCi - 66kW / 90HP (220Nm)"},{"model":"sandero___","value":"1171101","text":"1.5 dCi - 70kW / 95HP (220Nm)"},{"model":"sandero___","value":"1171139","text":"1.6 16v - 77kW / 105HP (148Nm)"},{"model":"sandero___","value":"1171141","text":"1.6 MPI - 64kW / 87HP (128Nm)"},{"model":"sandero_stepway___","value":"1171177","text":"0.9 TCe - 66kW / 90HP (135Nm)"},{"model":"sandero_stepway___","value":"1171180","text":"0.9 TCe - 66kW / 90HP (140Nm)"},{"model":"sandero_stepway___","value":"1171179","text":"0.9 TCe - 71kW / 97HP (150Nm)"},{"model":"sandero_stepway___","value":"1171174","text":"0.9 TCe Automat - 71kW / 97HP (150Nm)"},{"model":"sandero_stepway___","value":"1171170","text":"0.9 TCe LPG - 66kW / 90HP (140Nm)"},{"model":"sandero_stepway___","value":"1171152","text":"1.5 dCi - 50kW / 68HP (160Nm)"},{"model":"sandero_stepway___","value":"1171154","text":"1.5 dCi - 65kW / 88HP (200Nm)"},{"model":"sandero_stepway___","value":"1171156","text":"1.5 dCi - 66kW / 90HP (200Nm)"},{"model":"sandero_stepway___","value":"1171160","text":"1.5 dCi - 66kW / 90HP (220Nm)"},{"model":"sandero_stepway___","value":"1171183","text":"1.6 MPI - 64kW / 87HP (128Nm)"},{"model":"sandero_stepway___","value":"1171173","text":"1.6 MPI LPG - 60kW / 82HP (131Nm)"},{"model":"solenza___","value":"1171187","text":"1.4  8v - 55kW / 75HP (114Nm)"}]