[{"model":"epica__v250_","value":"1171190","text":"2.0 16v VCDi - 110kW / 150HP (320Nm)"},{"model":"epica__v250_","value":"1171198","text":"2.0 16v VCDi Automatic - 110kW / 150HP (320Nm)"},{"model":"epica__v250_","value":"1171206","text":"2.5 20v Automatic - 115kW / 156HP (237Nm)"},{"model":"gentra__t200_","value":"1171211","text":"1.2 16v - 62kW / 84HP (114Nm)"},{"model":"gentra__t200_","value":"1171215","text":"1.2 16v Eco - 59kW / 80HP (114Nm)"},{"model":"gentra__t300_","value":"1171217","text":"1.5 16v - 78kW / 106HP (0Nm)"},{"model":"lacetti__j200_","value":"1171234","text":"1.4 16v - 70kW / 95HP (131Nm)"},{"model":"lacetti__j200_","value":"1171240","text":"1.6 16v - 80kW / 109HP (150Nm)"},{"model":"lacetti__j200_","value":"1171246","text":"1.6 16v Automatic - 80kW / 109HP (150Nm)"},{"model":"lacetti__j200_","value":"1171252","text":"1.8 16v - 89kW / 121HP (169Nm)"},{"model":"lacetti__j200_","value":"1171257","text":"1.8 16v Automatic - 89kW / 121HP (169Nm)"},{"model":"lacetti__j200_","value":"1171218","text":"2.0 16v VCDi - 89kW / 121HP (280Nm)"},{"model":"lacetti__j200_","value":"1171226","text":"2.0 16v VCDi Automatic - 89kW / 121HP (280Nm)"},{"model":"matiz_creative__m300_","value":"1171262","text":"1.0 16v - 50kW / 68HP (93Nm)"},{"model":"matiz_creative__m300_","value":"1171268","text":"1.2 16v - 60kW / 82HP (111Nm)"},{"model":"nubira__j200_","value":"1171290","text":"1.4 16v - 70kW / 95HP (131Nm)"},{"model":"nubira__j200_","value":"1171296","text":"1.6 16v - 80kW / 109HP (150Nm)"},{"model":"nubira__j200_","value":"1171302","text":"1.6 16v Automatic - 80kW / 109HP (150Nm)"},{"model":"nubira__j200_","value":"1171308","text":"1.8 16v - 89kW / 121HP (169Nm)"},{"model":"nubira__j200_","value":"1171313","text":"1.8 16v Automatic - 89kW / 121HP (169Nm)"},{"model":"nubira__j200_","value":"1171274","text":"2.0 16v VCDi - 89kW / 121HP (280Nm)"},{"model":"nubira__j200_","value":"1171282","text":"2.0 16v VCDi Automatic - 89kW / 121HP (280Nm)"},{"model":"tosca__v250_","value":"1171318","text":"2.0 16v VCDi - 110kW / 150HP (320Nm)"},{"model":"tosca__v250_","value":"1171326","text":"2.0 16v VCDi Automatic - 110kW / 150HP (320Nm)"},{"model":"tosca__v250_","value":"1171334","text":"2.5 20v Automatic - 115kW / 156HP (237Nm)"},{"model":"winstorm___","value":"1171339","text":"2.0 16v VCDi 125 2WD - 93kW / 126HP (295Nm)"},{"model":"winstorm___","value":"1171347","text":"2.0 16v VCDi 150 2WD - 110kW / 150HP (320Nm)"},{"model":"winstorm___","value":"1171349","text":"2.0 16v VCDi 150 4WD - 110kW / 150HP (320Nm)"},{"model":"winstorm___","value":"1171359","text":"2.0 16v VCDi 150 4WD Automatic - 110kW / 150HP (320Nm)"},{"model":"winstorm___","value":"1171369","text":"2.4 16v 2WD - 100kW / 136HP (220Nm)"},{"model":"winstorm___","value":"1171373","text":"2.4 16v 4WD - 100kW / 136HP (220Nm)"},{"model":"winstorm___","value":"1171377","text":"2.4 16v 4WD Automatic - 100kW / 136HP (220Nm)"},{"model":"winstorm___","value":"1171381","text":"3.2 V6 4WD Automatic - 169kW / 230HP (297Nm)"}]