[{"model":"avenger___","value":"1171399","text":"2.0 16v CRD - 103kW / 140HP (310Nm)"},{"model":"caliber___","value":"1171405","text":"2.0 16v CRD - 103kW / 140HP (310Nm)"},{"model":"caravan___","value":"1171412","text":"3.6 V6 - 211kW / 287HP (350Nm)"},{"model":"challenger_(_3rd)__","value":"1171415","text":"3.6 V6 - 227kW / 309HP (353Nm)"},{"model":"challenger_(_3rd)__","value":"1171422","text":"5.7 V8 - 272kW / 370HP (529Nm)"},{"model":"challenger_(_3rd)__","value":"1171426","text":"6.1 V8 SRT8 - 317kW / 431HP (569Nm)"},{"model":"challenger_(_3rd)__","value":"1171429","text":"6.2 V8 SRT Hellcat - 527kW / 716HP (881Nm)"},{"model":"challenger_(_3rd)__","value":"1171433","text":"6.4 V8 - 351kW / 477HP (637Nm)"},{"model":"challenger_(_3rd)__","value":"1171437","text":"6.4 V8 SRT 392 - 362kW / 492HP (644Nm)"},{"model":"challenger_(_3rd)__","value":"1171438","text":"6.4 V8 SRT 392 - 363kW / 494HP (644Nm)"},{"model":"challenger_(_3rd)__","value":"1171439","text":"6.4 V8 SRT 392 - 364kW / 495HP (644Nm)"},{"model":"challenger_(_3rd)__","value":"1171440","text":"6.4 V8 SRT8 - 350kW / 476HP (637Nm)"},{"model":"charger___","value":"1171444","text":"3.6 V6 - 218kW / 296HP (353Nm)"},{"model":"charger___","value":"1171451","text":"5.7 V8 - 271kW / 369HP (535Nm)"},{"model":"charger___","value":"1171455","text":"6.4 V8 - 351kW / 477HP (637Nm)"},{"model":"dart___","value":"1171475","text":"1.4 16v MultiAir Turbo - 120kW / 163HP (0Nm)"},{"model":"dart___","value":"1171478","text":"1.4 16v MultiAir Turbo - 120kW / 163HP (250Nm)"},{"model":"dart___","value":"1171488","text":"2.4 16v - 137kW / 186HP (239Nm)"},{"model":"dart__pf_","value":"1171459","text":"2.0L 16v Multiair II - 119kW / 162HP (201Nm)"},{"model":"dart__pf_","value":"1171467","text":"2.4L 16v Multiair II - 137kW / 186HP (232Nm)"},{"model":"grand_caravan___","value":"1171490","text":"3.6 V6 - 216kW / 294HP (353Nm)"},{"model":"journey___","value":"1171493","text":"2.0 16v CRD - 103kW / 140HP (310Nm)"},{"model":"magnum___","value":"1171499","text":"3.6 V6 - 206kW / 280HP (342Nm)"},{"model":"magnum___","value":"1171503","text":"3.6 V6 - 227kW / 309HP (365Nm)"},{"model":"magnum___","value":"1171506","text":"5.7 V8 - 271kW / 369HP (527Nm)"},{"model":"magnum___","value":"1171510","text":"6.4 V8 - 351kW / 477HP (637Nm)"},{"model":"neon___","value":"1171514","text":"2.4 16v Turbo SRT-4 - 153kW / 208HP (0Nm)"},{"model":"nitro___","value":"1171515","text":"2.8 CRD - 130kW / 177HP (0Nm)"},{"model":"ram_1500_( 3rd)__","value":"1171516","text":"3.7 V6 - 160kW / 218HP (319Nm)"},{"model":"ram_1500_(_3rd)__","value":"1171521","text":"5.7 V8 - 257kW / 350HP (508Nm)"},{"model":"ram_1500_( 4th)__","value":"1171527","text":"3.0 V6 EcoDiesel Automat - 179kW / 243HP (570Nm)"},{"model":"ram_1500_(_4th)__","value":"1171541","text":"3.6 V6 - 206kW / 280HP (342Nm)"},{"model":"ram_1500_(_4th)__","value":"1171543","text":"3.6 V6 - 227kW / 309HP (365Nm)"},{"model":"ram_1500_(_4th)__","value":"1171546","text":"3.7 V6 - 160kW / 218HP (319Nm)"},{"model":"ram_1500_(_4th)__","value":"1171547","text":"5.7 V8 - 295kW / 401HP (560Nm)"},{"model":"ram_2500_( 3rd)__","value":"1171573","text":"5.7 V8 - 257kW / 350HP (508Nm)"},{"model":"ram_2500_(_3rd)__","value":"1171579","text":"5.7 V8 - 290kW / 394HP (560Nm)"},{"model":"ram_2500_(_3rd)__","value":"1171559","text":"5.9 L6 - 175kW / 238HP (624Nm)"},{"model":"ram_2500_(_3rd)__","value":"1171560","text":"5.9 L6 - 186kW / 253HP (624Nm)"},{"model":"ram_2500_(_3rd)__","value":"1171558","text":"5.9 L6 - 227kW / 309HP (752Nm)"},{"model":"ram_2500_(_3rd)__","value":"1171564","text":"5.9 L6 - 242kW / 329HP (830Nm)"},{"model":"ram_2500_(_3rd)__","value":"1171570","text":"6.7 L6 - 260kW / 354HP (880Nm)"},{"model":"ram_2500_( 4th)__","value":"1171598","text":"5.7 V8 - 286kW / 389HP (540Nm)"},{"model":"ram_2500_(_4th)__","value":"1171580","text":"6.7 L6 - 260kW / 354HP (890Nm)"},{"model":"ram_2500_(_4th)__","value":"1171592","text":"6.7 L6 - 276kW / 390HP (1100Nm)"},{"model":"ram_2500_(_4th)__","value":"1171581","text":"6.7 L6 - 280kW / 381HP (1100Nm)"},{"model":"ram_2500_(_4th)__","value":"1171582","text":"6.7 L6 - 287kW / 390HP (1150Nm)"},{"model":"ram_2500_(_4th)__","value":"1171586","text":"6.7 L6 - 287kW / 390HP (1173Nm)"},{"model":"ram_2500_(_4th)__","value":"1171589","text":"6.7 L6 - 287kW / 390HP (1200Nm)"},{"model":"ram_3500_( 3rd)__","value":"1171610","text":"5.7 V8 - 257kW / 350HP (508Nm)"},{"model":"ram_3500_(_3rd)__","value":"1171616","text":"5.7 V8 - 290kW / 394HP (560Nm)"},{"model":"ram_3500_(_3rd)__","value":"1171601","text":"5.9 L6 - 175kW / 238HP (624Nm)"},{"model":"ram_3500_(_3rd)__","value":"1171602","text":"5.9 L6 - 186kW / 253HP (624Nm)"},{"model":"ram_3500_(_3rd)__","value":"1171600","text":"5.9 L6 - 227kW / 309HP (752Nm)"},{"model":"ram_3500_(_3rd)__","value":"1171607","text":"6.7 L6 - 260kW / 354HP (880Nm)"},{"model":"ram_3500_( 4th)__","value":"1171635","text":"5.7 V8 - 286kW / 389HP (540Nm)"},{"model":"ram_3500_(_4th)__","value":"1171617","text":"6.7 L6 - 260kW / 354HP (890Nm)"},{"model":"ram_3500_(_4th)__","value":"1171618","text":"6.7 L6 - 280kW / 381HP (1100Nm)"},{"model":"ram_3500_(_4th)__","value":"1171619","text":"6.7 L6 - 287kW / 390HP (1150Nm)"},{"model":"ram_3500_(_4th)__","value":"1171623","text":"6.7 L6 - 287kW / 390HP (1173Nm)"},{"model":"ram_3500_(_4th)__","value":"1171626","text":"6.7 L6 - 287kW / 390HP (1200Nm)"},{"model":"ram_4000_( 4th)__","value":"1171637","text":"5.7 V8 - 295kW / 401HP (560Nm)"},{"model":"ram_chassis cab_( 3rd)__","value":"1171643","text":"5.7 V8 - 257kW / 350HP (508Nm)"},{"model":"ram_chassis_cab_( 3rd)__","value":"1171644","text":"5.7 V8 - 289kW / 393HP (548Nm)"},{"model":"ram_chassis_cab_(_3rd)__","value":"1171640","text":"6.7 L6 - 227kW / 309HP (830Nm)"},{"model":"ram_chassis cab_( 4th)__","value":"1171646","text":"6.7 L6 - 240kW / 326HP (880Nm)"},{"model":"ram_chassis_cab_( 4th)__","value":"1171647","text":"6.7 L6 - 242kW / 329HP (1020Nm)"},{"model":"ram_h100___","value":"1171658","text":"2.5 16v CRDi - 129kW / 175HP (450Nm)"},{"model":"ram_promaster city___","value":"1171666","text":"2.4L 16v Multiair II - 137kW / 186HP (232Nm)"},{"model":"stratus___","value":"1171671","text":"2.4 - 108kW / 147HP (0Nm)"},{"model":"viper_(_3rd)__","value":"1171676","text":"8.4 V10 SRT10 - 477kW / 649HP (814Nm)"},{"model":"viper_(_2nd)_zb_","value":"1171672","text":"8.4 V10 SRT10 - 447kW / 608HP (725Nm)"},{"model":"viper_(_2nd)_zb_","value":"1171674","text":"8.4 V10 SRT10 - 450kW / 612HP (760Nm)"},{"model":"viper_(_2nd)_zb_","value":"1171675","text":"8.4 V10 SRT10 - 477kW / 649HP (793Nm)"}]