[{"model":"360_modena___","value":"1171722","text":"3.6 V8 Challenge Stradale - 313kW / 426HP (373Nm)"},{"model":"360_modena___","value":"1171725","text":"3.6 V8 Modena - 294kW / 400HP (373Nm)"},{"model":"360_modena___","value":"1171732","text":"3.6 V8 Modena F1 - 294kW / 400HP (373Nm)"},{"model":"360_modena___","value":"1171739","text":"3.6 V8 Spider - 294kW / 400HP (373Nm)"},{"model":"360_modena___","value":"1171745","text":"3.6 V8 Spider F1 - 294kW / 400HP (373Nm)"},{"model":"458_italia___","value":"1171751","text":"4.5 V8 Italia - 425kW / 578HP (540Nm)"},{"model":"458_italia___","value":"1171757","text":"4.5 V8 Speciale - 445kW / 605HP (540Nm)"},{"model":"458_italia___","value":"1171759","text":"4.5 V8 Speciale A - 445kW / 605HP (540Nm)"},{"model":"458_italia___","value":"1171761","text":"4.5 V8 Spider - 425kW / 578HP (540Nm)"},{"model":"488_gtb___","value":"1171766","text":"3.9 V8 Twin-Turbo - 493kW / 670HP (760Nm)"},{"model":"488_spider___","value":"1171768","text":"3.9 V8 Twin-Turbo - 492kW / 669HP (760Nm)"},{"model":"575_maranello___","value":"1171770","text":"5.8 V12 - 379kW / 515HP (589Nm)"},{"model":"575_maranello___","value":"1171776","text":"5.8 V12 F1 - 379kW / 515HP (589Nm)"},{"model":"575_maranello___","value":"1171782","text":"5.8 V12 GTZ Zagato - 397kW / 540HP (588Nm)"},{"model":"575_maranello___","value":"1171783","text":"5.8 V12 Superamerica - 397kW / 540HP (588Nm)"},{"model":"575_maranello___","value":"1171786","text":"5.8 V12 Superamerica F1 - 397kW / 540HP (588Nm)"},{"model":"599_fiorano___","value":"1171789","text":"6.0 V12 GTB Fiorano - 456kW / 620HP (608Nm)"},{"model":"599_fiorano___","value":"1171796","text":"6.0 V12 GTB Fiorano China Special Edition - 456kW / 620HP (608Nm)"},{"model":"599_fiorano___","value":"1171797","text":"6.0 V12 GTB Fiorano F1 - 456kW / 620HP (608Nm)"},{"model":"599_fiorano___","value":"1171804","text":"6.0 V12 GTB Fiorano HGTE - 456kW / 620HP (608Nm)"},{"model":"599_gto___","value":"1171808","text":"6.0 V12 GTO - 493kW / 670HP (620Nm)"},{"model":"612_scaglietti___","value":"1171814","text":"5.8 V12 - 397kW / 540HP (589Nm)"},{"model":"612_scaglietti___","value":"1171819","text":"5.8 V12 F1 - 397kW / 540HP (589Nm)"},{"model":"812_superfast___","value":"1171824","text":"6.5 V12 - 588kW / 800HP (718Nm)"},{"model":"california___","value":"1171827","text":"4.3 V8 - 338kW / 460HP (485Nm)"},{"model":"california___","value":"1171830","text":"4.3 V8 F1 - 338kW / 460HP (485Nm)"},{"model":"california___","value":"1171833","text":"4.3 V8 F1 - 360kW / 490HP (505Nm)"},{"model":"california_t___","value":"1171836","text":"3.8 V8 Twin-Turbo - 412kW / 560HP (755Nm)"},{"model":"enzo___","value":"1171842","text":"6.0 V12 - 485kW / 660HP (657Nm)"},{"model":"f12_berlinetta___","value":"1171843","text":"6.2 V12 - 545kW / 741HP (690Nm)"},{"model":"f430___","value":"1171847","text":"4.3 V8 430 Scuderia - 375kW / 510HP (470Nm)"},{"model":"f430___","value":"1171850","text":"4.3 V8 Berlinetta - 360kW / 490HP (465Nm)"},{"model":"f430___","value":"1171856","text":"4.3 V8 Berlinetta F1 - 360kW / 490HP (465Nm)"},{"model":"f430___","value":"1171862","text":"4.3 V8 Challenge - 360kW / 490HP (465Nm)"},{"model":"f430___","value":"1171865","text":"4.3 V8 Scuderia Spider 16M - 375kW / 510HP (470Nm)"},{"model":"f430___","value":"1171866","text":"4.3 V8 Spider - 360kW / 490HP (465Nm)"},{"model":"f430___","value":"1171872","text":"4.3 V8 Spider F1 - 360kW / 490HP (465Nm)"},{"model":"ff___","value":"1171878","text":"6.2 V12 - 485kW / 660HP (683Nm)"},{"model":"p4/5_by pininfarina___","value":"1171883","text":"6.0 V12 - 485kW / 660HP (657Nm)"},{"model":"sa_aperta___","value":"1171884","text":"6.0 V12 Pininfarina - 493kW / 670HP (620Nm)"}]