[{"model":"124_spider___","value":"1171891","text":"1.4 16v MultiAir Turbo - 103kW / 140HP (240Nm)"},{"model":"124_spider___","value":"1171885","text":"1.4 16v MultiAir Turbo Automat - 103kW / 140HP (240Nm)"},{"model":"500___","value":"1171972","text":"0.9 TwinAir - 77kW / 105HP (145Nm)"},{"model":"500___","value":"1171954","text":"0.9 TwinAir - 62kW / 84HP (145Nm)"},{"model":"500___","value":"1172006","text":"1.2  8v - 51kW / 69HP (102Nm)"},{"model":"500___","value":"1171982","text":"1.2  8v Automat - 51kW / 69HP (102Nm)"},{"model":"500___","value":"1171897","text":"1.3 16v Multijet - 55kW / 75HP (145Nm)"},{"model":"500___","value":"1171921","text":"1.3 16v Multijet - 70kW / 95HP (200Nm)"},{"model":"500___","value":"1172028","text":"1.4 16v - 74kW / 101HP (132Nm)"},{"model":"500___","value":"1172037","text":"1.4 16v Automat - 74kW / 101HP (132Nm)"},{"model":"500___","value":"1172046","text":"1.4 16v MultiAir - 77kW / 105HP (130Nm)"},{"model":"500c___","value":"1172141","text":"0.9 TwinAir - 77kW / 105HP (145Nm)"},{"model":"500c___","value":"1172105","text":"0.9 TwinAir - 62kW / 84HP (145Nm)"},{"model":"500c___","value":"1172123","text":"0.9 TwinAir Automat - 62kW / 84HP (145Nm)"},{"model":"500c___","value":"1172160","text":"1.2  8v - 51kW / 69HP (102Nm)"},{"model":"500c___","value":"1172151","text":"1.2  8v Automat - 51kW / 69HP (102Nm)"},{"model":"500c___","value":"1172068","text":"1.3 16v Multijet - 55kW / 75HP (145Nm)"},{"model":"500c___","value":"1172072","text":"1.3 16v Multijet - 70kW / 95HP (145Nm)"},{"model":"500c___","value":"1172089","text":"1.3 16v Multijet - 70kW / 95HP (200Nm)"},{"model":"500c___","value":"1172170","text":"1.4 16v - 73kW / 99HP (131Nm)"},{"model":"500c___","value":"1172177","text":"1.4 16v Automat - 73kW / 99HP (131Nm)"},{"model":"500l___","value":"1172240","text":"0.9 TwinAir - 77kW / 105HP (145Nm)"},{"model":"500l___","value":"1172250","text":"0.9 TwinAir - 77kW / 105HP (145Nm)"},{"model":"500l___","value":"1172183","text":"1.3 16v Multijet - 62kW / 84HP (200Nm)"},{"model":"500l___","value":"1172199","text":"1.3 16v Multijet - 70kW / 95HP (200Nm)"},{"model":"500l___","value":"1172260","text":"1.4 16v - 70kW / 95HP (127Nm)"},{"model":"500l___","value":"1172285","text":"1.4 16v T-Jet MultiAir - 88kW / 120HP (200Nm)"},{"model":"500l___","value":"1172286","text":"1.4 16v T-Jet MultiAir - 119kW / 162HP (250Nm)"},{"model":"500l___","value":"1172272","text":"1.4 16v T-Jet MultiAir Automat - 119kW / 162HP (250Nm)"},{"model":"500l___","value":"1172219","text":"1.6 16v Multijet - 77kW / 105HP (320Nm)"},{"model":"500l___","value":"1172228","text":"1.6 16v Multijet - 88kW / 120HP (320Nm)"},{"model":"500x___","value":"1172330","text":"1.0 12v GSE - 88kW / 120HP (190Nm)"},{"model":"500x___","value":"1172332","text":"1.3 16v GSE Automat - 110kW / 150HP (270Nm)"},{"model":"500x___","value":"1172306","text":"1.3 16v Multijet - 70kW / 95HP (200Nm)"},{"model":"500x___","value":"1172337","text":"1.4 16v MultiAir Turbo - 103kW / 140HP (230Nm)"},{"model":"500x___","value":"1172352","text":"1.4 16v MultiAir Turbo 4X4 - 125kW / 170HP (250Nm)"},{"model":"500x___","value":"1172372","text":"1.6 16v E-torQ 110 4x2 - 81kW / 110HP (152Nm)"},{"model":"500x___","value":"1172325","text":"1.6 16v MultiJet II 120 4x2 Cross - 88kW / 120HP (320Nm)"},{"model":"500x___","value":"1172327","text":"2.0 16v Multijet II 140 4x4 Cross Automatic - 103kW / 140HP (350Nm)"},{"model":"500x___","value":"1172384","text":"2.4L 16v Multiair II - 137kW / 186HP (232Nm)"},{"model":"albea___","value":"1172394","text":"1.4  8v - 56kW / 76HP (0Nm)"},{"model":"argo__(x6h)_(358)","value":"1172395","text":"1.0 6v FireFly FLEX - 53kW / 72HP (102Nm)"},{"model":"argo__(x6h)_(358)","value":"1172399","text":"1.3 8v FireFly FLEX - 74kW / 101HP (134Nm)"},{"model":"argo__(x6h)_(358)","value":"1172403","text":"1.8 16v E.TorQ FLEX - 99kW / 135HP (184Nm)"},{"model":"bravo_(_1st)__","value":"1172412","text":"1.2 16v 80 - 60kW / 82HP (113Nm)"},{"model":"bravo_(_1st)__","value":"1172407","text":"1.9  8v JTD 100 - 74kW / 101HP (200Nm)"},{"model":"bravo_(_1st)__","value":"1172409","text":"1.9  8v JTD 105 - 77kW / 105HP (144Nm)"},{"model":"bravo_(_1st)__","value":"1172416","text":"2.0 20v 155 HGT - 113kW / 154HP (186Nm)"},{"model":"bravo_(_2nd)__","value":"1172517","text":"1.4 16v 90 - 66kW / 90HP (128Nm)"},{"model":"bravo_(_2nd)__","value":"1172525","text":"1.4 16v MultiAir Turbo 140 - 103kW / 140HP (230Nm)"},{"model":"bravo_(_2nd)__","value":"1172541","text":"1.4 16v T-Jet 120 - 88kW / 120HP (200Nm)"},{"model":"bravo_(_2nd)__","value":"1172540","text":"1.4 16v T-Jet 120 - 88kW / 120HP (206Nm)"},{"model":"bravo_(_2nd)__","value":"1172548","text":"1.4 16v T-Jet 120 Automatic - 88kW / 120HP (206Nm)"},{"model":"bravo_(_2nd)__","value":"1172555","text":"1.4 16v T-Jet 150 - 110kW / 150HP (206Nm)"},{"model":"bravo_(_2nd)__","value":"1172419","text":"1.6 16v Multijet 105 - 77kW / 105HP (290Nm)"},{"model":"bravo_(_2nd)__","value":"1172425","text":"1.6 16v Multijet 105 DPF - 77kW / 105HP (290Nm)"},{"model":"bravo_(_2nd)__","value":"1172437","text":"1.6 16v Multijet 120 DPF - 88kW / 120HP (300Nm)"},{"model":"bravo_(_2nd)__","value":"1172452","text":"1.6 16v Multijet 120 DPF Automatic - 88kW / 120HP (300Nm)"},{"model":"bravo_(_2nd)__","value":"1172465","text":"1.6 16v Multijet 90 - 66kW / 90HP (290Nm)"},{"model":"bravo_(_2nd)__","value":"1172469","text":"1.6 16v Multijet 90 DPF - 66kW / 90HP (290Nm)"},{"model":"bravo_(_2nd)__","value":"1172559","text":"1.8 16v E.TorQ - 98kW / 133HP (206Nm)"},{"model":"bravo_(_2nd)__","value":"1172479","text":"1.9   8v Multijet 116 DPF - 85kW / 116HP (255Nm)"},{"model":"bravo_(_2nd)__","value":"1172485","text":"1.9   8v Multijet 120 DPF - 88kW / 120HP (255Nm)"},{"model":"bravo_(_2nd)__","value":"1172491","text":"1.9   8v Multijet 90 DPF - 66kW / 90HP (255Nm)"},{"model":"bravo_(_2nd)__","value":"1172497","text":"1.9 16v Multijet 150 DPF - 110kW / 150HP (320Nm)"},{"model":"bravo_(_2nd)__","value":"1172503","text":"2.0 16v Multijet 165 DPF - 121kW / 165HP (360Nm)"},{"model":"coupe___","value":"1172564","text":"2.0 20v - 113kW / 154HP (0Nm)"},{"model":"croma_(_2nd)__","value":"1172565","text":"1.9 16v Mjet - 88kW / 120HP (0Nm)"},{"model":"croma_(_2nd)__","value":"1172566","text":"1.9 16v Mjet - 110kW / 150HP (0Nm)"},{"model":"croma_(_2nd)__","value":"1172569","text":"2.4 20v Mjet - 147kW / 200HP (0Nm)"},{"model":"cronos__(x6s)_(358s)","value":"1172571","text":"1.3 8v FireFly FLEX - 74kW / 101HP (134Nm)"},{"model":"cronos__(x6s)_(358s)","value":"1172573","text":"1.8 16v E.TorQ FLEX - 99kW / 135HP (184Nm)"},{"model":"doblo_(_1st)__","value":"1172657","text":"1.2  8v - 48kW / 65HP (102Nm)"},{"model":"doblo_(_1st)__","value":"1172575","text":"1.3 16v Multijet - 51kW / 69HP (180Nm)"},{"model":"doblo_(_1st)__","value":"1172578","text":"1.3 16v Multijet - 55kW / 75HP (180Nm)"},{"model":"doblo_(_1st)__","value":"1172589","text":"1.3 16v Multijet DPF - 63kW / 86HP (200Nm)"},{"model":"doblo_(_1st)__","value":"1172662","text":"1.4  8v - 56kW / 76HP (115Nm)"},{"model":"doblo_(_1st)__","value":"1172668","text":"1.6 16v - 76kW / 103HP (145Nm)"},{"model":"doblo_(_1st)__","value":"1172673","text":"1.6 16v Natural Power - 76kW / 103HP (130Nm)"},{"model":"doblo_(_1st)__","value":"1172613","text":"1.9  8v JTD - 74kW / 101HP (200Nm)"},{"model":"doblo_(_1st)__","value":"1172615","text":"1.9  8v JTD - 77kW / 105HP (205Nm)"},{"model":"doblo_(_1st)__","value":"1172622","text":"1.9  8v Multijet - 74kW / 101HP (200Nm)"},{"model":"doblo_(_1st)__","value":"1172621","text":"1.9  8v Multijet - 77kW / 105HP (205Nm)"},{"model":"doblo_(_1st)__","value":"1172645","text":"1.9  8v Multijet DPF - 88kW / 120HP (200Nm)"},{"model":"doblo_(_2nd)__","value":"1172681","text":"1.3 Multijet 16v 90 DPF - 66kW / 90HP (200Nm)"},{"model":"doblo_(_2nd)__","value":"1172740","text":"1.4 16v 95 - 70kW / 95HP (127Nm)"},{"model":"doblo_(_2nd)__","value":"1172745","text":"1.4 16v T-Jet 120 - 88kW / 120HP (206Nm)"},{"model":"doblo_(_2nd)__","value":"1172750","text":"1.4 16v T-Jet 120 Natural Power - 88kW / 120HP (206Nm)"},{"model":"doblo_(_2nd)__","value":"1172696","text":"1.6 Multijet 16v 105 DPF - 77kW / 105HP (290Nm)"},{"model":"doblo_(_2nd)__","value":"1172707","text":"1.6 Multijet 16v 90 DPF - 66kW / 90HP (200Nm)"},{"model":"doblo_(_2nd)__","value":"1172718","text":"1.6 Multijet 16V 90 DPF Automatic - 66kW / 90HP (200Nm)"},{"model":"doblo_(_2nd)__","value":"1172729","text":"2.0 Multijet 16v 135 DPF - 99kW / 135HP (320Nm)"},{"model":"ducato___","value":"1172833","text":"2.0  8v - 81kW / 110HP (0Nm)"},{"model":"ducato___","value":"1172823","text":"2.0 Jtd - 62kW / 84HP (0Nm)"},{"model":"ducato___","value":"1172824","text":"2.2 Mjet - 74kW / 101HP (0Nm)"},{"model":"ducato___","value":"1172825","text":"2.3 Jtd - 81kW / 110HP (0Nm)"},{"model":"ducato___","value":"1172826","text":"2.3 Mjet - 88kW / 120HP (0Nm)"},{"model":"ducato___","value":"1172827","text":"2.3 Mjet - 96kW / 131HP (0Nm)"},{"model":"ducato___","value":"1172828","text":"2.8 Jtd - 93kW / 126HP (0Nm)"},{"model":"ducato___","value":"1172829","text":"2.8 Jtd Power - 107kW / 146HP (0Nm)"},{"model":"ducato___","value":"1172830","text":"3.0 Mjet - 118kW / 160HP (0Nm)"},{"model":"ducato___","value":"1172831","text":"3.0 Mjet Power - 132kW / 180HP (0Nm)"},{"model":"ducato_(_3rd)__","value":"1172755","text":"2.0 16v Mjet - 85kW / 115HP (280Nm)"},{"model":"ducato_(_3rd)__","value":"1172769","text":"2.2 Mjet - 81kW / 110HP (250Nm)"},{"model":"ducato_(_3rd)__","value":"1172768","text":"2.2 Mjet - 96kW / 131HP (320Nm)"},{"model":"ducato_(_3rd)__","value":"1172771","text":"2.2 Mjet - 97kW / 132HP (320Nm)"},{"model":"ducato_(_3rd)__","value":"1172774","text":"2.2 Mjet - 98kW / 133HP (320Nm)"},{"model":"ducato_(_3rd)__","value":"1172777","text":"2.2 Mjet - 99kW / 135HP (320Nm)"},{"model":"ducato_(_3rd)__","value":"1172767","text":"2.2 Mjet - 110kW / 150HP (350Nm)"},{"model":"ducato_(_3rd)__","value":"1172779","text":"2.3 Mjet - 81kW / 110HP (0Nm)"},{"model":"ducato_(_3rd)__","value":"1172787","text":"2.3 Mjet - 96kW / 131HP (0Nm)"},{"model":"ducato_(_3rd)__","value":"1172780","text":"2.3 Mjet - 97kW / 132HP (0Nm)"},{"model":"ducato_(_3rd)__","value":"1172785","text":"2.3 Mjet - 110kW / 150HP (0Nm)"},{"model":"ducato_(_3rd)__","value":"1172781","text":"2.3 Mjet - 112kW / 152HP (0Nm)"},{"model":"ducato_(_3rd)__","value":"1172786","text":"2.3 Mjet - 130kW / 177HP (0Nm)"},{"model":"fiorino_(_3rd)__","value":"1172834","text":"1.2  8v - 44kW / 60HP (0Nm)"},{"model":"fiorino_(_3rd)__","value":"1172835","text":"1.3  8v Flexpower - 56kW / 76HP (0Nm)"},{"model":"fiorino_(_4th)__","value":"1172836","text":"1.3 16v Mjet - 55kW / 75HP (190Nm)"},{"model":"fiorino_(_4th)__","value":"1172838","text":"1.3 16v Mjet DPF - 55kW / 75HP (0Nm)"},{"model":"fiorino_(_4th)__","value":"1172839","text":"1.3 16v Mjet DPF - 70kW / 95HP (0Nm)"},{"model":"fiorino_(_4th)__","value":"1172844","text":"1.4  8v - 54kW / 73HP (0Nm)"},{"model":"freemont___","value":"1172845","text":"2.0 16v Multijet II 140 MT - 103kW / 140HP (350Nm)"},{"model":"freemont___","value":"1172860","text":"2.0 16v Multijet II 170 4x4 AT - 125kW / 170HP (350Nm)"},{"model":"freemont___","value":"1172866","text":"2.0 16v Multijet II 170 4x4 MT - 125kW / 170HP (350Nm)"},{"model":"freemont___","value":"1172872","text":"2.0 16v Multijet II 170 AT - 125kW / 170HP (350Nm)"},{"model":"freemont___","value":"1172882","text":"2.0 16v Multijet II 170 MT - 125kW / 170HP (350Nm)"},{"model":"freemont___","value":"1172887","text":"3.6 V6 - 206kW / 280HP (342Nm)"},{"model":"fullback___","value":"1172896","text":"2.4 TD - 113kW / 154HP (380Nm)"},{"model":"fullback___","value":"1172895","text":"2.4 TD - 133kW / 181HP (430Nm)"},{"model":"fullback___","value":"1172892","text":"2.4 TD Automat - 113kW / 154HP (380Nm)"},{"model":"fullback___","value":"1172891","text":"2.4 TD Automat - 133kW / 181HP (430Nm)"},{"model":"grande_punto__199_","value":"1172955","text":"1.2  8v - 48kW / 65HP (102Nm)"},{"model":"grande_punto__199_","value":"1172961","text":"1.2  8v - 51kW / 69HP (102Nm)"},{"model":"grande_punto__199_","value":"1172899","text":"1.3 16v Multijet 75 DPF - 55kW / 75HP (190Nm)"},{"model":"grande_punto__199_","value":"1172911","text":"1.3 16v Multijet 90 - 66kW / 90HP (200Nm)"},{"model":"grande_punto__199_","value":"1172921","text":"1.3 16v Multijet 90 Automatic - 66kW / 90HP (200Nm)"},{"model":"grande_punto__199_","value":"1172931","text":"1.3 16v Multijet 90 DPF - 66kW / 90HP (200Nm)"},{"model":"grande_punto__199_","value":"1172962","text":"1.4  8v - 57kW / 78HP (115Nm)"},{"model":"grande_punto__199_","value":"1172969","text":"1.4  8v Automatic - 57kW / 78HP (115Nm)"},{"model":"grande_punto__199_","value":"1172975","text":"1.4  8v LPG - 57kW / 78HP (115Nm)"},{"model":"grande_punto__199_","value":"1172978","text":"1.4  8v Natural Power - 56kW / 76HP (115Nm)"},{"model":"grande_punto__199_","value":"1172982","text":"1.4 16v - 70kW / 95HP (128Nm)"},{"model":"grande_punto__199_","value":"1172987","text":"1.4 16v T-Jet - 88kW / 120HP (200Nm)"},{"model":"grande_punto__199_","value":"1172986","text":"1.4 16v T-Jet - 88kW / 120HP (206Nm)"},{"model":"grande_punto__199_","value":"1172989","text":"1.6 16v E.TorQ - 86kW / 117HP (0Nm)"},{"model":"grande_punto__199_","value":"1172935","text":"1.6 16v Multijet 120 - 88kW / 120HP (320Nm)"},{"model":"grande_punto__199_","value":"1172939","text":"1.6 16v Multijet 120 DPF - 88kW / 120HP (320Nm)"},{"model":"grande_punto__199_","value":"1172993","text":"1.8 16v E.TorQ - 96kW / 131HP (206Nm)"},{"model":"grande_punto__199_","value":"1172943","text":"1.9  8v Multijet 120 - 88kW / 120HP (280Nm)"},{"model":"grande_punto__199_","value":"1172949","text":"1.9  8v Multijet 130 - 96kW / 131HP (280Nm)"},{"model":"idea___","value":"1172997","text":"1.3 16v Mjet - 51kW / 69HP (0Nm)"},{"model":"idea___","value":"1172999","text":"1.3 16v Mjet - 66kW / 90HP (145Nm)"},{"model":"idea___","value":"1173001","text":"1.3 16v Mjet DPF - 70kW / 95HP (0Nm)"},{"model":"idea___","value":"1173012","text":"1.4  8v - 57kW / 78HP (0Nm)"},{"model":"idea___","value":"1173013","text":"1.4 16v - 70kW / 95HP (0Nm)"},{"model":"idea___","value":"1173008","text":"1.6 16v Mjet - 88kW / 120HP (0Nm)"},{"model":"idea___","value":"1173010","text":"1.9  8v Jtd - 74kW / 101HP (0Nm)"},{"model":"linea___","value":"1173014","text":"1.3 16v Mjet DPF - 55kW / 75HP (145Nm)"},{"model":"linea___","value":"1173020","text":"1.4  8v - 57kW / 78HP (0Nm)"},{"model":"linea___","value":"1173021","text":"1.4 16v T-Jet - 88kW / 120HP (206Nm)"},{"model":"linea___","value":"1173016","text":"1.6 16v Mjet - 88kW / 120HP (0Nm)"},{"model":"linea___","value":"1173018","text":"1.9 16v Mjet - 96kW / 131HP (0Nm)"},{"model":"marea___","value":"1173025","text":"1.2 16v - 59kW / 80HP (0Nm)"},{"model":"marea___","value":"1173022","text":"1.9  8v Jtd - 77kW / 105HP (0Nm)"},{"model":"marea___","value":"1173023","text":"1.9  8v Jtd - 81kW / 110HP (0Nm)"},{"model":"marea___","value":"1173027","text":"2.0 20v - 110kW / 150HP (0Nm)"},{"model":"marea___","value":"1173026","text":"2.0 20v - 114kW / 155HP (0Nm)"},{"model":"marea___","value":"1173024","text":"2.4 Jtd - 96kW / 131HP (0Nm)"},{"model":"mille___","value":"1173028","text":"1.0  8v - 40kW / 54HP (0Nm)"},{"model":"mobi___","value":"1173029","text":"1.0 6v FireFly FLEX - 53kW / 72HP (102Nm)"},{"model":"mobi___","value":"1173033","text":"1.0 Flex - 54kW / 73HP (93Nm)"},{"model":"multipla_(_1st)__","value":"1173039","text":"1.9  8v Jtd - 77kW / 105HP (0Nm)"},{"model":"multipla_(_1st)__","value":"1173040","text":"1.9  8v Jtd - 81kW / 110HP (0Nm)"},{"model":"multipla_(_1st)__","value":"1173041","text":"1.9  8v Jtd - 85kW / 116HP (0Nm)"},{"model":"multipla_(_2nd)__","value":"1173042","text":"1.9  8v Jtd - 85kW / 116HP (0Nm)"},{"model":"multipla_(_2nd)__","value":"1173043","text":"1.9 16v Mjet - 88kW / 120HP (0Nm)"},{"model":"ottimo___","value":"1173046","text":"1.4 16v T-Jet - 90kW / 122HP (0Nm)"},{"model":"ottimo___","value":"1173045","text":"1.4 16v T-Jet - 110kW / 150HP (0Nm)"},{"model":"palio_(_4th)__","value":"1173066","text":"1.0  8v - 55kW / 75HP (0Nm)"},{"model":"palio_(_4th)__","value":"1173067","text":"1.4  8v Flexpower - 63kW / 86HP (0Nm)"},{"model":"palio_(_4th)__","value":"1173068","text":"1.8  8v FlexPower - 97kW / 132HP (0Nm)"},{"model":"palio_(_2nd)__","value":"1173050","text":"1.1  8v - 40kW / 54HP (0Nm)"},{"model":"palio_(_2nd)__","value":"1173051","text":"1.2  8v - 44kW / 60HP (0Nm)"},{"model":"palio_(_2nd)__","value":"1173052","text":"1.3 16v - 62kW / 84HP (0Nm)"},{"model":"palio_(_2nd)__","value":"1173049","text":"1.9  8v Jtd - 59kW / 80HP (0Nm)"},{"model":"palio_(_3rd)__","value":"1173059","text":"1.0 - 54kW / 73HP (0Nm)"},{"model":"palio_(_3rd)__","value":"1173058","text":"1.0  8v - 48kW / 65HP (0Nm)"},{"model":"palio_(_3rd)__","value":"1173060","text":"1.2  8v - 46kW / 63HP (0Nm)"},{"model":"palio_(_3rd)__","value":"1173061","text":"1.3 16v - 60kW / 82HP (0Nm)"},{"model":"palio_(_3rd)__","value":"1173053","text":"1.3 16v Mjet - 51kW / 69HP (0Nm)"},{"model":"palio_(_3rd)__","value":"1173055","text":"1.3 16v Mjet - 55kW / 75HP (145Nm)"},{"model":"palio_(_3rd)__","value":"1173062","text":"1.4  8v - 57kW / 78HP (0Nm)"},{"model":"palio_(_3rd)__","value":"1173063","text":"1.4  8v Flexpower - 60kW / 82HP (0Nm)"},{"model":"palio_(_3rd)__","value":"1173064","text":"1.8  8v - 81kW / 110HP (0Nm)"},{"model":"palio_(_3rd)__","value":"1173065","text":"1.8  8v - 85kW / 116HP (0Nm)"},{"model":"palio_(_3rd)__","value":"1173057","text":"1.9  8v Jtd - 81kW / 110HP (0Nm)"},{"model":"panda_(_2nd)__","value":"1173121","text":"1.1  8v - 40kW / 54HP (88Nm)"},{"model":"panda_(_2nd)__","value":"1173126","text":"1.1  8v Eco - 40kW / 54HP (88Nm)"},{"model":"panda_(_2nd)__","value":"1173129","text":"1.2  8v - 44kW / 60HP (102Nm)"},{"model":"panda_(_2nd)__","value":"1173134","text":"1.2  8v - 51kW / 69HP (102Nm)"},{"model":"panda_(_2nd)__","value":"1173143","text":"1.2  8v 4x4 - 44kW / 60HP (102Nm)"},{"model":"panda_(_2nd)__","value":"1173150","text":"1.2  8v 4x4 - 51kW / 69HP (102Nm)"},{"model":"panda_(_2nd)__","value":"1173155","text":"1.2  8v Automatic - 44kW / 60HP (102Nm)"},{"model":"panda_(_2nd)__","value":"1173163","text":"1.2  8v Eco - 44kW / 60HP (102Nm)"},{"model":"panda_(_2nd)__","value":"1173166","text":"1.2  8v Natural Power - 38kW / 52HP (88Nm)"},{"model":"panda_(_2nd)__","value":"1173167","text":"1.2  8v Natural Power - 44kW / 60HP (102Nm)"},{"model":"panda_(_2nd)__","value":"1173069","text":"1.3 16v Multijet - 51kW / 69HP (145Nm)"},{"model":"panda_(_2nd)__","value":"1173083","text":"1.3 16v Multijet 4x4 - 51kW / 69HP (145Nm)"},{"model":"panda_(_2nd)__","value":"1173095","text":"1.3 16v Multijet DPF - 55kW / 75HP (145Nm)"},{"model":"panda_(_2nd)__","value":"1173112","text":"1.3 16v Multijet DPF 4x4 - 55kW / 75HP (145Nm)"},{"model":"panda_(_2nd)__","value":"1173176","text":"1.4  8v Natural Power - 51kW / 69HP (104Nm)"},{"model":"panda_(_2nd)__","value":"1173177","text":"1.4  8v Natural Power - 57kW / 78HP (115Nm)"},{"model":"panda_(_3rd)__","value":"1173228","text":"0.9  8v Natural Power - 59kW / 80HP (140Nm)"},{"model":"panda_(_3rd)__","value":"1173238","text":"0.9  8v TwinAir Turbo 85 - 62kW / 84HP (145Nm)"},{"model":"panda_(_3rd)__","value":"1173248","text":"0.9  8v TwinAir Turbo 90 - 66kW / 90HP (145Nm)"},{"model":"panda_(_3rd)__","value":"1173254","text":"0.9  8v TwinAir Turbo 90 4x4 - 66kW / 90HP (145Nm)"},{"model":"panda_(_3rd)__","value":"1173260","text":"1.2  8v - 51kW / 69HP (102Nm)"},{"model":"panda_(_3rd)__","value":"1173186","text":"1.3 16v Multijet - 59kW / 80HP (0Nm)"},{"model":"panda_(_3rd)__","value":"1173192","text":"1.3 16v Multijet - 70kW / 95HP (200Nm)"},{"model":"panda_(_3rd)__","value":"1173180","text":"1.3 16v Multijet 4x4 - 70kW / 95HP (200Nm)"},{"model":"panda_(_3rd)__","value":"1173204","text":"1.3 16v Multijet II 75 - 55kW / 75HP (190Nm)"},{"model":"panda_(_3rd)__","value":"1173216","text":"1.3 16v Multijet II 75 4x4 - 55kW / 75HP (190Nm)"},{"model":"punto_(_2nd)_188_","value":"1173319","text":"1.2  8v - 44kW / 60HP (102Nm)"},{"model":"punto_(_2nd)_188_","value":"1173330","text":"1.2  8v Automatic - 44kW / 60HP (102Nm)"},{"model":"punto_(_2nd)_188_","value":"1173334","text":"1.2  8v GPL - 44kW / 60HP (102Nm)"},{"model":"punto_(_2nd)_188_","value":"1173336","text":"1.2  8v Natural Power - 44kW / 60HP (102Nm)"},{"model":"punto_(_2nd)_188_","value":"1173344","text":"1.2 16v - 59kW / 80HP (114Nm)"},{"model":"punto_(_2nd)_188_","value":"1173353","text":"1.2 16v Speedgear - 59kW / 80HP (114Nm)"},{"model":"punto_(_2nd)_188_","value":"1173278","text":"1.3 16v Multijet - 51kW / 69HP (180Nm)"},{"model":"punto_(_2nd)_188_","value":"1173294","text":"1.3 16v Multijet Automatic - 51kW / 69HP (180Nm)"},{"model":"punto_(_2nd)_188_","value":"1173362","text":"1.4 16v - 70kW / 95HP (128Nm)"},{"model":"punto_(_2nd)_188_","value":"1173366","text":"1.4 16v Sporting - 70kW / 95HP (128Nm)"},{"model":"punto_(_2nd)_188_","value":"1173302","text":"1.9  8v JTD 80 - 59kW / 80HP (196Nm)"},{"model":"punto_(_2nd)_188_","value":"1173305","text":"1.9  8v JTD 85 - 62kW / 84HP (196Nm)"},{"model":"punto_(_2nd)_188_","value":"1173308","text":"1.9  8v JTD 85 - 63kW / 86HP (196Nm)"},{"model":"punto_(_2nd)_188_","value":"1173313","text":"1.9  8v Multijet - 73kW / 99HP (260Nm)"},{"model":"punto_(_3rd)_199_","value":"1173411","text":"0.9 16v TwinAir Turbo 105 - 77kW / 105HP (145Nm)"},{"model":"punto_(_3rd)_199_","value":"1173417","text":"0.9 16v TwinAir Turbo 85 - 62kW / 84HP (145Nm)"},{"model":"punto_(_3rd)_199_","value":"1173422","text":"1.2  8v - 51kW / 69HP (102Nm)"},{"model":"punto_(_3rd)_199_","value":"1173370","text":"1.3 16v Multijet - 70kW / 95HP (200Nm)"},{"model":"punto_(_3rd)_199_","value":"1173378","text":"1.3 16v Multijet 75 - 55kW / 75HP (190Nm)"},{"model":"punto_(_3rd)_199_","value":"1173390","text":"1.3 16v Multijet 85 Eco - 62kW / 84HP (200Nm)"},{"model":"punto_(_3rd)_199_","value":"1173402","text":"1.3 16v Multijet 95 - 70kW / 95HP (200Nm)"},{"model":"punto_(_3rd)_199_","value":"1173433","text":"1.4  8v Easy Power - 57kW / 78HP (115Nm)"},{"model":"punto_(_3rd)_199_","value":"1173436","text":"1.4  8v Natural Power - 51kW / 69HP (104Nm)"},{"model":"punto_(_3rd)_199_","value":"1173437","text":"1.4  8v Natural Power - 56kW / 76HP (115Nm)"},{"model":"punto_(_3rd)_199_","value":"1173442","text":"1.4 16v MultiAir 105 - 77kW / 105HP (130Nm)"},{"model":"punto_(_3rd)_199_","value":"1173454","text":"1.4 16v MultiAir 135 - 99kW / 135HP (206Nm)"},{"model":"punto_evo__199_","value":"1173507","text":"1.2  8v - 48kW / 65HP (102Nm)"},{"model":"punto_evo__199_","value":"1173511","text":"1.2  8v - 50kW / 68HP (102Nm)"},{"model":"punto_evo__199_","value":"1173466","text":"1.3 16v Multijet 75 DPF - 55kW / 75HP (190Nm)"},{"model":"punto_evo__199_","value":"1173475","text":"1.3 16v Multijet 90 - 66kW / 90HP (200Nm)"},{"model":"punto_evo__199_","value":"1173479","text":"1.3 16v Multijet 90 Automatic - 66kW / 90HP (200Nm)"},{"model":"punto_evo__199_","value":"1173483","text":"1.3 16v Multijet 95 DPF - 70kW / 95HP (200Nm)"},{"model":"punto_evo__199_","value":"1173492","text":"1.3 16v Multijet 95 DPF Automatic - 70kW / 95HP (200Nm)"},{"model":"punto_evo__199_","value":"1173521","text":"1.4  8v - 57kW / 78HP (115Nm)"},{"model":"punto_evo__199_","value":"1173533","text":"1.4  8v Automatic - 57kW / 78HP (115Nm)"},{"model":"punto_evo__199_","value":"1173545","text":"1.4  8v GPL - 56kW / 76HP (115Nm)"},{"model":"punto_evo__199_","value":"1173555","text":"1.4  8v Natural Power - 51kW / 69HP (104Nm)"},{"model":"punto_evo__199_","value":"1173556","text":"1.4  8v Natural Power - 57kW / 78HP (104Nm)"},{"model":"punto_evo__199_","value":"1173579","text":"1.4 16v MultiAir 105 - 77kW / 105HP (130Nm)"},{"model":"punto_evo__199_","value":"1173591","text":"1.4 16v MultiAir 135 - 99kW / 135HP (206Nm)"},{"model":"punto_evo__199_","value":"1173501","text":"1.6 16v Multijet 120 DPF - 88kW / 120HP (320Nm)"},{"model":"qubo___","value":"1173603","text":"1.3 16v Mjet - 55kW / 75HP (145Nm)"},{"model":"qubo___","value":"1173605","text":"1.3 16v Mjet DPF - 70kW / 95HP (0Nm)"},{"model":"qubo___","value":"1173608","text":"1.3 16v Multijet - 59kW / 80HP (0Nm)"},{"model":"qubo___","value":"1173617","text":"1.3 16v Multijet - 70kW / 95HP (0Nm)"},{"model":"qubo___","value":"1173630","text":"1.4  8v - 54kW / 73HP (0Nm)"},{"model":"qubo___","value":"1173629","text":"1.4  8v - 57kW / 78HP (0Nm)"},{"model":"scudo_(_2nd)__","value":"1173634","text":"1.6 16v Mjet - 66kW / 90HP (0Nm)"},{"model":"scudo_(_2nd)__","value":"1173639","text":"2.0 16v - 100kW / 136HP (0Nm)"},{"model":"scudo_(_2nd)__","value":"1173636","text":"2.0 16v Mjet - 88kW / 120HP (0Nm)"},{"model":"scudo_(_2nd)__","value":"1173638","text":"2.0 16v Mjet - 93kW / 126HP (0Nm)"},{"model":"scudo_(_2nd)__","value":"1173635","text":"2.0 16v Mjet - 100kW / 136HP (0Nm)"},{"model":"scudo_(_2nd)__","value":"1173637","text":"2.0 16v Mjet - 120kW / 163HP (0Nm)"},{"model":"scudo_(_1st)__","value":"1173631","text":"2.0  8v Jtd - 69kW / 94HP (0Nm)"},{"model":"scudo_(_1st)__","value":"1173633","text":"2.0 16v - 100kW / 136HP (0Nm)"},{"model":"scudo_(_1st)__","value":"1173632","text":"2.0 16v Jtd - 80kW / 109HP (0Nm)"},{"model":"sedici___","value":"1173642","text":"1.6 16v VVT - 88kW / 120HP (156Nm)"},{"model":"sedici___","value":"1173640","text":"1.9  8v Mjet - 88kW / 120HP (0Nm)"},{"model":"sedici___","value":"1173641","text":"2.0 16v Mjet - 100kW / 136HP (0Nm)"},{"model":"seicento___","value":"1173644","text":"1.1  8v - 40kW / 54HP (0Nm)"},{"model":"siena___","value":"1173646","text":"1.0  8v Flexpower - 48kW / 65HP (0Nm)"},{"model":"siena___","value":"1173647","text":"1.3  8v - 54kW / 73HP (0Nm)"},{"model":"siena___","value":"1173648","text":"1.4  8v - 51kW / 69HP (0Nm)"},{"model":"siena___","value":"1173649","text":"1.4 16v Bipower - 60kW / 82HP (0Nm)"},{"model":"siena___","value":"1173651","text":"1.6 16v - 74kW / 101HP (0Nm)"},{"model":"siena___","value":"1173650","text":"1.6 16v - 76kW / 103HP (0Nm)"},{"model":"siena___","value":"1173652","text":"1.8  8v FlexPower - 97kW / 132HP (0Nm)"},{"model":"stilo___","value":"1173662","text":"1.2 16v - 59kW / 80HP (0Nm)"},{"model":"stilo___","value":"1173663","text":"1.4 16v - 70kW / 95HP (0Nm)"},{"model":"stilo___","value":"1173664","text":"1.6 16v - 76kW / 103HP (0Nm)"},{"model":"stilo___","value":"1173665","text":"1.6 16v - 77kW / 105HP (0Nm)"},{"model":"stilo___","value":"1173654","text":"1.9  8v Jtd - 59kW / 80HP (0Nm)"},{"model":"stilo___","value":"1173655","text":"1.9  8v Jtd - 74kW / 101HP (0Nm)"},{"model":"stilo___","value":"1173653","text":"1.9  8v Jtd - 85kW / 116HP (0Nm)"},{"model":"stilo___","value":"1173656","text":"1.9  8v Mjet - 88kW / 120HP (0Nm)"},{"model":"stilo___","value":"1173658","text":"1.9 16v Mjet - 103kW / 140HP (0Nm)"},{"model":"stilo___","value":"1173660","text":"1.9 16v Mjet - 110kW / 150HP (0Nm)"},{"model":"stilo___","value":"1173666","text":"2.4 20v - 125kW / 170HP (0Nm)"},{"model":"strada_(_3rd)__","value":"1173671","text":"1.2  8v - 44kW / 60HP (0Nm)"},{"model":"strada_(_3rd)__","value":"1173670","text":"1.2  8v - 54kW / 73HP (0Nm)"},{"model":"strada_(_3rd)__","value":"1173667","text":"1.3 16v Mjet DPF - 63kW / 86HP (200Nm)"},{"model":"strada_(_3rd)__","value":"1173672","text":"1.8  8v FlexPower - 77kW / 105HP (0Nm)"},{"model":"strada_(_3rd)__","value":"1173669","text":"1.9  8v Jtd - 59kW / 80HP (0Nm)"},{"model":"strada_(_4th)__","value":"1173673","text":"1.3 16v Mjet DPF - 70kW / 95HP (0Nm)"},{"model":"strada_(_4th)__","value":"1173676","text":"1.4  8v Flexpower - 63kW / 86HP (0Nm)"},{"model":"strada_(_4th)__","value":"1173677","text":"1.6 16v Flexpower - 86kW / 117HP (0Nm)"},{"model":"strada_(_4th)__","value":"1173678","text":"1.8  8v FlexPower - 97kW / 132HP (0Nm)"},{"model":"talento___","value":"1173679","text":"1.6 16v EcoJet TwinTurbo - 92kW / 125HP (320Nm)"},{"model":"talento___","value":"1173687","text":"1.6 16v EcoJet TwinTurbo - 88kW / 120HP (300Nm)"},{"model":"talento___","value":"1173685","text":"1.6 16v EcoJet TwinTurbo - 107kW / 146HP (340Nm)"},{"model":"talento___","value":"1173694","text":"1.6 16v EcoJet TwinTurbo - 70kW / 95HP (260Nm)"},{"model":"talento___","value":"1173700","text":"1.6 16v Multijet - 88kW / 120HP (300Nm)"},{"model":"tipo___","value":"1173706","text":"1.3 16v Multijet - 70kW / 95HP (200Nm)"},{"model":"tipo___","value":"1173730","text":"1.4 16v - 70kW / 95HP (127Nm)"},{"model":"tipo___","value":"1173736","text":"1.4 16v T-Jet MultiAir - 88kW / 120HP (206Nm)"},{"model":"tipo___","value":"1173742","text":"1.6 16v E-torQ - 81kW / 110HP (152Nm)"},{"model":"tipo___","value":"1173724","text":"1.6 16v Multijet - 70kW / 95HP (320Nm)"},{"model":"toro___","value":"1173759","text":"1.8 16v E.TorQ FLEX - 99kW / 135HP (184Nm)"},{"model":"toro___","value":"1173747","text":"2.0 16v Multijet - 125kW / 170HP (350Nm)"},{"model":"toro___","value":"1173753","text":"2.0 16v Multijet Automat - 125kW / 170HP (350Nm)"},{"model":"toro___","value":"1173763","text":"2.4L 16v Multiair II - 137kW / 186HP (232Nm)"},{"model":"ulysse_(_1st)__","value":"1173766","text":"2.0  8v Jtd - 81kW / 110HP (0Nm)"},{"model":"ulysse_(_1st)__","value":"1173767","text":"2.0 16v Jtd - 81kW / 110HP (0Nm)"},{"model":"ulysse_(_2nd)__","value":"1173773","text":"2.0 16v - 100kW / 136HP (0Nm)"},{"model":"ulysse_(_2nd)__","value":"1173768","text":"2.0 16v Jtd - 81kW / 110HP (0Nm)"},{"model":"ulysse_(_2nd)__","value":"1173769","text":"2.0 16v Jtd - 88kW / 120HP (0Nm)"},{"model":"ulysse_(_2nd)__","value":"1173770","text":"2.0 16v Jtd - 100kW / 136HP (0Nm)"},{"model":"ulysse_(_2nd)__","value":"1173771","text":"2.2 16v Jtd - 94kW / 128HP (0Nm)"},{"model":"ulysse_(_2nd)__","value":"1173772","text":"2.2 16v Jtd TwinTurbo - 125kW / 170HP (0Nm)"},{"model":"uno___","value":"1173782","text":"1.0  8v - 40kW / 54HP (0Nm)"},{"model":"uno___","value":"1173783","text":"1.0  8v Flexpower - 49kW / 67HP (0Nm)"},{"model":"uno___","value":"1173784","text":"1.0 Flex - 54kW / 73HP (93Nm)"},{"model":"uno___","value":"1173788","text":"1.2  8v - 44kW / 60HP (0Nm)"},{"model":"uno___(327)","value":"1173774","text":"1.0 6v FireFly FLEX - 53kW / 72HP (102Nm)"},{"model":"uno___(327)","value":"1173778","text":"1.3 8v FireFly FLEX - 74kW / 101HP (134Nm)"},{"model":"viaggio___","value":"1173789","text":"1.4 16v T-Jet - 90kW / 122HP (0Nm)"},{"model":"viaggio___","value":"1173790","text":"1.4 16v T-Jet - 110kW / 150HP (0Nm)"}]