[{"model":"b-max__jk_","value":"1173861","text":"1.0 EcoBoost - 74kW / 101HP (169Nm)"},{"model":"b-max__jk_","value":"1173852","text":"1.0 EcoBoost - 74kW / 100HP (170Nm)"},{"model":"b-max__jk_","value":"1173860","text":"1.0 EcoBoost - 88kW / 120HP (200Nm)"},{"model":"b-max__jk_","value":"1173853","text":"1.0 EcoBoost - 92kW / 125HP (170Nm)"},{"model":"b-max__jk_","value":"1173897","text":"1.0 EcoBoost - 103kW / 140HP (180Nm)"},{"model":"b-max__jk_","value":"1173896","text":"1.0 EcoBoost - 103kW / 140HP (201Nm)"},{"model":"b-max__jk_","value":"1173936","text":"1.4 Duratec - 66kW / 90HP (128Nm)"},{"model":"b-max__jk_","value":"1173810","text":"1.5 Duratorq TDCi - 55kW / 75HP (185Nm)"},{"model":"b-max__jk_","value":"1173816","text":"1.5 Duratorq TDCi - 70kW / 95HP (215Nm)"},{"model":"b-max__jk_","value":"1173942","text":"1.6 Duratec TI-VCT Automat - 77kW / 105HP (150Nm)"},{"model":"b-max__jk_","value":"1173840","text":"1.6 Duratorq TDCi - 70kW / 95HP (215Nm)"},{"model":"bantam___","value":"1173797","text":"1.4 TDCI - 50kW / 68HP (160Nm)"},{"model":"bantam___","value":"1173800","text":"1.8D MT - 44kW / 60HP (106Nm)"},{"model":"c-max__dm2_","value":"1174076","text":"1.6 - 74kW / 101HP (146Nm)"},{"model":"c-max__dm2_","value":"1173948","text":"1.6 TDCi - 66kW / 90HP (215Nm)"},{"model":"c-max__dm2_","value":"1173952","text":"1.6 TDCi - 74kW / 101HP (0Nm)"},{"model":"c-max__dm2_","value":"1173949","text":"1.6 TDCi - 80kW / 109HP (240Nm)"},{"model":"c-max__dm2_","value":"1174012","text":"1.6 TDCi Automat - 80kW / 109HP (240Nm)"},{"model":"c-max__dm2_","value":"1174098","text":"1.8 - 90kW / 122HP (166Nm)"},{"model":"c-max__dm2_","value":"1174096","text":"1.8 - 92kW / 125HP (166Nm)"},{"model":"c-max__dm2_","value":"1174036","text":"1.8 TDCi - 85kW / 116HP (280Nm)"},{"model":"c-max__dm2_","value":"1174108","text":"2.0 - 107kW / 146HP (185Nm)"},{"model":"c-max__dm2_","value":"1174060","text":"2.0 TDCi - 100kW / 136HP (320Nm)"},{"model":"c-max__dm2_","value":"1174044","text":"2.0 TDCi Automat - 81kW / 110HP (275Nm)"},{"model":"c-max__dm2_","value":"1174040","text":"2.0 TDCi Automat - 100kW / 136HP (320Nm)"},{"model":"c-max__dxa_","value":"1174231","text":"1.0 EcoBoost - 74kW / 100HP (170Nm)"},{"model":"c-max__dxa_","value":"1174232","text":"1.0 EcoBoost - 92kW / 125HP (170Nm)"},{"model":"c-max__dxa_","value":"1174346","text":"1.5 EcoBoost - 110kW / 150HP (240Nm)"},{"model":"c-max__dxa_","value":"1174343","text":"1.5 EcoBoost Automat - 134kW / 182HP (240Nm)"},{"model":"c-max__dxa_","value":"1174132","text":"1.5 TDCi - 70kW / 95HP (250Nm)"},{"model":"c-max__dxa_","value":"1174133","text":"1.5 TDCi - 88kW / 120HP (270Nm)"},{"model":"c-max__dxa_","value":"1174120","text":"1.5 TDCi Automat - 88kW / 120HP (300Nm)"},{"model":"c-max__dxa_","value":"1174150","text":"1.5 TDCi ECOnetic - 77kW / 105HP (270Nm)"},{"model":"c-max__dxa_","value":"1174352","text":"1.6 Duratec TI-VCT - 63kW / 86HP (141Nm)"},{"model":"c-max__dxa_","value":"1174350","text":"1.6 Duratec TI-VCT - 77kW / 105HP (150Nm)"},{"model":"c-max__dxa_","value":"1174349","text":"1.6 Duratec TI-VCT - 92kW / 125HP (159Nm)"},{"model":"c-max__dxa_","value":"1174376","text":"1.6 Duratec TI-VCT Lpg - 86kW / 117HP (140Nm)"},{"model":"c-max__dxa_","value":"1174160","text":"1.6 Duratorq TDCi - 70kW / 95HP (230Nm)"},{"model":"c-max__dxa_","value":"1174156","text":"1.6 Duratorq TDCi - 85kW / 116HP (270Nm)"},{"model":"c-max__dxa_","value":"1174386","text":"1.6 EcoBoost - 110kW / 150HP (240Nm)"},{"model":"c-max__dxa_","value":"1174384","text":"1.6 EcoBoost - 134kW / 182HP (240Nm)"},{"model":"c-max__dxa_","value":"1174432","text":"1.6 Flexifuel - 88kW / 120HP (159Nm)"},{"model":"c-max__dxa_","value":"1174217","text":"2.0 Duratorq TDCi - 103kW / 140HP (320Nm)"},{"model":"c-max__dxa_","value":"1174226","text":"2.0 Duratorq TDCi - 110kW / 150HP (370Nm)"},{"model":"c-max__dxa_","value":"1174216","text":"2.0 Duratorq TDCi - 120kW / 163HP (340Nm)"},{"model":"c-max__dxa_","value":"1174194","text":"2.0 Duratorq TDCi Automat - 85kW / 116HP (300Nm)"},{"model":"c-max__dxa_","value":"1174192","text":"2.0 Duratorq TDCi Automat - 103kW / 140HP (320Nm)"},{"model":"c-max__dxa_","value":"1174207","text":"2.0 Duratorq TDCi Automat - 110kW / 150HP (370Nm)"},{"model":"c-max__dxa_","value":"1174193","text":"2.0 Duratorq TDCi Automat - 120kW / 163HP (340Nm)"},{"model":"c-max__dxa_","value":"1174208","text":"2.0 Duratorq TDCi Automat - 125kW / 170HP (400Nm)"},{"model":"contour___","value":"1174446","text":"2.0 - 93kW / 126HP (176Nm)"},{"model":"contour___","value":"1174441","text":"2.0 Automat - 93kW / 126HP (176Nm)"},{"model":"contour___","value":"1174456","text":"2.5 - 125kW / 170HP (220Nm)"},{"model":"contour___","value":"1174458","text":"2.5 - 145kW / 197HP (224Nm)"},{"model":"contour___","value":"1174460","text":"2.5 - 149kW / 203HP (229Nm)"},{"model":"contour___","value":"1174451","text":"2.5 Automat - 125kW / 170HP (220Nm)"},{"model":"cougar__ec_","value":"1174466","text":"2.0 - 96kW / 131HP (178Nm)"},{"model":"cougar__ec_","value":"1174470","text":"2.5 V6 - 125kW / 170HP (220Nm)"},{"model":"cougar__ec_","value":"1174474","text":"2.5 V6 AT - 125kW / 170HP (220Nm)"},{"model":"courier___","value":"1174477","text":"1.3 - 44kW / 60HP (103Nm)"},{"model":"courier___","value":"1174487","text":"1.4 - 66kW / 90HP (0Nm)"},{"model":"courier___","value":"1174490","text":"1.6 - 76kW / 103HP (0Nm)"},{"model":"crown_victoria___","value":"1174493","text":"4.6 V8 Automat - 160kW / 218HP (373Nm)"},{"model":"crown_victoria___","value":"1174494","text":"4.6 V8 Automat - 165kW / 224HP (360Nm)"},{"model":"crown_victoria___","value":"1174495","text":"4.6 V8 Automat - 167kW / 227HP (370Nm)"},{"model":"crown_victoria___","value":"1174503","text":"4.6 V8 Automat - 175kW / 238HP (373Nm)"},{"model":"crown_victoria___","value":"1174502","text":"4.6 V8 Automat - 178kW / 242HP (390Nm)"},{"model":"crown_victoria___","value":"1174496","text":"4.6 V8 Automat - 184kW / 250HP (0Nm)"},{"model":"e-series___","value":"1175053","text":"4.6 AT - 168kW / 228HP (388Nm)"},{"model":"e-series___","value":"1175072","text":"5.4 AT - 190kW / 258HP (438Nm)"},{"model":"e-series___","value":"1175038","text":"6.0 AT - 175kW / 238HP (678Nm)"},{"model":"e-series___","value":"1175092","text":"6.8 AT - 224kW / 305HP (569Nm)"},{"model":"e-series___","value":"1175043","text":"7.3 AT - 157kW / 214HP (576Nm)"},{"model":"e-series___","value":"1175047","text":"7.3 AT - 175kW / 238HP (678Nm)"},{"model":"ecosport___","value":"1174685","text":"1.0 - 92kW / 125HP (170Nm)"},{"model":"ecosport___","value":"1174716","text":"1.0 EcoBoost - 74kW / 101HP (170Nm)"},{"model":"ecosport___","value":"1174715","text":"1.0 EcoBoost - 92kW / 125HP (170Nm)"},{"model":"ecosport___","value":"1174727","text":"1.0 SC - 70kW / 95HP (123Nm)"},{"model":"ecosport___","value":"1174672","text":"1.4 TDCi - 50kW / 68HP (160Nm)"},{"model":"ecosport___","value":"1174731","text":"1.5 - 81kW / 110HP (0Nm)"},{"model":"ecosport___","value":"1174682","text":"1.5 TDCi - 74kW / 100HP (215Nm)"},{"model":"ecosport___","value":"1174737","text":"1.6 - 72kW / 98HP (0Nm)"},{"model":"ecosport___","value":"1174748","text":"1.6 Flex - 74kW / 101HP (142Nm)"},{"model":"ecosport___","value":"1174747","text":"1.6 Flex - 82kW / 112HP (153Nm)"},{"model":"ecosport___","value":"1174783","text":"2.0 - 107kW / 146HP (185Nm)"},{"model":"ecosport___","value":"1174773","text":"2.0 4WD - 107kW / 146HP (185Nm)"},{"model":"ecosport___","value":"1174763","text":"2.0 Automat - 107kW / 146HP (185Nm)"},{"model":"ecosport___","value":"1174813","text":"2.0 Flex - 105kW / 143HP (187Nm)"},{"model":"ecosport___","value":"1174803","text":"2.0 Flex 4WD - 105kW / 143HP (187Nm)"},{"model":"ecosport___","value":"1174793","text":"2.0 Flex Automat - 105kW / 143HP (187Nm)"},{"model":"ecosport__bua_","value":"1174557","text":"1.5 Duratorq TDCi - 66kW / 90HP (205Nm)"},{"model":"ecosport__bua_","value":"1174569","text":"1.6 Flex Sigma - 81kW / 110HP (153Nm)"},{"model":"ecosport__bua_","value":"1174577","text":"2.0 Flex - 105kW / 143HP (187Nm)"},{"model":"ecosport__bua_","value":"1174574","text":"2.0 Flex - 108kW / 147HP (187Nm)"},{"model":"ecosport__bua_","value":"1174582","text":"2.0 Flex Automat - 105kW / 143HP (187Nm)"},{"model":"ecosport__jk8_","value":"1174604","text":"1.0 EcoBoost - 74kW / 100HP (170Nm)"},{"model":"ecosport__jk8_","value":"1174605","text":"1.0 EcoBoost - 92kW / 125HP (170Nm)"},{"model":"ecosport__jk8_","value":"1174632","text":"1.0 EcoBoost - 103kW / 140HP (180Nm)"},{"model":"ecosport__jk8_","value":"1174653","text":"1.0 EcoBoost Automat - 92kW / 125HP (170Nm)"},{"model":"ecosport__jk8_","value":"1174652","text":"1.0 EcoBoost Automat - 103kW / 140HP (180Nm)"},{"model":"ecosport__jk8_","value":"1174592","text":"1.5 TDCi - 66kW / 90HP (205Nm)"},{"model":"ecosport__jk8_","value":"1174596","text":"1.5 TDCi - 70kW / 95HP (215Nm)"},{"model":"ecosport__jk8_","value":"1174662","text":"1.5 Ti-VCT - 82kW / 112HP (140Nm)"},{"model":"ecosport__jk8_","value":"1174667","text":"1.5 Ti-VCT Automat - 82kW / 112HP (140Nm)"},{"model":"edge___","value":"1174829","text":"2.0 Automat - 180kW / 245HP (366Nm)"},{"model":"edge___","value":"1174826","text":"2.0 TDCI - 132kW / 180HP (400Nm)"},{"model":"edge___","value":"1174823","text":"2.0 TDCI Automat - 154kW / 209HP (450Nm)"},{"model":"edge___","value":"1174849","text":"2.7 Automat - 235kW / 320HP (475Nm)"},{"model":"edge___","value":"1174852","text":"3.5 V6 Automat - 198kW / 269HP (339Nm)"},{"model":"edge___","value":"1174860","text":"3.5 V6 Automat - 210kW / 286HP (339Nm)"},{"model":"edge___","value":"1174864","text":"3.7 V6 Automat - 227kW / 309HP (380Nm)"},{"model":"endeavour___","value":"1174868","text":"2.2 TDCi Automat - 118kW / 160HP (385Nm)"},{"model":"endeavour___","value":"1174871","text":"2.5 TDCi - 105kW / 143HP (330Nm)"},{"model":"endeavour___","value":"1174889","text":"3.0 TDCi - 115kW / 156HP (380Nm)"},{"model":"endeavour___","value":"1174907","text":"3.2 TDCi Automat - 147kW / 200HP (470Nm)"},{"model":"escape_(_4th)__","value":"1174910","text":"1.5 EcoBoost - 134kW / 182HP (270Nm)"},{"model":"escape___","value":"1174911","text":"1.6 Ecoboost 4WD Automat - 133kW / 181HP (249Nm)"},{"model":"escape___","value":"1174916","text":"1.6 Ecoboost Automat - 133kW / 181HP (249Nm)"},{"model":"escape___","value":"1174932","text":"2.0 - 95kW / 129HP (183Nm)"},{"model":"escape___","value":"1174931","text":"2.0 - 97kW / 132HP (183Nm)"},{"model":"escape___","value":"1174921","text":"2.0 4WD - 95kW / 129HP (183Nm)"},{"model":"escape___","value":"1174922","text":"2.0 4WD - 97kW / 132HP (183Nm)"},{"model":"escape___","value":"1174941","text":"2.0 Ecoboost 4WD Automat - 179kW / 243HP (366Nm)"},{"model":"escape___","value":"1174946","text":"2.0 Ecoboost 4WD Automat - 183kW / 249HP (373Nm)"},{"model":"escape___","value":"1174947","text":"2.0 Ecoboost Automat - 179kW / 243HP (366Nm)"},{"model":"escape___","value":"1174952","text":"2.0 Ecoboost Automat - 183kW / 249HP (373Nm)"},{"model":"escape___","value":"1174965","text":"2.3 - 114kW / 155HP (206Nm)"},{"model":"escape___","value":"1174961","text":"2.3 4WD - 114kW / 155HP (206Nm)"},{"model":"escape___","value":"1174957","text":"2.3 4WD Automat - 114kW / 155HP (206Nm)"},{"model":"escape___","value":"1174953","text":"2.3 Automat - 114kW / 155HP (206Nm)"},{"model":"escape___","value":"1174978","text":"3.0 4WD Automat - 149kW / 203HP (261Nm)"},{"model":"escape___","value":"1174987","text":"3.0 4WD Automat - 179kW / 243HP (302Nm)"},{"model":"escape___","value":"1174969","text":"3.0 Automat - 149kW / 203HP (261Nm)"},{"model":"escape___","value":"1174991","text":"3.0 Automat - 179kW / 243HP (302Nm)"},{"model":"escort___","value":"1175008","text":"1.3 - 44kW / 60HP (101Nm)"},{"model":"escort___","value":"1175012","text":"1.4 - 55kW / 75HP (106Nm)"},{"model":"escort___","value":"1175016","text":"1.6 - 65kW / 88HP (130Nm)"},{"model":"escort___","value":"1175019","text":"1.6 - 66kW / 90HP (130Nm)"},{"model":"escort___","value":"1175024","text":"1.6 AT - 66kW / 90HP (130Nm)"},{"model":"escort___","value":"1175029","text":"1.8 - 77kW / 105HP (153Nm)"},{"model":"escort___","value":"1175031","text":"1.8 - 85kW / 116HP (160Nm)"},{"model":"escort___","value":"1175028","text":"1.8 - 96kW / 131HP (162Nm)"},{"model":"escort___","value":"1174995","text":"1.8 D - 44kW / 60HP (110Nm)"},{"model":"escort___","value":"1175000","text":"1.8 TD - 51kW / 69HP (135Nm)"},{"model":"escort___","value":"1174998","text":"1.8 TD - 66kW / 90HP (180Nm)"},{"model":"escort_rs 2000___","value":"1175035","text":"2.0 - 110kW / 150HP (190Nm)"},{"model":"everest___","value":"1175114","text":"2.2 TDCi - 118kW / 160HP (385Nm)"},{"model":"everest___","value":"1175120","text":"2.5 TDCi - 105kW / 143HP (330Nm)"},{"model":"everest___","value":"1175138","text":"3.0 TDCi - 115kW / 156HP (380Nm)"},{"model":"everest___","value":"1175156","text":"3.2 TDCi Automat - 147kW / 200HP (470Nm)"},{"model":"excursion___","value":"1175181","text":"5.4 4x4 Automat - 190kW / 258HP (190Nm)"},{"model":"excursion___","value":"1175175","text":"5.4 Automat - 190kW / 258HP (190Nm)"},{"model":"excursion___","value":"1175193","text":"6.8 4x4 Automat - 231kW / 314HP (576Nm)"},{"model":"excursion___","value":"1175187","text":"6.8 Automat - 231kW / 314HP (576Nm)"},{"model":"excursion___","value":"1175168","text":"7.3 4x4 Automat - 175kW / 238HP (678Nm)"},{"model":"excursion___","value":"1175167","text":"7.3 4x4 Automat - 183kW / 249HP (712Nm)"},{"model":"excursion___","value":"1175160","text":"7.3 Automat - 175kW / 238HP (678Nm)"},{"model":"excursion___","value":"1175159","text":"7.3 Automat - 183kW / 249HP (712Nm)"},{"model":"expedition___","value":"1175199","text":"3.5 Ecoboost 4x4 Automat - 272kW / 370HP (570Nm)"},{"model":"expedition___","value":"1175202","text":"3.5 Ecoboost Automat - 272kW / 370HP (570Nm)"},{"model":"expedition___","value":"1175207","text":"4.6 4x4 Automat - 173kW / 235HP (395Nm)"},{"model":"expedition___","value":"1175205","text":"4.6 Automat - 173kW / 235HP (395Nm)"},{"model":"expedition___","value":"1175217","text":"5.4 4x4 Automat - 194kW / 264HP (468Nm)"},{"model":"expedition___","value":"1175221","text":"5.4 4x4 Automat - 194kW / 264HP (475Nm)"},{"model":"expedition___","value":"1175223","text":"5.4 4x4 Automat - 224kW / 305HP (495Nm)"},{"model":"expedition___","value":"1175209","text":"5.4 Automat - 194kW / 264HP (468Nm)"},{"model":"expedition___","value":"1175213","text":"5.4 Automat - 194kW / 264HP (475Nm)"},{"model":"expedition___","value":"1175215","text":"5.4 Automat - 224kW / 305HP (495Nm)"},{"model":"explorer___","value":"1175229","text":"2.0 Automat - 179kW / 243HP (366Nm)"},{"model":"explorer___","value":"1175239","text":"3.5 Automat - 216kW / 294HP (346Nm)"},{"model":"explorer___","value":"1175241","text":"3.5 Automat - 272kW / 370HP (475Nm)"},{"model":"explorer___","value":"1175274","text":"4.0 - 119kW / 162HP (305Nm)"},{"model":"explorer___","value":"1175281","text":"4.0 - 157kW / 214HP (344Nm)"},{"model":"explorer___","value":"1175251","text":"4.0 Automat - 119kW / 162HP (305Nm)"},{"model":"explorer___","value":"1175253","text":"4.0 Automat - 153kW / 208HP (331Nm)"},{"model":"explorer___","value":"1175265","text":"4.0 Automat - 157kW / 214HP (344Nm)"},{"model":"explorer___","value":"1175289","text":"4.6 - 178kW / 242HP (380Nm)"},{"model":"explorer___","value":"1175285","text":"4.6 Automat - 178kW / 242HP (380Nm)"},{"model":"explorer___","value":"1175293","text":"4.6 Automat - 218kW / 296HP (407Nm)"},{"model":"explorer___","value":"1175298","text":"5.0 Automat - 157kW / 214HP (380Nm)"},{"model":"explorer___","value":"1175301","text":"5.0 Automat - 160kW / 218HP (390Nm)"},{"model":"f-150_(12th)__","value":"1175349","text":"3.5 EcoBoost AT - 272kW / 370HP (570Nm)"},{"model":"f-150_(12th)__","value":"1175353","text":"4.6 V8 - 185kW / 252HP (399Nm)"},{"model":"f-150_(12th)__","value":"1175354","text":"4.6 V8 - 218kW / 296HP (430Nm)"},{"model":"f-150_(12th)__","value":"1175357","text":"5.4 V8 - 240kW / 326HP (530Nm)"},{"model":"f-150_(12th)__","value":"1175359","text":"6.2 V8 - 306kW / 416HP (588Nm)"},{"model":"f-150_(13th)__","value":"1175368","text":"3.0 V6 Powerstroke 10AT - 186kW / 253HP (597Nm)"},{"model":"f-150_(13th)__","value":"1175371","text":"3.5 EcoBoost 10AT - 272kW / 370HP (640Nm)"},{"model":"f-150_(13th)__","value":"1175370","text":"3.5 EcoBoost 10AT - 331kW / 450HP (690Nm)"},{"model":"f-150_(13th)__","value":"1175376","text":"3.5 EcoBoost Automat - 272kW / 370HP (570Nm)"},{"model":"f-150_(13th)__","value":"1175378","text":"5.0 Ti-VCT V8 10AT - 295kW / 401HP (540Nm)"},{"model":"f-150_(13th)__","value":"1175381","text":"5.0 Ti-VCT V8 Automat - 287kW / 390HP (525Nm)"},{"model":"f-150_(10th)__","value":"1175304","text":"4.2 V6 - 153kW / 208HP (350Nm)"},{"model":"f-150_(10th)__","value":"1175311","text":"4.6 V8 - 164kW / 223HP (380Nm)"},{"model":"f-150_(10th)__","value":"1175313","text":"4.6 V8 - 172kW / 234HP (397Nm)"},{"model":"f-150_(10th)__","value":"1175318","text":"5.4 V8 - 174kW / 237HP (441Nm)"},{"model":"f-150_(10th)__","value":"1175320","text":"5.4 V8 - 190kW / 258HP (470Nm)"},{"model":"f-150_(10th)__","value":"1175326","text":"5.4 V8 Supercharged - 250kW / 340HP (576Nm)"},{"model":"f-150_(10th)__","value":"1175325","text":"5.4 V8 Supercharged - 270kW / 367HP (610Nm)"},{"model":"f-150_(10th)__","value":"1175329","text":"5.4 V8 Supercharged - 280kW / 381HP (610Nm)"},{"model":"f-150_(11th)__","value":"1175335","text":"4.2 V6 - 157kW / 214HP (353Nm)"},{"model":"f-150_(11th)__","value":"1175338","text":"4.6 V8 - 172kW / 234HP (397Nm)"},{"model":"f-150_(11th)__","value":"1175341","text":"4.6 V8 - 185kW / 252HP (399Nm)"},{"model":"f-150_(11th)__","value":"1175343","text":"5.4 V8 - 224kW / 305HP (495Nm)"},{"model":"f-150_(13th)_p552_","value":"1175363","text":"2.7 Nano GTDI EcoBoost - 242kW / 329HP (542Nm)"},{"model":"f-150_(13th)_p552_","value":"1175365","text":"3.5 EcoBoost 10AT - 276kW / 375HP (640Nm)"},{"model":"f-250_super duty_( 1st)__","value":"1175384","text":"3.9 - 147kW / 200HP (0Nm)"},{"model":"f-250_super_duty_( 1st)__","value":"1175405","text":"4.2 V6 - 157kW / 214HP (353Nm)"},{"model":"f-250_super_duty_(_1st)__","value":"1175412","text":"5.4 V8 - 190kW / 258HP (475Nm)"},{"model":"f-250_super_duty_(_1st)__","value":"1175413","text":"5.4 V8 - 194kW / 264HP (475Nm)"},{"model":"f-250_super_duty_(_1st)__","value":"1175420","text":"5.4 V8 - 224kW / 305HP (495Nm)"},{"model":"f-250_super_duty_(_1st)__","value":"1175392","text":"6.0 V8 Powerstroke - 242kW / 329HP (759Nm)"},{"model":"f-250_super_duty_(_1st)__","value":"1175394","text":"6.0 V8 Powerstroke - 242kW / 329HP (773Nm)"},{"model":"f-250_super_duty_(_1st)__","value":"1175423","text":"6.8 V10 - 231kW / 314HP (576Nm)"},{"model":"f-250_super_duty_(_1st)__","value":"1175429","text":"6.8 V10 - 270kW / 367HP (620Nm)"},{"model":"f-250_super_duty_(_1st)__","value":"1175397","text":"7.3 V8 Powerstroke - 175kW / 238HP (678Nm)"},{"model":"f-250_super_duty_(_1st)__","value":"1175399","text":"7.3 V8 Powerstroke AT - 186kW / 253HP (712Nm)"},{"model":"f-250_super_duty_(_1st)__","value":"1175402","text":"7.3 V8 Powerstroke MT - 205kW / 279HP (712Nm)"},{"model":"f-250_super duty_( 2nd)__","value":"1175435","text":"5.4 V8 - 224kW / 305HP (495Nm)"},{"model":"f-250_super_duty_( 2nd)__","value":"1175432","text":"6.4 V8 Powerstroke - 261kW / 355HP (881Nm)"},{"model":"f-250_super_duty_(_2nd)__","value":"1175438","text":"6.8 V10 - 270kW / 367HP (620Nm)"},{"model":"f-250_super duty_( 3rd)__","value":"1175452","text":"6.2 V8 - 306kW / 416HP (549Nm)"},{"model":"f-250_super_duty_( 3rd)__","value":"1175441","text":"6.7 V8 Powerstroke - 298kW / 405HP (1085Nm)"},{"model":"f-250_super_duty_(_3rd)__","value":"1175449","text":"6.7 V8 Powerstroke - 328kW / 446HP (1166Nm)"},{"model":"f-250_super_duty_(_3rd)__","value":"1175458","text":"6.8 V10 - 270kW / 367HP (620Nm)"},{"model":"f-250_super duty_( 4th)__","value":"1175464","text":"6.7 V8 Powerstroke Automat - 328kW / 446HP (1254Nm)"},{"model":"f-250_super_duty_( 4th)__","value":"1175466","text":"6.7 V8 Powerstroke Automat - 349kW / 475HP (1424Nm)"},{"model":"f-350_super duty_( 2nd)__","value":"1175516","text":"5.4 V8 - 224kW / 305HP (495Nm)"},{"model":"f-350_super_duty_( 2nd)__","value":"1175513","text":"6.4 V8 Powerstroke - 261kW / 355HP (881Nm)"},{"model":"f-350_super_duty_(_2nd)__","value":"1175519","text":"6.8 V10 - 270kW / 367HP (620Nm)"},{"model":"f-350_super duty_( 3rd)__","value":"1175538","text":"6.2 V8 - 306kW / 416HP (549Nm)"},{"model":"f-350_super_duty_( 3rd)__","value":"1175522","text":"6.7 V8 Powerstroke - 298kW / 405HP (1085Nm)"},{"model":"f-350_super_duty_(_3rd)__","value":"1175530","text":"6.7 V8 Powerstroke - 328kW / 446HP (1166Nm)"},{"model":"f-350_super_duty_(_3rd)__","value":"1175544","text":"6.8 V10 - 270kW / 367HP (620Nm)"},{"model":"f-350_super duty_( 4th)__","value":"1175550","text":"6.7 V8 Powerstroke Automat - 328kW / 446HP (1254Nm)"},{"model":"f-350_super_duty_( 4th)__","value":"1175552","text":"6.7 V8 Powerstroke Automat - 349kW / 475HP (1424Nm)"},{"model":"f-350_super duty_( 1st)__","value":"1175486","text":"4.2 V6 - 157kW / 214HP (353Nm)"},{"model":"f-350_super_duty_( 1st)__","value":"1175493","text":"5.4 V8 - 190kW / 258HP (475Nm)"},{"model":"f-350_super_duty_(_1st)__","value":"1175494","text":"5.4 V8 - 194kW / 264HP (475Nm)"},{"model":"f-350_super_duty_(_1st)__","value":"1175501","text":"5.4 V8 - 224kW / 305HP (495Nm)"},{"model":"f-350_super_duty_(_1st)__","value":"1175467","text":"6.0 V8 Powerstroke - 242kW / 329HP (759Nm)"},{"model":"f-350_super_duty_(_1st)__","value":"1175471","text":"6.0 V8 Powerstroke - 242kW / 329HP (773Nm)"},{"model":"f-350_super_duty_(_1st)__","value":"1175504","text":"6.8 V10 - 231kW / 314HP (576Nm)"},{"model":"f-350_super_duty_(_1st)__","value":"1175510","text":"6.8 V10 - 270kW / 367HP (620Nm)"},{"model":"f-350_super_duty_(_1st)__","value":"1175478","text":"7.3 V8 Powerstroke - 175kW / 238HP (678Nm)"},{"model":"f-350_super_duty_(_1st)__","value":"1175480","text":"7.3 V8 Powerstroke AT - 186kW / 253HP (712Nm)"},{"model":"f-350_super_duty_(_1st)__","value":"1175483","text":"7.3 V8 Powerstroke MT - 205kW / 279HP (712Nm)"},{"model":"f-450_super duty_( 1st)__","value":"1175566","text":"4.2 V6 - 157kW / 214HP (353Nm)"},{"model":"f-450_super_duty_( 1st)__","value":"1175573","text":"5.4 V8 - 190kW / 258HP (475Nm)"},{"model":"f-450_super_duty_(_1st)__","value":"1175574","text":"5.4 V8 - 194kW / 264HP (475Nm)"},{"model":"f-450_super_duty_(_1st)__","value":"1175581","text":"5.4 V8 - 224kW / 305HP (495Nm)"},{"model":"f-450_super_duty_(_1st)__","value":"1175553","text":"6.0 V8 Powerstroke - 242kW / 329HP (759Nm)"},{"model":"f-450_super_duty_(_1st)__","value":"1175555","text":"6.0 V8 Powerstroke - 242kW / 329HP (773Nm)"},{"model":"f-450_super_duty_(_1st)__","value":"1175584","text":"6.8 V10 - 231kW / 314HP (576Nm)"},{"model":"f-450_super_duty_(_1st)__","value":"1175590","text":"6.8 V10 - 270kW / 367HP (620Nm)"},{"model":"f-450_super_duty_(_1st)__","value":"1175558","text":"7.3 V8 Powerstroke - 175kW / 238HP (678Nm)"},{"model":"f-450_super_duty_(_1st)__","value":"1175560","text":"7.3 V8 Powerstroke AT - 186kW / 253HP (712Nm)"},{"model":"f-450_super_duty_(_1st)__","value":"1175563","text":"7.3 V8 Powerstroke MT - 205kW / 279HP (712Nm)"},{"model":"f-450_super duty_( 2nd)__","value":"1175596","text":"5.4 V8 - 224kW / 305HP (495Nm)"},{"model":"f-450_super_duty_( 2nd)__","value":"1175593","text":"6.4 V8 Powerstroke - 261kW / 355HP (881Nm)"},{"model":"f-450_super_duty_(_2nd)__","value":"1175599","text":"6.8 V10 - 270kW / 367HP (620Nm)"},{"model":"f-450_super duty_( 3rd)__","value":"1175614","text":"6.2 V8 - 306kW / 416HP (549Nm)"},{"model":"f-450_super_duty_( 3rd)__","value":"1175602","text":"6.7 V8 Powerstroke - 298kW / 405HP (1085Nm)"},{"model":"f-450_super_duty_(_3rd)__","value":"1175610","text":"6.7 V8 Powerstroke - 328kW / 446HP (1166Nm)"},{"model":"f-450_super_duty_(_3rd)__","value":"1175620","text":"6.8 V10 - 270kW / 367HP (620Nm)"},{"model":"f-450_super duty_( 4th)__","value":"1175626","text":"6.7 V8 Powerstroke Automat - 328kW / 446HP (1254Nm)"},{"model":"f-450_super_duty_( 4th)__","value":"1175628","text":"6.7 V8 Powerstroke Automat - 349kW / 475HP (1424Nm)"},{"model":"f-550_super duty_( 2nd)__","value":"1175672","text":"5.4 V8 - 224kW / 305HP (495Nm)"},{"model":"f-550_super_duty_( 2nd)__","value":"1175669","text":"6.4 V8 Powerstroke - 261kW / 355HP (881Nm)"},{"model":"f-550_super_duty_(_2nd)__","value":"1175675","text":"6.8 V10 - 270kW / 367HP (620Nm)"},{"model":"f-550_super duty_( 3rd)__","value":"1175690","text":"6.2 V8 - 306kW / 416HP (549Nm)"},{"model":"f-550_super_duty_( 3rd)__","value":"1175678","text":"6.7 V8 Powerstroke - 298kW / 405HP (1085Nm)"},{"model":"f-550_super_duty_(_3rd)__","value":"1175686","text":"6.7 V8 Powerstroke - 328kW / 446HP (1166Nm)"},{"model":"f-550_super_duty_(_3rd)__","value":"1175696","text":"6.8 V10 - 270kW / 367HP (620Nm)"},{"model":"f-550_super duty_( 4th)__","value":"1175702","text":"6.7 V8 Powerstroke Automat - 328kW / 446HP (1254Nm)"},{"model":"f-550_super_duty_( 4th)__","value":"1175704","text":"6.7 V8 Powerstroke Automat - 349kW / 475HP (1424Nm)"},{"model":"f-550_super duty_( 1st)__","value":"1175642","text":"4.2 V6 - 157kW / 214HP (353Nm)"},{"model":"f-550_super_duty_( 1st)__","value":"1175649","text":"5.4 V8 - 190kW / 258HP (475Nm)"},{"model":"f-550_super_duty_(_1st)__","value":"1175650","text":"5.4 V8 - 194kW / 264HP (475Nm)"},{"model":"f-550_super_duty_(_1st)__","value":"1175657","text":"5.4 V8 - 224kW / 305HP (495Nm)"},{"model":"f-550_super_duty_(_1st)__","value":"1175629","text":"6.0 V8 Powerstroke - 242kW / 329HP (759Nm)"},{"model":"f-550_super_duty_(_1st)__","value":"1175631","text":"6.0 V8 Powerstroke - 242kW / 329HP (773Nm)"},{"model":"f-550_super_duty_(_1st)__","value":"1175660","text":"6.8 V10 - 231kW / 314HP (576Nm)"},{"model":"f-550_super_duty_(_1st)__","value":"1175666","text":"6.8 V10 - 270kW / 367HP (620Nm)"},{"model":"f-550_super_duty_(_1st)__","value":"1175634","text":"7.3 V8 Powerstroke - 175kW / 238HP (678Nm)"},{"model":"f-550_super_duty_(_1st)__","value":"1175636","text":"7.3 V8 Powerstroke AT - 186kW / 253HP (712Nm)"},{"model":"f-550_super_duty_(_1st)__","value":"1175639","text":"7.3 V8 Powerstroke MT - 205kW / 279HP (712Nm)"},{"model":"fiesta_(_7th)__","value":"1176366","text":"1.0 EcoBoost - 74kW / 100HP (170Nm)"},{"model":"fiesta_(_7th)__","value":"1176365","text":"1.0 EcoBoost - 92kW / 125HP (170Nm)"},{"model":"fiesta_(_7th)__","value":"1176373","text":"1.0 EcoBoost Automat - 74kW / 101HP (170Nm)"},{"model":"fiesta_(_7th)__","value":"1176357","text":"1.5 TDCi - 63kW / 86HP (215Nm)"},{"model":"fiesta_(_7th)__","value":"1176356","text":"1.5 TDCi - 88kW / 120HP (270Nm)"},{"model":"fiesta_(_2nd)__","value":"1175705","text":"1.0 - 48kW / 65HP (105Nm)"},{"model":"fiesta_(_3rd)__","value":"1175713","text":"1.0 Flex - 52kW / 71HP (0Nm)"},{"model":"fiesta_(_3rd)__","value":"1175712","text":"1.0 Flex - 54kW / 73HP (0Nm)"},{"model":"fiesta_(_3rd)__","value":"1175722","text":"1.6 Flex - 82kW / 112HP (0Nm)"},{"model":"fiesta_(_4th)__","value":"1175751","text":"1.0 Flex - 54kW / 73HP (0Nm)"},{"model":"fiesta_(_4th)__","value":"1175756","text":"1.25 Zetec - 55kW / 75HP (110Nm)"},{"model":"fiesta_(_4th)__","value":"1175761","text":"1.3 Endura - 37kW / 50HP (97Nm)"},{"model":"fiesta_(_4th)__","value":"1175762","text":"1.3 Endura - 44kW / 60HP (103Nm)"},{"model":"fiesta_(_4th)__","value":"1175805","text":"1.4 Zetec - 66kW / 90HP (125Nm)"},{"model":"fiesta_(_4th)__","value":"1175815","text":"1.6 Flex - 74kW / 101HP (0Nm)"},{"model":"fiesta_(_4th)__","value":"1175820","text":"1.6 Zetec - 76kW / 103HP (145Nm)"},{"model":"fiesta_(_4th)__","value":"1175729","text":"1.8 D Endura - 44kW / 60HP (105Nm)"},{"model":"fiesta_(_4th)__","value":"1175739","text":"1.8 Di Endura - 55kW / 75HP (140Nm)"},{"model":"fiesta_(_5th)__","value":"1175847","text":"1.25 Duratec - 51kW / 69HP (110Nm)"},{"model":"fiesta_(_5th)__","value":"1175848","text":"1.25 Duratec - 55kW / 75HP (110Nm)"},{"model":"fiesta_(_5th)__","value":"1175870","text":"1.3 Duratec - 44kW / 60HP (99Nm)"},{"model":"fiesta_(_5th)__","value":"1175868","text":"1.3 Duratec - 51kW / 69HP (106Nm)"},{"model":"fiesta_(_5th)__","value":"1175896","text":"1.4 Duratec - 59kW / 80HP (124Nm)"},{"model":"fiesta_(_5th)__","value":"1175889","text":"1.4 Duratec Automat - 59kW / 80HP (124Nm)"},{"model":"fiesta_(_5th)__","value":"1175826","text":"1.4 TDCi Duratorq - 50kW / 68HP (160Nm)"},{"model":"fiesta_(_5th)__","value":"1175907","text":"1.6 Duratec - 74kW / 101HP (146Nm)"},{"model":"fiesta_(_5th)__","value":"1175903","text":"1.6 Duratec Automat - 74kW / 101HP (146Nm)"},{"model":"fiesta_(_5th)__","value":"1175914","text":"1.6 Flex - 81kW / 110HP (0Nm)"},{"model":"fiesta_(_5th)__","value":"1175833","text":"1.6 TDCi Duratorq - 66kW / 90HP (204Nm)"},{"model":"fiesta_(_6th)__","value":"1175994","text":"1.0 - 48kW / 65HP (105Nm)"},{"model":"fiesta_(_6th)__","value":"1175995","text":"1.0 - 59kW / 80HP (105Nm)"},{"model":"fiesta_(_6th)__","value":"1176044","text":"1.0 EcoBoost - 74kW / 101HP (170Nm)"},{"model":"fiesta_(_6th)__","value":"1176045","text":"1.0 EcoBoost - 92kW / 125HP (170Nm)"},{"model":"fiesta_(_6th)__","value":"1176079","text":"1.0 EcoBoost - 103kW / 140HP (180Nm)"},{"model":"fiesta_(_6th)__","value":"1176231","text":"1.0 EcoBoost Automat - 74kW / 101HP (170Nm)"},{"model":"fiesta_(_6th)__","value":"1176312","text":"1.25 Duratec - 44kW / 60HP (109Nm)"},{"model":"fiesta_(_6th)__","value":"1176311","text":"1.25 Duratec - 60kW / 82HP (114Nm)"},{"model":"fiesta_(_6th)__","value":"1176332","text":"1.4 Duratec - 71kW / 97HP (128Nm)"},{"model":"fiesta_(_6th)__","value":"1176327","text":"1.4 Duratec Automat - 71kW / 97HP (128Nm)"},{"model":"fiesta_(_6th)__","value":"1175917","text":"1.4 TDCi - 50kW / 68HP (160Nm)"},{"model":"fiesta_(_6th)__","value":"1175920","text":"1.4 TDCi - 51kW / 69HP (160Nm)"},{"model":"fiesta_(_6th)__","value":"1175922","text":"1.4 TDCi - 52kW / 71HP (160Nm)"},{"model":"fiesta_(_6th)__","value":"1175930","text":"1.5 TDCi - 55kW / 75HP (185Nm)"},{"model":"fiesta_(_6th)__","value":"1175934","text":"1.5 TDCi - 70kW / 95HP (215Nm)"},{"model":"fiesta_(_6th)__","value":"1176337","text":"1.6 Duratec TI-VCT - 88kW / 120HP (152Nm)"},{"model":"fiesta_(_6th)__","value":"1176343","text":"1.6 Duratec TI-VCT - 99kW / 135HP (160Nm)"},{"model":"fiesta_(_6th)__","value":"1176338","text":"1.6 Duratec TI-VCT - 103kW / 140HP (170Nm)"},{"model":"fiesta_(_6th)__","value":"1176350","text":"1.6 Duratec TI-VCT Automat - 77kW / 105HP (150Nm)"},{"model":"fiesta_(_6th)__","value":"1176351","text":"1.6 Duratec TI-VCT Automat - 103kW / 140HP (170Nm)"},{"model":"fiesta_(_6th)__","value":"1175960","text":"1.6 TDCi - 55kW / 75HP (185Nm)"},{"model":"fiesta_(_6th)__","value":"1175958","text":"1.6 TDCi - 66kW / 90HP (212Nm)"},{"model":"fiesta_(_6th)__","value":"1175984","text":"1.6 TDCi - 70kW / 95HP (200Nm)"},{"model":"fiesta_(_6th)__","value":"1175966","text":"1.6 TDCi - 70kW / 95HP (205Nm)"},{"model":"fiesta_st_( 7th)__","value":"1176385","text":"1.5 EcoBoost - 147kW / 200HP (290Nm)"},{"model":"fiesta_st___","value":"1176388","text":"1.6 EcoBoost - 134kW / 182HP (240Nm)"},{"model":"fiesta_st___","value":"1176403","text":"1.6 EcoBoost - 147kW / 200HP (290Nm)"},{"model":"fiesta_st___","value":"1176423","text":"2.0 Duratec - 110kW / 150HP (190Nm)"},{"model":"figo__b517_","value":"1176428","text":"1.4 D - 51kW / 69HP (160Nm)"},{"model":"figo__b517_","value":"1176434","text":"1.4 Duratec - 62kW / 84HP (127Nm)"},{"model":"figo__b562_","value":"1176440","text":"1.5 TDCi - 74kW / 101HP (215Nm)"},{"model":"figo_aspire__b562_","value":"1176448","text":"1.5 TDCi - 74kW / 101HP (215Nm)"},{"model":"five_hundred___","value":"1176456","text":"3.0 Automat - 151kW / 205HP (281Nm)"},{"model":"five_hundred___","value":"1176459","text":"3.0 CVT - 151kW / 205HP (281Nm)"},{"model":"focus_(_2nd)__","value":"1176633","text":"1.4 - 59kW / 80HP (124Nm)"},{"model":"focus_(_2nd)__","value":"1176656","text":"1.6 - 74kW / 101HP (150Nm)"},{"model":"focus_(_2nd)__","value":"1176640","text":"1.6 Automat - 74kW / 101HP (150Nm)"},{"model":"focus_(_2nd)__","value":"1176530","text":"1.6 TDCi - 66kW / 90HP (215Nm)"},{"model":"focus_(_2nd)__","value":"1176528","text":"1.6 TDCi - 80kW / 109HP (240Nm)"},{"model":"focus_(_2nd)__","value":"1176546","text":"1.6 TDCi AT - 80kW / 109HP (240Nm)"},{"model":"focus_(_2nd)__","value":"1176557","text":"1.6 TDCi DPF - 66kW / 90HP (215Nm)"},{"model":"focus_(_2nd)__","value":"1176556","text":"1.6 TDCi DPF - 80kW / 109HP (240Nm)"},{"model":"focus_(_2nd)__","value":"1176588","text":"1.6 TDCi DPF AT - 80kW / 109HP (240Nm)"},{"model":"focus_(_2nd)__","value":"1176672","text":"1.6 TI VCT - 85kW / 116HP (155Nm)"},{"model":"focus_(_2nd)__","value":"1176679","text":"1.8 - 92kW / 125HP (165Nm)"},{"model":"focus_(_2nd)__","value":"1176684","text":"1.8 Flexifuel - 92kW / 125HP (150Nm)"},{"model":"focus_(_2nd)__","value":"1176604","text":"1.8 TDCi - 85kW / 116HP (280Nm)"},{"model":"focus_(_2nd)__","value":"1176612","text":"1.8 TDCi AT - 85kW / 116HP (280Nm)"},{"model":"focus_(_2nd)__","value":"1176695","text":"2.0 - 106kW / 144HP (185Nm)"},{"model":"focus_(_2nd)__","value":"1176688","text":"2.0 Automat - 106kW / 144HP (185Nm)"},{"model":"focus_(_2nd)__","value":"1176703","text":"2.0 Flexfuel - 106kW / 144HP (185Nm)"},{"model":"focus_(_2nd)__","value":"1176624","text":"2.0 TDCi - 100kW / 136HP (320Nm)"},{"model":"focus_(_2nd)__","value":"1176616","text":"2.0 TDCi Automat - 81kW / 110HP (265Nm)"},{"model":"focus_(_2nd)__","value":"1176614","text":"2.0 TDCi Automat - 100kW / 136HP (320Nm)"},{"model":"focus_(_3rd)__","value":"1176792","text":"1.0 EcoBoost - 74kW / 101HP (170Nm)"},{"model":"focus_(_3rd)__","value":"1176789","text":"1.0 EcoBoost - 92kW / 125HP (170Nm)"},{"model":"focus_(_3rd)__","value":"1176881","text":"1.0 EcoBoost - 103kW / 140HP (170Nm)"},{"model":"focus_(_3rd)__","value":"1176822","text":"1.0 EcoBoost Automat - 92kW / 125HP (170Nm)"},{"model":"focus_(_3rd)__","value":"1176907","text":"1.5 EcoBoost - 110kW / 150HP (240Nm)"},{"model":"focus_(_3rd)__","value":"1176908","text":"1.5 EcoBoost - 134kW / 182HP (240Nm)"},{"model":"focus_(_3rd)__","value":"1176899","text":"1.5 EcoBoost Automat - 110kW / 150HP (240Nm)"},{"model":"focus_(_3rd)__","value":"1176900","text":"1.5 EcoBoost Automat - 134kW / 182HP (240Nm)"},{"model":"focus_(_3rd)__","value":"1176714","text":"1.5 TDCi - 70kW / 95HP (250Nm)"},{"model":"focus_(_3rd)__","value":"1176713","text":"1.5 TDCi - 88kW / 120HP (270Nm)"},{"model":"focus_(_3rd)__","value":"1176705","text":"1.5 TDCi Automat - 88kW / 120HP (270Nm)"},{"model":"focus_(_3rd)__","value":"1176729","text":"1.5 TDCi ECOnetic 88g - 77kW / 105HP (270Nm)"},{"model":"focus_(_3rd)__","value":"1176915","text":"1.6 EcoBoost - 110kW / 150HP (240Nm)"},{"model":"focus_(_3rd)__","value":"1176916","text":"1.6 EcoBoost - 134kW / 182HP (240Nm)"},{"model":"focus_(_3rd)__","value":"1176746","text":"1.6 TDCi - 70kW / 95HP (215Nm)"},{"model":"focus_(_3rd)__","value":"1176738","text":"1.6 TDCi - 70kW / 95HP (230Nm)"},{"model":"focus_(_3rd)__","value":"1176737","text":"1.6 TDCi - 84kW / 114HP (270Nm)"},{"model":"focus_(_3rd)__","value":"1176749","text":"1.6 TDCi ECOnetic 88g - 77kW / 105HP (270Nm)"},{"model":"focus_(_3rd)__","value":"1176755","text":"1.6 TDCi ECOnetic 99g - 77kW / 105HP (270Nm)"},{"model":"focus_(_3rd)__","value":"1176933","text":"1.6 Ti-VCT - 63kW / 86HP (141Nm)"},{"model":"focus_(_3rd)__","value":"1176931","text":"1.6 Ti-VCT - 77kW / 105HP (150Nm)"},{"model":"focus_(_3rd)__","value":"1176932","text":"1.6 Ti-VCT - 92kW / 125HP (159Nm)"},{"model":"focus_(_3rd)__","value":"1176946","text":"1.6 Ti-VCT Automat - 92kW / 125HP (159Nm)"},{"model":"focus_(_3rd)__","value":"1176950","text":"1.6 Ti-VCT Flexifuel - 77kW / 105HP (150Nm)"},{"model":"focus_(_3rd)__","value":"1176952","text":"1.6 Ti-VCT Flexifuel - 88kW / 120HP (150Nm)"},{"model":"focus_(_3rd)__","value":"1176954","text":"1.6 Ti-VCT LPG - 86kW / 117HP (140Nm)"},{"model":"focus_(_3rd)__","value":"1176778","text":"2.0 TDCi - 103kW / 140HP (320Nm)"},{"model":"focus_(_3rd)__","value":"1176785","text":"2.0 TDCi - 110kW / 150HP (370Nm)"},{"model":"focus_(_3rd)__","value":"1176777","text":"2.0 TDCi - 120kW / 163HP (340Nm)"},{"model":"focus_(_3rd)__","value":"1176761","text":"2.0 TDCi Automat - 85kW / 116HP (300Nm)"},{"model":"focus_(_3rd)__","value":"1176762","text":"2.0 TDCi Automat - 103kW / 140HP (320Nm)"},{"model":"focus_(_3rd)__","value":"1176773","text":"2.0 TDCi Automat - 110kW / 150HP (370Nm)"},{"model":"focus_(_3rd)__","value":"1176763","text":"2.0 TDCi Automat - 120kW / 163HP (340Nm)"},{"model":"focus_(_4th)__","value":"1176964","text":"1.0 EcoBoost - 92kW / 125HP (170Nm)"},{"model":"focus_(_4th)__","value":"1176967","text":"1.5 EcoBoost - 110kW / 150HP (240Nm)"},{"model":"focus_(_4th)__","value":"1176966","text":"1.5 EcoBoost - 134kW / 182HP (270Nm)"},{"model":"focus_(_4th)__","value":"1176960","text":"1.5 TDCi - 88kW / 120HP (270Nm)"},{"model":"focus_(_4th)__","value":"1176962","text":"1.5 TDCi Automat - 88kW / 120HP (270Nm)"},{"model":"focus_(_1st)__","value":"1176483","text":"1.4 - 55kW / 75HP (123Nm)"},{"model":"focus_(_1st)__","value":"1176497","text":"1.6 - 74kW / 101HP (145Nm)"},{"model":"focus_(_1st)__","value":"1176490","text":"1.6 Automat - 74kW / 101HP (145Nm)"},{"model":"focus_(_1st)__","value":"1176504","text":"1.6 Flex - 81kW / 110HP (0Nm)"},{"model":"focus_(_1st)__","value":"1176511","text":"1.8 - 85kW / 116HP (160Nm)"},{"model":"focus_(_1st)__","value":"1176462","text":"1.8 Di - 55kW / 75HP (175Nm)"},{"model":"focus_(_1st)__","value":"1176467","text":"1.8 TDCi - 74kW / 101HP (240Nm)"},{"model":"focus_(_1st)__","value":"1176466","text":"1.8 TDCi - 85kW / 116HP (250Nm)"},{"model":"focus_(_1st)__","value":"1176477","text":"1.8 TDdi - 55kW / 75HP (175Nm)"},{"model":"focus_(_1st)__","value":"1176473","text":"1.8 TDdi - 66kW / 90HP (200Nm)"},{"model":"focus_(_1st)__","value":"1176521","text":"2.0 - 96kW / 131HP (178Nm)"},{"model":"focus_(_1st)__","value":"1176518","text":"2.0 Automat - 96kW / 131HP (178Nm)"},{"model":"focus_c-max__dm2_","value":"1177071","text":"1.6 - 74kW / 101HP (146Nm)"},{"model":"focus_c-max__dm2_","value":"1176978","text":"1.6 TDCi - 66kW / 90HP (215Nm)"},{"model":"focus_c-max__dm2_","value":"1176972","text":"1.6 TDCi - 80kW / 109HP (240Nm)"},{"model":"focus_c-max__dm2_","value":"1177008","text":"1.6 TDCi Automat - 80kW / 109HP (240Nm)"},{"model":"focus_c-max__dm2_","value":"1177081","text":"1.6 Ti-VCT - 85kW / 116HP (155Nm)"},{"model":"focus_c-max__dm2_","value":"1177090","text":"1.8 - 88kW / 120HP (166Nm)"},{"model":"focus_c-max__dm2_","value":"1177089","text":"1.8 - 90kW / 122HP (166Nm)"},{"model":"focus_c-max__dm2_","value":"1177092","text":"1.8 - 92kW / 125HP (166Nm)"},{"model":"focus_c-max__dm2_","value":"1177028","text":"1.8 TDCi - 85kW / 116HP (280Nm)"},{"model":"focus_c-max__dm2_","value":"1177116","text":"2.0 - 107kW / 146HP (185Nm)"},{"model":"focus_c-max__dm2_","value":"1177051","text":"2.0 TDCi - 100kW / 136HP (320Nm)"},{"model":"focus_c-max__dm2_","value":"1177031","text":"2.0 TDCi Automat - 100kW / 136HP (320Nm)"},{"model":"focus_rs_( 1st)__","value":"1177124","text":"2.0 RS - 158kW / 215HP (311Nm)"},{"model":"focus_rs_( 2nd)__","value":"1177127","text":"2.5 RS - 224kW / 305HP (440Nm)"},{"model":"focus_rs_(_2nd)__","value":"1177126","text":"2.5 RS 500 - 257kW / 350HP (460Nm)"},{"model":"focus_rs_( 3rd)__","value":"1177130","text":"2.3 RS EcoBoost - 258kW / 351HP (440Nm)"},{"model":"focus_st_( 2nd)__","value":"1177135","text":"2.5 ST - 165kW / 224HP (320Nm)"},{"model":"focus_st_( 3rd)__","value":"1177147","text":"2.0 ST - 131kW / 178HP (0Nm)"},{"model":"focus_st_(_3rd)__","value":"1177159","text":"2.0 ST EcoBoost - 184kW / 250HP (340Nm)"},{"model":"focus_st_(_3rd)__","value":"1177144","text":"2.0 ST TDCi - 136kW / 185HP (400Nm)"},{"model":"focus_st_(_3rd)__","value":"1177141","text":"2.0 ST TDCi Automat - 136kW / 185HP (400Nm)"},{"model":"focus_st_( 1st)__","value":"1177132","text":"2.0 ST 170 - 127kW / 173HP (197Nm)"},{"model":"freestyle___","value":"1177165","text":"3.0 CVT - 151kW / 205HP (281Nm)"},{"model":"fusion___","value":"1177199","text":"1.25 - 55kW / 75HP (110Nm)"},{"model":"fusion___","value":"1177213","text":"1.4 - 59kW / 80HP (124Nm)"},{"model":"fusion___","value":"1177206","text":"1.4 Automat - 59kW / 80HP (124Nm)"},{"model":"fusion___","value":"1177175","text":"1.4 TDCi - 50kW / 68HP (160Nm)"},{"model":"fusion___","value":"1177168","text":"1.4 TDCi Automat - 50kW / 68HP (160Nm)"},{"model":"fusion___","value":"1177230","text":"1.6 - 74kW / 101HP (146Nm)"},{"model":"fusion___","value":"1177223","text":"1.6 Automat - 74kW / 101HP (146Nm)"},{"model":"fusion___","value":"1177185","text":"1.6 TDCi - 66kW / 90HP (204Nm)"},{"model":"fusion_usa___","value":"1177244","text":"1.6 - 133kW / 181HP (249Nm)"},{"model":"fusion_usa___","value":"1177240","text":"1.6 Automat - 133kW / 181HP (249Nm)"},{"model":"fusion_usa___","value":"1177246","text":"2.0 Automat - 176kW / 239HP (366Nm)"},{"model":"fusion_usa___","value":"1177256","text":"2.3 - 118kW / 160HP (212Nm)"},{"model":"fusion_usa___","value":"1177251","text":"2.3 Automat - 118kW / 160HP (212Nm)"},{"model":"fusion_usa___","value":"1177261","text":"2.5 - 130kW / 177HP (233Nm)"},{"model":"fusion_usa___","value":"1177264","text":"2.5 Automat - 130kW / 177HP (237Nm)"},{"model":"fusion_usa___","value":"1177269","text":"3.0 Automat - 165kW / 224HP (278Nm)"},{"model":"fusion_usa___","value":"1177274","text":"3.0 Automat - 179kW / 243HP (302Nm)"},{"model":"galaxy_(_1st)__","value":"1177291","text":"1.9 TDI - 66kW / 90HP (202Nm)"},{"model":"galaxy_(_1st)__","value":"1177298","text":"1.9 TDI - 85kW / 116HP (310Nm)"},{"model":"galaxy_(_1st)__","value":"1177301","text":"1.9 TDI - 96kW / 131HP (310Nm)"},{"model":"galaxy_(_1st)__","value":"1177305","text":"1.9 TDI - 110kW / 150HP (310Nm)"},{"model":"galaxy_(_1st)__","value":"1177277","text":"1.9 TDI Automat - 66kW / 90HP (202Nm)"},{"model":"galaxy_(_1st)__","value":"1177284","text":"1.9 TDI Automat - 85kW / 116HP (310Nm)"},{"model":"galaxy_(_1st)__","value":"1177316","text":"2.0 - 85kW / 116HP (170Nm)"},{"model":"galaxy_(_1st)__","value":"1177311","text":"2.0 Automat - 85kW / 116HP (170Nm)"},{"model":"galaxy_(_1st)__","value":"1177349","text":"2.3 - 103kW / 140HP (200Nm)"},{"model":"galaxy_(_1st)__","value":"1177345","text":"2.3 - 107kW / 146HP (203Nm)"},{"model":"galaxy_(_1st)__","value":"1177331","text":"2.3 Automat - 103kW / 140HP (200Nm)"},{"model":"galaxy_(_1st)__","value":"1177328","text":"2.3 Automat - 107kW / 146HP (203Nm)"},{"model":"galaxy_(_1st)__","value":"1177369","text":"2.8 - 150kW / 204HP (265Nm)"},{"model":"galaxy_(_1st)__","value":"1177362","text":"2.8 Automat - 150kW / 204HP (265Nm)"},{"model":"galaxy_(_2nd)__","value":"1177497","text":"1.6 Ecoboost Automat - 118kW / 160HP (240Nm)"},{"model":"galaxy_(_2nd)__","value":"1177376","text":"1.6 TDCi - 85kW / 116HP (270Nm)"},{"model":"galaxy_(_2nd)__","value":"1177387","text":"1.8 TDCi - 74kW / 101HP (280Nm)"},{"model":"galaxy_(_2nd)__","value":"1177386","text":"1.8 TDCi - 92kW / 125HP (320Nm)"},{"model":"galaxy_(_2nd)__","value":"1177507","text":"2.0 - 107kW / 146HP (190Nm)"},{"model":"galaxy_(_2nd)__","value":"1177517","text":"2.0 Ecoboost Automat - 149kW / 203HP (300Nm)"},{"model":"galaxy_(_2nd)__","value":"1177529","text":"2.0 Flexifuel - 107kW / 146HP (190Nm)"},{"model":"galaxy_(_2nd)__","value":"1177428","text":"2.0 TDCi - 85kW / 116HP (300Nm)"},{"model":"galaxy_(_2nd)__","value":"1177419","text":"2.0 TDCi - 96kW / 131HP (320Nm)"},{"model":"galaxy_(_2nd)__","value":"1177418","text":"2.0 TDCi - 100kW / 136HP (0Nm)"},{"model":"galaxy_(_2nd)__","value":"1177416","text":"2.0 TDCi - 103kW / 140HP (320Nm)"},{"model":"galaxy_(_2nd)__","value":"1177434","text":"2.0 TDCi - 120kW / 163HP (340Nm)"},{"model":"galaxy_(_2nd)__","value":"1177392","text":"2.0 TDCi Automat - 100kW / 136HP (0Nm)"},{"model":"galaxy_(_2nd)__","value":"1177393","text":"2.0 TDCi Automat - 103kW / 140HP (320Nm)"},{"model":"galaxy_(_2nd)__","value":"1177394","text":"2.0 TDCi Automat - 120kW / 163HP (340Nm)"},{"model":"galaxy_(_2nd)__","value":"1177479","text":"2.2 TDCi - 129kW / 175HP (400Nm)"},{"model":"galaxy_(_2nd)__","value":"1177484","text":"2.2 TDCi - 147kW / 200HP (420Nm)"},{"model":"galaxy_(_2nd)__","value":"1177467","text":"2.2 TDCi Automat - 147kW / 200HP (420Nm)"},{"model":"galaxy_(_2nd)__","value":"1177532","text":"2.3 - 118kW / 160HP (208Nm)"},{"model":"galaxy_(_3rd)__","value":"1177554","text":"1.5 Ecoboost - 118kW / 160HP (240Nm)"},{"model":"galaxy_(_3rd)__","value":"1177575","text":"2.0 Ecoboost Automat - 176kW / 239HP (345Nm)"},{"model":"galaxy_(_3rd)__","value":"1177547","text":"2.0 TDCi - 88kW / 120HP (310Nm)"},{"model":"galaxy_(_3rd)__","value":"1177546","text":"2.0 TDCi - 110kW / 150HP (350Nm)"},{"model":"galaxy_(_3rd)__","value":"1177545","text":"2.0 TDCi - 132kW / 180HP (400Nm)"},{"model":"galaxy_(_3rd)__","value":"1177536","text":"2.0 TDCi Automat - 110kW / 150HP (350Nm)"},{"model":"galaxy_(_3rd)__","value":"1177537","text":"2.0 TDCi Automat - 132kW / 180HP (400Nm)"},{"model":"galaxy_(_3rd)__","value":"1177538","text":"2.0 TDCi Automat - 154kW / 209HP (450Nm)"},{"model":"ka___","value":"1177655","text":"1.0 FlexFuel - 51kW / 69HP (88Nm)"},{"model":"ka___","value":"1177654","text":"1.0 FlexFuel - 54kW / 73HP (92Nm)"},{"model":"ka___","value":"1177663","text":"1.6 FlexFuel - 75kW / 102HP (142Nm)"},{"model":"ka___","value":"1177662","text":"1.6 FlexFuel - 79kW / 107HP (150Nm)"},{"model":"ka_(_1st)_rb_","value":"1177578","text":"1.0 - 39kW / 53HP (76Nm)"},{"model":"ka_(_1st)_rb_","value":"1177581","text":"1.0 - 48kW / 65HP (87Nm)"},{"model":"ka_(_1st)_rb_","value":"1177592","text":"1.3 - 37kW / 50HP (97Nm)"},{"model":"ka_(_1st)_rb_","value":"1177602","text":"1.3 - 44kW / 60HP (99Nm)"},{"model":"ka_(_1st)_rb_","value":"1177591","text":"1.3 - 44kW / 60HP (105Nm)"},{"model":"ka_(_1st)_rb_","value":"1177601","text":"1.3 - 51kW / 69HP (106Nm)"},{"model":"ka_(_2nd)_ru8_","value":"1177636","text":"1.2 - 51kW / 69HP (102Nm)"},{"model":"ka_(_2nd)_ru8_","value":"1177617","text":"1.3 TDCi - 55kW / 75HP (145Nm)"},{"model":"ka_sport_( 1st)_rb_","value":"1177678","text":"1.6 - 70kW / 95HP (135Nm)"},{"model":"ka_sport_( 2nd)_rb_","value":"1177686","text":"1.6 - 70kW / 95HP (135Nm)"},{"model":"kuga_(_1st)__","value":"1177695","text":"2.0 TDCi - 100kW / 136HP (320Nm)"},{"model":"kuga_(_1st)__","value":"1177699","text":"2.0 TDCi - 103kW / 140HP (320Nm)"},{"model":"kuga_(_1st)__","value":"1177700","text":"2.0 TDCi - 120kW / 163HP (340Nm)"},{"model":"kuga_(_1st)__","value":"1177690","text":"2.0 TDCi Automat - 103kW / 140HP (320Nm)"},{"model":"kuga_(_1st)__","value":"1177689","text":"2.0 TDCi Automat - 120kW / 163HP (340Nm)"},{"model":"kuga_(_1st)__","value":"1177712","text":"2.5 T Duratec - 147kW / 200HP (320Nm)"},{"model":"kuga_(_1st)__","value":"1177707","text":"2.5 T Duratec Automat - 147kW / 200HP (320Nm)"},{"model":"kuga_(_2nd)__","value":"1177768","text":"1.5 EcoBoost - 88kW / 120HP (240Nm)"},{"model":"kuga_(_2nd)__","value":"1177766","text":"1.5 EcoBoost - 110kW / 150HP (240Nm)"},{"model":"kuga_(_2nd)__","value":"1177762","text":"1.5 EcoBoost Automat - 134kW / 182HP (240Nm)"},{"model":"kuga_(_2nd)__","value":"1177723","text":"1.5 TDCi - 88kW / 120HP (270Nm)"},{"model":"kuga_(_2nd)__","value":"1177717","text":"1.5 TDCi Automat - 88kW / 120HP (270Nm)"},{"model":"kuga_(_2nd)__","value":"1177791","text":"1.6 EcoBoost - 110kW / 150HP (240Nm)"},{"model":"kuga_(_2nd)__","value":"1177776","text":"1.6 EcoBoost Automat - 134kW / 182HP (240Nm)"},{"model":"kuga_(_2nd)__","value":"1177806","text":"2.0 EcoBoost Automat - 177kW / 241HP (340Nm)"},{"model":"kuga_(_2nd)__","value":"1177751","text":"2.0 TDCi - 88kW / 120HP (310Nm)"},{"model":"kuga_(_2nd)__","value":"1177745","text":"2.0 TDCi - 103kW / 140HP (320Nm)"},{"model":"kuga_(_2nd)__","value":"1177750","text":"2.0 TDCi - 110kW / 150HP (370Nm)"},{"model":"kuga_(_2nd)__","value":"1177744","text":"2.0 TDCi - 120kW / 163HP (340Nm)"},{"model":"kuga_(_2nd)__","value":"1177752","text":"2.0 TDCi - 132kW / 180HP (400Nm)"},{"model":"kuga_(_2nd)__","value":"1177731","text":"2.0 TDCi Automat - 103kW / 140HP (320Nm)"},{"model":"kuga_(_2nd)__","value":"1177737","text":"2.0 TDCi Automat - 110kW / 150HP (370Nm)"},{"model":"kuga_(_2nd)__","value":"1177730","text":"2.0 TDCi Automat - 120kW / 163HP (340Nm)"},{"model":"kuga_(_2nd)__","value":"1177736","text":"2.0 TDCi Automat - 132kW / 180HP (400Nm)"},{"model":"kuga_(_3rd)__","value":"1177815","text":"1.5 EcoBoost - 88kW / 120HP (240Nm)"},{"model":"kuga_(_3rd)__","value":"1177814","text":"1.5 EcoBoost - 110kW / 150HP (240Nm)"},{"model":"kuga_(_3rd)__","value":"1177813","text":"1.5 EcoBoost - 134kW / 182HP (270Nm)"},{"model":"kuga_(_3rd)__","value":"1177816","text":"1.5 EcoBoost Automat - 110kW / 150HP (240Nm)"},{"model":"kuga_(_3rd)__","value":"1177811","text":"1.5 TDCi EcoBlue - 88kW / 120HP (270Nm)"},{"model":"kuga_(_3rd)__","value":"1177812","text":"1.5 TDCi EcoBlue Automat - 88kW / 120HP (270Nm)"},{"model":"maverick___","value":"1177817","text":"2.0 - 91kW / 124HP (175Nm)"},{"model":"maverick___","value":"1177821","text":"2.3 - 110kW / 150HP (200Nm)"},{"model":"maverick___","value":"1177826","text":"3.0 Automat - 145kW / 197HP (265Nm)"},{"model":"maverick___","value":"1177829","text":"3.0 Automat - 149kW / 203HP (262Nm)"},{"model":"mondeo_(_2nd)__","value":"1177840","text":"1.6 - 70kW / 95HP (142Nm)"},{"model":"mondeo_(_2nd)__","value":"1177856","text":"1.8 - 85kW / 116HP (158Nm)"},{"model":"mondeo_(_2nd)__","value":"1177846","text":"1.8 Automat - 85kW / 116HP (158Nm)"},{"model":"mondeo_(_2nd)__","value":"1177835","text":"1.8 TD - 66kW / 90HP (177Nm)"},{"model":"mondeo_(_2nd)__","value":"1177871","text":"2.0 - 96kW / 131HP (176Nm)"},{"model":"mondeo_(_2nd)__","value":"1177866","text":"2.0 Automat - 96kW / 131HP (176Nm)"},{"model":"mondeo_(_2nd)__","value":"1177881","text":"2.5 - 125kW / 170HP (220Nm)"},{"model":"mondeo_(_2nd)__","value":"1177876","text":"2.5 Automat - 125kW / 170HP (220Nm)"},{"model":"mondeo_(_3rd)__","value":"1177926","text":"1.8 - 81kW / 110HP (165Nm)"},{"model":"mondeo_(_3rd)__","value":"1177925","text":"1.8 - 92kW / 125HP (170Nm)"},{"model":"mondeo_(_3rd)__","value":"1177949","text":"2.0 - 107kW / 146HP (190Nm)"},{"model":"mondeo_(_3rd)__","value":"1177941","text":"2.0 Automat - 107kW / 146HP (190Nm)"},{"model":"mondeo_(_3rd)__","value":"1177894","text":"2.0 TDCi - 66kW / 90HP (245Nm)"},{"model":"mondeo_(_3rd)__","value":"1177886","text":"2.0 TDCi - 85kW / 116HP (280Nm)"},{"model":"mondeo_(_3rd)__","value":"1177890","text":"2.0 TDCi - 96kW / 131HP (330Nm)"},{"model":"mondeo_(_3rd)__","value":"1177911","text":"2.0 TDDi - 66kW / 90HP (245Nm)"},{"model":"mondeo_(_3rd)__","value":"1177910","text":"2.0 TDDi - 85kW / 116HP (280Nm)"},{"model":"mondeo_(_3rd)__","value":"1177914","text":"2.0 TDDi - 96kW / 131HP (330Nm)"},{"model":"mondeo_(_3rd)__","value":"1177921","text":"2.2 TDCi - 114kW / 155HP (360Nm)"},{"model":"mondeo_(_3rd)__","value":"1177965","text":"2.5 - 125kW / 170HP (220Nm)"},{"model":"mondeo_(_3rd)__","value":"1177957","text":"2.5 Automat - 125kW / 170HP (220Nm)"},{"model":"mondeo_(_3rd)__","value":"1177973","text":"3.0 - 150kW / 204HP (280Nm)"},{"model":"mondeo_(_4th)__","value":"1178087","text":"1.6 EcoBoost - 118kW / 160HP (240Nm)"},{"model":"mondeo_(_4th)__","value":"1178085","text":"1.6 EcoBoost Automat - 132kW / 180HP (240Nm)"},{"model":"mondeo_(_4th)__","value":"1177977","text":"1.6 TDCi - 85kW / 116HP (270Nm)"},{"model":"mondeo_(_4th)__","value":"1178097","text":"1.6 Ti-VCT - 92kW / 125HP (160Nm)"},{"model":"mondeo_(_4th)__","value":"1177985","text":"1.8 TDCi - 74kW / 101HP (280Nm)"},{"model":"mondeo_(_4th)__","value":"1177987","text":"1.8 TDCi - 92kW / 125HP (320Nm)"},{"model":"mondeo_(_4th)__","value":"1178101","text":"2.0 - 107kW / 146HP (185Nm)"},{"model":"mondeo_(_4th)__","value":"1178126","text":"2.0 EcoBoost Automat - 149kW / 203HP (300Nm)"},{"model":"mondeo_(_4th)__","value":"1178125","text":"2.0 EcoBoost Automat - 176kW / 239HP (340Nm)"},{"model":"mondeo_(_4th)__","value":"1178140","text":"2.0 Flexifuel - 107kW / 146HP (185Nm)"},{"model":"mondeo_(_4th)__","value":"1178148","text":"2.0 LPG - 104kW / 141HP (187Nm)"},{"model":"mondeo_(_4th)__","value":"1178034","text":"2.0 TDCi - 85kW / 116HP (300Nm)"},{"model":"mondeo_(_4th)__","value":"1178033","text":"2.0 TDCi - 96kW / 131HP (320Nm)"},{"model":"mondeo_(_4th)__","value":"1178031","text":"2.0 TDCi - 103kW / 140HP (320Nm)"},{"model":"mondeo_(_4th)__","value":"1178049","text":"2.0 TDCi - 120kW / 163HP (340Nm)"},{"model":"mondeo_(_4th)__","value":"1177991","text":"2.0 TDCi Automat - 85kW / 116HP (300Nm)"},{"model":"mondeo_(_4th)__","value":"1177992","text":"2.0 TDCi Automat - 96kW / 131HP (320Nm)"},{"model":"mondeo_(_4th)__","value":"1177993","text":"2.0 TDCi Automat - 103kW / 140HP (320Nm)"},{"model":"mondeo_(_4th)__","value":"1178010","text":"2.0 TDCi Automat - 120kW / 163HP (340Nm)"},{"model":"mondeo_(_4th)__","value":"1178071","text":"2.2 TDCi - 129kW / 175HP (400Nm)"},{"model":"mondeo_(_4th)__","value":"1178074","text":"2.2 TDCi - 147kW / 200HP (420Nm)"},{"model":"mondeo_(_4th)__","value":"1178151","text":"2.3 Automat - 118kW / 160HP (208Nm)"},{"model":"mondeo_(_5th)__","value":"1178194","text":"1.0 EcoBoost - 92kW / 125HP (170Nm)"},{"model":"mondeo_(_5th)__","value":"1178224","text":"1.5 EcoBoost - 118kW / 160HP (240Nm)"},{"model":"mondeo_(_5th)__","value":"1178220","text":"1.5 EcoBoost Automat - 118kW / 160HP (240Nm)"},{"model":"mondeo_(_5th)__","value":"1178155","text":"1.5 TDCi - 88kW / 120HP (270Nm)"},{"model":"mondeo_(_5th)__","value":"1178167","text":"1.6 TDCi - 85kW / 116HP (270Nm)"},{"model":"mondeo_(_5th)__","value":"1178245","text":"2.0 EcoBoost Automat - 149kW / 203HP (300Nm)"},{"model":"mondeo_(_5th)__","value":"1178244","text":"2.0 EcoBoost Automat - 177kW / 241HP (340Nm)"},{"model":"mondeo_(_5th)__","value":"1178184","text":"2.0 TDCi - 110kW / 150HP (320Nm)"},{"model":"mondeo_(_5th)__","value":"1178183","text":"2.0 TDCi - 132kW / 180HP (400Nm)"},{"model":"mondeo_(_5th)__","value":"1178176","text":"2.0 TDCi Automat - 110kW / 150HP (320Nm)"},{"model":"mondeo_(_5th)__","value":"1178175","text":"2.0 TDCi Automat - 132kW / 180HP (400Nm)"},{"model":"mondeo_(_5th)__","value":"1178191","text":"2.0 TDCi BiTurbo Automat - 154kW / 209HP (450Nm)"},{"model":"mondeo_(_5th)__","value":"1178252","text":"2.5 - 110kW / 150HP (0Nm)"},{"model":"mondeo_st___","value":"1178255","text":"2.5 - 162kW / 220HP (320Nm)"},{"model":"mondeo_st___","value":"1178267","text":"2.5 ST200 - 151kW / 205HP (235Nm)"},{"model":"mondeo_st___","value":"1178265","text":"2.5 ST200 Automat - 151kW / 205HP (235Nm)"},{"model":"mondeo_st___","value":"1178259","text":"3.0 ST 200 - 166kW / 226HP (280Nm)"},{"model":"mustang__s197_","value":"1178273","text":"3.7 V6 - 223kW / 303HP (380Nm)"},{"model":"mustang__s197_","value":"1178269","text":"3.7 V6 Automat - 223kW / 303HP (380Nm)"},{"model":"mustang__s197_","value":"1178284","text":"4.0 V6 - 157kW / 214HP (326Nm)"},{"model":"mustang__s197_","value":"1178277","text":"4.0 V6 Automat - 157kW / 214HP (326Nm)"},{"model":"mustang__s197_","value":"1178296","text":"4.6 V8 - 221kW / 301HP (434Nm)"},{"model":"mustang__s197_","value":"1178297","text":"4.6 V8 - 224kW / 305HP (434Nm)"},{"model":"mustang__s197_","value":"1178302","text":"4.6 V8 - 224kW / 305HP (441Nm)"},{"model":"mustang__s197_","value":"1178291","text":"4.6 V8 Automat - 224kW / 305HP (434Nm)"},{"model":"mustang__s197_","value":"1178295","text":"4.6 V8 Automat - 224kW / 305HP (441Nm)"},{"model":"mustang__s197_","value":"1178303","text":"4.6 V8 Bullit - 235kW / 320HP (441Nm)"},{"model":"mustang__s197_","value":"1178305","text":"5.0 V8 - 307kW / 418HP (529Nm)"},{"model":"mustang__s197_","value":"1178307","text":"5.0 V8 - 313kW / 426HP (529Nm)"},{"model":"mustang__s197_","value":"1178309","text":"5.0 V8 AT - 307kW / 418HP (529Nm)"},{"model":"mustang__s197_","value":"1178311","text":"5.0 V8 AT - 313kW / 426HP (529Nm)"},{"model":"mustang__s197_","value":"1178315","text":"5.0 V8 California Special - 313kW / 426HP (529Nm)"},{"model":"mustang__s197_","value":"1178313","text":"5.0 V8 California Special Automat - 313kW / 426HP (529Nm)"},{"model":"mustang__s550_","value":"1178317","text":"2.3 Ecoboost - 213kW / 290HP (440Nm)"},{"model":"mustang__s550_","value":"1178325","text":"2.3 Ecoboost - 228kW / 310HP (421Nm)"},{"model":"mustang__s550_","value":"1178326","text":"2.3 Ecoboost - 233kW / 317HP (421Nm)"},{"model":"mustang__s550_","value":"1178320","text":"2.3 Ecoboost Automat - 228kW / 310HP (421Nm)"},{"model":"mustang__s550_","value":"1178319","text":"2.3 Ecoboost Automat - 233kW / 317HP (421Nm)"},{"model":"mustang__s550_","value":"1178334","text":"3.7 Ti-VCT V6 - 224kW / 305HP (379Nm)"},{"model":"mustang__s550_","value":"1178331","text":"3.7 Ti-VCT V6 Automat - 224kW / 305HP (379Nm)"},{"model":"mustang_boss 302__s197_","value":"1178337","text":"5.0 V8 Automat - 331kW / 450HP (515Nm)"},{"model":"mustang_boss_302__s197_","value":"1178340","text":"5.0 V8 Laguna Seca - 331kW / 450HP (515Nm)"},{"model":"mustang_convertible__s197_","value":"1178346","text":"3.7 V6 - 223kW / 303HP (380Nm)"},{"model":"mustang_convertible__s197_","value":"1178343","text":"3.7 V6 Automat - 223kW / 303HP (380Nm)"},{"model":"mustang_convertible__s197_","value":"1178357","text":"4.0 V6 - 157kW / 214HP (326Nm)"},{"model":"mustang_convertible__s197_","value":"1178350","text":"4.0 V6 Automat - 157kW / 214HP (326Nm)"},{"model":"mustang_convertible__s197_","value":"1178369","text":"4.6 V8 - 221kW / 301HP (434Nm)"},{"model":"mustang_convertible__s197_","value":"1178370","text":"4.6 V8 - 224kW / 305HP (434Nm)"},{"model":"mustang_convertible__s197_","value":"1178375","text":"4.6 V8 - 224kW / 305HP (441Nm)"},{"model":"mustang_convertible__s197_","value":"1178364","text":"4.6 V8 Automat - 224kW / 305HP (434Nm)"},{"model":"mustang_convertible__s197_","value":"1178368","text":"4.6 V8 Automat - 224kW / 305HP (441Nm)"},{"model":"mustang_convertible__s197_","value":"1178376","text":"5.0 V8 - 307kW / 418HP (529Nm)"},{"model":"mustang_convertible__s197_","value":"1178378","text":"5.0 V8 - 313kW / 426HP (529Nm)"},{"model":"mustang_convertible__s197_","value":"1178380","text":"5.0 V8 AT - 307kW / 418HP (529Nm)"},{"model":"mustang_convertible__s197_","value":"1178382","text":"5.0 V8 AT - 313kW / 426HP (529Nm)"},{"model":"mustang_convertible__s550_","value":"1178391","text":"2.3 Ecoboost - 231kW / 314HP (421Nm)"},{"model":"mustang_convertible__s550_","value":"1178390","text":"2.3 Ecoboost - 233kW / 317HP (421Nm)"},{"model":"mustang_convertible__s550_","value":"1178385","text":"2.3 Ecoboost Automat - 231kW / 314HP (421Nm)"},{"model":"mustang_convertible__s550_","value":"1178384","text":"2.3 Ecoboost Automat - 233kW / 317HP (421Nm)"},{"model":"mustang_convertible__s550_","value":"1178399","text":"3.7 Ti-VCT V6 - 224kW / 305HP (379Nm)"},{"model":"mustang_convertible__s550_","value":"1178396","text":"3.7 Ti-VCT V6 Automat - 224kW / 305HP (379Nm)"},{"model":"mustang_gt__s550_","value":"1178413","text":"5.0 Ti-VCT V8 - 310kW / 422HP (530Nm)"},{"model":"mustang_gt__s550_","value":"1178412","text":"5.0 Ti-VCT V8 - 320kW / 435HP (542Nm)"},{"model":"mustang_gt__s550_","value":"1178419","text":"5.0 Ti-VCT V8 - 331kW / 450HP (527Nm)"},{"model":"mustang_gt__s550_","value":"1178418","text":"5.0 Ti-VCT V8 - 343kW / 466HP (570Nm)"},{"model":"mustang_gt__s550_","value":"1178403","text":"5.0 Ti-VCT V8 10AT - 331kW / 450HP (527Nm)"},{"model":"mustang_gt__s550_","value":"1178402","text":"5.0 Ti-VCT V8 10AT - 343kW / 466HP (570Nm)"},{"model":"mustang_gt__s550_","value":"1178406","text":"5.0 Ti-VCT V8 Automat - 310kW / 422HP (530Nm)"},{"model":"mustang_gt__s550_","value":"1178407","text":"5.0 Ti-VCT V8 Automat - 320kW / 435HP (542Nm)"},{"model":"mustang_gt convertible__s550_","value":"1178429","text":"5.0 Ti-VCT V8 - 310kW / 422HP (530Nm)"},{"model":"mustang_gt_convertible__s550_","value":"1178428","text":"5.0 Ti-VCT V8 - 320kW / 435HP (542Nm)"},{"model":"mustang_gt_convertible__s550_","value":"1178423","text":"5.0 Ti-VCT V8 Automat - 310kW / 422HP (530Nm)"},{"model":"mustang_gt_convertible__s550_","value":"1178422","text":"5.0 Ti-VCT V8 Automat - 320kW / 435HP (542Nm)"},{"model":"mustang_shelby gt__s197_","value":"1178436","text":"4.6 V8 GT - 238kW / 324HP (447Nm)"},{"model":"mustang_shelby_gt__s197_","value":"1178434","text":"4.6 V8 GT Automat - 238kW / 324HP (447Nm)"},{"model":"mustang_shelby gt convertible__s197_","value":"1178441","text":"4.6 V8 GT - 238kW / 324HP (447Nm)"},{"model":"mustang_shelby_gt convertible__s197_","value":"1178438","text":"4.6 V8 GT Automat - 238kW / 324HP (447Nm)"},{"model":"mustang_shelby gt500 __s197_","value":"1178444","text":"5.4 V8 GT500 - 373kW / 507HP (651Nm)"},{"model":"mustang_shelby_gt500 __s197_","value":"1178447","text":"5.4 V8 GT500 - 403kW / 548HP (692Nm)"},{"model":"mustang_shelby_gt500___s197_","value":"1178448","text":"5.4 V8 GT500 - 410kW / 558HP (692Nm)"},{"model":"mustang_shelby_gt500___s197_","value":"1178450","text":"5.4 V8 GT500 - 494kW / 672HP (856Nm)"},{"model":"mustang_shelby_gt500___s197_","value":"1178452","text":"5.4 V8 GT500 SVT - 410kW / 558HP (692Nm)"},{"model":"mustang_shelby gt500 convertible__s197_","value":"1178454","text":"5.4 V8 GT500 - 373kW / 507HP (651Nm)"},{"model":"mustang_shelby_gt500 convertible__s197_","value":"1178457","text":"5.4 V8 GT500 - 403kW / 548HP (692Nm)"},{"model":"mustang_shelby_gt500_convertible__s197_","value":"1178458","text":"5.4 V8 GT500 - 410kW / 558HP (692Nm)"},{"model":"mustang_shelby_gt500_convertible__s197_","value":"1178460","text":"5.4 V8 GT500 - 494kW / 672HP (856Nm)"},{"model":"mustang_shelby_gt500_convertible__s197_","value":"1178462","text":"5.4 V8 GT500 SVT - 410kW / 558HP (692Nm)"},{"model":"mustang_shelby gt500kr__s197_","value":"1178464","text":"5.4 V8 GT500kr - 403kW / 548HP (692Nm)"},{"model":"puma___","value":"1178467","text":"1.4 - 66kW / 90HP (123Nm)"},{"model":"puma___","value":"1178472","text":"1.6 - 76kW / 103HP (145Nm)"},{"model":"puma___","value":"1178475","text":"1.7 - 92kW / 125HP (157Nm)"},{"model":"puma_st___","value":"1178481","text":"1.7 ST160 - 118kW / 160HP (160Nm)"},{"model":"ranger___","value":"1178555","text":"2.3 - 89kW / 121HP (0Nm)"},{"model":"ranger___","value":"1178559","text":"2.3 - 107kW / 146HP (209Nm)"},{"model":"ranger___","value":"1178560","text":"2.3 - 109kW / 148HP (216Nm)"},{"model":"ranger___","value":"1178572","text":"2.3 - 110kW / 150HP (216Nm)"},{"model":"ranger___","value":"1178581","text":"2.3 Automat - 105kW / 143HP (209Nm)"},{"model":"ranger___","value":"1178585","text":"2.5 Flex - 127kW / 173HP (0Nm)"},{"model":"ranger___","value":"1178484","text":"2.5 TD - 80kW / 109HP (266Nm)"},{"model":"ranger___","value":"1178505","text":"2.5 TDCi - 105kW / 143HP (330Nm)"},{"model":"ranger___","value":"1178493","text":"2.5 TDCi Automat - 105kW / 143HP (330Nm)"},{"model":"ranger___","value":"1178591","text":"3.0 - 109kW / 148HP (244Nm)"},{"model":"ranger___","value":"1178517","text":"3.0 TD - 122kW / 166HP (380Nm)"},{"model":"ranger___","value":"1178543","text":"3.0 TDCi - 115kW / 156HP (380Nm)"},{"model":"ranger___","value":"1178531","text":"3.0 TDCi Automat - 115kW / 156HP (380Nm)"},{"model":"ranger___","value":"1178602","text":"4.0 - 154kW / 209HP (323Nm)"},{"model":"ranger_t6___","value":"1178634","text":"2.2 TDCi - 88kW / 125HP (285Nm)"},{"model":"ranger_t6___","value":"1178631","text":"2.2 TDCi - 92kW / 125HP (320Nm)"},{"model":"ranger_t6___","value":"1178632","text":"2.2 TDCi - 110kW / 150HP (375Nm)"},{"model":"ranger_t6___","value":"1178644","text":"2.2 TDCi - 118kW / 160HP (385Nm)"},{"model":"ranger_t6___","value":"1178615","text":"2.2 TDCi Automat - 88kW / 125HP (285Nm)"},{"model":"ranger_t6___","value":"1178612","text":"2.2 TDCi Automat - 92kW / 125HP (320Nm)"},{"model":"ranger_t6___","value":"1178613","text":"2.2 TDCi Automat - 110kW / 150HP (375Nm)"},{"model":"ranger_t6___","value":"1178625","text":"2.2 TDCi Automat - 118kW / 160HP (385Nm)"},{"model":"ranger_t6___","value":"1178660","text":"2.5 - 122kW / 166HP (226Nm)"},{"model":"ranger_t6___","value":"1178653","text":"3.2 TDCi - 147kW / 200HP (470Nm)"},{"model":"ranger_t6___","value":"1178650","text":"3.2 TDCi Automat - 147kW / 200HP (470Nm)"},{"model":"s-max_(_1st)__","value":"1178775","text":"1.6 EcoBoost - 118kW / 160HP (240Nm)"},{"model":"s-max_(_1st)__","value":"1178666","text":"1.6 TDCi - 85kW / 116HP (270Nm)"},{"model":"s-max_(_1st)__","value":"1178676","text":"1.8 TDCi - 74kW / 101HP (280Nm)"},{"model":"s-max_(_1st)__","value":"1178677","text":"1.8 TDCi - 92kW / 125HP (320Nm)"},{"model":"s-max_(_1st)__","value":"1178787","text":"2.0 - 107kW / 146HP (185Nm)"},{"model":"s-max_(_1st)__","value":"1178796","text":"2.0 Ecoboost Automat - 149kW / 203HP (300Nm)"},{"model":"s-max_(_1st)__","value":"1178795","text":"2.0 Ecoboost Automat - 176kW / 239HP (340Nm)"},{"model":"s-max_(_1st)__","value":"1178817","text":"2.0 Flexifuel - 107kW / 146HP (190Nm)"},{"model":"s-max_(_1st)__","value":"1178705","text":"2.0 TDCi - 85kW / 116HP (300Nm)"},{"model":"s-max_(_1st)__","value":"1178700","text":"2.0 TDCi - 96kW / 131HP (320Nm)"},{"model":"s-max_(_1st)__","value":"1178699","text":"2.0 TDCi - 100kW / 136HP (0Nm)"},{"model":"s-max_(_1st)__","value":"1178697","text":"2.0 TDCi - 103kW / 140HP (320Nm)"},{"model":"s-max_(_1st)__","value":"1178715","text":"2.0 TDCi - 120kW / 163HP (340Nm)"},{"model":"s-max_(_1st)__","value":"1178687","text":"2.0 TDCi Automat - 100kW / 136HP (0Nm)"},{"model":"s-max_(_1st)__","value":"1178686","text":"2.0 TDCi Automat - 120kW / 163HP (340Nm)"},{"model":"s-max_(_1st)__","value":"1178757","text":"2.2 TDCi - 129kW / 175HP (400Nm)"},{"model":"s-max_(_1st)__","value":"1178761","text":"2.2 TDCi - 147kW / 200HP (420Nm)"},{"model":"s-max_(_1st)__","value":"1178745","text":"2.2 TDCi Automat - 147kW / 200HP (420Nm)"},{"model":"s-max_(_1st)__","value":"1178820","text":"2.3 Automat - 118kW / 160HP (208Nm)"},{"model":"s-max_(_1st)__","value":"1178824","text":"2.5 ST - 162kW / 220HP (320Nm)"},{"model":"s-max_(_2nd)__","value":"1178847","text":"1.5 Ecoboost - 118kW / 160HP (240Nm)"},{"model":"s-max_(_2nd)__","value":"1178868","text":"2.0 Ecoboost Automat - 176kW / 239HP (345Nm)"},{"model":"s-max_(_2nd)__","value":"1178838","text":"2.0 TDCi - 88kW / 120HP (310Nm)"},{"model":"s-max_(_2nd)__","value":"1178840","text":"2.0 TDCi - 110kW / 150HP (350Nm)"},{"model":"s-max_(_2nd)__","value":"1178839","text":"2.0 TDCi - 132kW / 180HP (400Nm)"},{"model":"s-max_(_2nd)__","value":"1178830","text":"2.0 TDCi Automat - 110kW / 150HP (350Nm)"},{"model":"s-max_(_2nd)__","value":"1178829","text":"2.0 TDCi Automat - 132kW / 180HP (400Nm)"},{"model":"s-max_(_2nd)__","value":"1178831","text":"2.0 TDCi Automat - 154kW / 209HP (450Nm)"},{"model":"taurus_(_6th)__","value":"1178871","text":"2.0 Automat - 179kW / 243HP (366Nm)"},{"model":"taurus_(_6th)__","value":"1178883","text":"3.5 Automat - 196kW / 267HP (338Nm)"},{"model":"taurus_sho___","value":"1178887","text":"3.5 Automat - 272kW / 370HP (475Nm)"},{"model":"territory___","value":"1178894","text":"2.7 TDCi Automat - 140kW / 190HP (440Nm)"},{"model":"territory___","value":"1178900","text":"4.0 Automat - 195kW / 265HP (391Nm)"},{"model":"thunderbird___","value":"1178906","text":"3.8 Automat - 104kW / 141HP (292Nm)"},{"model":"thunderbird___","value":"1178909","text":"4.6 Automat - 153kW / 208HP (360Nm)"},{"model":"tourneo_connect___","value":"1179027","text":"1.0 Ecoboost - 74kW / 101HP (170Nm)"},{"model":"tourneo_connect___","value":"1178913","text":"1.5 TDCi - 55kW / 75HP (220Nm)"},{"model":"tourneo_connect___","value":"1178912","text":"1.5 TDCi - 74kW / 101HP (250Nm)"},{"model":"tourneo_connect___","value":"1178930","text":"1.5 TDCi - 88kW / 120HP (270Nm)"},{"model":"tourneo_connect___","value":"1178924","text":"1.5 TDCi Automat - 88kW / 120HP (270Nm)"},{"model":"tourneo_connect___","value":"1179058","text":"1.6 Ecoboost Automat - 110kW / 150HP (240Nm)"},{"model":"tourneo_connect___","value":"1178937","text":"1.6 TDCi - 55kW / 75HP (220Nm)"},{"model":"tourneo_connect___","value":"1178936","text":"1.6 TDCi - 70kW / 95HP (230Nm)"},{"model":"tourneo_connect___","value":"1178942","text":"1.6 TDCi - 85kW / 116HP (270Nm)"},{"model":"tourneo_connect___","value":"1179063","text":"1.8 - 85kW / 116HP (165Nm)"},{"model":"tourneo_connect___","value":"1179072","text":"1.8 LPG - 85kW / 116HP (165Nm)"},{"model":"tourneo_connect___","value":"1178956","text":"1.8 TDCi - 55kW / 75HP (140Nm)"},{"model":"tourneo_connect___","value":"1178945","text":"1.8 TDCi - 66kW / 90HP (220Nm)"},{"model":"tourneo_connect___","value":"1178951","text":"1.8 TDCi - 81kW / 110HP (250Nm)"},{"model":"tourneo_connect___","value":"1179024","text":"1.8 TDDi - 55kW / 75HP (140Nm)"},{"model":"tourneo_connect___","value":"1179081","text":"2.0 - 85kW / 116HP (0Nm)"},{"model":"tourneo_connect___","value":"1179088","text":"2.0 - 101kW / 137HP (0Nm)"},{"model":"tourneo_courier___","value":"1179121","text":"1.0 Ecoboost - 74kW / 101HP (170Nm)"},{"model":"tourneo_courier___","value":"1179093","text":"1.5 TDCi - 55kW / 75HP (190Nm)"},{"model":"tourneo_courier___","value":"1179095","text":"1.5 TDCi - 70kW / 95HP (190Nm)"},{"model":"tourneo_courier___","value":"1179101","text":"1.5 TDCi - 70kW / 95HP (215Nm)"},{"model":"tourneo_courier___","value":"1179113","text":"1.6 TDCi - 70kW / 95HP (216Nm)"},{"model":"tourneo_custom___","value":"1179149","text":"2.0 TDCi - 77kW / 105HP (360Nm)"},{"model":"tourneo_custom___","value":"1179148","text":"2.0 TDCi - 96kW / 131HP (385Nm)"},{"model":"tourneo_custom___","value":"1179147","text":"2.0 TDCi - 125kW / 170HP (405Nm)"},{"model":"tourneo_custom___","value":"1179158","text":"2.2 TDCi - 74kW / 101HP (310Nm)"},{"model":"tourneo_custom___","value":"1179157","text":"2.2 TDCi - 92kW / 125HP (350Nm)"},{"model":"tourneo_custom___","value":"1179156","text":"2.2 TDCi - 114kW / 155HP (385Nm)"},{"model":"transit___","value":"1179385","text":"2.0 - 84kW / 114HP (0Nm)"},{"model":"transit___","value":"1179400","text":"2.3 V185 - 105kW / 143HP (0Nm)"},{"model":"transit___","value":"1179399","text":"2.3 V185 - 107kW / 146HP (0Nm)"},{"model":"transit__ft_","value":"1179173","text":"2.0 TDCi EcoBlue - 77kW / 105HP (360Nm)"},{"model":"transit__ft_","value":"1179172","text":"2.0 TDCi EcoBlue - 96kW / 131HP (385Nm)"},{"model":"transit__ft_","value":"1179171","text":"2.0 TDCi EcoBlue - 125kW / 170HP (405Nm)"},{"model":"transit__fy_","value":"1179185","text":"2.0 DI V184 - 55kW / 75HP (0Nm)"},{"model":"transit__fy_","value":"1179183","text":"2.0 DI V184 - 63kW / 86HP (190Nm)"},{"model":"transit__fy_","value":"1179184","text":"2.0 DI V184 - 74kW / 101HP (230Nm)"},{"model":"transit__fy_","value":"1179204","text":"2.0 TDCi V184 - 92kW / 125HP (285Nm)"},{"model":"transit__fy_","value":"1179209","text":"2.0 TDDi V184 - 92kW / 125HP (285Nm)"},{"model":"transit__fy_","value":"1179244","text":"2.0 V184 - 84kW / 114HP (0Nm)"},{"model":"transit__fy_","value":"1179213","text":"2.4 DI V185 - 55kW / 75HP (0Nm)"},{"model":"transit__fy_","value":"1179212","text":"2.4 DI V185 - 66kW / 90HP (0Nm)"},{"model":"transit__fy_","value":"1179228","text":"2.4 DI V185 - 85kW / 116HP (0Nm)"},{"model":"transit__fy_","value":"1179211","text":"2.4 DI V185 - 88kW / 120HP (0Nm)"},{"model":"transit__fy_","value":"1179214","text":"2.4 DI V185 - 92kW / 125HP (0Nm)"},{"model":"transit__fy_","value":"1179241","text":"2.4 TDCi V185 - 101kW / 137HP (0Nm)"},{"model":"transit__tt9_","value":"1179245","text":"2.2 TDCi - 63kW / 86HP (0Nm)"},{"model":"transit__tt9_","value":"1179278","text":"2.2 TDCi - 74kW / 101HP (0Nm)"},{"model":"transit__tt9_","value":"1179246","text":"2.2 TDCi - 81kW / 110HP (0Nm)"},{"model":"transit__tt9_","value":"1179253","text":"2.2 TDCi - 85kW / 116HP (0Nm)"},{"model":"transit__tt9_","value":"1179273","text":"2.2 TDCi - 92kW / 125HP (0Nm)"},{"model":"transit__tt9_","value":"1179247","text":"2.2 TDCi - 96kW / 131HP (0Nm)"},{"model":"transit__tt9_","value":"1179248","text":"2.2 TDCi - 103kW / 140HP (0Nm)"},{"model":"transit__tt9_","value":"1179317","text":"2.4 TDCi - 74kW / 101HP (0Nm)"},{"model":"transit__tt9_","value":"1179315","text":"2.4 TDCi - 85kW / 116HP (0Nm)"},{"model":"transit__tt9_","value":"1179316","text":"2.4 TDCi - 103kW / 140HP (0Nm)"},{"model":"transit__tt9_","value":"1179342","text":"3.2 TDCi - 147kW / 200HP (0Nm)"},{"model":"transit__ttf_","value":"1179382","text":"1.0 EcoBoost - 74kW / 100HP (170Nm)"},{"model":"transit__ttf_","value":"1179356","text":"2.2 TDCi - 74kW / 101HP (0Nm)"},{"model":"transit__ttf_","value":"1179358","text":"2.2 TDCi - 92kW / 125HP (0Nm)"},{"model":"transit__ttf_","value":"1179350","text":"2.2 TDCi - 103kW / 140HP (0Nm)"},{"model":"transit__ttf_","value":"1179357","text":"2.2 TDCi - 114kW / 155HP (0Nm)"},{"model":"transit_connect___","value":"1179535","text":"1.0 EcoBoost - 74kW / 100HP (170Nm)"},{"model":"transit_connect___","value":"1179412","text":"1.5 TDCi - 55kW / 75HP (220Nm)"},{"model":"transit_connect___","value":"1179436","text":"1.5 TDCi - 74kW / 100HP (215Nm)"},{"model":"transit_connect___","value":"1179411","text":"1.5 TDCi - 74kW / 101HP (250Nm)"},{"model":"transit_connect___","value":"1179429","text":"1.5 TDCi - 88kW / 120HP (270Nm)"},{"model":"transit_connect___","value":"1179423","text":"1.5 TDCi Automat - 88kW / 120HP (270Nm)"},{"model":"transit_connect___","value":"1179569","text":"1.6 Ecoboost Automat - 110kW / 150HP (240Nm)"},{"model":"transit_connect___","value":"1179445","text":"1.6 TDCi - 55kW / 75HP (220Nm)"},{"model":"transit_connect___","value":"1179444","text":"1.6 TDCi - 70kW / 95HP (230Nm)"},{"model":"transit_connect___","value":"1179450","text":"1.6 TDCi - 85kW / 116HP (270Nm)"},{"model":"transit_connect___","value":"1179574","text":"1.8 - 85kW / 116HP (165Nm)"},{"model":"transit_connect___","value":"1179583","text":"1.8 LPG - 85kW / 116HP (165Nm)"},{"model":"transit_connect___","value":"1179461","text":"1.8 TDCi - 55kW / 75HP (140Nm)"},{"model":"transit_connect___","value":"1179453","text":"1.8 TDCi - 66kW / 90HP (220Nm)"},{"model":"transit_connect___","value":"1179460","text":"1.8 TDCi - 81kW / 110HP (250Nm)"},{"model":"transit_connect___","value":"1179532","text":"1.8 TDDi - 55kW / 75HP (140Nm)"},{"model":"transit_connect___","value":"1179592","text":"2.0 - 85kW / 116HP (0Nm)"},{"model":"transit_connect___","value":"1179599","text":"2.0 - 101kW / 137HP (0Nm)"},{"model":"transit_courier___","value":"1179632","text":"1.0 EcoBoost - 74kW / 100HP (170Nm)"},{"model":"transit_courier___","value":"1179604","text":"1.5 TDCi - 55kW / 75HP (190Nm)"},{"model":"transit_courier___","value":"1179606","text":"1.5 TDCi - 70kW / 95HP (190Nm)"},{"model":"transit_courier___","value":"1179612","text":"1.5 TDCi - 70kW / 95HP (215Nm)"},{"model":"transit_courier___","value":"1179624","text":"1.6 TDCi - 70kW / 95HP (216Nm)"},{"model":"transit_custom___","value":"1179689","text":"1.0 EcoBoost - 74kW / 100HP (170Nm)"},{"model":"transit_custom___","value":"1179663","text":"2.0 TDCi - 77kW / 105HP (360Nm)"},{"model":"transit_custom___","value":"1179662","text":"2.0 TDCi - 96kW / 131HP (385Nm)"},{"model":"transit_custom___","value":"1179661","text":"2.0 TDCi - 125kW / 170HP (405Nm)"},{"model":"transit_custom___","value":"1179672","text":"2.2 TDCi - 74kW / 101HP (310Nm)"},{"model":"transit_custom___","value":"1179671","text":"2.2 TDCi - 92kW / 125HP (350Nm)"},{"model":"transit_custom___","value":"1179670","text":"2.2 TDCi - 114kW / 155HP (385Nm)"},{"model":"windstar___","value":"1179692","text":"3.0 Automat - 147kW / 200HP (252Nm)"},{"model":"windstar___","value":"1179697","text":"3.8 Automat - 149kW / 200HP (326Nm)"}]