[{"model":"accord___","value":"1180329","text":"2.4 16v i-VTEC - 138kW / 188HP (245Nm)"},{"model":"accord__cl_","value":"1180234","text":"2.2 i-DTEC - 104kW / 141HP (380Nm)"},{"model":"accord__cl_","value":"1180240","text":"2.4 16v i-VTEC - 124kW / 169HP (220Nm)"},{"model":"accord__cn_","value":"1180242","text":"2.2 16v i-CTDi - 103kW / 140HP (340Nm)"},{"model":"accord__cn_","value":"1180245","text":"2.2 i-CTDi - 103kW / 140HP (340Nm)"},{"model":"accord__cp_","value":"1180248","text":"2.4 16v i-VTEC - 150kW / 204HP (223Nm)"},{"model":"accord__cp_","value":"1180256","text":"3.5 V6 i-VTEC VCM - 200kW / 272HP (336Nm)"},{"model":"accord__cp_","value":"1180257","text":"3.5 V6 i-VTEC VCM - 202kW / 275HP (344Nm)"},{"model":"accord__cp_","value":"1180263","text":"3.5 V6 VTEC - 200kW / 275HP (336Nm)"},{"model":"accord__cp_","value":"1180264","text":"3.5 V6 VTEC - 200kW / 275HP (366Nm)"},{"model":"accord__cp_","value":"1180265","text":"3.5 V6 VTEC - 202kW / 275HP (340Nm)"},{"model":"accord__cs_","value":"1180271","text":"2.4 16v i-VTEC - 140kW / 190HP (220Nm)"},{"model":"accord__cs_","value":"1180270","text":"2.4 16v i-VTEC - 150kW / 204HP (223Nm)"},{"model":"accord__cs_","value":"1180283","text":"3.5 V6 i-VTEC VCM - 200kW / 272HP (336Nm)"},{"model":"accord__cs_","value":"1180285","text":"3.5 V6 i-VTEC VCM - 202kW / 275HP (344Nm)"},{"model":"accord__cs_","value":"1180290","text":"3.5 V6 VTEC - 200kW / 275HP (336Nm)"},{"model":"accord__cs_","value":"1180291","text":"3.5 V6 VTEC - 200kW / 275HP (366Nm)"},{"model":"accord__cs_","value":"1180292","text":"3.5 V6 VTEC - 202kW / 275HP (340Nm)"},{"model":"accord__cu_","value":"1180297","text":"2.2 16v i-DTEC - 110kW / 150HP (350Nm)"},{"model":"accord__cw_","value":"1180313","text":"2.2 16v i-DTEC - 110kW / 140HP (350Nm)"},{"model":"accord_tourer__cn_","value":"1180334","text":"2.2 i-CTDi - 103kW / 140HP (340Nm)"},{"model":"accord_tourer__cw_","value":"1180341","text":"2.2 i-DTEC - 104kW / 141HP (380Nm)"},{"model":"accord_tourer__cw_","value":"1180339","text":"2.2 i-DTEC - 110kW / 150HP (350Nm)"},{"model":"accord_type-s__cl_","value":"1180349","text":"2.4 16v i-VTEC - 150kW / 204HP (232Nm)"},{"model":"accord_type-s__cu_","value":"1180356","text":"2.2 16v i-DTEC - 132kW / 180HP (380Nm)"},{"model":"accord_type-s__cw_","value":"1180368","text":"2.2 16v i-DTEC - 132kW / 180HP (380Nm)"},{"model":"city__gd_","value":"1180380","text":"1.5 16v i-VTEC - 88kW / 120HP (145Nm)"},{"model":"city__gd_","value":"1180387","text":"1.5 i-DSI - 66kW / 90HP (131Nm)"},{"model":"city__gm_","value":"1180395","text":"1.4 16v i-VTEC - 73kW / 99HP (127Nm)"},{"model":"city__mn_","value":"1180397","text":"1.5 8v VTEC - 81kW / 110HP (143Nm)"},{"model":"civic__ep_","value":"1180403","text":"1.7 8v CTDi - 73kW / 99HP (220Nm)"},{"model":"civic__fa_","value":"1180408","text":"1.8 16v i-VTEC - 103kW / 140HP (174Nm)"},{"model":"civic__fb_","value":"1180415","text":"1.8 16v i-VTEC - 103kW / 140HP (174Nm)"},{"model":"civic__fd_","value":"1180423","text":"1.3 i-DSI VTEC Hybrid - 70kW / 95HP (123Nm)"},{"model":"civic__fd_","value":"1180429","text":"1.4 16v i-VTEC - 73kW / 99HP (127Nm)"},{"model":"civic__fd_","value":"1180433","text":"1.4 16v i-VTEC i-Shift - 73kW / 99HP (127Nm)"},{"model":"civic__fd_","value":"1180420","text":"1.4 8v i-DSI - 63kW / 86HP (119Nm)"},{"model":"civic__fd_","value":"1180437","text":"1.8 16v i-VTEC - 103kW / 140HP (174Nm)"},{"model":"civic__fd_","value":"1180444","text":"2.0 16v i-VTEC - 114kW / 155HP (188Nm)"},{"model":"civic__fd2_","value":"1180450","text":"2.2 16v i-CTDi - 103kW / 140HP (340Nm)"},{"model":"civic__fg_","value":"1180453","text":"1.8 16v i-VTEC - 103kW / 140HP (174Nm)"},{"model":"civic__fk_","value":"1180489","text":"1.0L 12V i-VTEC 180 TURBO CVT - 92kW / 125HP (173Nm)"},{"model":"civic__fk_","value":"1180495","text":"1.0L 12V i-VTEC 180 TURBO MT - 95kW / 129HP (180Nm)"},{"model":"civic__fk_","value":"1180496","text":"1.0L 12V i-VTEC 180 TURBO MT - 95kW / 129HP (200Nm)"},{"model":"civic__fk_","value":"1180501","text":"1.0L 12V i-VTEC AT - 95kW / 129HP (180Nm)"},{"model":"civic__fk_","value":"1180507","text":"1.0L 12V i-VTEC MT - 95kW / 129HP (200Nm)"},{"model":"civic__fk_","value":"1180486","text":"1.4 16v i-DSI - 63kW / 86HP (119Nm)"},{"model":"civic__fk_","value":"1180460","text":"1.6 16v i-DTEC - 88kW / 120HP (300Nm)"},{"model":"civic__fk_","value":"1180513","text":"1.8 16v i-VTEC - 103kW / 140HP (174Nm)"},{"model":"civic__fk_","value":"1180468","text":"2.2 16v i-CTDi - 103kW / 140HP (340Nm)"},{"model":"civic__fk_","value":"1180478","text":"2.2 16v i-DTEC - 110kW / 150HP (350Nm)"},{"model":"civic__fn_","value":"1180526","text":"1.4 16v i-VTEC - 73kW / 99HP (127Nm)"},{"model":"civic__fn_","value":"1180530","text":"1.4 16v i-VTEC i-Shift - 73kW / 99HP (127Nm)"},{"model":"civic__fn_","value":"1180534","text":"1.4 8v i-DSI - 63kW / 86HP (119Nm)"},{"model":"civic__fn_","value":"1180537","text":"1.8 16v i-VTEC - 103kW / 140HP (174Nm)"},{"model":"civic__fn_","value":"1180519","text":"2.2 16v i-CTDi - 103kW / 140HP (340Nm)"},{"model":"civic_ima__fd_","value":"1180542","text":"1.3 i-DSI VTEC Hybrid - 70kW / 95HP (123Nm)"},{"model":"civic_si__fa_","value":"1180548","text":"2.0 16v i-VTEC - 147kW / 200HP (188Nm)"},{"model":"civic_si__fg_","value":"1180554","text":"2.0 16v i-VTEC - 147kW / 200HP (188Nm)"},{"model":"civic_type-r__fd_","value":"1180560","text":"2.0 16v i-VTEC Type-R - 165kW / 224HP (215Nm)"},{"model":"civic_type-r__fk_","value":"1180565","text":"2.0 16v i-VTEC Turbo Type-R - 228kW / 310HP (400Nm)"},{"model":"civic_type-r__fk_","value":"1180570","text":"2.0 16v i-VTEC Turbo Type-R - 235kW / 320HP (400Nm)"},{"model":"civic_type-r__fn_","value":"1180577","text":"2.0 16v i-VTEC Type-R - 150kW / 204HP (193Nm)"},{"model":"civic_type-r__fn_","value":"1180578","text":"2.0 16v i-VTEC Type-R - 165kW / 224HP (215Nm)"},{"model":"cr-v__rd_","value":"1180595","text":"2.0 16v i-VTEC - 110kW / 150HP (190Nm)"},{"model":"cr-v__rd_","value":"1180589","text":"2.2 16v i-CTDi - 103kW / 140HP (340Nm)"},{"model":"cr-v__rd_","value":"1180597","text":"2.4 16v i-VTEC - 120kW / 163HP (220Nm)"},{"model":"cr-v__re_","value":"1180608","text":"1.6 16v i-DTEC - 88kW / 120HP (300Nm)"},{"model":"cr-v__re_","value":"1180620","text":"1.6 16v i-DTEC BiTurbo - 118kW / 160HP (350Nm)"},{"model":"cr-v__re_","value":"1180649","text":"2.0 16v i-VTEC - 110kW / 150HP (190Nm)"},{"model":"cr-v__re_","value":"1180628","text":"2.2 16v CTDi - 103kW / 140HP (340Nm)"},{"model":"cr-v__re_","value":"1180631","text":"2.2 16v i-CTDi - 103kW / 140HP (340Nm)"},{"model":"cr-v__re_","value":"1180635","text":"2.2 16v i-DTEC - 110kW / 150HP (350Nm)"},{"model":"cr-v__rw_","value":"1180659","text":"1.6 16v i-DTEC BiTurbo - 118kW / 160HP (350Nm)"},{"model":"cr-z__zf_","value":"1180667","text":"1.5 16v Hybrid - 88kW / 120HP (145Nm)"},{"model":"crider___","value":"1180587","text":"1.8 16v i-VTEC - 103kW / 140HP (174Nm)"},{"model":"element__yh_","value":"1180671","text":"2.4 16v i-VTEC - 118kW / 160HP (218Nm)"},{"model":"element__yh_","value":"1180676","text":"2.4 16v i-VTEC - 124kW / 169HP (218Nm)"},{"model":"element__yh_","value":"1180675","text":"2.4 16v i-VTEC - 124kW / 169HP (220Nm)"},{"model":"fit__gd_","value":"1180686","text":"1.4 8v - 59kW / 80HP (119Nm)"},{"model":"fit__gd_","value":"1180692","text":"1.4 8v Flex - 59kW / 80HP (119Nm)"},{"model":"fit__ge_","value":"1180695","text":"1.3 16v i-VTEC - 73kW / 99HP (127Nm)"},{"model":"fit__ge_","value":"1180703","text":"1.5 16v VTEC - 81kW / 110HP (143Nm)"},{"model":"fr-v__be_","value":"1180717","text":"1.8 16v i-VTEC - 103kW / 140HP (141Nm)"},{"model":"fr-v__be_","value":"1180716","text":"2.2 i-CTDi - 103kW / 140HP (340Nm)"},{"model":"fr-v__br_","value":"1180720","text":"2.2 16v i-CTDi - 103kW / 140HP (340Nm)"},{"model":"freed__gb_","value":"1180709","text":"1.5 16v i-VTEC - 88kW / 120HP (145Nm)"},{"model":"hr-v__ru_","value":"1180725","text":"1.6 i-DTEC - 88kW / 120HP (300Nm)"},{"model":"insight__ze_","value":"1180735","text":"1.3 8v Hybrid - 65kW / 88HP (121Nm)"},{"model":"integra_type-s__dc_","value":"1180741","text":"2.0 16v i-VTEC - 160kW / 218HP (194Nm)"},{"model":"jazz__gd_","value":"1180743","text":"1.2 8v - 57kW / 78HP (110Nm)"},{"model":"jazz__gd_","value":"1180748","text":"1.4 8v - 61kW / 83HP (119Nm)"},{"model":"odyssey__rb_","value":"1180755","text":"2.4 16v i-VTEC - 124kW / 169HP (220Nm)"},{"model":"odyssey__rl_","value":"1180761","text":"3.5 24v V6 VTEC - 190kW / 258HP (340Nm)"},{"model":"pilot__yf_","value":"1180770","text":"3.5 24v V6 i-VTEC VCM - 182kW / 248HP (325Nm)"},{"model":"pilot__yf_","value":"1180773","text":"3.5 24v V6 VTEC - 184kW / 250HP (332Nm)"},{"model":"ridgeline__yk_","value":"1180780","text":"3.5 24v V6 VTEC - 184kW / 250HP (332Nm)"},{"model":"s2000__ap_","value":"1180783","text":"2.0 16v VTEC - 177kW / 241HP (208Nm)"}]