[{"model":"accent_(_5th)_hc_","value":"1180940","text":"1.4 16v Automat - 79kW / 107HP (136Nm)"},{"model":"accent_(_2nd)_lc_","value":"1180803","text":"1.5 12v - 65kW / 88HP (133Nm)"},{"model":"accent_(_2nd)_lc_","value":"1180805","text":"1.5 12v - 68kW / 92HP (132Nm)"},{"model":"accent_(_2nd)_lc_","value":"1180802","text":"1.5 12v - 75kW / 102HP (136Nm)"},{"model":"accent_(_2nd)_lc_","value":"1180815","text":"1.5 12v Automatic - 65kW / 88HP (133Nm)"},{"model":"accent_(_2nd)_lc_","value":"1180816","text":"1.5 12v Automatic - 68kW / 92HP (132Nm)"},{"model":"accent_(_2nd)_lc_","value":"1180791","text":"1.5 12v CRDi - 60kW / 82HP (187Nm)"},{"model":"accent_(_2nd)_lc_","value":"1180796","text":"1.5 12v CRTD - 60kW / 82HP (187Nm)"},{"model":"accent_(_2nd)_lc_","value":"1180800","text":"1.5 12v TD - 60kW / 82HP (187Nm)"},{"model":"accent_(_2nd)_lc_","value":"1180824","text":"1.6 16v - 77kW / 105HP (143Nm)"},{"model":"accent_(_2nd)_lc_","value":"1180823","text":"1.6 16v - 77kW / 105HP (144Nm)"},{"model":"accent_(_2nd)_lc_","value":"1180821","text":"1.6 16v - 78kW / 106HP (144Nm)"},{"model":"accent_(_2nd)_lc_","value":"1180832","text":"1.6 16v Automatic - 77kW / 105HP (143Nm)"},{"model":"accent_(_2nd)_lc_","value":"1180831","text":"1.6 16v Automatic - 77kW / 105HP (144Nm)"},{"model":"accent_(_2nd)_lc_","value":"1180829","text":"1.6 16v Automatic - 78kW / 106HP (144Nm)"},{"model":"accent_(_3rd)_mc_","value":"1180845","text":"1.4 12v - 71kW / 97HP (125Nm)"},{"model":"accent_(_3rd)_mc_","value":"1180853","text":"1.4 Automatic - 71kW / 97HP (125Nm)"},{"model":"accent_(_3rd)_mc_","value":"1180837","text":"1.5 16v CRDi - 81kW / 110HP (235Nm)"},{"model":"accent_(_3rd)_mc_","value":"1180869","text":"1.6 16v - 82kW / 112HP (144Nm)"},{"model":"accent_(_3rd)_mc_","value":"1180865","text":"1.6 16v - 82kW / 112HP (146Nm)"},{"model":"accent_(_3rd)_mc_","value":"1180871","text":"1.6 16v Automatic - 82kW / 112HP (144Nm)"},{"model":"accent_(_3rd)_mc_","value":"1180872","text":"1.6 16v Automatic - 82kW / 112HP (146Nm)"},{"model":"accent_(_4th)_rb_","value":"1180893","text":"1.4 16v CVT - 74kW / 101HP (133Nm)"},{"model":"accent_(_4th)_rb_","value":"1180911","text":"1.6 16v - 102kW / 139HP (167Nm)"},{"model":"accent_(_4th)_rb_","value":"1180907","text":"1.6 16v - 103kW / 140HP (167Nm)"},{"model":"accent_(_4th)_rb_","value":"1180916","text":"1.6 16v Automatic - 102kW / 139HP (167Nm)"},{"model":"accent_(_4th)_rb_","value":"1180913","text":"1.6 16v Automatic - 103kW / 140HP (167Nm)"},{"model":"accent_(_4th)_rb_","value":"1180881","text":"1.6 16v CRDi VGT - 94kW / 128HP (260Nm)"},{"model":"accent_(_4th)_rb_","value":"1180887","text":"1.6 16v CRDi VGT Automatic - 94kW / 128HP (260Nm)"},{"model":"accent_(_4th)_rb_","value":"1180921","text":"1.6 16v GDI - 96kW / 130HP (157Nm)"},{"model":"accent_(_4th)_rb_","value":"1180918","text":"1.6 16v GDI - 103kW / 140HP (167Nm)"},{"model":"accent_(_4th)_rb_","value":"1180925","text":"1.6 16v GDI Automatic - 103kW / 140HP (167Nm)"},{"model":"accent_(_4th)_rb_","value":"1180928","text":"1.6 16v MPI - 91kW / 124HP (156Nm)"},{"model":"accent_(_4th)_rb_","value":"1180934","text":"1.6 16v MPI Automatic - 91kW / 124HP (156Nm)"},{"model":"accent_(_1st)_x3_","value":"1180787","text":"1.5 16v - 78kW / 106HP (137Nm)"},{"model":"accent_(_1st)_x3_","value":"1180789","text":"1.5 16v Automatic - 78kW / 106HP (137Nm)"},{"model":"aura___","value":"1180954","text":"1.0 12v T-GDI - 88kW / 120HP (172Nm)"},{"model":"aura___","value":"1180952","text":"1.0 12v T-GDI Automat - 88kW / 120HP (172Nm)"},{"model":"aura___","value":"1180950","text":"1.1 12v CRDi - 55kW / 75HP (152Nm)"},{"model":"aura___","value":"1180948","text":"1.1 12v CRDi Automat - 55kW / 75HP (152Nm)"},{"model":"aura___","value":"1180960","text":"1.2 8v VVT - 64kW / 87HP (122Nm)"},{"model":"aura___","value":"1180956","text":"1.2 8v VVT Automat - 64kW / 87HP (122Nm)"},{"model":"avante_(_3rd)_hd_","value":"1180994","text":"1.6 16v - 91kW / 124HP (156Nm)"},{"model":"avante_(_3rd)_hd_","value":"1180999","text":"1.6 16v Automatic - 91kW / 124HP (156Nm)"},{"model":"avante_(_4th)_md_","value":"1181004","text":"1.6 16v M16 GDI - 103kW / 140HP (167Nm)"},{"model":"avante_(_4th)_md_","value":"1181008","text":"1.6 16v M16 GDI Automatic - 103kW / 140HP (167Nm)"},{"model":"avante_(_4th)_md_","value":"1181013","text":"1.6 16v M16 GDI Blue Saver - 103kW / 140HP (157Nm)"},{"model":"avante_(_4th)_md_","value":"1181012","text":"1.6 16v M16 GDI Blue Saver - 103kW / 140HP (167Nm)"},{"model":"avante_(_2nd)_xd_","value":"1180964","text":"1.5 16v CRDi VGT - 76kW / 103HP (240Nm)"},{"model":"avante_(_2nd)_xd_","value":"1180968","text":"1.5 16v CRDi VGT Automatic - 76kW / 103HP (240Nm)"},{"model":"avante_(_2nd)_xd_","value":"1180972","text":"2.0 16v - 104kW / 141HP (182Nm)"},{"model":"avante_(_2nd)_xd_","value":"1180980","text":"2.0 16v Automatic - 104kW / 141HP (182Nm)"},{"model":"avante_(_2nd)_xd_","value":"1180988","text":"2.0 16v VVT Automatic - 105kW / 143HP (186Nm)"},{"model":"azera_(_2nd)_hg_","value":"1181024","text":"2.4 16v Automatic - 132kW / 180HP (232Nm)"},{"model":"azera_(_2nd)_hg_","value":"1181027","text":"3.0 V6 Automatic - 184kW / 250HP (285Nm)"},{"model":"azera_(_2nd)_hg_","value":"1181031","text":"3.3 V6 Automatic - 218kW / 296HP (346Nm)"},{"model":"azera_(_1st)_tg_","value":"1181016","text":"2.2 16v CRDi Automatic - 114kW / 155HP (343Nm)"},{"model":"click_(_1st)_tb_","value":"1181048","text":"1.3 12v - 60kW / 82HP (121Nm)"},{"model":"click_(_1st)_tb_","value":"1181052","text":"1.3 12v Automatic - 60kW / 82HP (121Nm)"},{"model":"click_(_1st)_tb_","value":"1181056","text":"1.4 16v - 70kW / 95HP (125Nm)"},{"model":"click_(_1st)_tb_","value":"1181061","text":"1.4 16v Automatic - 70kW / 95HP (125Nm)"},{"model":"click_(_1st)_tb_","value":"1181040","text":"1.5 16v CRDi - 82kW / 112HP (240Nm)"},{"model":"click_(_1st)_tb_","value":"1181066","text":"1.6 16v - 78kW / 106HP (144Nm)"},{"model":"click_(_1st)_tb_","value":"1181070","text":"1.6 16v Automatic - 78kW / 106HP (144Nm)"},{"model":"coupe_(_2nd)_gk_","value":"1181074","text":"1.6 16v S - 77kW / 105HP (144Nm)"},{"model":"coupe_(_2nd)_gk_","value":"1181079","text":"2.0 16v - 105kW / 143HP (186Nm)"},{"model":"coupe_(_2nd)_gk_","value":"1181095","text":"2.0 16v Automatic - 105kW / 143HP (186Nm)"},{"model":"coupe_(_2nd)_gk_","value":"1181111","text":"2.0 16v TS III - 105kW / 143HP (186Nm)"},{"model":"coupe_(_2nd)_gk_","value":"1181135","text":"2.7 V6 - 121kW / 165HP (245Nm)"},{"model":"coupe_(_2nd)_gk_","value":"1181114","text":"2.7 V6 - 123kW / 167HP (245Nm)"},{"model":"coupe_(_2nd)_gk_","value":"1181113","text":"2.7 V6 - 129kW / 175HP (245Nm)"},{"model":"coupe_(_2nd)_gk_","value":"1181167","text":"2.7 V6 Automatic - 121kW / 165HP (245Nm)"},{"model":"coupe_(_2nd)_gk_","value":"1181146","text":"2.7 V6 Automatic - 123kW / 167HP (245Nm)"},{"model":"coupe_(_2nd)_gk_","value":"1181145","text":"2.7 V6 Automatic - 129kW / 175HP (245Nm)"},{"model":"creta___","value":"1181177","text":"2.0 16v - 110kW / 150HP (192Nm)"},{"model":"elantra_(_5th)_ad_","value":"1181360","text":"1.6 16v CRDi - 94kW / 128HP (280Nm)"},{"model":"elantra_(_5th)_ad_","value":"1181364","text":"1.6 16v CRDi Automatic - 94kW / 128HP (280Nm)"},{"model":"elantra_(_6th)_ad_","value":"1181458","text":"1.6 16v CRDi - 100kW / 136HP (280Nm)"},{"model":"elantra_(_6th)_ad_","value":"1181462","text":"1.6 16v CRDi Automatic - 100kW / 136HP (280Nm)"},{"model":"elantra_(_6th)_ad_","value":"1181469","text":"1.6 16v T-GDI GT - 150kW / 204HP (265Nm)"},{"model":"elantra_(_4th)_hd_","value":"1181292","text":"1.6 16v CRDi - 84kW / 114HP (255Nm)"},{"model":"elantra_(_4th)_hd_","value":"1181302","text":"1.6 16v CVVT - 89kW / 121HP (153Nm)"},{"model":"elantra_(_4th)_hd_","value":"1181307","text":"1.6 16v CVVT Automatic - 89kW / 121HP (153Nm)"},{"model":"elantra_(_4th)_hd_","value":"1181313","text":"2.0 16v - 98kW / 133HP (180Nm)"},{"model":"elantra_(_4th)_hd_","value":"1181312","text":"2.0 16v - 103kW / 140HP (184Nm)"},{"model":"elantra_(_4th)_hd_","value":"1181329","text":"2.0 16v Automatic - 98kW / 133HP (180Nm)"},{"model":"elantra_(_4th)_hd_","value":"1181328","text":"2.0 16v Automatic - 103kW / 140HP (184Nm)"},{"model":"elantra_(_4th)_hd_","value":"1181340","text":"2.0 16v CVVT - 105kW / 143HP (186Nm)"},{"model":"elantra_(_4th)_hd_","value":"1181350","text":"2.0 16v CVVT Automatic - 105kW / 143HP (186Nm)"},{"model":"elantra_(_2nd)_j2_","value":"1181187","text":"2.0i 16v - 104kW / 141HP (180Nm)"},{"model":"elantra_(_2nd)_j2_","value":"1181191","text":"2.0i 16v Automatic - 104kW / 141HP (180Nm)"},{"model":"elantra_(_5th)_md_","value":"1181368","text":"1.6 16v - 97kW / 132HP (158Nm)"},{"model":"elantra_(_5th)_md_","value":"1181374","text":"1.6 16v Automatic - 97kW / 132HP (158Nm)"},{"model":"elantra_(_5th)_md_","value":"1181380","text":"1.6 16v MPI - 95kW / 129HP (157Nm)"},{"model":"elantra_(_5th)_md_","value":"1181386","text":"1.6 16v MPI Automatic - 95kW / 129HP (157Nm)"},{"model":"elantra_(_5th)_md_","value":"1181433","text":"1.8 - 108kW / 147HP (176Nm)"},{"model":"elantra_(_5th)_md_","value":"1181431","text":"1.8 - 110kW / 150HP (178Nm)"},{"model":"elantra_(_5th)_md_","value":"1181395","text":"1.8 16v - 108kW / 147HP (176Nm)"},{"model":"elantra_(_5th)_md_","value":"1181392","text":"1.8 16v - 110kW / 150HP (178Nm)"},{"model":"elantra_(_5th)_md_","value":"1181399","text":"1.8 16v Automatic - 108kW / 147HP (176Nm)"},{"model":"elantra_(_5th)_md_","value":"1181398","text":"1.8 16v Automatic - 110kW / 150HP (178Nm)"},{"model":"elantra_(_5th)_md_","value":"1181407","text":"1.8 16v MPI - 110kW / 150HP (178Nm)"},{"model":"elantra_(_5th)_md_","value":"1181413","text":"1.8 16v MPI Automatic - 110kW / 150HP (178Nm)"},{"model":"elantra_(_5th)_md_","value":"1181422","text":"1.8 Automat - 108kW / 147HP (176Nm)"},{"model":"elantra_(_5th)_md_","value":"1181423","text":"1.8 Automat - 110kW / 150HP (178Nm)"},{"model":"elantra_(_5th)_md_","value":"1181437","text":"2.0 16v - 129kW / 175HP (209Nm)"},{"model":"elantra_(_5th)_md_","value":"1181440","text":"2.0 16v Automatic - 129kW / 175HP (209Nm)"},{"model":"elantra_(_5th)_md_","value":"1181443","text":"2.0 16v GDI - 129kW / 175HP (154Nm)"},{"model":"elantra_(_5th)_md_","value":"1181449","text":"2.0 16v MPI Automatic - 110kW / 150HP (178Nm)"},{"model":"elantra_(_5th)_md_","value":"1181452","text":"2.0 16v PZEV - 123kW / 167HP (201Nm)"},{"model":"elantra_(_5th)_md_","value":"1181455","text":"2.0 16v PZEV Automatic - 123kW / 167HP (201Nm)"},{"model":"elantra_(_3rd)_xd_","value":"1181207","text":"1.6 16v - 77kW / 105HP (146Nm)"},{"model":"elantra_(_3rd)_xd_","value":"1181211","text":"1.6 16v - 84kW / 114HP (143Nm)"},{"model":"elantra_(_3rd)_xd_","value":"1181212","text":"1.6 16v Automatic - 77kW / 105HP (146Nm)"},{"model":"elantra_(_3rd)_xd_","value":"1181220","text":"2.0 16v - 103kW / 140HP (184Nm)"},{"model":"elantra_(_3rd)_xd_","value":"1181214","text":"2.0 16v - 104kW / 141HP (184Nm)"},{"model":"elantra_(_3rd)_xd_","value":"1181218","text":"2.0 16v - 105kW / 143HP (186Nm)"},{"model":"elantra_(_3rd)_xd_","value":"1181245","text":"2.0 16v Automatic - 98kW / 133HP (180Nm)"},{"model":"elantra_(_3rd)_xd_","value":"1181244","text":"2.0 16v Automatic - 103kW / 140HP (184Nm)"},{"model":"elantra_(_3rd)_xd_","value":"1181233","text":"2.0 16v Automatic - 104kW / 141HP (182Nm)"},{"model":"elantra_(_3rd)_xd_","value":"1181232","text":"2.0 16v Automatic - 104kW / 141HP (184Nm)"},{"model":"elantra_(_3rd)_xd_","value":"1181250","text":"2.0 16v Automatic - 105kW / 143HP (184Nm)"},{"model":"elantra_(_3rd)_xd_","value":"1181240","text":"2.0 16v Automatic - 105kW / 143HP (186Nm)"},{"model":"elantra_(_3rd)_xd_","value":"1181195","text":"2.0 16v CRDi - 83kW / 113HP (235Nm)"},{"model":"elantra_(_3rd)_xd_","value":"1181201","text":"2.0 16v CRTD - 83kW / 113HP (235Nm)"},{"model":"elantra_(_3rd)_xd_","value":"1181270","text":"2.0 16v GT - 103kW / 140HP (184Nm)"},{"model":"elantra_(_3rd)_xd_","value":"1181266","text":"2.0 16v GT - 104kW / 141HP (184Nm)"},{"model":"elantra_(_3rd)_xd_","value":"1181281","text":"2.0 16v GT Automatic - 98kW / 133HP (180Nm)"},{"model":"elantra_(_3rd)_xd_","value":"1181280","text":"2.0 16v GT Automatic - 103kW / 140HP (184Nm)"},{"model":"elantra_(_3rd)_xd_","value":"1181276","text":"2.0 16v GT Automatic - 104kW / 141HP (184Nm)"},{"model":"elantra_touring___","value":"1181478","text":"2.0 16v - 103kW / 140HP (184Nm)"},{"model":"elantra_touring___","value":"1181486","text":"2.0 16v Automatic - 103kW / 140HP (184Nm)"},{"model":"galloper_(_2nd)__","value":"1181494","text":"2.5  8v TC - 59kW / 80HP (206Nm)"},{"model":"galloper_(_2nd)__","value":"1181500","text":"2.5  8v TCi - 73kW / 99HP (245Nm)"},{"model":"galloper_(_2nd)__","value":"1181506","text":"2.5  8v TD - 56kW / 76HP (152Nm)"},{"model":"galloper_(_2nd)__","value":"1181507","text":"2.5  8v TD - 78kW / 106HP (253Nm)"},{"model":"galloper_(_2nd)__","value":"1181516","text":"2.5  8v TD Automatic - 76kW / 103HP (235Nm)"},{"model":"genesis__bk_","value":"1181521","text":"2.0 16v Turbo Track - 157kW / 214HP (302Nm)"},{"model":"genesis_coupe__bk_","value":"1181522","text":"2.0 16v Turbo - 157kW / 214HP (299Nm)"},{"model":"genesis_coupe__bk_","value":"1181523","text":"2.0 16v Turbo - 157kW / 214HP (302Nm)"},{"model":"genesis_coupe__bk_","value":"1181529","text":"2.0 16v Turbo - 202kW / 275HP (373Nm)"},{"model":"genesis_coupe__bk_","value":"1181531","text":"2.0 16v Turbo Automatic - 157kW / 214HP (299Nm)"},{"model":"genesis_coupe__bk_","value":"1181532","text":"2.0 16v Turbo Automatic - 157kW / 214HP (302Nm)"},{"model":"genesis_coupe__bk_","value":"1181538","text":"2.0 16v Turbo Automatic - 202kW / 275HP (373Nm)"},{"model":"genesis_coupe__bk_","value":"1181540","text":"2.0 16v Turbo R-Spec - 157kW / 214HP (302Nm)"},{"model":"genesis_coupe__bk_","value":"1181543","text":"2.0 16v Turbo R-Spec - 202kW / 275HP (373Nm)"},{"model":"genesis_coupe__bk_","value":"1181545","text":"2.0 16v Turbo Track - 157kW / 214HP (302Nm)"},{"model":"genesis_coupe__bk_","value":"1181547","text":"3.8 V6 - 223kW / 303HP (361Nm)"},{"model":"genesis_coupe__bk_","value":"1181546","text":"3.8 V6 - 228kW / 310HP (361Nm)"},{"model":"genesis_coupe__bk_","value":"1181550","text":"3.8 V6 - 259kW / 352HP (400Nm)"},{"model":"genesis_coupe__bk_","value":"1181553","text":"3.8 V6 Automatic - 223kW / 303HP (361Nm)"},{"model":"genesis_coupe__bk_","value":"1181552","text":"3.8 V6 Automatic - 228kW / 310HP (361Nm)"},{"model":"genesis_coupe__bk_","value":"1181558","text":"3.8 V6 Automatic - 259kW / 352HP (400Nm)"},{"model":"genesis_coupe__bk_","value":"1181560","text":"3.8 V6 GT - 223kW / 303HP (361Nm)"},{"model":"genesis_coupe__bk_","value":"1181564","text":"3.8 V6 GT - 259kW / 352HP (400Nm)"},{"model":"genesis_coupe__bk_","value":"1181566","text":"3.8 V6 GT Automatic - 223kW / 303HP (361Nm)"},{"model":"genesis_coupe__bk_","value":"1181570","text":"3.8 V6 GT Automatic - 259kW / 352HP (400Nm)"},{"model":"genesis_coupe__bk_","value":"1181572","text":"3.8 V6 R-Spec - 228kW / 310HP (361Nm)"},{"model":"genesis_coupe__bk_","value":"1181574","text":"3.8 V6 R-Spec - 259kW / 352HP (400Nm)"},{"model":"genesis_coupe__bk_","value":"1181578","text":"3.8 V6 Track - 228kW / 310HP (361Nm)"},{"model":"genesis_coupe__bk_","value":"1181581","text":"3.8 V6 Track - 259kW / 352HP (400Nm)"},{"model":"genesis_coupe__bk_","value":"1181584","text":"3.8 V6 Track Automatic - 228kW / 310HP (361Nm)"},{"model":"genesis_coupe__bk_","value":"1181587","text":"3.8 V6 Track Automatic - 259kW / 352HP (400Nm)"},{"model":"getz__tb_","value":"1181625","text":"1.1 12v - 46kW / 63HP (94Nm)"},{"model":"getz__tb_","value":"1181628","text":"1.1 12v - 49kW / 67HP (99Nm)"},{"model":"getz__tb_","value":"1181635","text":"1.3 12v - 60kW / 82HP (117Nm)"},{"model":"getz__tb_","value":"1181637","text":"1.3 12v - 63kW / 86HP (119Nm)"},{"model":"getz__tb_","value":"1181640","text":"1.3 12v Automatic - 60kW / 82HP (117Nm)"},{"model":"getz__tb_","value":"1181642","text":"1.3 12v Automatic - 63kW / 86HP (119Nm)"},{"model":"getz__tb_","value":"1181645","text":"1.3 12v Sport - 60kW / 82HP (117Nm)"},{"model":"getz__tb_","value":"1181647","text":"1.3 12v Sport - 63kW / 86HP (119Nm)"},{"model":"getz__tb_","value":"1181650","text":"1.4 16v - 71kW / 97HP (126Nm)"},{"model":"getz__tb_","value":"1181655","text":"1.4 16v Automatic - 71kW / 97HP (126Nm)"},{"model":"getz__tb_","value":"1181589","text":"1.5 12v CRDi - 60kW / 82HP (187Nm)"},{"model":"getz__tb_","value":"1181592","text":"1.5 12v CRTD - 60kW / 82HP (187Nm)"},{"model":"getz__tb_","value":"1181595","text":"1.5 16v CRDi - 65kW / 88HP (215Nm)"},{"model":"getz__tb_","value":"1181606","text":"1.5 16v CRTD - 65kW / 88HP (215Nm)"},{"model":"getz__tb_","value":"1181605","text":"1.5 16v CRTD - 81kW / 110HP (235Nm)"},{"model":"getz__tb_","value":"1181660","text":"1.6 16v - 77kW / 105HP (143Nm)"},{"model":"getz__tb_","value":"1181663","text":"1.6 16v - 78kW / 106HP (144Nm)"},{"model":"getz__tb_","value":"1181669","text":"1.6 16v Automatic - 77kW / 105HP (143Nm)"},{"model":"getz__tb_","value":"1181672","text":"1.6 16v Automatic - 78kW / 106HP (144Nm)"},{"model":"getz__tb_","value":"1181678","text":"1.6 16v Sport - 77kW / 105HP (143Nm)"},{"model":"grand_starex___","value":"1181707","text":"2.5 16v CRDi - 129kW / 175HP (450Nm)"},{"model":"grand_starex__tq_","value":"1181682","text":"2.5 16v CRDi Automatic - 125kW / 170HP (392Nm)"},{"model":"grand_starex__tq_","value":"1181687","text":"2.5 16v CRDi VGT - 128kW / 174HP (402Nm)"},{"model":"grand_starex__tq_","value":"1181697","text":"2.5 16v CRDi VGT Automatic - 128kW / 174HP (402Nm)"},{"model":"grandeur___","value":"1181744","text":"3.0 V6 - 173kW / 235HP (310Nm)"},{"model":"grandeur___","value":"1181741","text":"3.0 V6 - 196kW / 267HP (280Nm)"},{"model":"grandeur_(_5th)_hg_","value":"1181723","text":"2.2 CRDi DSL - 150kW / 204HP (440Nm)"},{"model":"grandeur_(_5th)_hg_","value":"1181729","text":"2.2 CRDi DSL Automatic - 150kW / 204HP (440Nm)"},{"model":"grandeur_(_5th)_hg_","value":"1181735","text":"2.4 16v Automatic - 148kW / 201HP (250Nm)"},{"model":"grandeur_(_5th)_hg_","value":"1181738","text":"3.0 V6 Automatic - 198kW / 269HP (310Nm)"},{"model":"grandeur_(_4th)_tg_","value":"1181715","text":"2.2 16v CRDi Automatic - 114kW / 155HP (343Nm)"},{"model":"h-1_(_1st)_a1_","value":"1181755","text":"2.5 16v CRDi - 103kW / 140HP (314Nm)"},{"model":"h-1_(_2nd)_tq_","value":"1181791","text":"2.4 16v MPI - 128kW / 174HP (228Nm)"},{"model":"h-1_(_2nd)_tq_","value":"1181795","text":"2.4 16v MPI Automatic - 128kW / 174HP (228Nm)"},{"model":"h-1_(_2nd)_tq_","value":"1181760","text":"2.5 16v CRDi 115 - 85kW / 116HP (343Nm)"},{"model":"h-1_(_2nd)_tq_","value":"1181772","text":"2.5 16v CRDi 136 - 100kW / 136HP (343Nm)"},{"model":"h-1_(_2nd)_tq_","value":"1181781","text":"2.5 16v CRDi 170 - 125kW / 170HP (440Nm)"},{"model":"h-1_(_2nd)_tq_","value":"1181785","text":"2.5 16v CRDi 170 Automatic - 125kW / 170HP (440Nm)"},{"model":"h-100___","value":"1181799","text":"2.5 16v CRDi - 95kW / 129HP (343Nm)"},{"model":"h-200__a1_","value":"1181803","text":"2.5  8v TD - 76kW / 103HP (235Nm)"},{"model":"h-200__a1_","value":"1181811","text":"2.5  8v TD 4WD - 76kW / 103HP (235Nm)"},{"model":"h-200__a1_","value":"1181814","text":"2.5  8v TD 4WD Automatic - 76kW / 103HP (235Nm)"},{"model":"h-200__a1_","value":"1181817","text":"2.5  8v TD Automatic - 76kW / 103HP (235Nm)"},{"model":"h-200__a1_","value":"1181825","text":"2.5 16v CRDi - 106kW / 144HP (324Nm)"},{"model":"h-200__a1_","value":"1181830","text":"2.5 16v CRDi Automatic - 106kW / 144HP (324Nm)"},{"model":"h1___","value":"1181747","text":"2.5 16v CRDi - 129kW / 175HP (450Nm)"},{"model":"h300___","value":"1181835","text":"2.5 16v CRDi - 129kW / 175HP (450Nm)"},{"model":"hb20___","value":"1181843","text":"1.0 12v - 59kW / 80HP (0Nm)"},{"model":"hb20___","value":"1181853","text":"1.0 12v Automatic - 59kW / 80HP (0Nm)"},{"model":"huiyi___","value":"1181863","text":"2.5 16v CRDi - 129kW / 175HP (450Nm)"},{"model":"i10_(_2nd)_ia_","value":"1181922","text":"1.0 12v - 48kW / 65HP (95Nm)"},{"model":"i10_(_2nd)_ia_","value":"1181928","text":"1.0 12v Automatic - 48kW / 65HP (95Nm)"},{"model":"i10_(_2nd)_ia_","value":"1181934","text":"1.2 16v - 64kW / 87HP (120Nm)"},{"model":"i10_(_2nd)_ia_","value":"1181940","text":"1.2 16v Automatic - 64kW / 87HP (120Nm)"},{"model":"i10_(_3rd)_la_","value":"1181952","text":"1.0 12v T-GDI - 88kW / 120HP (172Nm)"},{"model":"i10_(_3rd)_la_","value":"1181950","text":"1.0 12v T-GDI Automat - 88kW / 120HP (172Nm)"},{"model":"i10_(_3rd)_la_","value":"1181948","text":"1.1 12v CRDi - 55kW / 75HP (152Nm)"},{"model":"i10_(_3rd)_la_","value":"1181946","text":"1.1 12v CRDi Automat - 55kW / 75HP (152Nm)"},{"model":"i10_(_3rd)_la_","value":"1181958","text":"1.2 8v VVT - 64kW / 87HP (122Nm)"},{"model":"i10_(_3rd)_la_","value":"1181954","text":"1.2 8v VVT Automat - 64kW / 87HP (122Nm)"},{"model":"i10_(_1st)_pa_","value":"1181952","text":"1.0 12v T-GDI - 88kW / 120HP (172Nm)"},{"model":"i10_(_1st)_pa_","value":"1181950","text":"1.0 12v T-GDI Automat - 88kW / 120HP (172Nm)"},{"model":"i10_(_1st)_pa_","value":"1181948","text":"1.1 12v CRDi - 55kW / 75HP (152Nm)"},{"model":"i10_(_1st)_pa_","value":"1181946","text":"1.1 12v CRDi Automat - 55kW / 75HP (152Nm)"},{"model":"i10_(_1st)_pa_","value":"1181958","text":"1.2 8v VVT - 64kW / 87HP (122Nm)"},{"model":"i10_(_1st)_pa_","value":"1181954","text":"1.2 8v VVT Automat - 64kW / 87HP (122Nm)"},{"model":"i20_(_2nd)_gb_","value":"1182029","text":"1.0 12v T-GDI - 74kW / 99HP (172Nm)"},{"model":"i20_(_2nd)_gb_","value":"1182028","text":"1.0 12v T-GDI - 88kW / 120HP (172Nm)"},{"model":"i20_(_2nd)_gb_","value":"1182041","text":"1.0 12v T-GDI Automatic - 74kW / 99HP (172Nm)"},{"model":"i20_(_2nd)_gb_","value":"1182018","text":"1.1 12v CRDi - 55kW / 75HP (180Nm)"},{"model":"i20_(_2nd)_gb_","value":"1182048","text":"1.2 16v - 55kW / 75HP (122Nm)"},{"model":"i20_(_2nd)_gb_","value":"1182047","text":"1.2 16v - 62kW / 84HP (122Nm)"},{"model":"i20_(_2nd)_gb_","value":"1182051","text":"1.4 16v - 73kW / 99HP (134Nm)"},{"model":"i20_(_2nd)_gb_","value":"1182024","text":"1.4 16v CRDi - 66kW / 90HP (240Nm)"},{"model":"i20_(_1st)_pb_","value":"1181984","text":"1.2 16v - 57kW / 78HP (119Nm)"},{"model":"i20_(_1st)_pb_","value":"1181987","text":"1.2 16v - 63kW / 86HP (121Nm)"},{"model":"i20_(_1st)_pb_","value":"1181994","text":"1.4 16v - 74kW / 101HP (137Nm)"},{"model":"i20_(_1st)_pb_","value":"1182004","text":"1.4 16v Automatic - 74kW / 101HP (137Nm)"},{"model":"i20_(_1st)_pb_","value":"1181962","text":"1.4 16v CRDi - 55kW / 75HP (220Nm)"},{"model":"i20_(_1st)_pb_","value":"1181963","text":"1.4 16v CRDi - 66kW / 90HP (220Nm)"},{"model":"i20_(_1st)_pb_","value":"1182014","text":"1.6 16v - 93kW / 126HP (157Nm)"},{"model":"i20_(_1st)_pb_","value":"1182016","text":"1.6 16v Automatic - 93kW / 126HP (157Nm)"},{"model":"i20_(_1st)_pb_","value":"1181978","text":"1.6 16v CRDi - 85kW / 116HP (260Nm)"},{"model":"i20_(_1st)_pb_","value":"1181980","text":"1.6 16v CRDi - 94kW / 128HP (260Nm)"},{"model":"i30_(_1st)_fd_","value":"1182082","text":"1.4 16v - 80kW / 109HP (137Nm)"},{"model":"i30_(_1st)_fd_","value":"1182088","text":"1.6 16v - 93kW / 126HP (154Nm)"},{"model":"i30_(_1st)_fd_","value":"1182094","text":"1.6 16v Automatic - 93kW / 126HP (154Nm)"},{"model":"i30_(_1st)_fd_","value":"1182058","text":"1.6 16v CRDi 115 - 85kW / 116HP (255Nm)"},{"model":"i30_(_1st)_fd_","value":"1182054","text":"1.6 16v CRDi 115 - 85kW / 116HP (260Nm)"},{"model":"i30_(_1st)_fd_","value":"1182066","text":"1.6 16v CRDi 115 Automatic - 85kW / 116HP (255Nm)"},{"model":"i30_(_1st)_fd_","value":"1182062","text":"1.6 16v CRDi 115 Automatic - 85kW / 116HP (260Nm)"},{"model":"i30_(_1st)_fd_","value":"1182070","text":"1.6 16v CRDi 90 - 66kW / 90HP (235Nm)"},{"model":"i30_(_1st)_fd_","value":"1182100","text":"1.6 16v VVT - 89kW / 121HP (153Nm)"},{"model":"i30_(_1st)_fd_","value":"1182101","text":"1.6 16v VVT - 91kW / 124HP (156Nm)"},{"model":"i30_(_1st)_fd_","value":"1182105","text":"1.6 16v VVT Automatic - 89kW / 121HP (153Nm)"},{"model":"i30_(_1st)_fd_","value":"1182106","text":"1.6 16v VVT Automatic - 91kW / 124HP (156Nm)"},{"model":"i30_(_1st)_fd_","value":"1182110","text":"2.0 16v - 105kW / 143HP (186Nm)"},{"model":"i30_(_1st)_fd_","value":"1182118","text":"2.0 16v Automatic - 105kW / 143HP (186Nm)"},{"model":"i30_(_1st)_fd_","value":"1182078","text":"2.0 16v CRDi - 103kW / 140HP (304Nm)"},{"model":"i30_(_1st)_fd_","value":"1182126","text":"2.0 16v VVT - 105kW / 143HP (186Nm)"},{"model":"i30_(_1st)_fd_","value":"1182135","text":"2.0 16v VVT Automatic - 105kW / 143HP (186Nm)"},{"model":"i30_(_2nd)_gd_","value":"1182206","text":"1.4 16v - 73kW / 99HP (137Nm)"},{"model":"i30_(_2nd)_gd_","value":"1182143","text":"1.4 16v CRDi - 66kW / 90HP (220Nm)"},{"model":"i30_(_2nd)_gd_","value":"1182214","text":"1.4 16v MPI - 73kW / 99HP (134Nm)"},{"model":"i30_(_2nd)_gd_","value":"1182151","text":"1.4 CRDi 16v 90 - 66kW / 90HP (220Nm)"},{"model":"i30_(_2nd)_gd_","value":"1182155","text":"1.6 16v CRDi 110 - 81kW / 110HP (260Nm)"},{"model":"i30_(_2nd)_gd_","value":"1182161","text":"1.6 16v CRDi 110 - 81kW / 110HP (280Nm)"},{"model":"i30_(_2nd)_gd_","value":"1182167","text":"1.6 16v CRDi 110 7DCT Automatic - 81kW / 110HP (300Nm)"},{"model":"i30_(_2nd)_gd_","value":"1182171","text":"1.6 16v CRDi 110 Automatic - 81kW / 110HP (260Nm)"},{"model":"i30_(_2nd)_gd_","value":"1182179","text":"1.6 16v CRDi 128 - 94kW / 128HP (260Nm)"},{"model":"i30_(_2nd)_gd_","value":"1182187","text":"1.6 16v CRDi 128 Automatic - 94kW / 128HP (260Nm)"},{"model":"i30_(_2nd)_gd_","value":"1182195","text":"1.6 16v CRDi 136 - 100kW / 136HP (280Nm)"},{"model":"i30_(_2nd)_gd_","value":"1182199","text":"1.6 16v CRDi 136 7DCT Automatic - 100kW / 136HP (300Nm)"},{"model":"i30_(_2nd)_gd_","value":"1182216","text":"1.6 16v GDI - 99kW / 135HP (164Nm)"},{"model":"i30_(_2nd)_gd_","value":"1182222","text":"1.6 16v GDI 7DCT - 99kW / 135HP (164Nm)"},{"model":"i30_(_2nd)_gd_","value":"1182224","text":"1.6 16v GDI Automatic - 99kW / 135HP (164Nm)"},{"model":"i30_(_2nd)_gd_","value":"1182228","text":"1.6 16v MPI - 88kW / 120HP (156Nm)"},{"model":"i30_(_2nd)_gd_","value":"1182240","text":"1.6 16v MPI Automatic - 88kW / 120HP (156Nm)"},{"model":"i30_(_2nd)_gd_","value":"1182252","text":"1.6 16v Turbo - 137kW / 186HP (265Nm)"},{"model":"i30_(_2nd)_gd_","value":"1182257","text":"1.8 16v - 110kW / 150HP (178Nm)"},{"model":"i30_n__pd_","value":"1182259","text":"2.0 16v T-GDI - 184kW / 250HP (353Nm)"},{"model":"i30_n__pd_","value":"1182258","text":"2.0 16v T-GDI - 202kW / 275HP (353Nm)"},{"model":"i40__vf_","value":"1182318","text":"1.6 16v GDI - 99kW / 135HP (164Nm)"},{"model":"i40__vf_","value":"1182270","text":"1.7 16v CRDi 115 - 85kW / 116HP (260Nm)"},{"model":"i40__vf_","value":"1182278","text":"1.7 16v CRDi 115 - 85kW / 116HP (280Nm)"},{"model":"i40__vf_","value":"1182284","text":"1.7 16v CRDi 136 - 100kW / 136HP (330Nm)"},{"model":"i40__vf_","value":"1182294","text":"1.7 16v CRDi 136 Automatic - 100kW / 136HP (330Nm)"},{"model":"i40__vf_","value":"1182304","text":"1.7 16v CRDi 141 - 104kW / 141HP (340Nm)"},{"model":"i40__vf_","value":"1182308","text":"1.7 16v CRDi 141 7DCT Automatic - 104kW / 141HP (340Nm)"},{"model":"i40__vf_","value":"1182312","text":"1.7 16v VGT CRDi Automatic - 104kW / 141HP (340Nm)"},{"model":"i40__vf_","value":"1182324","text":"2.0 16v GDI - 130kW / 177HP (213Nm)"},{"model":"i40__vf_","value":"1182329","text":"2.0 16v GDI Automatic - 130kW / 177HP (213Nm)"},{"model":"i40__vf_","value":"1182330","text":"2.0 16v GDI Automatic - 131kW / 178HP (212Nm)"},{"model":"i800___","value":"1182353","text":"2.5 16v CRDi - 129kW / 175HP (450Nm)"},{"model":"i800_(_2nd)_tq_","value":"1182337","text":"2.5 16v CRDi - 100kW / 136HP (343Nm)"},{"model":"i800_(_2nd)_tq_","value":"1182343","text":"2.5 16v CRDi 170 - 125kW / 170HP (440Nm)"},{"model":"i800_(_2nd)_tq_","value":"1182347","text":"2.5 16v CRDi Automatic - 125kW / 170HP (440Nm)"},{"model":"iload__tq_","value":"1182361","text":"2.5 16v CRDi Automatic - 125kW / 170HP (392Nm)"},{"model":"iload__tq_","value":"1182366","text":"2.5 16v CRDi VGT - 128kW / 174HP (402Nm)"},{"model":"iload__tq_","value":"1182376","text":"2.5 16v CRDi VGT Automatic - 128kW / 174HP (402Nm)"},{"model":"ix20__jc_","value":"1182436","text":"1.4 16v - 66kW / 90HP (137Nm)"},{"model":"ix20__jc_","value":"1182386","text":"1.4 16v CRDi 77 - 57kW / 78HP (220Nm)"},{"model":"ix20__jc_","value":"1182396","text":"1.4 16v CRDi 77 - 57kW / 78HP (240Nm)"},{"model":"ix20__jc_","value":"1182402","text":"1.4 16v CRDi 90 - 66kW / 90HP (220Nm)"},{"model":"ix20__jc_","value":"1182412","text":"1.4 16v CRDi 90 - 66kW / 90HP (240Nm)"},{"model":"ix20__jc_","value":"1182446","text":"1.6 16v - 92kW / 125HP (156Nm)"},{"model":"ix20__jc_","value":"1182460","text":"1.6 16v Automatic - 92kW / 125HP (156Nm)"},{"model":"ix20__jc_","value":"1182418","text":"1.6 16v CRDi - 85kW / 116HP (260Nm)"},{"model":"ix20__jc_","value":"1182428","text":"1.6 16v CRDi 115 - 84kW / 114HP (260Nm)"},{"model":"ix20__jc_","value":"1182432","text":"1.6 16v CRDi 128 - 94kW / 128HP (260Nm)"},{"model":"ix35___","value":"1182532","text":"1.6 16v GDI 2WD - 99kW / 135HP (164Nm)"},{"model":"ix35___","value":"1182474","text":"1.7 16v CRDi 2WD - 85kW / 116HP (260Nm)"},{"model":"ix35___","value":"1182537","text":"2.0 16v 2WD - 120kW / 163HP (194Nm)"},{"model":"ix35___","value":"1182541","text":"2.0 16v 2WD Automatic - 120kW / 163HP (194Nm)"},{"model":"ix35___","value":"1182545","text":"2.0 16v 4WD - 120kW / 163HP (194Nm)"},{"model":"ix35___","value":"1182549","text":"2.0 16v 4WD Automatic - 120kW / 163HP (194Nm)"},{"model":"ix35___","value":"1182484","text":"2.0 16v CRDi 136 2WD - 100kW / 136HP (320Nm)"},{"model":"ix35___","value":"1182498","text":"2.0 16v CRDi 136 4WD - 100kW / 136HP (320Nm)"},{"model":"ix35___","value":"1182512","text":"2.0 16v CRDi 136 4WD Automatic - 100kW / 136HP (320Nm)"},{"model":"ix35___","value":"1182518","text":"2.0 16v CRDi 185 4WD - 135kW / 184HP (392Nm)"},{"model":"ix35___","value":"1182525","text":"2.0 16v CRDi 185 4WD Automatic - 135kW / 184HP (392Nm)"},{"model":"ix35___","value":"1182553","text":"2.0 16v GDI 2WD - 122kW / 166HP (205Nm)"},{"model":"ix35___","value":"1182556","text":"2.0 16v GDI 2WD Automatic - 122kW / 166HP (205Nm)"},{"model":"ix35___","value":"1182559","text":"2.0 16v GDI 4WD - 122kW / 166HP (205Nm)"},{"model":"ix35___","value":"1182562","text":"2.0 16v GDI 4WD Automatic - 122kW / 166HP (205Nm)"},{"model":"ix55__en_","value":"1182565","text":"3.0 V6 CRDi Automatic - 176kW / 239HP (451Nm)"},{"model":"ix55__en_","value":"1182567","text":"3.0 V6 CRDi Automatic - 184kW / 250HP (471Nm)"},{"model":"kona___","value":"1182571","text":"1.0 12v T-GDI - 88kW / 120HP (172Nm)"},{"model":"kona___","value":"1182574","text":"1.6 T-GDI - 130kW / 177HP (265Nm)"},{"model":"matrix__fc_","value":"1182576","text":"1.5 12v CRDi - 60kW / 82HP (187Nm)"},{"model":"matrix__fc_","value":"1182581","text":"1.5 16v CRDi VGT - 75kW / 102HP (235Nm)"},{"model":"matrix__fc_","value":"1182582","text":"1.5 16v CRDi VGT - 81kW / 110HP (235Nm)"},{"model":"matrix__fc_","value":"1182589","text":"1.6 16v - 76kW / 103HP (141Nm)"},{"model":"matrix__fc_","value":"1182600","text":"1.6 16v Automatic - 76kW / 103HP (141Nm)"},{"model":"santa_fe_( 2nd)_cm_","value":"1182741","text":"2.0 16v CRDi 4WD - 110kW / 150HP (324Nm)"},{"model":"santa_fe_(_2nd)_cm_","value":"1182745","text":"2.0 16v CRDi E-VGT 2WD Automatic - 135kW / 184HP (392Nm)"},{"model":"santa_fe_(_2nd)_cm_","value":"1182757","text":"2.0 16v CRDi VGT 2WD - 110kW / 150HP (324Nm)"},{"model":"santa_fe_(_2nd)_cm_","value":"1182753","text":"2.0 16v CRDi VGT 2WD - 111kW / 151HP (334Nm)"},{"model":"santa_fe_(_2nd)_cm_","value":"1182761","text":"2.0 16v CRDi VGT 2WD Automatic - 111kW / 151HP (334Nm)"},{"model":"santa_fe_(_2nd)_cm_","value":"1182765","text":"2.2 16v CRDi 2WD - 114kW / 155HP (343Nm)"},{"model":"santa_fe_(_2nd)_cm_","value":"1182769","text":"2.2 16v CRDi 2WD - 145kW / 197HP (422Nm)"},{"model":"santa_fe_(_2nd)_cm_","value":"1182772","text":"2.2 16v CRDi 2WD Automatic - 114kW / 155HP (343Nm)"},{"model":"santa_fe_(_2nd)_cm_","value":"1182776","text":"2.2 16v CRDi 2WD Automatic - 145kW / 197HP (437Nm)"},{"model":"santa_fe_(_2nd)_cm_","value":"1182779","text":"2.2 16v CRDi 4WD - 114kW / 155HP (343Nm)"},{"model":"santa_fe_(_2nd)_cm_","value":"1182783","text":"2.2 16v CRDi 4WD - 145kW / 197HP (422Nm)"},{"model":"santa_fe_(_2nd)_cm_","value":"1182786","text":"2.2 16v CRDi 4WD Automatic - 114kW / 155HP (343Nm)"},{"model":"santa_fe_(_2nd)_cm_","value":"1182790","text":"2.2 16v CRDi 4WD Automatic - 145kW / 197HP (437Nm)"},{"model":"santa_fe_(_2nd)_cm_","value":"1182793","text":"2.2 16v CRDi E-VGT 2WD - 147kW / 200HP (422Nm)"},{"model":"santa_fe_(_2nd)_cm_","value":"1182797","text":"2.2 16v CRDi E-VGT 2WD Automatic - 147kW / 200HP (437Nm)"},{"model":"santa_fe_(_2nd)_cm_","value":"1182801","text":"2.2 16v CRDi E-VGT 4WD - 147kW / 200HP (422Nm)"},{"model":"santa_fe_(_2nd)_cm_","value":"1182805","text":"2.2 16v CRDi E-VGT 4WD Automatic - 147kW / 200HP (437Nm)"},{"model":"santa_fe_(_2nd)_cm_","value":"1182809","text":"2.2 16v CRDi VGT 2WD - 112kW / 152HP (343Nm)"},{"model":"santa_fe_(_2nd)_cm_","value":"1182813","text":"2.2 16v CRDi VGT 2WD Automatic - 112kW / 152HP (343Nm)"},{"model":"santa_fe_(_2nd)_cm_","value":"1182817","text":"2.2 16v CRDi VGT 4WD - 112kW / 152HP (343Nm)"},{"model":"santa_fe_(_2nd)_cm_","value":"1182821","text":"2.2 16v CRDi VGT 4WD Automatic - 112kW / 152HP (343Nm)"},{"model":"santa_fe_(_2nd)_cm_","value":"1182826","text":"2.4 16v 2WD - 128kW / 174HP (226Nm)"},{"model":"santa_fe_(_2nd)_cm_","value":"1182825","text":"2.4 16v 2WD - 130kW / 177HP (229Nm)"},{"model":"santa_fe_(_2nd)_cm_","value":"1182830","text":"2.4 16v 2WD Automatic - 130kW / 177HP (229Nm)"},{"model":"santa_fe_(_2nd)_cm_","value":"1182836","text":"2.4 16v 4WD - 128kW / 174HP (226Nm)"},{"model":"santa_fe_(_2nd)_cm_","value":"1182840","text":"2.4 16v 4WD Automatic - 128kW / 174HP (226Nm)"},{"model":"santa_fe_(_2nd)_cm_","value":"1182839","text":"2.4 16v 4WD Automatic - 130kW / 177HP (229Nm)"},{"model":"santa_fe_( 3rd)_dm_","value":"1182851","text":"2.0 16v CRDi 2WD - 110kW / 150HP (383Nm)"},{"model":"santa_fe_(_3rd)_dm_","value":"1182859","text":"2.0 16v CRDi 2WD - 110kW / 150HP (400Nm)"},{"model":"santa_fe_(_3rd)_dm_","value":"1182861","text":"2.0 16v CRDi 4WD - 110kW / 150HP (400Nm)"},{"model":"santa_fe_(_3rd)_dm_","value":"1182863","text":"2.2 16v CRDi 2WD - 145kW / 197HP (421Nm)"},{"model":"santa_fe_(_3rd)_dm_","value":"1182867","text":"2.2 16v CRDi 2WD - 147kW / 200HP (440Nm)"},{"model":"santa_fe_(_3rd)_dm_","value":"1182869","text":"2.2 16v CRDi 2WD Automatic - 145kW / 197HP (436Nm)"},{"model":"santa_fe_(_3rd)_dm_","value":"1182873","text":"2.2 16v CRDi 2WD Automatic - 147kW / 200HP (440Nm)"},{"model":"santa_fe_(_3rd)_dm_","value":"1182875","text":"2.2 16v CRDi 4WD - 145kW / 197HP (421Nm)"},{"model":"santa_fe_(_3rd)_dm_","value":"1182879","text":"2.2 16v CRDi 4WD - 147kW / 200HP (440Nm)"},{"model":"santa_fe_(_3rd)_dm_","value":"1182881","text":"2.2 16v CRDi 4WD Automatic - 145kW / 197HP (436Nm)"},{"model":"santa_fe_(_3rd)_dm_","value":"1182885","text":"2.2 16v CRDi 4WD Automatic - 147kW / 200HP (440Nm)"},{"model":"santa_fe_( 1st)_sm_","value":"1182660","text":"2.0 16v 2WD - 98kW / 133HP (178Nm)"},{"model":"santa_fe_(_1st)_sm_","value":"1182659","text":"2.0 16v 2WD - 100kW / 136HP (183Nm)"},{"model":"santa_fe_(_1st)_sm_","value":"1182606","text":"2.0 16v CRDi 2WD - 83kW / 113HP (255Nm)"},{"model":"santa_fe_(_1st)_sm_","value":"1182607","text":"2.0 16v CRDi 2WD - 84kW / 114HP (260Nm)"},{"model":"santa_fe_(_1st)_sm_","value":"1182616","text":"2.0 16v CRDi 2WD Automatic - 84kW / 114HP (260Nm)"},{"model":"santa_fe_(_1st)_sm_","value":"1182621","text":"2.0 16v CRDi 4WD - 83kW / 113HP (255Nm)"},{"model":"santa_fe_(_1st)_sm_","value":"1182620","text":"2.0 16v CRDi 4WD - 84kW / 114HP (260Nm)"},{"model":"santa_fe_(_1st)_sm_","value":"1182630","text":"2.0 16v CRDi 4WD Automatic - 83kW / 113HP (255Nm)"},{"model":"santa_fe_(_1st)_sm_","value":"1182629","text":"2.0 16v CRDi 4WD Automatic - 84kW / 114HP (260Nm)"},{"model":"santa_fe_(_1st)_sm_","value":"1182638","text":"2.0 16v CRDi GLS 4WD - 92kW / 125HP (285Nm)"},{"model":"santa_fe_(_1st)_sm_","value":"1182641","text":"2.0 16v CRDi VGT 4WD - 93kW / 126HP (289Nm)"},{"model":"santa_fe_(_1st)_sm_","value":"1182644","text":"2.0 16v CRDi VGT 4WD Automatic - 92kW / 125HP (285Nm)"},{"model":"santa_fe_(_1st)_sm_","value":"1182643","text":"2.0 16v CRDi VGT 4WD Automatic - 93kW / 126HP (289Nm)"},{"model":"santa_fe_(_1st)_sm_","value":"1182648","text":"2.0 16v CRTD 4WD - 83kW / 113HP (255Nm)"},{"model":"santa_fe_(_1st)_sm_","value":"1182654","text":"2.0 16v CRTD 4WD Automatic - 83kW / 113HP (255Nm)"},{"model":"santa_fe_(_1st)_sm_","value":"1182687","text":"2.7 V6 2WD automatic - 126kW / 171HP (245Nm)"},{"model":"santa_fe_(_1st)_sm_","value":"1182683","text":"2.7 V6 2WD Automatic - 129kW / 175HP (247Nm)"},{"model":"santa_fe_(_1st)_sm_","value":"1182689","text":"2.7 V6 2WD automatic - 134kW / 182HP (244Nm)"},{"model":"santa_fe_(_1st)_sm_","value":"1182679","text":"2.7 V6 2WD Automatic - 135kW / 184HP (240Nm)"},{"model":"santa_fe_(_1st)_sm_","value":"1182707","text":"2.7 V6 4WD Automatic - 124kW / 169HP (245Nm)"},{"model":"santa_fe_(_1st)_sm_","value":"1182730","text":"2.7 V6 4WD Automatic - 126kW / 171HP (245Nm)"},{"model":"santa_fe_(_1st)_sm_","value":"1182692","text":"2.7 V6 4WD Automatic - 127kW / 173HP (250Nm)"},{"model":"santa_fe_(_1st)_sm_","value":"1182714","text":"2.7 V6 4WD Automatic - 129kW / 175HP (247Nm)"},{"model":"santa_fe_(_1st)_sm_","value":"1182697","text":"2.7 V6 4WD Automatic - 131kW / 178HP (247Nm)"},{"model":"santa_fe_(_1st)_sm_","value":"1182735","text":"2.7 V6 4WD Automatic - 134kW / 182HP (244Nm)"},{"model":"santa_fe_(_1st)_sm_","value":"1182696","text":"2.7 V6 4WD Automatic - 135kW / 184HP (240Nm)"},{"model":"santa_fe_(_1st)_sm_","value":"1182691","text":"2.7 V6 4WD Automatic - 136kW / 185HP (253Nm)"},{"model":"solaris__rb_","value":"1182887","text":"1.4 16v Automat - 79kW / 107HP (136Nm)"},{"model":"solaris__rb_","value":"1182895","text":"1.6 16v MPI - 82kW / 112HP (145Nm)"},{"model":"sonata_(_4th)_ef_","value":"1182904","text":"2.0 16v - 96kW / 131HP (178Nm)"},{"model":"sonata_(_4th)_ef_","value":"1182905","text":"2.0 16v - 98kW / 133HP (178Nm)"},{"model":"sonata_(_4th)_ef_","value":"1182898","text":"2.0 16v - 100kW / 136HP (180Nm)"},{"model":"sonata_(_4th)_ef_","value":"1182926","text":"2.0 16v Automatic - 96kW / 131HP (178Nm)"},{"model":"sonata_(_4th)_ef_","value":"1182925","text":"2.0 16v Automatic - 98kW / 133HP (178Nm)"},{"model":"sonata_(_4th)_ef_","value":"1182919","text":"2.0 16v Automatic - 100kW / 136HP (180Nm)"},{"model":"sonata_(_4th)_ef_","value":"1182940","text":"2.0 16v CVT - 98kW / 133HP (178Nm)"},{"model":"sonata_(_4th)_ef_","value":"1182948","text":"2.0 16v DOHC - 108kW / 147HP (190Nm)"},{"model":"sonata_(_4th)_ef_","value":"1182956","text":"2.0 16v DOHC Automatic - 108kW / 147HP (190Nm)"},{"model":"sonata_(_4th)_ef_","value":"1182971","text":"2.7 V6 - 126kW / 171HP (245Nm)"},{"model":"sonata_(_4th)_ef_","value":"1182964","text":"2.7 V6 - 127kW / 173HP (245Nm)"},{"model":"sonata_(_4th)_ef_","value":"1182966","text":"2.7 V6 - 135kW / 184HP (245Nm)"},{"model":"sonata_(_4th)_ef_","value":"1182985","text":"2.7 V6 Automatic - 126kW / 171HP (245Nm)"},{"model":"sonata_(_4th)_ef_","value":"1182978","text":"2.7 V6 Automatic - 127kW / 173HP (245Nm)"},{"model":"sonata_(_4th)_ef_","value":"1182980","text":"2.7 V6 Automatic - 135kW / 184HP (245Nm)"},{"model":"sonata_(_7th)_lf_","value":"1183048","text":"1.6 16v T GDI DCT - 132kW / 180HP (264Nm)"},{"model":"sonata__lf_","value":"1183053","text":"1.6 T-GDI - 150kW / 204HP (265Nm)"},{"model":"sonata__lf_","value":"1183057","text":"2.0 16v GDI Turbo - 206kW / 280HP (365Nm)"},{"model":"sonata__lf_","value":"1183062","text":"2.4 16v GDI - 140kW / 190HP (226Nm)"},{"model":"sonata_(_5th)_nf_","value":"1183012","text":"2.0 16v - 120kW / 163HP (197Nm)"},{"model":"sonata_(_5th)_nf_","value":"1183013","text":"2.0 16v - 121kW / 165HP (197Nm)"},{"model":"sonata_(_5th)_nf_","value":"1183018","text":"2.0 16v Automatic - 120kW / 163HP (197Nm)"},{"model":"sonata_(_5th)_nf_","value":"1183019","text":"2.0 16v Automatic - 121kW / 165HP (197Nm)"},{"model":"sonata_(_5th)_nf_","value":"1182996","text":"2.0 16v CRDi - 103kW / 140HP (305Nm)"},{"model":"sonata_(_5th)_nf_","value":"1182998","text":"2.0 16v CRDi - 110kW / 150HP (305Nm)"},{"model":"sonata_(_5th)_nf_","value":"1183002","text":"2.0 16v CRDi Automatic - 103kW / 140HP (305Nm)"},{"model":"sonata_(_5th)_nf_","value":"1183004","text":"2.0 16v CRDi Automatic - 110kW / 150HP (305Nm)"},{"model":"sonata_(_5th)_nf_","value":"1183008","text":"2.0 16v CRDi VGT Automatic - 105kW / 143HP (314Nm)"},{"model":"sonata_(_5th)_nf_","value":"1183010","text":"2.0 16v VGT - 105kW / 143HP (314Nm)"},{"model":"sonata_(_5th)_nf_","value":"1183025","text":"2.4 16v - 125kW / 170HP (221Nm)"},{"model":"sonata_(_5th)_nf_","value":"1183024","text":"2.4 16v - 130kW / 177HP (228Nm)"},{"model":"sonata_(_5th)_nf_","value":"1183029","text":"2.4 16v Automatic - 125kW / 170HP (221Nm)"},{"model":"sonata_(_5th)_nf_","value":"1183028","text":"2.4 16v Automatic - 130kW / 177HP (228Nm)"},{"model":"sonata_(_6th)_yf_","value":"1183032","text":"2.0 16v - 121kW / 165HP (198Nm)"},{"model":"sonata_(_6th)_yf_","value":"1183044","text":"2.0 16v Automatic - 121kW / 165HP (198Nm)"},{"model":"sonica_(_3rd)_ef_","value":"1183067","text":"2.0 16v - 96kW / 131HP (178Nm)"},{"model":"sonica_(_3rd)_ef_","value":"1183072","text":"2.0 16v Automatic - 96kW / 131HP (178Nm)"},{"model":"sonica_(_3rd)_ef_","value":"1183077","text":"2.7 V6 - 126kW / 171HP (245Nm)"},{"model":"sonica_(_3rd)_ef_","value":"1183079","text":"2.7 V6 Automatic - 126kW / 171HP (245Nm)"},{"model":"sonica_(_4th)_nf_","value":"1183097","text":"2.0 16v - 121kW / 165HP (197Nm)"},{"model":"sonica_(_4th)_nf_","value":"1183100","text":"2.0 16v Automatic - 121kW / 165HP (197Nm)"},{"model":"sonica_(_4th)_nf_","value":"1183085","text":"2.0 16v CRDi - 103kW / 140HP (305Nm)"},{"model":"sonica_(_4th)_nf_","value":"1183087","text":"2.0 16v CRDi - 110kW / 150HP (305Nm)"},{"model":"sonica_(_4th)_nf_","value":"1183091","text":"2.0 16v CRDi Automatic - 103kW / 140HP (305Nm)"},{"model":"sonica_(_4th)_nf_","value":"1183093","text":"2.0 16v CRDi Automatic - 110kW / 150HP (305Nm)"},{"model":"starex__a1_","value":"1183103","text":"2.5  8v TD - 76kW / 103HP (235Nm)"},{"model":"starex__a1_","value":"1183111","text":"2.5  8v TD 4WD - 76kW / 103HP (235Nm)"},{"model":"starex__a1_","value":"1183114","text":"2.5  8v TD 4WD Automatic - 76kW / 103HP (235Nm)"},{"model":"starex__a1_","value":"1183117","text":"2.5  8v TD Automatic - 76kW / 103HP (235Nm)"},{"model":"starex__a1_","value":"1183125","text":"2.5 16v CRDi - 106kW / 144HP (324Nm)"},{"model":"starex__a1_","value":"1183130","text":"2.5 16v CRDi Automatic - 106kW / 144HP (324Nm)"},{"model":"starex__tq_","value":"1183135","text":"2.5 16v CRDi - 129kW / 175HP (450Nm)"},{"model":"starex_royale___","value":"1183143","text":"2.5 16v CRDi - 129kW / 175HP (450Nm)"},{"model":"tb___","value":"1183151","text":"1.3 12v Automatic - 60kW / 82HP (117Nm)"},{"model":"tb___","value":"1183153","text":"1.3 12v Automatic - 62kW / 84HP (119Nm)"},{"model":"tb___","value":"1183156","text":"1.4 16v Automatic - 70kW / 95HP (125Nm)"},{"model":"terracan___","value":"1183161","text":"2.5  8v TD 2WD - 76kW / 103HP (235Nm)"},{"model":"terracan___","value":"1183165","text":"2.5  8v TD 2WD Automatic - 76kW / 103HP (235Nm)"},{"model":"terracan___","value":"1183169","text":"2.5  8v TD AWD - 76kW / 103HP (235Nm)"},{"model":"terracan___","value":"1183176","text":"2.5  8v TD AWD Automatic - 76kW / 103HP (235Nm)"},{"model":"terracan___","value":"1183183","text":"2.9 16v CRDi 2WD - 110kW / 150HP (334Nm)"},{"model":"terracan___","value":"1183187","text":"2.9 16v CRDi 2WD Automatic - 110kW / 150HP (334Nm)"},{"model":"terracan___","value":"1183191","text":"2.9 16v CRDi 4WD - 110kW / 150HP (334Nm)"},{"model":"terracan___","value":"1183197","text":"2.9 16v CRDi 4WD - 120kW / 163HP (345Nm)"},{"model":"terracan___","value":"1183198","text":"2.9 16v CRDi 4WD - 128kW / 174HP (353Nm)"},{"model":"terracan___","value":"1183207","text":"2.9 16v CRDi 4WD Automatic - 110kW / 150HP (334Nm)"},{"model":"terracan___","value":"1183214","text":"2.9 16v CRDi 4WD Automatic - 120kW / 163HP (345Nm)"},{"model":"terracan___","value":"1183213","text":"2.9 16v CRDi 4WD Automatic - 128kW / 174HP (353Nm)"},{"model":"tiburon_(_2nd)_gk_","value":"1183245","text":"2.0 16v - 103kW / 140HP (184Nm)"},{"model":"tiburon_(_2nd)_gk_","value":"1183243","text":"2.0 16v - 104kW / 141HP (180Nm)"},{"model":"tiburon_(_2nd)_gk_","value":"1183257","text":"2.0 16v Automatic - 103kW / 140HP (184Nm)"},{"model":"tiburon_(_2nd)_gk_","value":"1183255","text":"2.0 16v Automatic - 104kW / 141HP (180Nm)"},{"model":"tiburon_(_2nd)_gk_","value":"1183267","text":"2.7 V6 - 126kW / 171HP (245Nm)"},{"model":"tiburon_(_2nd)_gk_","value":"1183269","text":"2.7 V6 - 128kW / 174HP (245Nm)"},{"model":"tiburon_(_2nd)_gk_","value":"1183279","text":"2.7 V6 Automatic - 126kW / 171HP (245Nm)"},{"model":"tiburon_(_2nd)_gk_","value":"1183281","text":"2.7 V6 Automatic - 128kW / 174HP (245Nm)"},{"model":"tiburon_(_1st)_rd_","value":"1183223","text":"2.0 16v - 104kW / 170HP (180Nm)"},{"model":"tiburon_(_1st)_rd_","value":"1183233","text":"2.0 16v Automatic - 104kW / 170HP (180Nm)"},{"model":"trajet__xg_","value":"1183341","text":"2.0 16v - 100kW / 136HP (180Nm)"},{"model":"trajet__xg_","value":"1183349","text":"2.0 16v - 103kW / 140HP (184Nm)"},{"model":"trajet__xg_","value":"1183367","text":"2.0 16v Automatic - 96kW / 131HP (178Nm)"},{"model":"trajet__xg_","value":"1183359","text":"2.0 16v Automatic - 100kW / 136HP (180Nm)"},{"model":"trajet__xg_","value":"1183361","text":"2.0 16v Automatic - 101kW / 137HP (182Nm)"},{"model":"trajet__xg_","value":"1183375","text":"2.0 16v Automatic - 103kW / 140HP (184Nm)"},{"model":"trajet__xg_","value":"1183292","text":"2.0 16v CRDi - 82kW / 112HP (255Nm)"},{"model":"trajet__xg_","value":"1183298","text":"2.0 16v CRDi - 83kW / 113HP (255Nm)"},{"model":"trajet__xg_","value":"1183291","text":"2.0 16v CRDi - 84kW / 114HP (260Nm)"},{"model":"trajet__xg_","value":"1183305","text":"2.0 16v CRDi Automatic - 82kW / 112HP (255Nm)"},{"model":"trajet__xg_","value":"1183310","text":"2.0 16v CRDi Automatic - 83kW / 113HP (255Nm)"},{"model":"trajet__xg_","value":"1183303","text":"2.0 16v CRDi Automatic - 84kW / 114HP (260Nm)"},{"model":"trajet__xg_","value":"1183315","text":"2.0 16v CRDi VGT - 93kW / 126HP (289Nm)"},{"model":"trajet__xg_","value":"1183321","text":"2.0 16v CRDi VGT Automatic - 84kW / 114HP (260Nm)"},{"model":"trajet__xg_","value":"1183320","text":"2.0 16v CRDi VGT Automatic - 93kW / 126HP (289Nm)"},{"model":"trajet__xg_","value":"1183326","text":"2.0 16v CRTD - 82kW / 112HP (255Nm)"},{"model":"trajet__xg_","value":"1183329","text":"2.0 16v CRTD - 83kW / 113HP (255Nm)"},{"model":"trajet__xg_","value":"1183334","text":"2.0 16v CRTD Automatic - 82kW / 112HP (255Nm)"},{"model":"trajet__xg_","value":"1183337","text":"2.0 16v CRTD Automatic - 83kW / 113HP (255Nm)"},{"model":"trajet__xg_","value":"1183387","text":"2.0 16v DOHC - 108kW / 147HP (190Nm)"},{"model":"trajet__xg_","value":"1183399","text":"2.0 16v DOHC Automatic - 108kW / 147HP (190Nm)"},{"model":"trajet__xg_","value":"1183426","text":"2.7 V6 Automatic - 124kW / 169HP (245Nm)"},{"model":"trajet__xg_","value":"1183414","text":"2.7 V6 Automatic - 127kW / 173HP (250Nm)"},{"model":"trajet__xg_","value":"1183418","text":"2.7 V6 Automatic - 131kW / 178HP (247Nm)"},{"model":"trajet__xg_","value":"1183411","text":"2.7 V6 Automatic - 136kW / 185HP (253Nm)"},{"model":"tucson_(_1st)_jm_","value":"1183504","text":"2.0 16v 2WD - 104kW / 141HP (184Nm)"},{"model":"tucson_(_1st)_jm_","value":"1183517","text":"2.0 16v 2WD Automatic - 104kW / 141HP (184Nm)"},{"model":"tucson_(_1st)_jm_","value":"1183516","text":"2.0 16v 2WD Automatic - 106kW / 144HP (186Nm)"},{"model":"tucson_(_1st)_jm_","value":"1183538","text":"2.0 16v 4WD - 104kW / 141HP (184Nm)"},{"model":"tucson_(_1st)_jm_","value":"1183449","text":"2.0 16v CRDi 2WD - 83kW / 113HP (245Nm)"},{"model":"tucson_(_1st)_jm_","value":"1183450","text":"2.0 16v CRDi 2WD - 84kW / 114HP (255Nm)"},{"model":"tucson_(_1st)_jm_","value":"1183456","text":"2.0 16v CRDi 2WD Automatic - 83kW / 113HP (245Nm)"},{"model":"tucson_(_1st)_jm_","value":"1183455","text":"2.0 16v CRDi 2WD Automatic - 84kW / 114HP (255Nm)"},{"model":"tucson_(_1st)_jm_","value":"1183459","text":"2.0 16v CRDi 2WD Automatic - 103kW / 140HP (305Nm)"},{"model":"tucson_(_1st)_jm_","value":"1183460","text":"2.0 16v CRDi 2WD Automatic - 107kW / 146HP (314Nm)"},{"model":"tucson_(_1st)_jm_","value":"1183471","text":"2.0 16v CRDi 4WD - 82kW / 112HP (245Nm)"},{"model":"tucson_(_1st)_jm_","value":"1183468","text":"2.0 16v CRDi 4WD - 83kW / 113HP (245Nm)"},{"model":"tucson_(_1st)_jm_","value":"1183467","text":"2.0 16v CRDi 4WD - 84kW / 114HP (255Nm)"},{"model":"tucson_(_1st)_jm_","value":"1183479","text":"2.0 16v CRDi 4WD Automatic - 83kW / 113HP (245Nm)"},{"model":"tucson_(_1st)_jm_","value":"1183482","text":"2.0 16v CRDi 4WD MXL Automatic - 84kW / 114HP (255Nm)"},{"model":"tucson_(_1st)_jm_","value":"1183486","text":"2.0 16v CRDi VGT 2WD - 103kW / 140HP (305Nm)"},{"model":"tucson_(_1st)_jm_","value":"1183485","text":"2.0 16v CRDi VGT 2WD - 107kW / 146HP (314Nm)"},{"model":"tucson_(_1st)_jm_","value":"1183489","text":"2.0 16v CRDi VGT 2WD - 110kW / 150HP (305Nm)"},{"model":"tucson_(_1st)_jm_","value":"1183493","text":"2.0 16v CRDi VGT 2WD Automatic - 110kW / 150HP (305Nm)"},{"model":"tucson_(_1st)_jm_","value":"1183496","text":"2.0 16v CRDi VGT 4WD - 103kW / 140HP (305Nm)"},{"model":"tucson_(_1st)_jm_","value":"1183495","text":"2.0 16v CRDi VGT 4WD - 107kW / 146HP (314Nm)"},{"model":"tucson_(_1st)_jm_","value":"1183500","text":"2.0 16v CRDi VGT 4WD - 110kW / 150HP (305Nm)"},{"model":"tucson_(_1st)_jm_","value":"1183550","text":"2.7 V6 2WD Automatic - 129kW / 175HP (241Nm)"},{"model":"tucson_(_1st)_jm_","value":"1183560","text":"2.7 V6 4WD Automatic - 129kW / 175HP (241Nm)"},{"model":"tucson_(_2nd)_lm_","value":"1183572","text":"2.0 16v 2WD - 123kW / 167HP (198Nm)"},{"model":"tucson_(_2nd)_lm_","value":"1183578","text":"2.0 16v 2WD Automatic - 122kW / 166HP (205Nm)"},{"model":"tucson_(_2nd)_lm_","value":"1183575","text":"2.0 16v 2WD Automatic - 123kW / 167HP (198Nm)"},{"model":"tucson_(_2nd)_lm_","value":"1183580","text":"2.0 16v 4WD Automatic - 122kW / 166HP (205Nm)"},{"model":"tucson_(_2nd)_lm_","value":"1183582","text":"2.0 16v Flex 2WD AT - 105kW / 143HP (192Nm)"},{"model":"tucson_(_2nd)_lm_","value":"1183586","text":"2.0 16v Flex 4WD AT - 105kW / 143HP (192Nm)"},{"model":"tucson_(_3rd)_tl_","value":"1183590","text":"1.6 16v CRDi - 100kW / 136HP (300Nm)"},{"model":"tucson_(_3rd)_tl_","value":"1183618","text":"1.6 16v GDI 2WD - 97kW / 132HP (161Nm)"},{"model":"tucson_(_3rd)_tl_","value":"1183620","text":"1.6 16v T GDI 2WD - 130kW / 177HP (265Nm)"},{"model":"tucson_(_3rd)_tl_","value":"1183621","text":"1.6 16v T GDI 2WD Automatic - 130kW / 177HP (265Nm)"},{"model":"tucson_(_3rd)_tl_","value":"1183623","text":"1.6 16v T GDI 4WD - 130kW / 177HP (265Nm)"},{"model":"tucson_(_3rd)_tl_","value":"1183627","text":"1.6 16v T GDI 4WD Automatic - 130kW / 177HP (265Nm)"},{"model":"tucson_(_3rd)_tl_","value":"1183631","text":"1.6 T-GDI - 130kW / 177HP (265Nm)"},{"model":"tucson_(_3rd)_tl_","value":"1183638","text":"1.6 T-GDI 4WD - 130kW / 177HP (265Nm)"},{"model":"tucson_(_3rd)_tl_","value":"1183592","text":"1.7 16v CRDi 2WD - 85kW / 116HP (280Nm)"},{"model":"tucson_(_3rd)_tl_","value":"1183596","text":"1.7 16v CRDi 2WD DCT Automatic - 104kW / 141HP (340Nm)"},{"model":"tucson_(_3rd)_tl_","value":"1183646","text":"2.0 16v 2WD Automatic - 122kW / 166HP (205Nm)"},{"model":"tucson_(_3rd)_tl_","value":"1183648","text":"2.0 16v 4WD Automatic - 122kW / 166HP (205Nm)"},{"model":"tucson_(_3rd)_tl_","value":"1183598","text":"2.0 16v CRDi 2WD - 100kW / 136HP (373Nm)"},{"model":"tucson_(_3rd)_tl_","value":"1183603","text":"2.0 16v CRDi 4WD - 100kW / 136HP (373Nm)"},{"model":"tucson_(_3rd)_tl_","value":"1183602","text":"2.0 16v CRDi 4WD - 136kW / 185HP (400Nm)"},{"model":"tucson_(_3rd)_tl_","value":"1183611","text":"2.0 16v CRDi 4WD Automatic - 100kW / 136HP (373Nm)"},{"model":"tucson_(_3rd)_tl_","value":"1183610","text":"2.0 16v CRDi 4WD Automatic - 136kW / 185HP (400Nm)"},{"model":"tucson_ix_( 2nd)_lm_","value":"1183650","text":"2.0 16v CRDi E-VGT 2WD - 135kW / 184HP (382Nm)"},{"model":"tucson_ix_(_2nd)_lm_","value":"1183655","text":"2.0 16v CRDi E-VGT 2WD Automatic - 135kW / 184HP (382Nm)"},{"model":"tucson_ix_(_2nd)_lm_","value":"1183660","text":"2.0 16v CRDi E-VGT 4WD - 135kW / 184HP (382Nm)"},{"model":"tucson_ix_(_2nd)_lm_","value":"1183665","text":"2.0 16v CRDi E-VGT 4WD Automatic - 135kW / 184HP (382Nm)"},{"model":"tucson_ix_(_2nd)_lm_","value":"1183670","text":"2.0 16v VVT 2WD Automatic - 122kW / 166HP (197Nm)"},{"model":"tucson_ix_(_2nd)_lm_","value":"1183675","text":"2.4 16v MPI 4WD Automatic - 130kW / 177HP (227Nm)"},{"model":"tuscani_(_2nd)_gk_","value":"1183679","text":"2.0 16v - 105kW / 143HP (186Nm)"},{"model":"tuscani_(_2nd)_gk_","value":"1183693","text":"2.0 16v Automatic - 105kW / 143HP (186Nm)"},{"model":"tuscani_(_2nd)_gk_","value":"1183715","text":"2.7 V6 - 123kW / 167HP (245Nm)"},{"model":"tuscani_(_2nd)_gk_","value":"1183707","text":"2.7 V6 - 129kW / 175HP (245Nm)"},{"model":"tuscani_(_2nd)_gk_","value":"1183735","text":"2.7 V6 Automatic - 123kW / 167HP (245Nm)"},{"model":"tuscani_(_2nd)_gk_","value":"1183727","text":"2.7 V6 Automatic - 129kW / 175HP (245Nm)"},{"model":"veloster__fs_","value":"1183752","text":"1.6 16v GDI - 98kW / 133HP (163Nm)"},{"model":"veloster__fs_","value":"1183747","text":"1.6 16v GDI - 103kW / 140HP (167Nm)"},{"model":"veloster__fs_","value":"1183753","text":"1.6 16v GDI Automatic - 98kW / 133HP (163Nm)"},{"model":"veloster__fs_","value":"1183756","text":"1.6 16v GDI DCT Automatic - 103kW / 140HP (167Nm)"},{"model":"veloster__fs_","value":"1183761","text":"1.6 16v MPI - 95kW / 129HP (157Nm)"},{"model":"veloster__fs_","value":"1183771","text":"1.6 16v MPI DCT Automatic - 95kW / 129HP (157Nm)"},{"model":"veloster__fs_","value":"1183781","text":"1.6 16v TCi GDI - 137kW / 186HP (265Nm)"},{"model":"veloster__fs_","value":"1183782","text":"1.6 16v TCi GDI - 150kW / 204HP (265Nm)"},{"model":"veloster__fs_","value":"1183789","text":"1.6 16v TCi GDI 7DCT Automatic - 137kW / 186HP (265Nm)"},{"model":"veloster__fs_","value":"1183791","text":"1.6 16v TCi GDI Automatic - 150kW / 204HP (265Nm)"},{"model":"veloster__fs_","value":"1183794","text":"1.6 16v Tci GDI DCT Automatic - 150kW / 204HP (265Nm)"},{"model":"veloster__fs_","value":"1183795","text":"1.6 16v TCi GDI R-Spec - 150kW / 204HP (265Nm)"},{"model":"veloster__fs_","value":"1183800","text":"1.6 T-GDI - 150kW / 204HP (265Nm)"},{"model":"veracruz___","value":"1183804","text":"3.0 V6 CDTi 2WD Automatic - 176kW / 239HP (451Nm)"},{"model":"veracruz___","value":"1183807","text":"3.0 V6 CDTi 2WD Automatic - 180kW / 245HP (451Nm)"},{"model":"veracruz___","value":"1183810","text":"3.0 V6 CDTi 2WD Automatic - 187kW / 254HP (471Nm)"},{"model":"veracruz___","value":"1183814","text":"3.0 V6 CDTi 4WD Automatic - 176kW / 239HP (451Nm)"},{"model":"veracruz___","value":"1183817","text":"3.0 V6 CDTi 4WD Automatic - 180kW / 245HP (451Nm)"},{"model":"veracruz___","value":"1183820","text":"3.0 V6 CDTi 4WD Automatic - 187kW / 254HP (471Nm)"},{"model":"verna_(_5th)_hc_","value":"1183896","text":"1.4 16v Automat - 79kW / 107HP (136Nm)"},{"model":"verna_(_2nd)_lc_","value":"1183825","text":"1.3 12v - 62kW / 84HP (118Nm)"},{"model":"verna_(_2nd)_lc_","value":"1183824","text":"1.3 12v - 63kW / 86HP (121Nm)"},{"model":"verna_(_2nd)_lc_","value":"1183830","text":"1.3 12v Automatic - 62kW / 84HP (118Nm)"},{"model":"verna_(_2nd)_lc_","value":"1183829","text":"1.3 12v Automatic - 63kW / 86HP (121Nm)"},{"model":"verna_(_3rd)_mc_","value":"1183856","text":"1.4 12v DOHC - 70kW / 95HP (125Nm)"},{"model":"verna_(_3rd)_mc_","value":"1183863","text":"1.4 12v DOHC Automatic - 70kW / 95HP (125Nm)"},{"model":"verna_(_3rd)_mc_","value":"1183834","text":"1.5 16v CRDi VGT - 82kW / 112HP (240Nm)"},{"model":"verna_(_3rd)_mc_","value":"1183845","text":"1.5 16v CRDi VGT Automatic - 82kW / 112HP (240Nm)"},{"model":"verna_(_3rd)_mc_","value":"1183870","text":"1.6 16v - 82kW / 112HP (145Nm)"},{"model":"verna_(_3rd)_mc_","value":"1183876","text":"1.6 16v Automatic - 82kW / 112HP (145Nm)"},{"model":"verna_(_3rd)_mc_","value":"1183882","text":"1.6 16v VVT - 82kW / 112HP (145Nm)"},{"model":"verna_(_3rd)_mc_","value":"1183889","text":"1.6 16v VVT Automatic - 82kW / 112HP (145Nm)"}]