[{"model":"ex__j50_","value":"1183909","text":"3.0d Automat AWD - 175kW / 238HP (550Nm)"},{"model":"ex__j50_","value":"1183913","text":"3.5 V6 Automat AWD - 221kW / 301HP (343Nm)"},{"model":"ex__j50_","value":"1183916","text":"3.5 V6 Automat RWD - 221kW / 301HP (343Nm)"},{"model":"ex__j50_","value":"1183921","text":"3.5 V6 Automat RWD - 242kW / 329HP (360Nm)"},{"model":"ex__j50_","value":"1183924","text":"3.7 V6 Automat AWD - 242kW / 329HP (360Nm)"},{"model":"ex__j50_","value":"1183928","text":"3.7 V6 Automat RWD - 242kW / 329HP (360Nm)"},{"model":"fx__s50_","value":"1183930","text":"5.0 V8 Automat 4WD - 287kW / 390HP (500Nm)"},{"model":"fx__s51_","value":"1183931","text":"3.0d V6 GT Automat AWD - 175kW / 238HP (550Nm)"},{"model":"fx__s51_","value":"1183935","text":"3.0d V6 S Automat AWD - 175kW / 238HP (550Nm)"},{"model":"fx__s51_","value":"1183939","text":"3.5 V6 Automat AWD - 221kW / 301HP (355Nm)"},{"model":"fx__s51_","value":"1183943","text":"3.5 V6 Automat RWD - 221kW / 301HP (355Nm)"},{"model":"fx__s51_","value":"1183947","text":"3.5 V6 Automat RWD - 235kW / 320HP (362Nm)"},{"model":"fx__s51_","value":"1183948","text":"3.7 V6 Automat RWD - 235kW / 320HP (362Nm)"},{"model":"fx__s51_","value":"1183950","text":"3.7 V6 GT Automat AWD - 235kW / 320HP (360Nm)"},{"model":"fx__s51_","value":"1183960","text":"3.7 V6 S Automat AWD - 235kW / 320HP (360Nm)"},{"model":"g25__v36_","value":"1183970","text":"2.5 V6 Automat AWD - 162kW / 220HP (254Nm)"},{"model":"g25__v36_","value":"1183972","text":"2.5 V6 Automat RWD - 162kW / 220HP (254Nm)"},{"model":"g35__v36_","value":"1183978","text":"3.5 V6 - 288kW / 392HP (363Nm)"},{"model":"g35__v36_","value":"1183974","text":"3.5 V6 Automat AWD - 288kW / 392HP (363Nm)"},{"model":"g35__v36_","value":"1183976","text":"3.5 V6 Automat RWD - 288kW / 392HP (363Nm)"},{"model":"g37__v36_","value":"1183981","text":"3.7 V6 - 235kW / 320HP (360Nm)"},{"model":"g37__v36_","value":"1183980","text":"3.7 V6 - 243kW / 330HP (362Nm)"},{"model":"g37__v36_","value":"1183988","text":"3.7 V6 Automat - 235kW / 320HP (360Nm)"},{"model":"g37__v36_","value":"1183987","text":"3.7 V6 Automat - 243kW / 330HP (362Nm)"},{"model":"g37__v36_","value":"1183992","text":"3.7 V6 Automat - 256kW / 348HP (370Nm)"},{"model":"m30__y51_","value":"1183998","text":"3.0d V6 Automat - 175kW / 238HP (550Nm)"},{"model":"m30__y51_","value":"1184002","text":"3.0d V6 S Automat - 175kW / 238HP (550Nm)"},{"model":"m35h__y51_","value":"1184006","text":"3.5 V6 Automat - 268kW / 364HP (530Nm)"},{"model":"m35h__y51_","value":"1184009","text":"3.5 V6 GT Automat - 268kW / 364HP (550Nm)"},{"model":"m37__y51_","value":"1184012","text":"3.7 V6 Automat - 235kW / 320HP (370Nm)"},{"model":"m37__y51_","value":"1184013","text":"3.7 V6 Automat - 246kW / 335HP (366Nm)"},{"model":"m37__y51_","value":"1184019","text":"3.7 V6 Automat AWD - 246kW / 335HP (366Nm)"},{"model":"m37__y51_","value":"1184022","text":"3.7 V6 S Automat - 235kW / 320HP (360Nm)"},{"model":"m56__y51_","value":"1184026","text":"5.6 V8 Automat - 313kW / 426HP (565Nm)"},{"model":"m56__y51_","value":"1184029","text":"5.6 V8 Automat AWD - 313kW / 426HP (565Nm)"},{"model":"q30___","value":"1184032","text":"1.5d  2WD - 80kW / 109HP (260Nm)"},{"model":"q30___","value":"1184034","text":"1.5d 7DCT 2WD - 80kW / 109HP (260Nm)"},{"model":"q30___","value":"1184040","text":"1.6 Turbo  2WD - 90kW / 122HP (200Nm)"},{"model":"q30___","value":"1184044","text":"1.6 Turbo 7DCT 2WD - 115kW / 156HP (250Nm)"},{"model":"q30___","value":"1184048","text":"2.0 Turbo 7DCT AWD - 155kW / 211HP (350Nm)"},{"model":"q30___","value":"1184036","text":"2.2d 7DCT 2WD - 125kW / 170HP (350Nm)"},{"model":"q30___","value":"1184038","text":"2.2d 7DCT AWD - 125kW / 170HP (350Nm)"},{"model":"q50__v37_","value":"1184060","text":"2.0 Turbo Automat - 155kW / 211HP (350Nm)"},{"model":"q50__v37_","value":"1184052","text":"2.2d - 125kW / 170HP (400Nm)"},{"model":"q50__v37_","value":"1184056","text":"2.2d Automat - 125kW / 170HP (400Nm)"},{"model":"q50__v37_","value":"1184068","text":"3.0 Turbo Automat - 224kW / 304HP (400Nm)"},{"model":"q50__v37_","value":"1184072","text":"3.0 Turbo RedSport Automat - 299kW / 406HP (475Nm)"},{"model":"q50__v37_","value":"1184076","text":"3.5 V6 Automat AWD - 268kW / 364HP (530Nm)"},{"model":"q50__v37_","value":"1184078","text":"3.5 V6 Automat AWD - 268kW / 364HP (546Nm)"},{"model":"q50__v37_","value":"1184080","text":"3.5 V6 Automat RWD - 268kW / 364HP (530Nm)"},{"model":"q50__v37_","value":"1184082","text":"3.5 V6 Automat RWD - 268kW / 364HP (546Nm)"},{"model":"q60__cv37_","value":"1184084","text":"3.0 Turbo Automat - 224kW / 304HP (400Nm)"},{"model":"q60__cv37_","value":"1184087","text":"3.0 Turbo RedSport Automat - 299kW / 406HP (475Nm)"},{"model":"q60__v37_","value":"1184090","text":"2.0 Turbo 7DCT AWD - 155kW / 211HP (350Nm)"},{"model":"q60__v37_","value":"1184092","text":"2.0 Turbo 7DCT RWD - 155kW / 211HP (350Nm)"},{"model":"q60__v37_","value":"1184096","text":"3.0 Turbo Automat AWD - 298kW / 405HP (475Nm)"},{"model":"q60__v37_","value":"1184098","text":"3.0 Turbo Automat RWD - 298kW / 405HP (475Nm)"},{"model":"q70__y51_","value":"1184099","text":"2.2d Automat - 125kW / 170HP (400Nm)"},{"model":"q70__y51_","value":"1184102","text":"3.0d Automat - 175kW / 238HP (550Nm)"},{"model":"q70__y51_","value":"1184104","text":"3.5 V6 Automat - 268kW / 364HP (550Nm)"},{"model":"q70__y51_","value":"1184108","text":"5.6 V8 Automat AWD - 313kW / 426HP (565Nm)"},{"model":"q70__y51_","value":"1184112","text":"5.6 V8 Automat RWD - 313kW / 426HP (565Nm)"},{"model":"qx30___","value":"1184124","text":"2.0 Turbo 7DCT AWD - 155kW / 211HP (350Nm)"},{"model":"qx30___","value":"1184116","text":"2.2d 7DCT 2WD - 125kW / 170HP (350Nm)"},{"model":"qx30___","value":"1184120","text":"2.2d 7DCT AWD - 125kW / 170HP (350Nm)"},{"model":"qx50__j50_","value":"1184128","text":"3.0d Automat AWD - 175kW / 238HP (550Nm)"},{"model":"qx56__z62_","value":"1184130","text":"5.6 V8 2WD - 298kW / 405HP (560Nm)"},{"model":"qx56__z62_","value":"1184133","text":"5.6 V8 4WD - 298kW / 405HP (560Nm)"},{"model":"qx60___","value":"1184152","text":"3.5 V6 CVT - 198kW / 269HP (336Nm)"},{"model":"qx60__l50_","value":"1184136","text":"2.5 16v Hybrid AWD - 186kW / 253HP (329Nm)"},{"model":"qx60__l50_","value":"1184144","text":"2.5 16v Hybrid FWD - 186kW / 253HP (329Nm)"},{"model":"qx70__s51_","value":"1184156","text":"3.0d Automat AWD - 175kW / 238HP (550Nm)"},{"model":"qx70__s51_","value":"1184159","text":"3.0d S Automat AWD - 175kW / 238HP (550Nm)"},{"model":"qx80__y62_","value":"1184162","text":"5.6 V8 Automat - 298kW / 405HP (560Nm)"},{"model":"qx80__y62_","value":"1184166","text":"5.6 V8 Automat AWD - 298kW / 405HP (560Nm)"}]