[{"model":"d-max_(_1st)__","value":"1184176","text":"2.5 TD - 58kW / 79HP (170Nm)"},{"model":"d-max_(_1st)__","value":"1184170","text":"2.5 TD - 74kW / 101HP (226Nm)"},{"model":"d-max_(_1st)__","value":"1184173","text":"2.5 TD - 100kW / 136HP (280Nm)"},{"model":"d-max_(_1st)__","value":"1184187","text":"3.0 TD - 96kW / 131HP (294Nm)"},{"model":"d-max_(_1st)__","value":"1184191","text":"3.0 TD - 120kW / 163HP (333Nm)"},{"model":"d-max_(_1st)__","value":"1184190","text":"3.0 TD - 120kW / 163HP (360Nm)"},{"model":"d-max_(_1st)__","value":"1184207","text":"7.8 TD - 147kW / 200HP (0Nm)"},{"model":"d-max_(_2nd)__","value":"1184208","text":"2.5 TD - 85kW / 116HP (280Nm)"},{"model":"d-max_(_2nd)__","value":"1184214","text":"2.5 TD - 100kW / 136HP (294Nm)"},{"model":"d-max_(_2nd)__","value":"1184212","text":"2.5 TD - 120kW / 163HP (400Nm)"},{"model":"d-max_(_2nd)__","value":"1184222","text":"3.0 TD - 130kW / 177HP (380Nm)"},{"model":"d-max_(_3rd)__","value":"1184237","text":"1.9 TD - 110kW / 150HP (350Nm)"},{"model":"d-max_(_3rd)__","value":"1184235","text":"1.9 TD Automat - 110kW / 150HP (350Nm)"},{"model":"d-max___","value":"1184242","text":"1.9 TD - 120kW / 164HP (360Nm)"},{"model":"d-max___","value":"1184239","text":"1.9 TD Automat - 120kW / 164HP (360Nm)"},{"model":"mu-x___","value":"1184245","text":"2.5 TD - 101kW / 137HP (320Nm)"},{"model":"mu-x___","value":"1184246","text":"3.0 TD - 130kW / 177HP (380Nm)"},{"model":"n-series___","value":"1184269","text":"L35 3.0 16v TDI - 88kW / 120HP (300Nm)"},{"model":"n-series___","value":"1184273","text":"N35 3.0 16v TDI - 88kW / 120HP (300Nm)"},{"model":"n-series___","value":"1184249","text":"NKR 3.0 TD - 110kW / 150HP (330Nm)"},{"model":"n-series___","value":"1184254","text":"NKR 4.8 TD - 103kW / 140HP (333Nm)"},{"model":"n-series___","value":"1184259","text":"NLR 3.0 TD - 96kW / 131HP (330Nm)"},{"model":"n-series___","value":"1184261","text":"NMR 3.0 TD - 96kW / 131HP (330Nm)"},{"model":"n-series___","value":"1184263","text":"NPR 3.0 TD - 96kW / 131HP (330Nm)"},{"model":"n-series___","value":"1184266","text":"NPR 5.2 TD - 110kW / 150HP (404Nm)"},{"model":"n-series___","value":"1184265","text":"NPR 5.2 TD - 147kW / 200HP (686Nm)"},{"model":"n-series___","value":"1184267","text":"NPS 5.2 TD - 110kW / 150HP (404Nm)"},{"model":"n-series___","value":"1184268","text":"NQR 5.2 TD - 110kW / 150HP (404Nm)"},{"model":"taga___","value":"1184277","text":"3.0 TD AWD - 96kW / 130HP (280Nm)"},{"model":"v-cross___","value":"1184279","text":"3.0 TD - 130kW / 177HP (380Nm)"}]