[{"model":"c-x16___","value":"1184291","text":"3.0 V6 Supercharged - 320kW / 435HP (685Nm)"},{"model":"e-pace__x540_","value":"1184295","text":"2.0 16v Ingenium - 147kW / 200HP (320Nm)"},{"model":"e-pace__x540_","value":"1184294","text":"2.0 16v Ingenium - 183kW / 249HP (365Nm)"},{"model":"e-pace__x540_","value":"1184293","text":"2.0 16v Ingenium - 221kW / 300HP (400Nm)"},{"model":"e-pace__x540_","value":"1184299","text":"2.0 eD4 - 110kW / 150HP (380Nm)"},{"model":"f-pace__x761_","value":"1184311","text":"2.0 16v Ingenium - 183kW / 249HP (365Nm)"},{"model":"f-pace__x761_","value":"1184310","text":"2.0 16v Ingenium - 221kW / 300HP (400Nm)"},{"model":"f-pace__x761_","value":"1184301","text":"2.0 D - 132kW / 180HP (430Nm)"},{"model":"f-pace__x761_","value":"1184303","text":"2.0 D AWD - 132kW / 180HP (430Nm)"},{"model":"f-pace__x761_","value":"1184305","text":"2.0 D AWD Automatic - 132kW / 180HP (430Nm)"},{"model":"f-pace__x761_","value":"1184314","text":"2.0 T - 177kW / 241HP (340Nm)"},{"model":"f-pace__x761_","value":"1184307","text":"3.0 V6 D AWD - 220kW / 299HP (700Nm)"},{"model":"f-pace__x761_","value":"1184321","text":"3.0 V6 SC - 250kW / 340HP (450Nm)"},{"model":"f-pace__x761_","value":"1184320","text":"3.0 V6 SC - 280kW / 381HP (450Nm)"},{"model":"f-pace__x761_","value":"1184326","text":"3.0 V6 Supercharged AWD - 250kW / 340HP (450Nm)"},{"model":"f-pace__x761_","value":"1184328","text":"3.0 V6 Supercharged AWD - 279kW / 379HP (450Nm)"},{"model":"f-type__x152_","value":"1184330","text":"2.0 16v Ingenium - 221kW / 300HP (400Nm)"},{"model":"f-type__x152_","value":"1184332","text":"3.0 V6 Coupe - 250kW / 340HP (450Nm)"},{"model":"f-type__x152_","value":"1184338","text":"3.0 V6 Roadster - 250kW / 340HP (450Nm)"},{"model":"f-type__x152_","value":"1184346","text":"3.0 V6 S Coupe - 280kW / 381HP (460Nm)"},{"model":"f-type__x152_","value":"1184352","text":"3.0 V6 S Roadster - 280kW / 381HP (460Nm)"},{"model":"f-type__x152_","value":"1184360","text":"5.0 V8 R Coupe - 404kW / 549HP (680Nm)"},{"model":"f-type__x152_","value":"1184366","text":"5.0 V8 S Roadster - 364kW / 495HP (625Nm)"},{"model":"s-type_(_1st)__","value":"1184374","text":"3.0 V6 - 175kW / 238HP (293Nm)"},{"model":"s-type_(_1st)__","value":"1184376","text":"3.0 V6 Automatic - 175kW / 238HP (293Nm)"},{"model":"s-type_(_2nd)__","value":"1184378","text":"2.5 V6 - 147kW / 200HP (245Nm)"},{"model":"s-type_(_2nd)__","value":"1184380","text":"2.5 V6 Automatic - 147kW / 200HP (245Nm)"},{"model":"s-type_(_2nd)__","value":"1184382","text":"3.0 V6 - 175kW / 238HP (293Nm)"},{"model":"s-type_(_2nd)__","value":"1184384","text":"3.0 V6 Automatic - 175kW / 238HP (293Nm)"},{"model":"s-type_(_2nd)__","value":"1184386","text":"4.2 V8 - 219kW / 298HP (411Nm)"},{"model":"s-type_(_2nd)__","value":"1184388","text":"4.2 V8 - 224kW / 305HP (420Nm)"},{"model":"s-type_(_2nd)__","value":"1184390","text":"4.2 V8 R - 291kW / 396HP (541Nm)"},{"model":"s-type_(_2nd)__","value":"1184392","text":"4.2 V8 R - 298kW / 405HP (560Nm)"},{"model":"s-type_(_3rd)__","value":"1184404","text":"2.5 V6 - 147kW / 200HP (245Nm)"},{"model":"s-type_(_3rd)__","value":"1184406","text":"2.5 V6 Automatic - 147kW / 200HP (245Nm)"},{"model":"s-type_(_3rd)__","value":"1184394","text":"2.7 V6 D - 152kW / 207HP (435Nm)"},{"model":"s-type_(_3rd)__","value":"1184399","text":"2.7 V6 D Automatic - 152kW / 207HP (435Nm)"},{"model":"s-type_(_3rd)__","value":"1184408","text":"3.0 V6 - 175kW / 238HP (293Nm)"},{"model":"s-type_(_3rd)__","value":"1184413","text":"3.0 V6 Automatic - 175kW / 238HP (293Nm)"},{"model":"s-type_(_3rd)__","value":"1184418","text":"4.2 V8 - 219kW / 298HP (411Nm)"},{"model":"s-type_(_3rd)__","value":"1184422","text":"4.2 V8 - 224kW / 305HP (420Nm)"},{"model":"s-type_(_3rd)__","value":"1184427","text":"4.2 V8 R - 291kW / 396HP (541Nm)"},{"model":"s-type_(_3rd)__","value":"1184431","text":"4.2 V8 R - 298kW / 405HP (560Nm)"},{"model":"x-type__x400_","value":"1184914","text":"2.0 D - 95kW / 129HP (330Nm)"},{"model":"x-type__x400_","value":"1184933","text":"2.0 V6 - 114kW / 155HP (196Nm)"},{"model":"x-type__x400_","value":"1184937","text":"2.0 V6 Automat - 114kW / 155HP (196Nm)"},{"model":"x-type__x400_","value":"1184922","text":"2.2 D - 110kW / 150HP (360Nm)"},{"model":"x-type__x400_","value":"1184921","text":"2.2 D - 114kW / 155HP (360Nm)"},{"model":"x-type__x400_","value":"1184926","text":"2.2 D Automatic DPF - 107kW / 146HP (360Nm)"},{"model":"x-type__x400_","value":"1184929","text":"2.2 D DPF - 107kW / 146HP (360Nm)"},{"model":"x-type__x400_","value":"1184941","text":"2.5 V6 - 144kW / 196HP (241Nm)"},{"model":"x-type__x400_","value":"1184950","text":"2.5 V6 Automatic - 144kW / 196HP (241Nm)"},{"model":"x-type__x400_","value":"1184959","text":"3.0 V6 - 169kW / 230HP (279Nm)"},{"model":"x-type__x400_","value":"1184968","text":"3.0 V6 Automatic - 169kW / 230HP (279Nm)"},{"model":"xe___","value":"1184442","text":"2.0 D 6-speed - 120kW / 163HP (380Nm)"},{"model":"xe___","value":"1184446","text":"2.0 D Automatic - 120kW / 163HP (380Nm)"},{"model":"xe___","value":"1184450","text":"2.0 D 6-speed - 132kW / 180HP (430Nm)"},{"model":"xe___","value":"1184454","text":"2.0 D Automatic - 132kW / 180HP (430Nm)"},{"model":"xe___","value":"1184458","text":"2.0 i4 Ti - 147kW / 200HP (280Nm)"},{"model":"xe___","value":"1184466","text":"2.0 i4 Ti - 177kW / 241HP (340Nm)"},{"model":"xe___","value":"1184474","text":"3.0 V6 Supercharged - 250kW / 340HP (450Nm)"},{"model":"xe__x760_","value":"1184438","text":"2.0 16v Ingenium - 147kW / 200HP (320Nm)"},{"model":"xe__x760_","value":"1184437","text":"2.0 16v Ingenium - 183kW / 249HP (365Nm)"},{"model":"xe__x760_","value":"1184436","text":"2.0 16v Ingenium - 221kW / 300HP (400Nm)"},{"model":"xf_(_1st)__","value":"1184565","text":"2.0 i4 Ti - 177kW / 241HP (340Nm)"},{"model":"xf_(_1st)__","value":"1184569","text":"2.0 T - 179kW / 243HP (340Nm)"},{"model":"xf_(_1st)__","value":"1184478","text":"2.2 D - 120kW / 163HP (400Nm)"},{"model":"xf_(_1st)__","value":"1184486","text":"2.2 D Sportbrake - 120kW / 163HP (400Nm)"},{"model":"xf_(_1st)__","value":"1184494","text":"2.2 D - 140kW / 190HP (450Nm)"},{"model":"xf_(_1st)__","value":"1184498","text":"2.2 D - 147kW / 200HP (450Nm)"},{"model":"xf_(_1st)__","value":"1184506","text":"2.2 D Sportbrake - 147kW / 200HP (450Nm)"},{"model":"xf_(_1st)__","value":"1184514","text":"2.7 V6 D - 152kW / 207HP (435Nm)"},{"model":"xf_(_1st)__","value":"1184572","text":"3.0 - 253kW / 344HP (450Nm)"},{"model":"xf_(_1st)__","value":"1184578","text":"3.0 AWD - 253kW / 344HP (450Nm)"},{"model":"xf_(_1st)__","value":"1184584","text":"3.0 V6 - 175kW / 238HP (293Nm)"},{"model":"xf_(_1st)__","value":"1184515","text":"3.0 V6 D - 177kW / 241HP (500Nm)"},{"model":"xf_(_1st)__","value":"1184525","text":"3.0 V6 D - 155kW / 211HP (450Nm)"},{"model":"xf_(_1st)__","value":"1184529","text":"3.0 V6 D - 177kW / 241HP (500Nm)"},{"model":"xf_(_1st)__","value":"1184535","text":"3.0 V6 D S - 202kW / 275HP (600Nm)"},{"model":"xf_(_1st)__","value":"1184549","text":"3.0 V6 D S Sportbrake - 202kW / 275HP (600Nm)"},{"model":"xf_(_1st)__","value":"1184557","text":"3.0 V6 D Sportbrake - 177kW / 241HP (500Nm)"},{"model":"xf_(_1st)__","value":"1184588","text":"3.0 V6 Supercharged - 250kW / 340HP (450Nm)"},{"model":"xf_(_1st)__","value":"1184596","text":"3.0 V6 Supercharged AWD - 250kW / 340HP (450Nm)"},{"model":"xf_(_1st)__","value":"1184604","text":"4.2 V8 - 224kW / 305HP (420Nm)"},{"model":"xf_(_1st)__","value":"1184607","text":"4.2 V8 Supercharged - 306kW / 416HP (560Nm)"},{"model":"xf_(_1st)__","value":"1184609","text":"4.2 V8 Supercharged - 313kW / 426HP (553Nm)"},{"model":"xf_(_1st)__","value":"1184610","text":"5.0 V8 - 283kW / 385HP (515Nm)"},{"model":"xf_(_1st)__","value":"1184612","text":"5.0 V8 - 287kW / 390HP (515Nm)"},{"model":"xf_(_1st)__","value":"1184617","text":"5.0 V8 Supercharged - 350kW / 476HP (575Nm)"},{"model":"xf_(_2nd)__","value":"1184632","text":"2.0 D 6-speed - 132kW / 180HP (430Nm)"},{"model":"xf_(_2nd)__","value":"1184634","text":"2.0 D Automatic - 132kW / 180HP (430Nm)"},{"model":"xf_(_2nd)__","value":"1184639","text":"2.0 T - 177kW / 241HP (340Nm)"},{"model":"xf_(_2nd)__","value":"1184636","text":"3.0 V6 D - 220kW / 299HP (700Nm)"},{"model":"xf_(_2nd)__","value":"1184645","text":"3.0 V6 Supercharged - 250kW / 340HP (450Nm)"},{"model":"xf_(_2nd)__","value":"1184647","text":"3.0 V6 Supercharged AWD - 250kW / 340HP (450Nm)"},{"model":"xf_(_2nd)__","value":"1184649","text":"3.0 V6 Supercharged - 279kW / 379HP (450Nm)"},{"model":"xf_(_2nd)__","value":"1184651","text":"3.0 V6 Supercharged AWD - 279kW / 379HP (450Nm)"},{"model":"xf__x250_","value":"1184653","text":"3.0 V6 - 175kW / 238HP (293Nm)"},{"model":"xf_(_2nd)_x260_","value":"1184628","text":"2.0 16v Ingenium - 147kW / 200HP (320Nm)"},{"model":"xf_(_2nd)_x260_","value":"1184627","text":"2.0 16v Ingenium - 183kW / 249HP (365Nm)"},{"model":"xf_(_2nd)_x260_","value":"1184626","text":"2.0 16v Ingenium - 221kW / 300HP (400Nm)"},{"model":"xfr_(_1st)__","value":"1184659","text":"5.0 V8 Supercharged - 375kW / 510HP (625Nm)"},{"model":"xfr_(_1st)__","value":"1184662","text":"5.0 V8 Supercharged - 380kW / 517HP (625Nm)"},{"model":"xj__x350_","value":"1184682","text":"2.7 D V6 XJ6 - 152kW / 207HP (435Nm)"},{"model":"xj__x350_","value":"1184685","text":"3.0 V6 XJ6 - 175kW / 238HP (293Nm)"},{"model":"xj__x350_","value":"1184690","text":"4.2 V8 Supercharged XJR - 291kW / 396HP (541Nm)"},{"model":"xj__x350_","value":"1184695","text":"4.2 V8 XJ8 - 219kW / 298HP (411Nm)"},{"model":"xj__x351_","value":"1184721","text":"2.0 16v Ingenium - 183kW / 249HP (365Nm)"},{"model":"xj__x351_","value":"1184720","text":"2.0 16v Ingenium - 221kW / 300HP (400Nm)"},{"model":"xj__x351_","value":"1184724","text":"2.0 i4 Ti - 177kW / 241HP (340Nm)"},{"model":"xj__x351_","value":"1184732","text":"2.0 T - 177kW / 241HP (340Nm)"},{"model":"xj__x351_","value":"1184700","text":"3.0 V6 D - 202kW / 275HP (600Nm)"},{"model":"xj__x351_","value":"1184713","text":"3.0 V6 D - 220kW / 299HP (700Nm)"},{"model":"xj__x351_","value":"1184740","text":"3.0 V6 Supercharged - 250kW / 340HP (450Nm)"},{"model":"xj__x351_","value":"1184743","text":"3.0 V6 Supercharged - 253kW / 344HP (450Nm)"},{"model":"xj__x351_","value":"1184754","text":"3.0 V6 Supercharged - 250kW / 340HP (450Nm)"},{"model":"xj__x351_","value":"1184758","text":"3.0 V6 Supercharged AWD - 250kW / 340HP (450Nm)"},{"model":"xj__x351_","value":"1184762","text":"3.0 V6 Supercharged AWD - 250kW / 340HP (450Nm)"},{"model":"xj__x351_","value":"1184763","text":"3.0 V6 Supercharged AWD - 253kW / 344HP (450Nm)"},{"model":"xj__x351_","value":"1184774","text":"5.0 V8 - 283kW / 385HP (515Nm)"},{"model":"xj__x351_","value":"1184776","text":"5.0 V8 - 287kW / 390HP (515Nm)"},{"model":"xj__x351_","value":"1184789","text":"5.0 V8 Supercharged - 350kW / 476HP (575Nm)"},{"model":"xj__x351_","value":"1184788","text":"5.0 V8 Supercharged - 375kW / 510HP (625Nm)"},{"model":"xj__x351_","value":"1184791","text":"5.0 V8 Supercharged - 380kW / 517HP (625Nm)"},{"model":"xj__x351_","value":"1184808","text":"5.0 V8 Supercharged - 405kW / 551HP (625Nm)"},{"model":"xj__x358_","value":"1184827","text":"2.7 D V6 XJ6 - 152kW / 207HP (435Nm)"},{"model":"xj__x358_","value":"1184830","text":"3.0 V6 XJ6 - 175kW / 238HP (293Nm)"},{"model":"xj__x358_","value":"1184832","text":"4.2 V8 Supercharged XJR - 291kW / 396HP (541Nm)"},{"model":"xj__x358_","value":"1184833","text":"4.2 V8 Supercharged XJR - 298kW / 405HP (541Nm)"},{"model":"xj__x358_","value":"1184836","text":"4.2 V8 XJ8 - 219kW / 298HP (411Nm)"},{"model":"xj__x358_","value":"1184837","text":"4.2 V8 XJ8 - 224kW / 305HP (411Nm)"},{"model":"xk__x100_","value":"1184840","text":"4.2 V8 XK8 - 219kW / 298HP (411Nm)"},{"model":"xk__x100_","value":"1184841","text":"4.2 V8 XK8 - 224kW / 305HP (420Nm)"},{"model":"xk__x100_","value":"1184848","text":"4.2 V8 XKR - 291kW / 396HP (541Nm)"},{"model":"xk__x100_","value":"1184850","text":"4.2 V8 XKR - 298kW / 405HP (553Nm)"},{"model":"xk__x150_","value":"1184856","text":"4.2 V8 - 224kW / 305HP (420Nm)"},{"model":"xk__x150_","value":"1184859","text":"4.2 V8 XKR - 306kW / 416HP (560Nm)"},{"model":"xk__x150_","value":"1184861","text":"4.2 V8 XKR - 313kW / 426HP (560Nm)"},{"model":"xk__x150_","value":"1184866","text":"5.0 V8 - 283kW / 385HP (515Nm)"},{"model":"xk__x150_","value":"1184868","text":"5.0 V8 - 287kW / 390HP (515Nm)"},{"model":"xk__x150_","value":"1184878","text":"5.0 V8 XKR - 375kW / 510HP (625Nm)"},{"model":"xk__x150_","value":"1184880","text":"5.0 V8 XKR - 380kW / 517HP (625Nm)"},{"model":"xk__x150_","value":"1184879","text":"5.0 V8 XKR - 390kW / 530HP (625Nm)"},{"model":"xk__x150_","value":"1184899","text":"5.0 V8 XKR-S - 405kW / 551HP (680Nm)"},{"model":"xk__x150_","value":"1184901","text":"5.0 V8 XKR-S - 410kW / 558HP (680Nm)"}]