[{"model":"cherokee__kj_","value":"1184977","text":"2.5 16v CRD - 105kW / 143HP (343Nm)"},{"model":"cherokee__kj_","value":"1184981","text":"2.8 16v CRD - 119kW / 162HP (400Nm)"},{"model":"cherokee__kj_","value":"1184984","text":"2.8 16v CRD - 120kW / 163HP (400Nm)"},{"model":"cherokee__kj_","value":"1184986","text":"2.8 16v CRD Automatic - 110kW / 150HP (360Nm)"},{"model":"cherokee__kj_","value":"1184989","text":"2.8 16v CRD Automatic - 119kW / 162HP (400Nm)"},{"model":"cherokee__kj_","value":"1184992","text":"2.8 16v CRD Automatic - 120kW / 163HP (400Nm)"},{"model":"cherokee__kk_","value":"1184994","text":"2.8 16v CRD - 147kW / 200HP (410Nm)"},{"model":"cherokee__kk_","value":"1184998","text":"2.8 16v CRD Automatic - 147kW / 200HP (410Nm)"},{"model":"cherokee__kk_","value":"1185002","text":"2.8 16v CRD DPF Automatic - 130kW / 177HP (410Nm)"},{"model":"cherokee__kl_","value":"1185008","text":"2.0 Multijet II 16v 140 4x2 - 103kW / 140HP (350Nm)"},{"model":"cherokee__kl_","value":"1185017","text":"2.0 Multijet II 16V 170 4x4 - 125kW / 170HP (350Nm)"},{"model":"cherokee__kl_","value":"1185023","text":"2.0 Multijet II 16V 170 4x4 Automatic - 125kW / 170HP (350Nm)"},{"model":"cherokee__kl_","value":"1185040","text":"2.0L GME T4 Hurricane - 201kW / 274HP (400Nm)"},{"model":"cherokee__kl_","value":"1185032","text":"2.2 Multijet II 16v 185 Automatic - 136kW / 185HP (440Nm)"},{"model":"cherokee__kl_","value":"1185036","text":"2.2 Multijet II 16v 200 Automatic - 147kW / 200HP (440Nm)"},{"model":"cherokee__kl_","value":"1185042","text":"2.4L 16v Multiair II - 137kW / 186HP (232Nm)"},{"model":"commander__xk_","value":"1185049","text":"3.0 V6 CRD - 160kW / 218HP (0Nm)"},{"model":"commander__xk_","value":"1185048","text":"3.0 V6 CRD - 160kW / 218HP (508Nm)"},{"model":"compass__mk49_","value":"1185076","text":"2.0 16v - 118kW / 158HP (190Nm)"},{"model":"compass__mk49_","value":"1185079","text":"2.0 16v SXT - 118kW / 158HP (190Nm)"},{"model":"compass__mk49_","value":"1185050","text":"2.0 CRD - 103kW / 140HP (310Nm)"},{"model":"compass__mk49_","value":"1185063","text":"2.2 CRD - 100kW / 136HP (320Nm)"},{"model":"compass__mk49_","value":"1185062","text":"2.2 CRD - 120kW / 163HP (320Nm)"},{"model":"compass__mk49_","value":"1185082","text":"2.4 16v - 125kW / 170HP (220Nm)"},{"model":"compass__mk49_","value":"1185081","text":"2.4 16v - 128kW / 172HP (220Nm)"},{"model":"compass__mp552_","value":"1185103","text":"1.4 16v MultiAir Turbo - 103kW / 140HP (230Nm)"},{"model":"compass__mp552_","value":"1185109","text":"1.4 16v MultiAir Turbo 4X4 - 125kW / 170HP (250Nm)"},{"model":"compass__mp552_","value":"1185091","text":"1.6 16v Multijet - 88kW / 120HP (300Nm)"},{"model":"compass__mp552_","value":"1185096","text":"2.0 16v Multijet - 103kW / 140HP (350Nm)"},{"model":"compass__mp552_","value":"1185095","text":"2.0 16v Multijet - 125kW / 170HP (350Nm)"},{"model":"compass__mp552_","value":"1185115","text":"2.4L 16v Multiair II - 137kW / 186HP (232Nm)"},{"model":"grand_cherokee_( 2nd)_wj_","value":"1185118","text":"2.7 CRD - 120kW / 163HP (0Nm)"},{"model":"grand_cherokee_( 3rd)_wk_","value":"1185119","text":"3.0 CRD - 160kW / 218HP (510Nm)"},{"model":"grand_cherokee_(_3rd)_wk_","value":"1185127","text":"5.7 V8 - 266kW / 362HP (0Nm)"},{"model":"grand_cherokee_(_3rd)_wk_","value":"1185129","text":"6.1 V8 SRT8 - 313kW / 426HP (0Nm)"},{"model":"grand_cherokee_( 4th)_wk2_","value":"1185130","text":"3.0 V6 CRD - 140kW / 190HP (440Nm)"},{"model":"grand_cherokee_(_4th)_wk2_","value":"1185136","text":"3.0 V6 CRD - 176kW / 239HP (550Nm)"},{"model":"grand_cherokee_(_4th)_wk2_","value":"1185149","text":"6.4 V8 - 295kW / 401HP (560Nm)"},{"model":"grand_commander__(k8)_","value":"1185152","text":"2.0L GME T4 Hurricane - 201kW / 274HP (400Nm)"},{"model":"liberty__kj_","value":"1185154","text":"2.5 CRD - 105kW / 143HP (0Nm)"},{"model":"liberty__kj_","value":"1185155","text":"2.8 16 VCRD - 110kW / 150HP (0Nm)"},{"model":"liberty__kj_","value":"1185156","text":"2.8 16 VCRD - 120kW / 163HP (400Nm)"},{"model":"liberty__kj_","value":"1185157","text":"2.8 16 VCRD - 130kW / 177HP (0Nm)"},{"model":"patriot___","value":"1185159","text":"2.0 CRD - 103kW / 140HP (310Nm)"},{"model":"patriot___","value":"1185165","text":"2.2 CRD DPF - 120kW / 163HP (320Nm)"},{"model":"renegade___","value":"1185241","text":"1.6 16v CRD - 88kW / 120HP (300Nm)"},{"model":"renegade__bu_","value":"1185182","text":"1.0 12v GSE - 88kW / 120HP (190Nm)"},{"model":"renegade__bu_","value":"1185184","text":"1.3 16v GSE 4WD Automat - 132kW / 180HP (285Nm)"},{"model":"renegade__bu_","value":"1185186","text":"1.3 16v GSE Automat - 110kW / 150HP (270Nm)"},{"model":"renegade__bu_","value":"1185191","text":"1.4 16v MultiAir Turbo - 103kW / 140HP (230Nm)"},{"model":"renegade__bu_","value":"1185206","text":"1.4 16v MultiAir Turbo 4X4 - 125kW / 170HP (250Nm)"},{"model":"renegade__bu_","value":"1185231","text":"1.8 16v E.TorQ FLEX - 99kW / 135HP (184Nm)"},{"model":"renegade__bu_","value":"1185174","text":"2.0 16v CRD 4x4 - 88kW / 120HP (0Nm)"},{"model":"renegade__bu_","value":"1185173","text":"2.0 16v CRD 4x4 - 103kW / 140HP (0Nm)"},{"model":"renegade__bu_","value":"1185175","text":"2.0 16v CRD 4x4 - 125kW / 170HP (0Nm)"},{"model":"renegade__kl_","value":"1185235","text":"2.4L 16v Multiair II - 137kW / 186HP (232Nm)"},{"model":"wrangler___","value":"1185248","text":"2.8 CRD - 130kW / 177HP (0Nm)"},{"model":"wrangler___","value":"1185245","text":"2.8 CRD - 147kW / 200HP (0Nm)"},{"model":"wrangler___","value":"1185250","text":"3.8 V6 - 151kW / 205HP (0Nm)"},{"model":"wrangler___","value":"1185251","text":"3.8 V6 - 155kW / 211HP (0Nm)"},{"model":"wrangler___","value":"1185252","text":"4.0 - 142kW / 193HP (319Nm)"},{"model":"wrangler__(jl)_","value":"1185243","text":"2.0L GME T4 Hurricane - 201kW / 274HP (400Nm)"}]