[{"model":"bongo_(_4th)__","value":"1185259","text":"2.9 16v CRDI - 106kW / 144HP (0Nm)"},{"model":"borrego___","value":"1185260","text":"3.0 V6 CRDI - 183kW / 249HP (0Nm)"},{"model":"cadenza___","value":"1185261","text":"3.0 V6 - 198kW / 269HP (310Nm)"},{"model":"carens_(_2nd)__","value":"1185266","text":"1.6 16v CVVT - 90kW / 122HP (0Nm)"},{"model":"carens_(_2nd)__","value":"1185264","text":"2.0  8v CRDI - 83kW / 113HP (0Nm)"},{"model":"carens_(_2nd)__","value":"1185265","text":"2.0 16v CRDI - 103kW / 140HP (0Nm)"},{"model":"carens_(_3rd)__","value":"1185267","text":"1.6 16v CRDI - 94kW / 128HP (0Nm)"},{"model":"carens_(_3rd)__","value":"1185269","text":"1.7 16v CRDI - 85kW / 116HP (0Nm)"},{"model":"carens_(_3rd)__","value":"1185271","text":"2.0 16v CRDI - 103kW / 140HP (0Nm)"},{"model":"carens_(_3rd)__","value":"1185272","text":"2.0 16v CVVT - 105kW / 143HP (0Nm)"},{"model":"carnival_(_1st)__","value":"1185274","text":"2.9 16v CRDI - 106kW / 144HP (0Nm)"},{"model":"carnival_(_1st)__","value":"1185275","text":"3.5 V6 - 143kW / 194HP (0Nm)"},{"model":"carnival_(_2nd)__","value":"1185278","text":"2.2 16v CRDI - 110kW / 150HP (0Nm)"},{"model":"carnival_(_2nd)__","value":"1185276","text":"2.2 16v CRDI - 145kW / 197HP (0Nm)"},{"model":"carnival_(_2nd)__","value":"1185281","text":"2.2 CRDI - 110kW / 150HP (0Nm)"},{"model":"carnival_(_2nd)__","value":"1185283","text":"2.7 V6 - 139kW / 189HP (0Nm)"},{"model":"carnival_(_2nd)__","value":"1185282","text":"2.9 16v CRDI - 136kW / 185HP (0Nm)"},{"model":"ceed_(_3rd)_cd_","value":"1185426","text":"1.0 12v T-GDI - 88kW / 120HP (172Nm)"},{"model":"ceed_(_1st)_ed_","value":"1185320","text":"1.4 16v CVVT - 66kW / 90HP (137Nm)"},{"model":"ceed_(_1st)_ed_","value":"1185325","text":"1.4 16v CVVT - 77kW / 105HP (137Nm)"},{"model":"ceed_(_1st)_ed_","value":"1185317","text":"1.4 16v CVVT - 80kW / 109HP (137Nm)"},{"model":"ceed_(_1st)_ed_","value":"1185284","text":"1.6 16v CRDi - 66kW / 90HP (235Nm)"},{"model":"ceed_(_1st)_ed_","value":"1185294","text":"1.6 16v CRDi - 85kW / 116HP (225Nm)"},{"model":"ceed_(_1st)_ed_","value":"1185285","text":"1.6 16v CRDi - 85kW / 116HP (260Nm)"},{"model":"ceed_(_1st)_ed_","value":"1185292","text":"1.6 16v CRDi - 94kW / 128HP (260Nm)"},{"model":"ceed_(_1st)_ed_","value":"1185333","text":"1.6 16v CVVT - 90kW / 122HP (154Nm)"},{"model":"ceed_(_1st)_ed_","value":"1185336","text":"1.6 16v CVVT - 93kW / 126HP (154Nm)"},{"model":"ceed_(_1st)_ed_","value":"1185316","text":"2.0 16v CRDi - 103kW / 140HP (305Nm)"},{"model":"ceed_(_1st)_ed_","value":"1185345","text":"2.0 16v CVVT - 105kW / 143HP (186Nm)"},{"model":"ceed_(_2nd)_jd_","value":"1185388","text":"1.0 12v T-GDI - 74kW / 101HP (172Nm)"},{"model":"ceed_(_2nd)_jd_","value":"1185387","text":"1.0 12v T-GDI - 88kW / 120HP (172Nm)"},{"model":"ceed_(_2nd)_jd_","value":"1185355","text":"1.4 16v CRDi - 66kW / 90HP (220Nm)"},{"model":"ceed_(_2nd)_jd_","value":"1185398","text":"1.4 16v CVVT - 66kW / 90HP (137Nm)"},{"model":"ceed_(_2nd)_jd_","value":"1185357","text":"1.6 16v CRDi - 81kW / 110HP (260Nm)"},{"model":"ceed_(_2nd)_jd_","value":"1185358","text":"1.6 16v CRDi - 94kW / 128HP (260Nm)"},{"model":"ceed_(_2nd)_jd_","value":"1185372","text":"1.6 16v CRDi - 94kW / 128HP (280Nm)"},{"model":"ceed_(_2nd)_jd_","value":"1185410","text":"1.6 16v T-GDI - 99kW / 135HP (165Nm)"},{"model":"ceed_(_2nd)_jd_","value":"1185414","text":"1.6 16v T-GDI GT - 150kW / 204HP (265Nm)"},{"model":"ceed_(_2nd)_jd_","value":"1185420","text":"1.6 T-GDI - 99kW / 135HP (165Nm)"},{"model":"cerato___","value":"1185427","text":"1.5  8v CRDI - 57kW / 78HP (0Nm)"},{"model":"cerato___","value":"1185428","text":"1.5  8v CRDI - 66kW / 90HP (0Nm)"},{"model":"cerato___","value":"1185429","text":"1.5  8v CRDI - 75kW / 102HP (0Nm)"},{"model":"cerato___","value":"1185430","text":"1.6 16v CRDI - 85kW / 116HP (0Nm)"},{"model":"cerato___","value":"1185432","text":"1.6 16v CVVT - 77kW / 105HP (0Nm)"},{"model":"cerato___","value":"1185433","text":"1.6 16v CVVT - 90kW / 122HP (0Nm)"},{"model":"cerato___","value":"1185434","text":"1.6 16v Gamma II MPI - 96kW / 130HP (157Nm)"},{"model":"cerato___","value":"1185431","text":"2.0  8v CRDI - 83kW / 113HP (0Nm)"},{"model":"cerato___","value":"1185442","text":"2.0 16v CVVT - 105kW / 143HP (0Nm)"},{"model":"forte___","value":"1185444","text":"1.6 16v CRDI - 94kW / 128HP (0Nm)"},{"model":"forte___","value":"1185446","text":"1.6 16v GDI - 100kW / 136HP (0Nm)"},{"model":"forte___","value":"1185448","text":"1.6 16v GDi - 150kW / 204HP (0Nm)"},{"model":"forte___","value":"1185449","text":"2.4 16v - 129kW / 175HP (0Nm)"},{"model":"k7___","value":"1185456","text":"3.0 V6 - 173kW / 235HP (310Nm)"},{"model":"k7___","value":"1185453","text":"3.0 V6 - 196kW / 267HP (280Nm)"},{"model":"k7___","value":"1185450","text":"3.0 V6 - 198kW / 269HP (310Nm)"},{"model":"magentis_(_1st)__","value":"1185459","text":"2.0 16v CRDI - 103kW / 140HP (0Nm)"},{"model":"magentis_(_1st)__","value":"1185460","text":"2.7 V6 - 138kW / 188HP (0Nm)"},{"model":"magentis_(_2nd)__","value":"1185462","text":"2.0 16v CRDI - 88kW / 120HP (0Nm)"},{"model":"magentis_(_2nd)__","value":"1185463","text":"2.0 16v CRDI - 100kW / 136HP (0Nm)"},{"model":"magentis_(_2nd)__","value":"1185461","text":"2.0 16v CRDI - 110kW / 150HP (0Nm)"},{"model":"mohave___","value":"1185465","text":"3.0 S-line V6 CRDI - 177kW / 241HP (451Nm)"},{"model":"mohave___","value":"1185467","text":"3.0 V6 CRDI - 183kW / 249HP (0Nm)"},{"model":"morning___","value":"1185468","text":"1.1 12v CRDI - 55kW / 75HP (0Nm)"},{"model":"opirus___","value":"1185469","text":"2.7 V6 - 129kW / 175HP (0Nm)"},{"model":"opirus___","value":"1185470","text":"3.5 V6 - 147kW / 200HP (0Nm)"},{"model":"optima___","value":"1185489","text":"1.7 16v CRDI - 103kW / 141HP (0Nm)"},{"model":"optima___","value":"1185491","text":"2.0 16v CRDI - 103kW / 140HP (0Nm)"},{"model":"optima___","value":"1185492","text":"2.0 16v CVVT - 105kW / 143HP (0Nm)"},{"model":"optima___","value":"1185494","text":"2.0 16v GDI Turbo - 183kW / 248HP (353Nm)"},{"model":"optima___","value":"1185502","text":"2.4 16v - 129kW / 175HP (0Nm)"},{"model":"optima___","value":"1185503","text":"2.4 16v GDI - 138kW / 188HP (241Nm)"},{"model":"optima___","value":"1185511","text":"2.7 V6 - 138kW / 188HP (0Nm)"},{"model":"optima__jf_","value":"1185473","text":"1.6 T-GDI - 150kW / 204HP (265Nm)"},{"model":"optima__jf_","value":"1185477","text":"2.0 16v GDI Turbo - 206kW / 280HP (365Nm)"},{"model":"optima__tf_","value":"1185482","text":"2.0 16v - 121kW / 165HP (198Nm)"},{"model":"picanto___","value":"1185539","text":"1.0 12v - 51kW / 69HP (0Nm)"},{"model":"picanto___","value":"1185538","text":"1.1 12v CRDI - 55kW / 75HP (0Nm)"},{"model":"picanto_(_3rd)_ja_","value":"1185517","text":"1.0 12v T-GDI - 74kW / 99HP (172Nm)"},{"model":"picanto_(_3rd)_ja_","value":"1185512","text":"1.0 12v T-GDI Automat - 74kW / 99HP (172Nm)"},{"model":"picanto_(_3rd)_ja_","value":"1185530","text":"1.2 8v VVT - 64kW / 87HP (122Nm)"},{"model":"picanto_(_3rd)_ja_","value":"1185522","text":"1.2 8v VVT Automat - 64kW / 87HP (122Nm)"},{"model":"pride___","value":"1185540","text":"1.3  8v - 53kW / 72HP (0Nm)"},{"model":"proceed___","value":"1185541","text":"1.0 12v T-GDI - 88kW / 120HP (172Nm)"},{"model":"proceed___","value":"1185546","text":"1.6 T-GDI - 150kW / 204HP (265Nm)"},{"model":"rio_(_3rd)__","value":"1185573","text":"1.0 12v T-GDI - 88kW / 120HP (172Nm)"},{"model":"rio_(_3rd)__","value":"1185567","text":"1.1 12v CRDI - 55kW / 75HP (170Nm)"},{"model":"rio_(_3rd)__","value":"1185569","text":"1.1 12v CRDi - 55kW / 75HP (180Nm)"},{"model":"rio_(_3rd)__","value":"1185577","text":"1.4 16v CVVT - 80kW / 109HP (0Nm)"},{"model":"rio_(_3rd)__","value":"1185579","text":"1.6 16v CVVT - 82kW / 112HP (0Nm)"},{"model":"rio_(_3rd)__","value":"1185581","text":"1.6 16v GDI - 100kW / 136HP (0Nm)"},{"model":"rio_(_2nd)_jb_","value":"1185547","text":"1.5  8v CRDI - 81kW / 110HP (0Nm)"},{"model":"rio_(_2nd)_jb_","value":"1185548","text":"1.5 16v CRDI - 81kW / 110HP (0Nm)"},{"model":"rio_(_2nd)_jb_","value":"1185555","text":"1.6 16v CVVT - 82kW / 112HP (0Nm)"},{"model":"rio_(_3rd)_ub_","value":"1185556","text":"1.4 16v Automat - 79kW / 107HP (136Nm)"},{"model":"rio_(_3rd)_ub_","value":"1185564","text":"1.6 16v MPI - 82kW / 112HP (145Nm)"},{"model":"sedona_(_2nd)__","value":"1185583","text":"2.9 16v CRDI - 106kW / 144HP (0Nm)"},{"model":"sorento_(_1st)__","value":"1185597","text":"2.4 16v - 102kW / 139HP (294Nm)"},{"model":"sorento_(_1st)__","value":"1185584","text":"2.5 CRDI - 103kW / 140HP (314Nm)"},{"model":"sorento_(_1st)__","value":"1185589","text":"2.5 CRDI - 120kW / 163HP (392Nm)"},{"model":"sorento_(_1st)__","value":"1185588","text":"2.5 CRDI - 125kW / 170HP (392Nm)"},{"model":"sorento_(_1st)__","value":"1185602","text":"3.5 V6 - 143kW / 194HP (294Nm)"},{"model":"sorento_(_2nd)__","value":"1185626","text":"2.0 16v CRDI - 135kW / 184HP (383Nm)"},{"model":"sorento_(_2nd)__","value":"1185634","text":"2.2 CRDi - 141kW / 192HP (421Nm)"},{"model":"sorento_(_2nd)__","value":"1185636","text":"2.2 CRDi - 145kW / 197HP (421Nm)"},{"model":"sorento_(_2nd)__","value":"1185645","text":"2.4 16v - 128kW / 174HP (226Nm)"},{"model":"sorento_(_2nd)_um_","value":"1185606","text":"2.2 16v CRDi 2WD - 147kW / 200HP (440Nm)"},{"model":"sorento_(_2nd)_um_","value":"1185616","text":"2.2 16v CRDi 4WD - 147kW / 200HP (440Nm)"},{"model":"soul___","value":"1185655","text":"1.6 16v CRDI - 85kW / 116HP (0Nm)"},{"model":"soul___","value":"1185656","text":"1.6 16v CRDI - 94kW / 128HP (0Nm)"},{"model":"soul___","value":"1185659","text":"1.6 16v CVVT - 93kW / 126HP (0Nm)"},{"model":"soul___","value":"1185662","text":"1.6 16v GDI - 103kW / 140HP (0Nm)"},{"model":"soul___","value":"1185664","text":"1.6 CVVT - 93kW / 126HP (143Nm)"},{"model":"soul___","value":"1185667","text":"2.0 16v CVVT - 105kW / 143HP (0Nm)"},{"model":"soul__ps_","value":"1185651","text":"1.6 T-GDI - 150kW / 204HP (265Nm)"},{"model":"sportage_(_2nd)__","value":"1185669","text":"2.0  8v CRDI - 83kW / 113HP (0Nm)"},{"model":"sportage_(_2nd)__","value":"1185671","text":"2.0 16v CRDI - 92kW / 125HP (0Nm)"},{"model":"sportage_(_2nd)__","value":"1185670","text":"2.0 16v CRDI - 103kW / 140HP (0Nm)"},{"model":"sportage_(_2nd)__","value":"1185672","text":"2.0 16v CVVT - 104kW / 141HP (0Nm)"},{"model":"sportage_(_2nd)__","value":"1185674","text":"2.7 V6 - 129kW / 175HP (0Nm)"},{"model":"sportage_(_3rd)__","value":"1185687","text":"1.6 16v GDI - 100kW / 136HP (0Nm)"},{"model":"sportage_(_3rd)__","value":"1185681","text":"1.7 CRDi - 85kW / 116HP (0Nm)"},{"model":"sportage_(_3rd)__","value":"1185683","text":"2.0 16v CRDI - 100kW / 136HP (0Nm)"},{"model":"sportage_(_3rd)__","value":"1185685","text":"2.0 16v CRDI - 135kW / 184HP (0Nm)"},{"model":"sportage_(_4th)__","value":"1185703","text":"1.7 CRDi - 86kW / 117HP (0Nm)"},{"model":"sportage_(_4th)_ql_","value":"1185689","text":"2.0 16v CRDi 4WD - 136kW / 185HP (400Nm)"},{"model":"sportage_(_4th)_ql_","value":"1185699","text":"2.0 16v GDI Turbo - 206kW / 280HP (365Nm)"},{"model":"sportage_(_3rd)_sl_","value":"1185675","text":"2.0  CVVT - 110kW / 150HP (191Nm)"},{"model":"stinger___","value":"1185705","text":"3.3 T-GDI Automat - 272kW / 370HP (520Nm)"},{"model":"stonic___","value":"1185711","text":"1.0 12v T-GDI - 88kW / 120HP (172Nm)"},{"model":"venga___","value":"1185720","text":"1.4 16v CVVT - 66kW / 90HP (0Nm)"},{"model":"venga___","value":"1185714","text":"1.4 CRDi VGT - 57kW / 78HP (0Nm)"},{"model":"venga___","value":"1185715","text":"1.4 CRDi VGT - 66kW / 90HP (0Nm)"},{"model":"venga___","value":"1185716","text":"1.6 16v CRDI - 85kW / 116HP (0Nm)"},{"model":"venga___","value":"1185717","text":"1.6 16v CRDI - 94kW / 128HP (0Nm)"},{"model":"venga___","value":"1185722","text":"1.6 16v CVVT - 93kW / 126HP (0Nm)"}]