[{"model":"aventador___","value":"1185788","text":"6.5 V12 LP700-4 - 515kW / 700HP (690Nm)"},{"model":"gallardo___","value":"1185793","text":"5.0 V10 - 368kW / 500HP (510Nm)"},{"model":"gallardo___","value":"1185796","text":"5.0 V10 - 382kW / 520HP (510Nm)"},{"model":"gallardo___","value":"1185799","text":"5.0 V10 E-Gear - 368kW / 500HP (510Nm)"},{"model":"gallardo___","value":"1185802","text":"5.0 V10 E-Gear - 382kW / 520HP (510Nm)"},{"model":"gallardo___","value":"1185805","text":"5.0 V10 SE - 382kW / 520HP (510Nm)"},{"model":"gallardo___","value":"1185807","text":"5.0 V10 SE E-Gear - 382kW / 520HP (510Nm)"},{"model":"gallardo___","value":"1185809","text":"5.0 V10 Spyder - 382kW / 520HP (510Nm)"},{"model":"gallardo___","value":"1185812","text":"5.0 V10 Spyder E-Gear - 382kW / 520HP (510Nm)"},{"model":"gallardo___","value":"1185815","text":"5.0 V10 Superleggera - 390kW / 530HP (510Nm)"},{"model":"gallardo___","value":"1185816","text":"5.2 V10 LP550-2 - 405kW / 551HP (540Nm)"},{"model":"gallardo___","value":"1185826","text":"5.2 V10 LP550-2 E-Gear - 405kW / 551HP (540Nm)"},{"model":"gallardo___","value":"1185841","text":"5.2 V10 LP560-4 - 412kW / 560HP (540Nm)"},{"model":"gallardo___","value":"1185853","text":"5.2 V10 LP560-4 E-Gear - 412kW / 560HP (540Nm)"},{"model":"gallardo___","value":"1185871","text":"5.2 V10 LP560-4 Spyder - 412kW / 560HP (540Nm)"},{"model":"gallardo___","value":"1185883","text":"5.2 V10 LP560-4 Spyder E-Gear - 412kW / 560HP (540Nm)"},{"model":"gallardo___","value":"1185901","text":"5.2 V10 LP570-4 Spyder Performante - 419kW / 570HP (540Nm)"},{"model":"gallardo___","value":"1185907","text":"5.2 V10 LP570-4 Spyder Performante E-Gear - 419kW / 570HP (540Nm)"},{"model":"gallardo___","value":"1185916","text":"5.2 V10 LP570-4 Superleggera - 419kW / 570HP (540Nm)"},{"model":"gallardo___","value":"1185922","text":"5.2 V10 LP570-4 Superleggera E-Gear - 419kW / 570HP (540Nm)"},{"model":"huracan___","value":"1185931","text":"5.2 V10 LP610-4 - 448kW / 609HP (690Nm)"},{"model":"murcielago___","value":"1185941","text":"6.2 V12 - 426kW / 579HP (650Nm)"},{"model":"murcielago___","value":"1185947","text":"6.2 V12 E-Gear - 426kW / 579HP (650Nm)"},{"model":"murcielago___","value":"1185950","text":"6.5 V12 LP640 - 471kW / 641HP (660Nm)"},{"model":"murcielago___","value":"1185956","text":"6.5 V12 LP640 E-Gear - 471kW / 641HP (660Nm)"},{"model":"urus___","value":"1185962","text":"4.0 V8 Turbo Automat - 478kW / 650HP (850Nm)"}]