[{"model":"defender___","value":"1186085","text":"2.2 TD4 - 90kW / 122HP (360Nm)"},{"model":"defender___","value":"1186090","text":"2.4 TD4 - 90kW / 122HP (360Nm)"},{"model":"defender___","value":"1186095","text":"2.5 TD5 - 91kW / 124HP (300Nm)"},{"model":"discovery___","value":"1186111","text":"2.5 TD5 - 101kW / 137HP (0Nm)"},{"model":"discovery___","value":"1186112","text":"2.7 TDV6 - 140kW / 190HP (0Nm)"},{"model":"discovery___","value":"1186117","text":"3.0 SDV6 - 180kW / 245HP (0Nm)"},{"model":"discovery___","value":"1186119","text":"3.0 TDV6 - 155kW / 211HP (0Nm)"},{"model":"discovery__l462_","value":"1186106","text":"2.0 16v Ingenium - 221kW / 300HP (400Nm)"},{"model":"discovery__l462_","value":"1186100","text":"3.0 SDV6 - 225kW / 306HP (700Nm)"},{"model":"discovery__l462_","value":"1186103","text":"3.0 TD6 - 183kW / 250HP (500Nm)"},{"model":"discovery__l462_","value":"1186108","text":"3.0 V6 SC - 250kW / 340HP (450Nm)"},{"model":"discovery_sport___","value":"1186144","text":"2.0 16v Si4 AWD Automat - 176kW / 239HP (340Nm)"},{"model":"discovery_sport___","value":"1186128","text":"2.0 TD4 AWD - 110kW / 150HP (380Nm)"},{"model":"discovery_sport___","value":"1186130","text":"2.0 TD4 AWD Automat - 110kW / 150HP (380Nm)"},{"model":"discovery_sport___","value":"1186131","text":"2.0 TD4 AWD Automat - 132kW / 180HP (430Nm)"},{"model":"discovery_sport___","value":"1186134","text":"2.0 TD4 AWD - 132kW / 180HP (430Nm)"},{"model":"discovery_sport___","value":"1186136","text":"2.2 TD4 AWD - 110kW / 150HP (400Nm)"},{"model":"discovery_sport___","value":"1186137","text":"2.2 TD4 AWD - 140kW / 190HP (420Nm)"},{"model":"discovery_sport___","value":"1186140","text":"2.2 TD4 AWD Automat - 110kW / 150HP (400Nm)"},{"model":"discovery_sport___","value":"1186141","text":"2.2 TD4 AWD Automat - 140kW / 190HP (420Nm)"},{"model":"discovery_sport__l550_","value":"1186124","text":"2.0 16v Ingenium - 147kW / 200HP (320Nm)"},{"model":"discovery_sport__l550_","value":"1186123","text":"2.0 16v Ingenium - 183kW / 249HP (365Nm)"},{"model":"discovery_sport__l550_","value":"1186122","text":"2.0 16v Ingenium - 221kW / 300HP (400Nm)"},{"model":"freelander_(_1st)__","value":"1186150","text":"2.0 16v TD4 - 100kW / 136HP (0Nm)"},{"model":"freelander_(_2nd)__","value":"1186156","text":"2.0 16v T Si4 - 177kW / 241HP (0Nm)"},{"model":"freelander_(_2nd)__","value":"1186152","text":"2.2 TD4 - 115kW / 156HP (0Nm)"},{"model":"freelander_(_2nd)__","value":"1186151","text":"2.2 TD4 - 118kW / 160HP (0Nm)"},{"model":"freelander_(_2nd)__","value":"1186153","text":"2.2 TD4 - 140kW / 190HP (0Nm)"},{"model":"freelander_(_2nd)__","value":"1186157","text":"3.2 V6 - 171kW / 233HP (0Nm)"},{"model":"range_rover_( 3rd)_l322_","value":"1186158","text":"3.0 TD6 HSE - 130kW / 177HP (390Nm)"},{"model":"range_rover_(_3rd)_l322_","value":"1186163","text":"3.0 TD6 SE - 130kW / 177HP (390Nm)"},{"model":"range_rover_(_3rd)_l322_","value":"1186168","text":"3.0 TD6 Vogue - 130kW / 177HP (390Nm)"},{"model":"range_rover_(_3rd)_l322_","value":"1186172","text":"3.6 TDV8 Autobiography DPF - 200kW / 272HP (640Nm)"},{"model":"range_rover_(_3rd)_l322_","value":"1186176","text":"3.6 TDV8 HSE DPF - 200kW / 272HP (640Nm)"},{"model":"range_rover_(_3rd)_l322_","value":"1186178","text":"3.6 TDV8 SE - 200kW / 272HP (640Nm)"},{"model":"range_rover_(_3rd)_l322_","value":"1186180","text":"3.6 TDV8 SE DPF - 200kW / 272HP (640Nm)"},{"model":"range_rover_(_3rd)_l322_","value":"1186183","text":"3.6 TDV8 Vogue - 200kW / 272HP (640Nm)"},{"model":"range_rover_(_3rd)_l322_","value":"1186187","text":"3.6 TDV8 Vogue DPF - 200kW / 272HP (640Nm)"},{"model":"range_rover_(_3rd)_l322_","value":"1186209","text":"4.2 V8 Supercharged - 291kW / 396HP (560Nm)"},{"model":"range_rover_(_3rd)_l322_","value":"1186210","text":"4.2 V8 Supercharged - 298kW / 405HP (560Nm)"},{"model":"range_rover_(_3rd)_l322_","value":"1186217","text":"4.2 V8 Supercharged Autobiography - 291kW / 396HP (560Nm)"},{"model":"range_rover_(_3rd)_l322_","value":"1186219","text":"4.2 V8 Supercharged Autobiography - 298kW / 405HP (560Nm)"},{"model":"range_rover_(_3rd)_l322_","value":"1186220","text":"4.2 V8 Supercharged Vogue SE - 291kW / 396HP (560Nm)"},{"model":"range_rover_(_3rd)_l322_","value":"1186191","text":"4.4 TDV8 Autobiography - 230kW / 313HP (700Nm)"},{"model":"range_rover_(_3rd)_l322_","value":"1186197","text":"4.4 TDV8 Vogue - 230kW / 313HP (700Nm)"},{"model":"range_rover_(_3rd)_l322_","value":"1186203","text":"4.4 TDV8 Vogue SE - 230kW / 313HP (700Nm)"},{"model":"range_rover_(_3rd)_l322_","value":"1186222","text":"4.4 V8 Autobiography - 225kW / 306HP (440Nm)"},{"model":"range_rover_(_3rd)_l322_","value":"1186225","text":"4.4 V8 Autobiography Edition - 210kW / 286HP (440Nm)"},{"model":"range_rover_(_3rd)_l322_","value":"1186228","text":"4.4 V8 HSE - 225kW / 306HP (440Nm)"},{"model":"range_rover_(_3rd)_l322_","value":"1186230","text":"4.4 V8 HSE - 227kW / 309HP (440Nm)"},{"model":"range_rover_(_3rd)_l322_","value":"1186235","text":"4.4 V8 SE - 225kW / 306HP (440Nm)"},{"model":"range_rover_(_3rd)_l322_","value":"1186237","text":"4.4 V8 V8 HSE - 210kW / 286HP (440Nm)"},{"model":"range_rover_(_3rd)_l322_","value":"1186241","text":"4.4 V8 V8 SE - 210kW / 286HP (440Nm)"},{"model":"range_rover_(_3rd)_l322_","value":"1186245","text":"4.4 V8 Vogue - 210kW / 286HP (440Nm)"},{"model":"range_rover_(_3rd)_l322_","value":"1186248","text":"4.4 V8 Vogue - 225kW / 306HP (440Nm)"},{"model":"range_rover_(_3rd)_l322_","value":"1186253","text":"4.4 V8 Westminster LE - 210kW / 286HP (440Nm)"},{"model":"range_rover_(_3rd)_l322_","value":"1186255","text":"5.0 V8 Supercharged - 375kW / 510HP (625Nm)"},{"model":"range_rover_(_3rd)_l322_","value":"1186257","text":"5.0 V8 Supercharged - 380kW / 517HP (625Nm)"},{"model":"range_rover_(_3rd)_l322_","value":"1186259","text":"5.0 V8 Supercharged Autobiography - 375kW / 510HP (625Nm)"},{"model":"range_rover_(_3rd)_l322_","value":"1186263","text":"5.0 V8 Supercharged Autobiography Black - 375kW / 510HP (625Nm)"},{"model":"range_rover_(_3rd)_l322_","value":"1186265","text":"5.0 V8 Supercharged HSE - 375kW / 510HP (625Nm)"},{"model":"range_rover_(_3rd)_l322_","value":"1186268","text":"5.0 V8 Vogue - 276kW / 375HP (510Nm)"},{"model":"range_rover_( 4th)_l405_","value":"1186332","text":"3.0 SCV6 - 250kW / 340HP (450Nm)"},{"model":"range_rover_(_4th)_l405_","value":"1186338","text":"3.0 SCV6 - 253kW / 344HP (450Nm)"},{"model":"range_rover_(_4th)_l405_","value":"1186272","text":"3.0 TDV6 - 155kW / 211HP (600Nm)"},{"model":"range_rover_(_4th)_l405_","value":"1186280","text":"3.0 TDV6 Autobiography - 190kW / 258HP (600Nm)"},{"model":"range_rover_(_4th)_l405_","value":"1186288","text":"3.0 TDV6 HSE - 190kW / 258HP (600Nm)"},{"model":"range_rover_(_4th)_l405_","value":"1186296","text":"3.0 TDV6 SE - 183kW / 249HP (600Nm)"},{"model":"range_rover_(_4th)_l405_","value":"1186304","text":"3.0 TDV6 Vogue - 190kW / 258HP (600Nm)"},{"model":"range_rover_(_4th)_l405_","value":"1186312","text":"4.4 SDV8 Autobiography - 249kW / 339HP (700Nm)"},{"model":"range_rover_(_4th)_l405_","value":"1186322","text":"4.4 SDV8 Vogue - 249kW / 339HP (700Nm)"},{"model":"range_rover_(_4th)_l405_","value":"1186344","text":"5.0 SCV8 Autobiography - 375kW / 510HP (625Nm)"},{"model":"range_rover_(_4th)_l405_","value":"1186352","text":"5.0 SCV8 Vogue - 375kW / 510HP (625Nm)"},{"model":"range_rover_(_4th)_l405_","value":"1186360","text":"5.0 V8 - 276kW / 375HP (510Nm)"},{"model":"range_rover_(_4th)_l405_","value":"1186362","text":"5.8 V8 Supercharged - 380kW / 517HP (625Nm)"},{"model":"range_rover_(_4th)_l405_","value":"1186370","text":"5.8 V8 Supercharged Autobiography - 380kW / 517HP (625Nm)"},{"model":"range_rover_(_4th)_l405_","value":"1186378","text":"5.8 V8 Supercharged HSE - 375kW / 510HP (625Nm)"},{"model":"range_rover evoque_( 1st)_l538_","value":"1186563","text":"2.0 16v Si4 - 140kW / 190HP (339Nm)"},{"model":"range_rover_evoque_( 1st)_l538_","value":"1186562","text":"2.0 16v Si4 - 176kW / 239HP (340Nm)"},{"model":"range_rover_evoque_(_1st)_l538_","value":"1186577","text":"2.0 16v Si4 Convertible - 176kW / 239HP (340Nm)"},{"model":"range_rover_evoque_(_1st)_l538_","value":"1186584","text":"2.0 16v Si4 Coupe - 140kW / 190HP (339Nm)"},{"model":"range_rover_evoque_(_1st)_l538_","value":"1186583","text":"2.0 16v Si4 Coupe - 176kW / 239HP (340Nm)"},{"model":"range_rover_evoque_(_1st)_l538_","value":"1186382","text":"2.0 eD4 - 110kW / 150HP (380Nm)"},{"model":"range_rover_evoque_(_1st)_l538_","value":"1186390","text":"2.0 eD4 Coupe - 110kW / 150HP (380Nm)"},{"model":"range_rover_evoque_(_1st)_l538_","value":"1186398","text":"2.0 TD4 AWD - 110kW / 150HP (380Nm)"},{"model":"range_rover_evoque_(_1st)_l538_","value":"1186406","text":"2.0 TD4 AWD Automatic - 110kW / 150HP (380Nm)"},{"model":"range_rover_evoque_(_1st)_l538_","value":"1186414","text":"2.0 TD4 AWD Coupe - 110kW / 150HP (380Nm)"},{"model":"range_rover_evoque_(_1st)_l538_","value":"1186422","text":"2.0 TD4 AWD Coupe Automatic - 110kW / 150HP (380Nm)"},{"model":"range_rover_evoque_(_1st)_l538_","value":"1186430","text":"2.0 TD4 AWD - 132kW / 180HP (430Nm)"},{"model":"range_rover_evoque_(_1st)_l538_","value":"1186438","text":"2.0 TD4 AWD Automatic - 132kW / 180HP (430Nm)"},{"model":"range_rover_evoque_(_1st)_l538_","value":"1186446","text":"2.0 TD4 AWD Coupe - 132kW / 180HP (430Nm)"},{"model":"range_rover_evoque_(_1st)_l538_","value":"1186454","text":"2.0 TD4 AWD Coupe Automatic - 132kW / 180HP (430Nm)"},{"model":"range_rover_evoque_(_1st)_l538_","value":"1186462","text":"2.2 eD4 - 110kW / 150HP (380Nm)"},{"model":"range_rover_evoque_(_1st)_l538_","value":"1186472","text":"2.2 eD4 Coupe - 110kW / 150HP (380Nm)"},{"model":"range_rover_evoque_(_1st)_l538_","value":"1186482","text":"2.2 SD4 - 140kW / 190HP (420Nm)"},{"model":"range_rover_evoque_(_1st)_l538_","value":"1186492","text":"2.2 SD4 Automatic - 140kW / 190HP (420Nm)"},{"model":"range_rover_evoque_(_1st)_l538_","value":"1186502","text":"2.2 SD4 Coupe - 140kW / 190HP (420Nm)"},{"model":"range_rover_evoque_(_1st)_l538_","value":"1186512","text":"2.2 SD4 Coupe Automatic - 140kW / 190HP (420Nm)"},{"model":"range_rover_evoque_(_1st)_l538_","value":"1186522","text":"2.2 TD4 - 110kW / 150HP (400Nm)"},{"model":"range_rover_evoque_(_1st)_l538_","value":"1186532","text":"2.2 TD4 Automatic - 110kW / 150HP (400Nm)"},{"model":"range_rover_evoque_(_1st)_l538_","value":"1186542","text":"2.2 TD4 Coupe - 110kW / 150HP (400Nm)"},{"model":"range_rover_evoque_(_1st)_l538_","value":"1186552","text":"2.2 TD4 Coupe Automatic - 110kW / 150HP (400Nm)"},{"model":"range_rover evoque_( 2nd)_l551_","value":"1186622","text":"2.0 16v P200 - 147kW / 200HP (320Nm)"},{"model":"range_rover_evoque_( 2nd)_l551_","value":"1186625","text":"2.0 16v P250 - 183kW / 249HP (365Nm)"},{"model":"range_rover_evoque_(_2nd)_l551_","value":"1186628","text":"2.0 16v P300 - 221kW / 300HP (400Nm)"},{"model":"range_rover_evoque_(_2nd)_l551_","value":"1186598","text":"2.0 D150 - 110kW / 150HP (380Nm)"},{"model":"range_rover_evoque_(_2nd)_l551_","value":"1186604","text":"2.0 D150 AWD - 110kW / 150HP (380Nm)"},{"model":"range_rover_evoque_(_2nd)_l551_","value":"1186610","text":"2.0 D180 AWD - 132kW / 180HP (430Nm)"},{"model":"range_rover_evoque_(_2nd)_l551_","value":"1186616","text":"2.0 D240 AWD - 177kW / 237HP (500Nm)"},{"model":"range_rover sport___","value":"1186702","text":"2.7 TDV6 - 140kW / 190HP (0Nm)"},{"model":"range_rover_sport___","value":"1186703","text":"3.6 TDV8 - 200kW / 272HP (0Nm)"},{"model":"range_rover_sport___","value":"1186704","text":"4.2 V8 Supercharged - 287kW / 390HP (0Nm)"},{"model":"range_rover sport__l494_","value":"1186643","text":"2.0 16v Ingenium - 221kW / 300HP (400Nm)"},{"model":"range_rover_sport__l494_","value":"1186631","text":"2.0 SD4 - 177kW / 241HP (500Nm)"},{"model":"range_rover_sport__l494_","value":"1186645","text":"3.0 SCV6 - 250kW / 340HP (450Nm)"},{"model":"range_rover_sport__l494_","value":"1186651","text":"3.0 SCV6 - 253kW / 344HP (450Nm)"},{"model":"range_rover_sport__l494_","value":"1186637","text":"3.0 SDV6 - 225kW / 306HP (700Nm)"},{"model":"range_rover_sport__l494_","value":"1186640","text":"3.0 TD6 - 183kW / 250HP (500Nm)"},{"model":"range_rover_sport__l494_","value":"1186657","text":"3.0 V6 SC - 250kW / 340HP (450Nm)"},{"model":"range_rover_sport__l494_","value":"1186660","text":"5.0 SCV8 Autobiography - 375kW / 510HP (625Nm)"},{"model":"range_rover_sport__l494_","value":"1186668","text":"5.0 SCV8 Vogue - 375kW / 510HP (625Nm)"},{"model":"range_rover_sport__l494_","value":"1186676","text":"5.0 V8 SCV8 - 375kW / 510HP (680Nm)"},{"model":"range_rover_sport__l494_","value":"1186679","text":"5.0 V8 SVR - 405kW / 551HP (680Nm)"},{"model":"range_rover_sport__l494_","value":"1186682","text":"5.8 V8 Supercharged - 380kW / 517HP (625Nm)"},{"model":"range_rover_sport__l494_","value":"1186690","text":"5.8 V8 Supercharged Autobiography - 380kW / 517HP (625Nm)"},{"model":"range_rover_sport__l494_","value":"1186698","text":"5.8 V8 Supercharged HSE - 375kW / 510HP (625Nm)"},{"model":"range_rover velar__l560_","value":"1186709","text":"2.0 16v Ingenium - 183kW / 249HP (365Nm)"},{"model":"range_rover_velar__l560_","value":"1186708","text":"2.0 16v Ingenium - 221kW / 300HP (400Nm)"},{"model":"range_rover_velar__l560_","value":"1186705","text":"3.0 SDV6 - 221kW / 300HP (700Nm)"},{"model":"range_rover_velar__l560_","value":"1186713","text":"3.0 V6 SC - 250kW / 340HP (450Nm)"},{"model":"range_rover_velar__l560_","value":"1186712","text":"3.0 V6 SC - 280kW / 381HP (450Nm)"}]