[{"model":"es_xz10_axza10_","value":"1186736","text":"ES250 2.5 VVT-iE 16v CVT - 152kW / 207HP (243Nm)"},{"model":"es_xz10_axza10_","value":"1186739","text":"ES260 2.5 VVT-iE 16v CVT - 152kW / 207HP (243Nm)"},{"model":"es_xz10_axza10_","value":"1186742","text":"ES300h 2.5 VVT-iE Hybrid 16v E-CVT - 163kW / 222HP (279Nm)"},{"model":"es_xz10_axzh10_","value":"1186745","text":"ES300h 2.5 VVT-iE Hybrid 16v E-CVT - 131kW / 178HP (221Nm)"},{"model":"es__gsv40_","value":"1186748","text":"ES350 3.5 V6 VVT-i - 203kW / 276HP (346Nm)"},{"model":"es__xv70_","value":"1186755","text":"ES350 3.5 V6 VVT-i - 224kW / 305HP (362Nm)"},{"model":"gs__grl12_","value":"1186756","text":"GS350 3.5 V6 VVT-i - 232kW / 316HP (380Nm)"},{"model":"gs__grl16_","value":"1186760","text":"GS350 3.5 V6 VVT-i - 232kW / 316HP (380Nm)"},{"model":"gs__grs190_","value":"1186766","text":"GS300 3.0 V6 VVT-i - 170kW / 231HP (300Nm)"},{"model":"gs__grs190_","value":"1186764","text":"GS300 3.0 V6 VVT-i - 188kW / 256HP (310Nm)"},{"model":"gs__grs191_","value":"1186769","text":"GS350 3.5 V6 VVT-i - 226kW / 307HP (371Nm)"},{"model":"gs__grs196_","value":"1186775","text":"GS350 3.5 V6 VVT-i - 226kW / 307HP (371Nm)"},{"model":"gs__gws191_","value":"1186780","text":"GS450h 3.5 V6 Hybrid - 253kW / 344HP (490Nm)"},{"model":"gx__urj150_","value":"1186787","text":"GX460 4.6 V8 VVT-i - 224kW / 305HP (446Nm)"},{"model":"is__ale20_","value":"1186790","text":"IS220d 2.2 16v D-CAT - 130kW / 177HP (400Nm)"},{"model":"is__gse20_","value":"1186798","text":"IS250 2.5 V6 VVT-i - 153kW / 208HP (252Nm)"},{"model":"is__gse21_","value":"1186807","text":"IS350 3.5 V6 VVT-i - 228kW / 310HP (375Nm)"},{"model":"is__gse31_","value":"1186816","text":"IS350 3.5 V6 VVT-i - 228kW / 310HP (375Nm)"},{"model":"is__use20_","value":"1186819","text":"IS-F 5.0 V8 - 311kW / 423HP (503Nm)"},{"model":"is__xe30_","value":"1186825","text":"IS350 3.5 V6 VVT-i - 232kW / 316HP (362Nm)"},{"model":"ls__ucf30_","value":"1186826","text":"LS430 4.3 V8 VVT-i - 216kW / 294HP (434Nm)"},{"model":"ls__usf40_","value":"1186838","text":"LS460 4.6 V8 VVT-i - 287kW / 390HP (500Nm)"},{"model":"ls__usf41_","value":"1186840","text":"LS460 L 4.6 V8 VVT-i - 287kW / 390HP (500Nm)"},{"model":"ls__usf45_","value":"1186842","text":"LS460 4.6 V8 VVT-i - 287kW / 390HP (500Nm)"},{"model":"ls__usf46_","value":"1186844","text":"LS460 L 4.6 V8 VVT-i - 287kW / 390HP (500Nm)"},{"model":"ls__xf50_","value":"1186846","text":"LS350 3.5 V6 VVT-i - 237kW / 322HP (380Nm)"},{"model":"lx__urj201_","value":"1186848","text":"LX570 5.7 V8 VVT-i - 270kW / 367HP (530Nm)"},{"model":"nx__agz10_","value":"1186852","text":"NX200t 2.0 16v D-4ST - 175kW / 238HP (350Nm)"},{"model":"nx__agz15_","value":"1186855","text":"NX200t 2.0 16v D-4ST - 175kW / 238HP (350Nm)"},{"model":"rc__gsc10_","value":"1186858","text":"RC350 3.5 V6 VVT-i - 232kW / 316HP (362Nm)"},{"model":"rx__ggl20_","value":"1186859","text":"RX350 3.5 V6 VVT-i - 220kW / 299HP (362Nm)"},{"model":"rx__ggl25_","value":"1186863","text":"RX350 3.5 V6 VVT-i - 220kW / 299HP (362Nm)"},{"model":"rx__gsu35_","value":"1186867","text":"RX350 3.5 V6 VVT-i - 203kW / 276HP (342Nm)"},{"model":"rx__gyl1_- al10_","value":"1186870","text":"RX450h 3.5 V6 Hybrid - 183kW / 249HP (310Nm)"},{"model":"rx__gyl10_","value":"1186875","text":"RX450h 3.5 V6 Hybrid - 218kW / 296HP (368Nm)"},{"model":"rx__gyl15_","value":"1186880","text":"RX450h 3.5 V6 Hybrid - 218kW / 296HP (368Nm)"},{"model":"ux_za10_mzaa10_","value":"1186885","text":"UX200 2.0 VVT-iE - 128kW / 174HP (209Nm)"},{"model":"ux_za10_mzah1x_","value":"1186888","text":"UX250h 2.0 VVT-iE Hybrid 16v  -CVT - 107kW / 146HP (188Nm)"}]