[{"model":"2-eleven___","value":"1186913","text":"1.8 16v VVTL-i Supercharged - 188kW / 256HP (242Nm)"},{"model":"3-eleven___","value":"1186918","text":"3.5 V6 24v VVTL-i Race Supercharged - 343kW / 466HP (525Nm)"},{"model":"3-eleven___","value":"1186923","text":"3.5 V6 24v VVTL-i Road Supercharged - 306kW / 416HP (410Nm)"},{"model":"elise_s2__","value":"1186928","text":"1.8 16v VVT Supercharged - 163kW / 222HP (212Nm)"},{"model":"elise_s2__","value":"1186934","text":"1.8 16v VVTL-i Supercharged - 163kW / 222HP (212Nm)"},{"model":"elise_s2__","value":"1186937","text":"111 1.8 16v - 90kW / 122HP (168Nm)"},{"model":"elise_s2__","value":"1186943","text":"111R 1.8 16v VVT - 141kW / 192HP (181Nm)"},{"model":"elise_s2__","value":"1186949","text":"111S 1.8 16v VVC - 118kW / 160HP (175Nm)"},{"model":"elise_s2__","value":"1186955","text":"R 1.8 16v VVTL-i - 141kW / 192HP (181Nm)"},{"model":"elise_s2__","value":"1186958","text":"S 1.8 16v VVT - 100kW / 136HP (172Nm)"},{"model":"elise_s3__","value":"1186961","text":"1.6 16v VVT-i - 100kW / 136HP (160Nm)"},{"model":"elise_s3__","value":"1186971","text":"CUP 220 1.8 16v VVTL-i Supercharged - 162kW / 220HP (250Nm)"},{"model":"elise_s3__","value":"1186975","text":"CUP 250 1.8 16v VVTL-i Supercharged - 181kW / 246HP (250Nm)"},{"model":"elise_s3__","value":"1186979","text":"CUP 260 1.8 16v VVTL-i Supercharged - 186kW / 253HP (265Nm)"},{"model":"elise_s3__","value":"1186982","text":"R 1.8 16v VVTL-i - 141kW / 192HP (181Nm)"},{"model":"elise_s3__","value":"1186988","text":"S 1.8 16v VVTL-i Supercharged - 162kW / 220HP (250Nm)"},{"model":"elise_s3__","value":"1186994","text":"SC 1.8 16v VVTL-i Supercharged - 162kW / 220HP (212Nm)"},{"model":"europa___","value":"1187000","text":"S 2.0 16v Turbo - 147kW / 200HP (272Nm)"},{"model":"evora___","value":"1187005","text":"3.5 V6 24v VVTL-i - 206kW / 280HP (350Nm)"},{"model":"evora___","value":"1187009","text":"400 3.5 V6 24v VVTL-i Supercharged - 298kW / 405HP (410Nm)"},{"model":"evora___","value":"1187013","text":"400 IPS 3.5 V6 24v VVTL-i Supercharged - 298kW / 405HP (410Nm)"},{"model":"evora___","value":"1187017","text":"GT410 Sport 3.5 V6 24v VVTL-i Supercharged - 306kW / 416HP (440Nm)"},{"model":"evora___","value":"1187021","text":"GT410 Sport IPS 3.5 V6 24v VVTL-i Supercharged - 306kW / 416HP (440Nm)"},{"model":"evora___","value":"1187025","text":"GT430 Sport 3.5 V6 24v VVTL-i Supercharged - 321kW / 436HP (440Nm)"},{"model":"evora___","value":"1187028","text":"GT430 Sport IPS 3.5 V6 24v VVTL-i Supercharged - 321kW / 436HP (450Nm)"},{"model":"evora___","value":"1187031","text":"IPS 3.5 V6 24v VVTL-i - 206kW / 280HP (350Nm)"},{"model":"evora___","value":"1187035","text":"S 3.5 V6 24v VVTL-i Supercharged - 257kW / 350HP (400Nm)"},{"model":"evora___","value":"1187042","text":"S IPS 3.5 V6 24v VVTL-i Supercharged - 257kW / 350HP (400Nm)"},{"model":"evora___","value":"1187049","text":"Sport 410 3.5 V6 24v VVTL-i Supercharged - 306kW / 416HP (420Nm)"},{"model":"evora___","value":"1187053","text":"Sport 410 IPS 3.5 V6 24v VVTL-i Supercharged - 306kW / 416HP (420Nm)"},{"model":"exige_s2__","value":"1187057","text":"1.8 16v VVTL-i - 141kW / 192HP (181Nm)"},{"model":"exige_s2__","value":"1187062","text":"240R 1.8 16v VVTL-i Supercharged - 176kW / 239HP (215Nm)"},{"model":"exige_s2__","value":"1187064","text":"CUP 240 1.8 16v VVTL-i Supercharged - 179kW / 243HP (212Nm)"},{"model":"exige_s2__","value":"1187068","text":"CUP 255 1.8 16v VVTL-i Supercharged - 187kW / 254HP (242Nm)"},{"model":"exige_s2__","value":"1187072","text":"CUP 260 1.8 16v VVTL-i Supercharged - 191kW / 260HP (236Nm)"},{"model":"exige_s2__","value":"1187075","text":"S 1.8 16v VVTL-i Supercharged - 163kW / 222HP (215Nm)"},{"model":"exige_s2__","value":"1187078","text":"S 240 1.8 16v VVTL-i Supercharged - 179kW / 243HP (212Nm)"},{"model":"exige_s2__","value":"1187082","text":"S 260 1.8 16v VVTL-i Supercharged - 191kW / 260HP (236Nm)"},{"model":"exige_s2__","value":"1187085","text":"S RGB 1.8 16v VVTL-i Supercharged - 191kW / 260HP (236Nm)"},{"model":"exige_s3__","value":"1187087","text":"CUP 3.5 V6 24v VVTL-i Supercharged - 257kW / 350HP (400Nm)"},{"model":"exige_s3__","value":"1187091","text":"CUP 360 3.5 V6 24v VVTL-i Supercharged - 257kW / 350HP (400Nm)"},{"model":"exige_s3__","value":"1187096","text":"CUP 380 3.5 V6 24v VVTL-i Supercharged - 280kW / 380HP (410Nm)"},{"model":"exige_s3__","value":"1187100","text":"CUP 430 3.5 V6 24v VVTL-i Supercharged - 316kW / 430HP (440Nm)"},{"model":"exige_s3__","value":"1187103","text":"CUP R 3.5 V6 24v VVTL-i Supercharged - 269kW / 366HP (413Nm)"},{"model":"exige_s3__","value":"1187107","text":"S 3.5 V6 24v VVTL-i Supercharged - 257kW / 350HP (400Nm)"},{"model":"exige_s3__","value":"1187112","text":"S Roadster 3.5 V6 24v VVTL-i Supercharged - 257kW / 350HP (400Nm)"},{"model":"exige_s3__","value":"1187116","text":"Sport 380 3.5 V6 24v VVTL-i Supercharged - 280kW / 380HP (410Nm)"},{"model":"exige_s3__","value":"1187120","text":"Sport 410 3.5 V6 24v VVTL-i Supercharged - 301kW / 409HP (410Nm)"}]