[{"model":"coupe_(4200 gt)___","value":"1187167","text":"4.2 V8 Coupe Cambiocorsa - 287kW / 390HP (451Nm)"},{"model":"coupe_(4200_gt)___","value":"1187168","text":"4.2 V8 Coupe Cambiocorsa - 291kW / 396HP (452Nm)"},{"model":"coupe_(4200_gt)___","value":"1187178","text":"4.2 V8 Coupe GT - 287kW / 390HP (451Nm)"},{"model":"coupe_(4200_gt)___","value":"1187179","text":"4.2 V8 Coupe GT - 291kW / 396HP (452Nm)"},{"model":"ghibli___","value":"1187221","text":"3.0 V6 24v BiTurbo - 243kW / 330HP (500Nm)"},{"model":"ghibli___","value":"1187227","text":"3.0 V6 24v BiTurbo S - 301kW / 409HP (550Nm)"},{"model":"ghibli___","value":"1187233","text":"3.0 V6 24v BiTurbo S Q4 - 301kW / 409HP (550Nm)"},{"model":"ghibli___","value":"1187189","text":"3.0 V6 D - 184kW / 250HP (600Nm)"},{"model":"ghibli___","value":"1187205","text":"3.0 V6 D - 202kW / 275HP (600Nm)"},{"model":"grancabrio___","value":"1187239","text":"4.7 V8 - 324kW / 441HP (490Nm)"},{"model":"grancabrio___","value":"1187242","text":"4.7 V8 - 331kW / 450HP (510Nm)"},{"model":"grancabrio___","value":"1187244","text":"4.7 V8 Convertible - 323kW / 439HP (490Nm)"},{"model":"grancabrio___","value":"1187249","text":"4.7 V8 MC - 338kW / 460HP (520Nm)"},{"model":"grancabrio___","value":"1187253","text":"4.7 V8 Sport - 331kW / 450HP (510Nm)"},{"model":"grancabrio___","value":"1187255","text":"4.7 V8 Sport - 338kW / 460HP (520Nm)"},{"model":"gransport___","value":"1187258","text":"4.2 V8 Contemporary Classic - 295kW / 401HP (452Nm)"},{"model":"gransport___","value":"1187259","text":"4.2 V8 Coupe - 295kW / 401HP (452Nm)"},{"model":"gransport___","value":"1187262","text":"4.2 V8 Coupe Cambiocorsa - 295kW / 401HP (452Nm)"},{"model":"gransport___","value":"1187266","text":"4.2 V8 LE - 295kW / 401HP (452Nm)"},{"model":"gransport___","value":"1187267","text":"4.2 V8 MC Victory - 295kW / 401HP (452Nm)"},{"model":"gransport___","value":"1187268","text":"4.2 V8 Spyder - 295kW / 401HP (452Nm)"},{"model":"gransport___","value":"1187270","text":"4.2 V8 Spyder Cambiocorsa - 295kW / 401HP (452Nm)"},{"model":"granturismo___","value":"1187273","text":"4.2 V8 - 298kW / 405HP (460Nm)"},{"model":"granturismo___","value":"1187275","text":"4.2 V8 - 302kW / 411HP (460Nm)"},{"model":"granturismo___","value":"1187288","text":"4.7 V8 MC - 324kW / 441HP (490Nm)"},{"model":"granturismo___","value":"1187289","text":"4.7 V8 MC Stradale - 331kW / 450HP (510Nm)"},{"model":"granturismo___","value":"1187290","text":"4.7 V8 MC Stradale - 338kW / 460HP (520Nm)"},{"model":"granturismo___","value":"1187295","text":"4.7 V8 S - 323kW / 439HP (490Nm)"},{"model":"granturismo___","value":"1187294","text":"4.7 V8 S - 324kW / 441HP (490Nm)"},{"model":"granturismo___","value":"1187301","text":"4.7 V8 S Automatic - 323kW / 439HP (490Nm)"},{"model":"granturismo___","value":"1187300","text":"4.7 V8 S Automatic - 324kW / 441HP (490Nm)"},{"model":"granturismo___","value":"1187308","text":"4.7 V8 S MC Sport Line - 324kW / 441HP (490Nm)"},{"model":"granturismo___","value":"1187309","text":"4.7 V8 Sport Auto-Shift - 338kW / 460HP (520Nm)"},{"model":"granturismo___","value":"1187313","text":"4.7 V8 Sport Shift - 338kW / 460HP (520Nm)"},{"model":"levante__m161_","value":"1187317","text":"3.0 V6 D - 184kW / 250HP (600Nm)"},{"model":"levante__m161_","value":"1187327","text":"3.0 V6 D - 202kW / 275HP (600Nm)"},{"model":"quattroporte_(_5th)__","value":"1187338","text":"4.2 V8 - 294kW / 400HP (452Nm)"},{"model":"quattroporte_(_5th)__","value":"1187337","text":"4.2 V8 - 295kW / 401HP (452Nm)"},{"model":"quattroporte_(_5th)__","value":"1187341","text":"4.2 V8 - 295kW / 401HP (460Nm)"},{"model":"quattroporte_(_5th)__","value":"1187343","text":"4.2 V8 - 298kW / 405HP (460Nm)"},{"model":"quattroporte_(_5th)__","value":"1187350","text":"4.2 V8 Automatic - 298kW / 405HP (450Nm)"},{"model":"quattroporte_(_5th)__","value":"1187352","text":"4.2 V8 Automatica - 295kW / 401HP (452Nm)"},{"model":"quattroporte_(_5th)__","value":"1187354","text":"4.2 V8 Duoselect - 295kW / 401HP (452Nm)"},{"model":"quattroporte_(_5th)__","value":"1187358","text":"4.2 V8 Executive GT - 294kW / 400HP (452Nm)"},{"model":"quattroporte_(_5th)__","value":"1187359","text":"4.2 V8 Executive GT Automatic - 298kW / 405HP (450Nm)"},{"model":"quattroporte_(_5th)__","value":"1187361","text":"4.2 V8 Executive GT Automatica - 295kW / 401HP (452Nm)"},{"model":"quattroporte_(_5th)__","value":"1187363","text":"4.2 V8 Executive GT Duoselect - 295kW / 401HP (452Nm)"},{"model":"quattroporte_(_5th)__","value":"1187365","text":"4.2 V8 Executive GT Duoselect - 298kW / 405HP (450Nm)"},{"model":"quattroporte_(_5th)__","value":"1187367","text":"4.2 V8 Sport GT - 294kW / 400HP (452Nm)"},{"model":"quattroporte_(_5th)__","value":"1187368","text":"4.2 V8 Sport GT Automatic - 298kW / 405HP (450Nm)"},{"model":"quattroporte_(_5th)__","value":"1187370","text":"4.2 V8 Sport GT Automatica - 295kW / 401HP (452Nm)"},{"model":"quattroporte_(_5th)__","value":"1187372","text":"4.2 V8 Sport GT Duoselect - 295kW / 401HP (452Nm)"},{"model":"quattroporte_(_5th)__","value":"1187374","text":"4.2 V8 Sport GT Duoselect - 298kW / 405HP (450Nm)"},{"model":"quattroporte_(_5th)__","value":"1187376","text":"4.6 V8 S - 316kW / 430HP (490Nm)"},{"model":"quattroporte_(_5th)__","value":"1187378","text":"4.6 V8 S - 317kW / 431HP (490Nm)"},{"model":"quattroporte_(_5th)__","value":"1187385","text":"4.6 V8 Sport GT S - 323kW / 439HP (490Nm)"},{"model":"quattroporte_(_6th)__","value":"1187395","text":"3.0 V6 BiTurbo S - 301kW / 409HP (550Nm)"},{"model":"quattroporte_(_6th)__","value":"1187401","text":"3.0 V6 BiTurbo S Q4 - 301kW / 409HP (550Nm)"},{"model":"quattroporte_(_6th)__","value":"1187393","text":"3.0 V6 D - 202kW / 124HP (600Nm)"},{"model":"quattroporte_(_6th)__","value":"1187407","text":"3.8 V8 BiTurbo GTS - 390kW / 530HP (710Nm)"},{"model":"spyder_(4200 gt)___","value":"1187413","text":"4.2 V8 Spyder 90th Anniversary - 287kW / 390HP (451Nm)"},{"model":"spyder_(4200_gt)___","value":"1187414","text":"4.2 V8 Spyder Cambiocorsa - 287kW / 390HP (451Nm)"},{"model":"spyder_(4200_gt)___","value":"1187426","text":"4.2 V8 Spyder GT - 287kW / 390HP (451Nm)"}]