[{"model":"2__de_","value":"1187461","text":"1.3 MZR - 55kW / 75HP (119Nm)"},{"model":"2__de_","value":"1187455","text":"1.3 MZR - 55kW / 75HP (121Nm)"},{"model":"2__de_","value":"1187460","text":"1.3 MZR - 62kW / 84HP (121Nm)"},{"model":"2__de_","value":"1187454","text":"1.3 MZR - 63kW / 86HP (122Nm)"},{"model":"2__de_","value":"1187438","text":"1.4 MZ-CD - 50kW / 68HP (160Nm)"},{"model":"2__de_","value":"1187484","text":"1.5 MZR - 75kW / 102HP (133Nm)"},{"model":"2__de_","value":"1187477","text":"1.5 MZR - 76kW / 103HP (137Nm)"},{"model":"2__de_","value":"1187472","text":"1.5 MZR Automat - 75kW / 102HP (133Nm)"},{"model":"2__de_","value":"1187440","text":"1.6 MZ-CD - 66kW / 90HP (205Nm)"},{"model":"2__de_","value":"1187442","text":"1.6 MZ-CD - 70kW / 95HP (205Nm)"},{"model":"2__dj_","value":"1187494","text":"1.5 SkyActiv-D - 77kW / 105HP (220Nm)"},{"model":"2__dj_","value":"1187498","text":"1.5 SkyActiv-G - 55kW / 75HP (135Nm)"},{"model":"2__dj_","value":"1187497","text":"1.5 SkyActiv-G - 66kW / 90HP (148Nm)"},{"model":"2__dj_","value":"1187521","text":"1.5 SkyActiv-G - 85kW / 116HP (148Nm)"},{"model":"2__dj_","value":"1187510","text":"1.5 SkyActiv-G Automat - 66kW / 90HP (148Nm)"},{"model":"2__dj_","value":"1187509","text":"1.5 SkyActiv-G Automat - 82kW / 111HP (145Nm)"},{"model":"2__dy_","value":"1187535","text":"1.25 MZi - 55kW / 75HP (110Nm)"},{"model":"2__dy_","value":"1187530","text":"1.4 MZ-CD - 50kW / 68HP (160Nm)"},{"model":"2__dy_","value":"1187527","text":"1.4 MZ-CD Automat - 50kW / 68HP (160Nm)"},{"model":"2__dy_","value":"1187545","text":"1.4 MZi - 59kW / 80HP (124Nm)"},{"model":"2__dy_","value":"1187540","text":"1.4 MZi Automat - 59kW / 80HP (124Nm)"},{"model":"2__dy_","value":"1187550","text":"1.6 MZi - 74kW / 101HP (146Nm)"},{"model":"3__bk_","value":"1187580","text":"1.4 MZR - 62kW / 84HP (122Nm)"},{"model":"3__bk_","value":"1187561","text":"1.6 MZ-CD - 66kW / 90HP (215Nm)"},{"model":"3__bk_","value":"1187555","text":"1.6 MZ-CD - 80kW / 109HP (240Nm)"},{"model":"3__bk_","value":"1187595","text":"1.6 MZR - 77kW / 105HP (145Nm)"},{"model":"3__bk_","value":"1187587","text":"1.6 MZR Automat - 77kW / 105HP (145Nm)"},{"model":"3__bk_","value":"1187603","text":"2.0 MZR - 110kW / 150HP (187Nm)"},{"model":"3__bk_","value":"1187577","text":"2.0 MZR-CD - 105kW / 143HP (360Nm)"},{"model":"3__bk_","value":"1187611","text":"2.3 MPS - 191kW / 260HP (380Nm)"},{"model":"3__bl_","value":"1187615","text":"1.6 MZ-CD - 80kW / 109HP (240Nm)"},{"model":"3__bl_","value":"1187619","text":"1.6 MZ-CD - 85kW / 116HP (270Nm)"},{"model":"3__bl_","value":"1187637","text":"1.6 MZR - 77kW / 105HP (145Nm)"},{"model":"3__bl_","value":"1187634","text":"1.6 MZR Automat - 77kW / 105HP (145Nm)"},{"model":"3__bl_","value":"1187642","text":"2.0 DISI - 111kW / 151HP (191Nm)"},{"model":"3__bl_","value":"1187647","text":"2.0 MZR Automat - 110kW / 150HP (187Nm)"},{"model":"3__bl_","value":"1187625","text":"2.2 MZR-CD - 110kW / 150HP (360Nm)"},{"model":"3__bl_","value":"1187624","text":"2.2 MZR-CD - 136kW / 185HP (400Nm)"},{"model":"3__bl_","value":"1187652","text":"2.3 MPS DISI - 191kW / 260HP (380Nm)"},{"model":"3__bm_","value":"1187659","text":"1.5 SkyActiv-D - 77kW / 105HP (270Nm)"},{"model":"3__bm_","value":"1187657","text":"1.5 SkyActiv-D Automat - 77kW / 105HP (270Nm)"},{"model":"3__bm_","value":"1187673","text":"1.5 SkyActiv-G - 74kW / 100HP (150Nm)"},{"model":"3__bm_","value":"1187698","text":"2.0 SkyActiv-G - 88kW / 120HP (210Nm)"},{"model":"3__bm_","value":"1187697","text":"2.0 SkyActiv-G - 121kW / 165HP (210Nm)"},{"model":"3__bm_","value":"1187685","text":"2.0 SkyActiv-G Automat - 88kW / 120HP (210Nm)"},{"model":"3__bm_","value":"1187667","text":"2.2 SkyActiv-D - 110kW / 150HP (380Nm)"},{"model":"3__bm_","value":"1187661","text":"2.2 SkyActiv-D Automat - 110kW / 150HP (380Nm)"},{"model":"5__cr_","value":"1187734","text":"2.0 MZR - 107kW / 146HP (185Nm)"},{"model":"5__cr_","value":"1187731","text":"2.0 MZR Automat - 107kW / 146HP (185Nm)"},{"model":"5__cr_","value":"1187720","text":"2.0 MZR-CD - 81kW / 110HP (310Nm)"},{"model":"5__cr_","value":"1187719","text":"2.0 MZR-CD - 105kW / 143HP (310Nm)"},{"model":"5__cw_","value":"1187740","text":"1.6 MZ-CD - 85kW / 116HP (270Nm)"},{"model":"5__cw_","value":"1187745","text":"2.0 DISI - 110kW / 150HP (191Nm)"},{"model":"5__cw_","value":"1187751","text":"2.0 MZR Automat - 106kW / 144HP (180Nm)"},{"model":"6__gg_","value":"1187773","text":"1.8 MZR - 88kW / 120HP (165Nm)"},{"model":"6__gg_","value":"1187788","text":"2.0 MZR - 104kW / 141HP (181Nm)"},{"model":"6__gg_","value":"1187792","text":"2.0 MZR - 108kW / 147HP (184Nm)"},{"model":"6__gg_","value":"1187780","text":"2.0 MZR Automat - 104kW / 141HP (181Nm)"},{"model":"6__gg_","value":"1187784","text":"2.0 MZR Automat - 108kW / 147HP (184Nm)"},{"model":"6__gg_","value":"1187758","text":"2.0 MZR-CD - 89kW / 121HP (310Nm)"},{"model":"6__gg_","value":"1187766","text":"2.0 MZR-CD - 89kW / 121HP (320Nm)"},{"model":"6__gg_","value":"1187757","text":"2.0 MZR-CD - 100kW / 136HP (310Nm)"},{"model":"6__gg_","value":"1187765","text":"2.0 MZR-CD - 105kW / 143HP (360Nm)"},{"model":"6__gg_","value":"1187796","text":"2.3 MPS Turbo - 191kW / 260HP (380Nm)"},{"model":"6__gg_","value":"1187808","text":"2.3 MZR - 122kW / 166HP (207Nm)"},{"model":"6__gg_","value":"1187801","text":"2.3 MZR Automat - 122kW / 166HP (207Nm)"},{"model":"6__gh_","value":"1187840","text":"2.0 DISI - 114kW / 155HP (193Nm)"},{"model":"6__gh_","value":"1187837","text":"2.0 DISI Automat - 114kW / 155HP (193Nm)"},{"model":"6__gh_","value":"1187846","text":"2.0 MZR - 108kW / 147HP (184Nm)"},{"model":"6__gh_","value":"1187843","text":"2.0 MZR Automat - 108kW / 147HP (184Nm)"},{"model":"6__gh_","value":"1187816","text":"2.0 MZR-CD - 103kW / 140HP (330Nm)"},{"model":"6__gh_","value":"1187821","text":"2.2 MZR-CD - 92kW / 125HP (310Nm)"},{"model":"6__gh_","value":"1187829","text":"2.2 MZR-CD - 95kW / 129HP (340Nm)"},{"model":"6__gh_","value":"1187820","text":"2.2 MZR-CD - 120kW / 163HP (360Nm)"},{"model":"6__gh_","value":"1187826","text":"2.2 MZR-CD - 132kW / 180HP (400Nm)"},{"model":"6__gh_","value":"1187819","text":"2.2 MZR-CD - 136kW / 185HP (400Nm)"},{"model":"6__gh_","value":"1187849","text":"2.5 MZR - 125kW / 170HP (226Nm)"},{"model":"6__gj_","value":"1187938","text":"2.0 SkyActiv-G - 107kW / 146HP (210Nm)"},{"model":"6__gj_","value":"1187937","text":"2.0 SkyActiv-G - 118kW / 160HP (210Nm)"},{"model":"6__gj_","value":"1187945","text":"2.0 SkyActiv-G - 121kW / 165HP (210Nm)"},{"model":"6__gj_","value":"1187912","text":"2.0 SkyActiv-G Automat - 107kW / 146HP (210Nm)"},{"model":"6__gj_","value":"1187911","text":"2.0 SkyActiv-G Automat - 118kW / 160HP (210Nm)"},{"model":"6__gj_","value":"1187919","text":"2.0 SkyActiv-G Automat - 121kW / 165HP (210Nm)"},{"model":"6__gj_","value":"1187979","text":"2.0 SkyActiv-G i-ELOOP - 118kW / 160HP (210Nm)"},{"model":"6__gj_","value":"1187983","text":"2.0 SkyActiv-G i-ELOOP - 121kW / 165HP (210Nm)"},{"model":"6__gj_","value":"1187965","text":"2.0 SkyActiv-G i-ELOOP Automat - 118kW / 160HP (210Nm)"},{"model":"6__gj_","value":"1187969","text":"2.0 SkyActiv-G i-ELOOP Automat - 121kW / 165HP (210Nm)"},{"model":"6__gj_","value":"1187865","text":"2.2 SkyActiv-D - 110kW / 150HP (380Nm)"},{"model":"6__gj_","value":"1187855","text":"2.2 SkyActiv-D Automat - 110kW / 150HP (380Nm)"},{"model":"6__gj_","value":"1187892","text":"2.2 SkyActiv-D i-ELOOP - 110kW / 150HP (380Nm)"},{"model":"6__gj_","value":"1187891","text":"2.2 SkyActiv-D i-ELOOP - 129kW / 175HP (420Nm)"},{"model":"6__gj_","value":"1187872","text":"2.2 SkyActiv-D i-ELOOP Automat - 110kW / 150HP (380Nm)"},{"model":"6__gj_","value":"1187871","text":"2.2 SkyActiv-D i-ELOOP Automat - 129kW / 175HP (420Nm)"},{"model":"6__gj_","value":"1187993","text":"2.5 SkyActiv-G i-ELOOP Automat - 141kW / 192HP (256Nm)"},{"model":"atenza___","value":"1188007","text":"2.2 SkyActiv-D - 129kW / 175HP (420Nm)"},{"model":"axela___","value":"1188009","text":"1.5 MZR - 82kW / 112HP (0Nm)"},{"model":"bt-50__j97m_","value":"1188013","text":"2.5 MZR-CD - 105kW / 143HP (0Nm)"},{"model":"cx-3___","value":"1188015","text":"1.5 SkyActiv-D - 77kW / 105HP (270Nm)"},{"model":"cx-5__ke_","value":"1188045","text":"2.0 SkyActiv-G - 121kW / 165HP (210Nm)"},{"model":"cx-5__ke_","value":"1188026","text":"2.2 MZR-CD - 110kW / 150HP (380Nm)"},{"model":"cx-5__ke_","value":"1188025","text":"2.2 MZR-CD - 129kW / 175HP (420Nm)"},{"model":"cx-5__ke_","value":"1188033","text":"2.2 SkyActiv-D - 110kW / 150HP (380Nm)"},{"model":"cx-5__ke_","value":"1188034","text":"2.2 SkyActiv-D - 129kW / 175HP (420Nm)"},{"model":"cx-5__ke_","value":"1188055","text":"2.5 SkyActiv-G - 141kW / 192HP (256Nm)"},{"model":"cx-5__kf_","value":"1188069","text":"2.0 SkyActiv-G - 121kW / 165HP (210Nm)"},{"model":"cx-5__kf_","value":"1188065","text":"2.2 SkyActiv-D - 110kW / 150HP (380Nm)"},{"model":"cx-5__kf_","value":"1188066","text":"2.2 SkyActiv-D - 129kW / 175HP (420Nm)"},{"model":"cx-5__kf_","value":"1188073","text":"2.5 SkyActiv-G - 141kW / 192HP (256Nm)"},{"model":"cx-7___","value":"1188077","text":"2.2 MZR-CD - 127kW / 173HP (0Nm)"},{"model":"cx-7___","value":"1188079","text":"2.3 MPS Turbo - 191kW / 260HP (0Nm)"},{"model":"cx-9_(_1st)__","value":"1188080","text":"3.5 V6 MZi - 196kW / 267HP (338Nm)"},{"model":"cx-9_(_1st)__","value":"1188082","text":"3.7 V6 MZi - 204kW / 277HP (366Nm)"},{"model":"cx-9_(_2nd)__","value":"1188090","text":"2.5 SkyActiv-G - 141kW / 192HP (256Nm)"},{"model":"demio__de_","value":"1188097","text":"1.3 MZR - 55kW / 75HP (0Nm)"},{"model":"demio__de_","value":"1188098","text":"1.3 MZR - 63kW / 86HP (0Nm)"},{"model":"demio__de_","value":"1188096","text":"1.4 16v TDCi - 50kW / 68HP (0Nm)"},{"model":"demio__dy_","value":"1188099","text":"1.4 16v TDCi - 50kW / 68HP (160Nm)"},{"model":"mx-5__nc_","value":"1188100","text":"1.8 16v MZR - 93kW / 126HP (167Nm)"},{"model":"mx-5__nc_","value":"1188110","text":"2.0 16v MZR - 118kW / 160HP (188Nm)"},{"model":"mx-5__nd_","value":"1188126","text":"2.0 SkyActiv-G - 118kW / 160HP (200Nm)"},{"model":"mx-5__nd_","value":"1188120","text":"2.0 SkyActiv-G Automat - 118kW / 160HP (200Nm)"},{"model":"mx-5__nd2_","value":"1188133","text":"2.0 SkyActiv-G - 135kW / 184HP (205Nm)"},{"model":"mx-5__nd2_","value":"1188132","text":"2.0 SkyActiv-G Automat - 135kW / 184HP (205Nm)"},{"model":"protege___","value":"1188134","text":"1.8 - 76kW / 103HP (0Nm)"},{"model":"rx-8___","value":"1188135","text":"1.3 MZR 16v - 141kW / 192HP (0Nm)"},{"model":"rx-8___","value":"1188137","text":"1.3 MZR 16v - 171kW / 233HP (0Nm)"},{"model":"rx-8___","value":"1188136","text":"1.3 MZR 16v - 184kW / 250HP (0Nm)"},{"model":"tribute__j14_","value":"1188138","text":"2.3 MZR 16v - 113kW / 154HP (0Nm)"}]