[{"model":"clubman_jcw__f54_","value":"1197505","text":"2.0 Turbo - 170kW / 231HP (350Nm)"},{"model":"clubman_jcw__f54_","value":"1197509","text":"2.0 Turbo Automat - 170kW / 231HP (350Nm)"},{"model":"clubman_jcw all4__f54_","value":"1197513","text":"2.0L Turbo Automat - 225kW / 306HP (450Nm)"},{"model":"cooper__f55_","value":"1197525","text":"1.5 - 100kW / 136HP (230Nm)"},{"model":"cooper__f55_","value":"1197515","text":"1.5 Automat - 100kW / 136HP (230Nm)"},{"model":"cooper__f56_","value":"1197547","text":"1.5 - 100kW / 136HP (230Nm)"},{"model":"cooper__f56_","value":"1197537","text":"1.5 Automat - 100kW / 136HP (230Nm)"},{"model":"cooper__f57_","value":"1197565","text":"1.5 - 100kW / 136HP (230Nm)"},{"model":"cooper__f57_","value":"1197559","text":"1.5 Automat - 100kW / 136HP (230Nm)"},{"model":"cooper__r50_","value":"1197573","text":"1.6 - 85kW / 116HP (150Nm)"},{"model":"cooper__r50_","value":"1197579","text":"1.6 AT - 85kW / 116HP (150Nm)"},{"model":"cooper__r52_","value":"1197585","text":"1.6 - 85kW / 116HP (150Nm)"},{"model":"cooper__r52_","value":"1197590","text":"1.6 AT - 85kW / 116HP (150Nm)"},{"model":"cooper__r56_","value":"1197609","text":"1.6 - 88kW / 120HP (160Nm)"},{"model":"cooper__r56_","value":"1197617","text":"1.6 - 90kW / 122HP (160Nm)"},{"model":"cooper__r56_","value":"1197595","text":"1.6 Automat - 88kW / 120HP (160Nm)"},{"model":"cooper__r56_","value":"1197603","text":"1.6 Automat - 90kW / 122HP (160Nm)"},{"model":"cooper__r57_","value":"1197633","text":"1.6 - 88kW / 120HP (160Nm)"},{"model":"cooper__r57_","value":"1197635","text":"1.6 - 90kW / 122HP (160Nm)"},{"model":"cooper__r57_","value":"1197623","text":"1.6 Automat - 88kW / 120HP (160Nm)"},{"model":"cooper__r57_","value":"1197625","text":"1.6 Automat - 90kW / 122HP (160Nm)"},{"model":"cooper__r58_","value":"1197648","text":"1.6 - 90kW / 122HP (160Nm)"},{"model":"cooper__r58_","value":"1197643","text":"1.6 Automat - 90kW / 122HP (160Nm)"},{"model":"cooper__r59_","value":"1197657","text":"1.6 - 90kW / 122HP (160Nm)"},{"model":"cooper__r59_","value":"1197653","text":"1.6 Automat - 90kW / 122HP (160Nm)"},{"model":"cooper_clubman__f54_","value":"1197669","text":"1.5 - 100kW / 136HP (230Nm)"},{"model":"cooper_clubman__f54_","value":"1197661","text":"1.5 Automat - 100kW / 136HP (230Nm)"},{"model":"cooper_clubman__r57_","value":"1197688","text":"1.6 - 88kW / 120HP (160Nm)"},{"model":"cooper_clubman__r57_","value":"1197694","text":"1.6 - 90kW / 122HP (160Nm)"},{"model":"cooper_clubman__r57_","value":"1197679","text":"1.6 Automat - 88kW / 120HP (160Nm)"},{"model":"cooper_clubman__r57_","value":"1197685","text":"1.6 Automat - 90kW / 122HP (160Nm)"},{"model":"cooper_clubman all4__f54_","value":"1197699","text":"1.5 - 100kW / 136HP (230Nm)"},{"model":"cooper_clubman_all4__f54_","value":"1197697","text":"1.5 Automat - 100kW / 136HP (230Nm)"},{"model":"cooper_countryman__f60_","value":"1197703","text":"1.5 - 100kW / 136HP (230Nm)"},{"model":"cooper_countryman__f60_","value":"1197701","text":"1.5 Automat - 100kW / 136HP (230Nm)"},{"model":"cooper_countryman__r60_","value":"1197710","text":"1.6 - 90kW / 122HP (160Nm)"},{"model":"cooper_countryman__r60_","value":"1197705","text":"1.6 Automat - 90kW / 122HP (160Nm)"},{"model":"cooper_countryman all4__f60_","value":"1197715","text":"1.5 - 100kW / 136HP (230Nm)"},{"model":"cooper_countryman_all4__f60_","value":"1197717","text":"1.5 Automat - 100kW / 136HP (230Nm)"},{"model":"cooper_countryman all4__r60_","value":"1197721","text":"1.6 - 90kW / 122HP (160Nm)"},{"model":"cooper_countryman_all4__r60_","value":"1197719","text":"1.6 Automat - 90kW / 122HP (160Nm)"},{"model":"cooper_d__f55_","value":"1197733","text":"1.5 D - 85kW / 116HP (270Nm)"},{"model":"cooper_d__f55_","value":"1197723","text":"1.5 D Automat - 85kW / 116HP (270Nm)"},{"model":"cooper_d__f56_","value":"1197753","text":"1.5 D - 85kW / 116HP (270Nm)"},{"model":"cooper_d__f56_","value":"1197743","text":"1.5 D Automat - 85kW / 116HP (270Nm)"},{"model":"cooper_d__f57_","value":"1197773","text":"1.5 D - 85kW / 116HP (270Nm)"},{"model":"cooper_d__f57_","value":"1197767","text":"1.5 D Automat - 85kW / 116HP (270Nm)"},{"model":"cooper_d__r56_","value":"1197787","text":"1.6 D - 80kW / 109HP (240Nm)"},{"model":"cooper_d__r56_","value":"1197793","text":"1.6 D - 82kW / 112HP (270Nm)"},{"model":"cooper_d__r56_","value":"1197779","text":"1.6 D Automat - 80kW / 109HP (240Nm)"},{"model":"cooper_d__r56_","value":"1197803","text":"2.0 D Automat - 82kW / 112HP (270Nm)"},{"model":"cooper_d__r57_","value":"1197809","text":"1.6 D - 82kW / 112HP (270Nm)"},{"model":"cooper_d__r57_","value":"1197821","text":"2.0 D Automat - 82kW / 112HP (270Nm)"},{"model":"cooper_d cabrio__f57_","value":"1197831","text":"1.5 D - 85kW / 116HP (270Nm)"},{"model":"cooper_d_cabrio__f57_","value":"1197833","text":"1.5 D Automat - 85kW / 116HP (270Nm)"},{"model":"cooper_d clubman__f54_","value":"1197835","text":"2.0 D - 110kW / 150HP (330Nm)"},{"model":"cooper_d_clubman__f54_","value":"1197843","text":"2.0 D Automat - 110kW / 150HP (330Nm)"},{"model":"cooper_d clubman__r57_","value":"1197835","text":"2.0 D - 110kW / 150HP (330Nm)"},{"model":"cooper_d_clubman__r57_","value":"1197843","text":"2.0 D Automat - 110kW / 150HP (330Nm)"},{"model":"cooper_d countryman__f60_","value":"1197889","text":"2.0 D - 110kW / 150HP (330Nm)"},{"model":"cooper_d_countryman__f60_","value":"1197899","text":"2.0 D Automat - 110kW / 150HP (330Nm)"},{"model":"cooper_d countryman__r60_","value":"1197909","text":"1.6 D - 82kW / 112HP (270Nm)"},{"model":"cooper_d_countryman__r60_","value":"1197937","text":"2.0 D Automat - 82kW / 112HP (270Nm)"},{"model":"cooper_d_countryman__r60_","value":"1197945","text":"2.0 D Automat - 110kW / 150HP (330Nm)"},{"model":"cooper_d countryman all4__f60_","value":"1197957","text":"2.0 D - 110kW / 150HP (330Nm)"},{"model":"cooper_d_countryman all4__f60_","value":"1197967","text":"2.0 D Automat - 110kW / 150HP (330Nm)"},{"model":"cooper_d countryman all4__r60_","value":"1197977","text":"1.6 D - 82kW / 112HP (270Nm)"},{"model":"cooper_d_countryman all4__r60_","value":"1198005","text":"2.0 D Automat - 82kW / 112HP (270Nm)"},{"model":"cooper_d_countryman_all4__r60_","value":"1198013","text":"2.0 D Automat - 110kW / 150HP (330Nm)"},{"model":"cooper_d paceman__r61_","value":"1198025","text":"1.6 D - 82kW / 112HP (270Nm)"},{"model":"cooper_d_paceman__r61_","value":"1198033","text":"2.0 D Automat - 110kW / 150HP (330Nm)"},{"model":"cooper_d paceman all4__r61_","value":"1198041","text":"1.6 D - 82kW / 112HP (270Nm)"},{"model":"cooper_d_paceman all4__r61_","value":"1198049","text":"2.0 D Automat - 110kW / 150HP (330Nm)"},{"model":"cooper_jcw__f56_","value":"1198063","text":"2.0 Turbo - 170kW / 231HP (350Nm)"},{"model":"cooper_jcw__f56_","value":"1198057","text":"2.0 Turbo Automat - 170kW / 231HP (350Nm)"},{"model":"cooper_jcw__f57_","value":"1198073","text":"2.0 Turbo - 170kW / 231HP (350Nm)"},{"model":"cooper_jcw__f57_","value":"1198069","text":"2.0 Turbo Automat - 170kW / 231HP (350Nm)"},{"model":"cooper_paceman__r61_","value":"1198079","text":"1.6 - 90kW / 122HP (160Nm)"},{"model":"cooper_paceman__r61_","value":"1198077","text":"1.6 Automat - 90kW / 122HP (160Nm)"},{"model":"cooper_paceman all4__r61_","value":"1198083","text":"1.6 - 90kW / 122HP (160Nm)"},{"model":"cooper_paceman_all4__r61_","value":"1198081","text":"1.6 Automat - 90kW / 122HP (160Nm)"},{"model":"cooper_s__f55_","value":"1198101","text":"2.0 Turbo - 141kW / 192HP (280Nm)"},{"model":"cooper_s__f55_","value":"1198093","text":"2.0 Turbo - 141kW / 192HP (300Nm)"},{"model":"cooper_s__f55_","value":"1198103","text":"2.0 Turbo Automat - 141kW / 192HP (280Nm)"},{"model":"cooper_s__f55_","value":"1198085","text":"2.0 Turbo Automat - 141kW / 192HP (300Nm)"},{"model":"cooper_s__f56_","value":"1198121","text":"2.0 Turbo - 141kW / 192HP (280Nm)"},{"model":"cooper_s__f56_","value":"1198113","text":"2.0 Turbo - 141kW / 192HP (300Nm)"},{"model":"cooper_s__f56_","value":"1198123","text":"2.0 Turbo Automat - 141kW / 192HP (280Nm)"},{"model":"cooper_s__f56_","value":"1198105","text":"2.0 Turbo Automat - 141kW / 192HP (300Nm)"},{"model":"cooper_s__f57_","value":"1198133","text":"2.0 Turbo - 141kW / 192HP (280Nm)"},{"model":"cooper_s__f57_","value":"1198129","text":"2.0 Turbo - 141kW / 192HP (300Nm)"},{"model":"cooper_s__f57_","value":"1198135","text":"2.0 Turbo Automat - 141kW / 192HP (280Nm)"},{"model":"cooper_s__f57_","value":"1198125","text":"2.0 Turbo Automat - 141kW / 192HP (300Nm)"},{"model":"cooper_s__r50_","value":"1198137","text":"1.6 - 160kW / 218HP (250Nm)"},{"model":"cooper_s__r52_","value":"1198142","text":"1.6 - 125kW / 170HP (220Nm)"},{"model":"cooper_s__r52_","value":"1198138","text":"1.6 Automat - 125kW / 170HP (220Nm)"},{"model":"cooper_s__r53_","value":"1198149","text":"1.6 - 120kW / 163HP (210Nm)"},{"model":"cooper_s__r53_","value":"1198151","text":"1.6 - 125kW / 170HP (220Nm)"},{"model":"cooper_s__r53_","value":"1198153","text":"1.6 - 155kW / 211HP (245Nm)"},{"model":"cooper_s__r53_","value":"1198147","text":"1.6 Automat - 125kW / 170HP (220Nm)"},{"model":"cooper_s__r56_","value":"1198169","text":"1.6 Turbo - 128kW / 174HP (240Nm)"},{"model":"cooper_s__r56_","value":"1198177","text":"1.6 Turbo - 135kW / 184HP (240Nm)"},{"model":"cooper_s__r56_","value":"1198157","text":"1.6 Turbo Automat - 128kW / 174HP (240Nm)"},{"model":"cooper_s__r56_","value":"1198163","text":"1.6 Turbo Automat - 135kW / 184HP (240Nm)"},{"model":"cooper_s__r57_","value":"1198193","text":"1.6 Turbo - 128kW / 174HP (240Nm)"},{"model":"cooper_s__r57_","value":"1198195","text":"1.6 Turbo - 135kW / 184HP (240Nm)"},{"model":"cooper_s__r57_","value":"1198183","text":"1.6 Turbo Automat - 128kW / 174HP (240Nm)"},{"model":"cooper_s__r57_","value":"1198185","text":"1.6 Turbo Automat - 135kW / 184HP (240Nm)"},{"model":"cooper_s__r58_","value":"1198209","text":"1.6 Turbo - 135kW / 184HP (240Nm)"},{"model":"cooper_s__r58_","value":"1198208","text":"1.6 Turbo - 155kW / 211HP (260Nm)"},{"model":"cooper_s__r58_","value":"1198203","text":"1.6 Turbo Automat - 135kW / 184HP (240Nm)"},{"model":"cooper_s__r59_","value":"1198219","text":"1.6 Turbo - 135kW / 184HP (240Nm)"},{"model":"cooper_s__r59_","value":"1198215","text":"1.6 Turbo Automat - 135kW / 184HP (240Nm)"},{"model":"cooper_s clubman__f54_","value":"1198223","text":"2.0 Turbo - 141kW / 192HP (300Nm)"},{"model":"cooper_s_clubman__f54_","value":"1198229","text":"2.0 Turbo Automat - 141kW / 192HP (300Nm)"},{"model":"cooper_s clubman__r57_","value":"1198241","text":"1.6 - 90kW / 122HP (160Nm)"},{"model":"cooper_s_clubman__r57_","value":"1198235","text":"1.6 Automat - 90kW / 122HP (160Nm)"},{"model":"cooper_s_clubman__r57_","value":"1198261","text":"1.6 Turbo - 128kW / 174HP (240Nm)"},{"model":"cooper_s_clubman__r57_","value":"1198267","text":"1.6 Turbo - 135kW / 184HP (240Nm)"},{"model":"cooper_s_clubman__r57_","value":"1198247","text":"1.6 Turbo Automat - 128kW / 174HP (240Nm)"},{"model":"cooper_s_clubman__r57_","value":"1198253","text":"1.6 Turbo Automat - 135kW / 184HP (240Nm)"},{"model":"cooper_s clubman all4__f54_","value":"1198275","text":"2.0 Turbo - 141kW / 192HP (300Nm)"},{"model":"cooper_s_clubman all4__f54_","value":"1198279","text":"2.0 Turbo Automat - 141kW / 192HP (300Nm)"},{"model":"cooper_s clubman jcw__r57_","value":"1198291","text":"1.6 Turbo - 155kW / 211HP (260Nm)"},{"model":"cooper_s_clubman jcw__r57_","value":"1198283","text":"1.6 Turbo Automat - 155kW / 211HP (260Nm)"},{"model":"cooper_s countryman__f60_","value":"1198307","text":"2.0 Turbo - 141kW / 192HP (300Nm)"},{"model":"cooper_s_countryman__f60_","value":"1198309","text":"2.0 Turbo Automat - 141kW / 192HP (300Nm)"},{"model":"cooper_s countryman__r60_","value":"1198319","text":"1.6 Turbo - 135kW / 184HP (240Nm)"},{"model":"cooper_s_countryman__r60_","value":"1198323","text":"1.6 Turbo - 140kW / 190HP (240Nm)"},{"model":"cooper_s_countryman__r60_","value":"1198311","text":"1.6 Turbo Automat - 135kW / 184HP (240Nm)"},{"model":"cooper_s_countryman__r60_","value":"1198315","text":"1.6 Turbo Automat - 140kW / 190HP (240Nm)"},{"model":"cooper_s countryman all4__f60_","value":"1198327","text":"2.0 Turbo - 141kW / 192HP (300Nm)"},{"model":"cooper_s_countryman all4__f60_","value":"1198329","text":"2.0 Turbo Automat - 141kW / 192HP (300Nm)"},{"model":"cooper_s countryman all4__r60_","value":"1198339","text":"1.6 Turbo - 135kW / 184HP (240Nm)"},{"model":"cooper_s_countryman all4__r60_","value":"1198343","text":"1.6 Turbo - 140kW / 190HP (240Nm)"},{"model":"cooper_s_countryman_all4__r60_","value":"1198331","text":"1.6 Turbo Automat - 135kW / 184HP (240Nm)"},{"model":"cooper_s_countryman_all4__r60_","value":"1198335","text":"1.6 Turbo Automat - 140kW / 190HP (240Nm)"},{"model":"cooper_s countryman all4 jcw__r60_","value":"1198350","text":"1.6 Turbo - 160kW / 218HP (280Nm)"},{"model":"cooper_s_countryman all4 jcw__r60_","value":"1198347","text":"1.6 Turbo Automat - 160kW / 218HP (280Nm)"},{"model":"cooper_s e countryman all4__f60_","value":"1198353","text":"1.5 Automat - 164kW / 223HP (385Nm)"},{"model":"cooper_s jcw__f55_","value":"1198355","text":"2.0L Turbo - 170kW / 231HP (320Nm)"},{"model":"cooper_s_jcw__f55_","value":"1198357","text":"2.0L Turbo Automat - 170kW / 231HP (320Nm)"},{"model":"cooper_s jcw__r50_","value":"1198359","text":"1.6 - 93kW / 126HP (155Nm)"},{"model":"cooper_s_jcw__r50_","value":"1198361","text":"1.6 - 147kW / 200HP (240Nm)"},{"model":"cooper_s_jcw__r50_","value":"1198362","text":"1.6 - 155kW / 211HP (245Nm)"},{"model":"cooper_s_jcw__r50_","value":"1198366","text":"1.6 Turbo - 160kW / 218HP (280Nm)"},{"model":"cooper_s jcw__r52_","value":"1198367","text":"1.6 - 155kW / 211HP (245Nm)"},{"model":"cooper_s jcw__r56_","value":"1198375","text":"1.6 Turbo - 155kW / 211HP (260Nm)"},{"model":"cooper_s_jcw__r56_","value":"1198371","text":"1.6 Turbo Automat - 155kW / 211HP (260Nm)"},{"model":"cooper_s jcw__r57_","value":"1198395","text":"1.6 Turbo - 155kW / 211HP (260Nm)"},{"model":"cooper_s_jcw__r57_","value":"1198387","text":"1.6 Turbo Automat - 155kW / 211HP (260Nm)"},{"model":"cooper_s jcw__r58_","value":"1198417","text":"1.6 Turbo - 155kW / 211HP (260Nm)"},{"model":"cooper_s_jcw__r58_","value":"1198409","text":"1.6 Turbo Automat - 155kW / 211HP (260Nm)"},{"model":"cooper_s jcw__r59_","value":"1198433","text":"1.6 Turbo - 155kW / 211HP (260Nm)"},{"model":"cooper_s_jcw__r59_","value":"1198425","text":"1.6 Turbo Automat - 155kW / 211HP (260Nm)"},{"model":"cooper_s jcw gp2__r56_","value":"1198441","text":"1.6 Turbo - 160kW / 218HP (280Nm)"},{"model":"cooper_s paceman__r61_","value":"1198449","text":"1.6 Turbo - 135kW / 184HP (240Nm)"},{"model":"cooper_s_paceman__r61_","value":"1198450","text":"1.6 Turbo - 140kW / 190HP (240Nm)"},{"model":"cooper_s_paceman__r61_","value":"1198444","text":"1.6 Turbo Automat - 135kW / 184HP (240Nm)"},{"model":"cooper_s_paceman__r61_","value":"1198445","text":"1.6 Turbo Automat - 140kW / 190HP (240Nm)"},{"model":"cooper_s paceman all4__r61_","value":"1198459","text":"1.6 Turbo - 135kW / 184HP (240Nm)"},{"model":"cooper_s_paceman all4__r61_","value":"1198460","text":"1.6 Turbo - 140kW / 190HP (240Nm)"},{"model":"cooper_s_paceman_all4__r61_","value":"1198454","text":"1.6 Turbo Automat - 135kW / 184HP (240Nm)"},{"model":"cooper_s_paceman_all4__r61_","value":"1198455","text":"1.6 Turbo Automat - 140kW / 190HP (240Nm)"},{"model":"cooper_s paceman all4 jcw__r61_","value":"1198466","text":"1.6 Turbo - 160kW / 218HP (280Nm)"},{"model":"cooper_s_paceman all4 jcw__r61_","value":"1198464","text":"1.6 Turbo Automat - 160kW / 218HP (280Nm)"},{"model":"cooper_sd__f55_","value":"1198480","text":"2.0 D - 125kW / 170HP (360Nm)"},{"model":"cooper_sd__f55_","value":"1198468","text":"2.0 D Automat - 125kW / 170HP (360Nm)"},{"model":"cooper_sd__f56_","value":"1198504","text":"2.0 D - 125kW / 170HP (302Nm)"},{"model":"cooper_sd__f56_","value":"1198492","text":"2.0 D Automat - 125kW / 170HP (302Nm)"},{"model":"cooper_sd__r56_","value":"1198522","text":"2.0 D - 105kW / 143HP (305Nm)"},{"model":"cooper_sd__r56_","value":"1198516","text":"2.0 D Automat - 105kW / 143HP (305Nm)"},{"model":"cooper_sd__r57_","value":"1198538","text":"2.0 D - 105kW / 143HP (305Nm)"},{"model":"cooper_sd__r57_","value":"1198528","text":"2.0 D Automat - 105kW / 143HP (305Nm)"},{"model":"cooper_sd__r58_","value":"1198558","text":"2.0 D - 105kW / 143HP (305Nm)"},{"model":"cooper_sd__r58_","value":"1198548","text":"2.0 D Automat - 105kW / 143HP (305Nm)"},{"model":"cooper_sd__r59_","value":"1198576","text":"2.0 D - 105kW / 143HP (305Nm)"},{"model":"cooper_sd__r59_","value":"1198568","text":"2.0 D Automat - 105kW / 143HP (305Nm)"},{"model":"cooper_sd cabrio__f57_","value":"1198592","text":"2.0 D - 125kW / 170HP (302Nm)"},{"model":"cooper_sd_cabrio__f57_","value":"1198584","text":"2.0 D Automat - 125kW / 170HP (302Nm)"},{"model":"cooper_sd clubman__f54_","value":"1198600","text":"2.0 D - 140kW / 190HP (400Nm)"},{"model":"cooper_sd_clubman__f54_","value":"1198604","text":"2.0 D Automat - 140kW / 190HP (400Nm)"},{"model":"cooper_sd clubman__f56_","value":"1198610","text":"2.0 D Automat - 125kW / 170HP (360Nm)"},{"model":"cooper_sd clubman__r57_","value":"1198622","text":"2.0 D - 105kW / 143HP (305Nm)"},{"model":"cooper_sd_clubman__r57_","value":"1198612","text":"2.0 D Automat - 105kW / 143HP (305Nm)"},{"model":"cooper_sd clubman all4__f54_","value":"1198632","text":"2.0 D Automat - 140kW / 190HP (400Nm)"},{"model":"cooper_sd countryman__f60_","value":"1198640","text":"2.0 D ALL4 Automat - 140kW / 190HP (400Nm)"},{"model":"cooper_sd_countryman__f60_","value":"1198636","text":"2.0 D Automat - 140kW / 190HP (400Nm)"},{"model":"cooper_sd countryman__r60_","value":"1198654","text":"2.0 D - 105kW / 143HP (305Nm)"},{"model":"cooper_sd_countryman__r60_","value":"1198642","text":"2.0 D Automat - 105kW / 143HP (305Nm)"},{"model":"cooper_sd countryman all4__f60_","value":"1198666","text":"2.0 D Automat - 140kW / 190HP (400Nm)"},{"model":"cooper_sd countryman all4__r60_","value":"1198680","text":"2.0 D - 105kW / 143HP (305Nm)"},{"model":"cooper_sd_countryman all4__r60_","value":"1198668","text":"2.0 D Automat - 105kW / 143HP (305Nm)"},{"model":"cooper_sd paceman__r61_","value":"1198700","text":"2.0 D - 105kW / 143HP (305Nm)"},{"model":"cooper_sd_paceman__r61_","value":"1198692","text":"2.0 D Automat - 105kW / 143HP (305Nm)"},{"model":"cooper_sd paceman all4__r61_","value":"1198716","text":"2.0 D - 105kW / 143HP (305Nm)"},{"model":"cooper_sd_paceman all4__r61_","value":"1198708","text":"2.0 D Automat - 105kW / 143HP (305Nm)"},{"model":"countryman_all4 jcw__f60_","value":"1198724","text":"2.0 Turbo - 170kW / 231HP (350Nm)"},{"model":"countryman_all4_jcw__f60_","value":"1198726","text":"2.0 Turbo Automat - 170kW / 231HP (350Nm)"},{"model":"countryman_all4 jcw__r60_","value":"1198731","text":"1.6 Turbo - 160kW / 218HP (280Nm)"},{"model":"countryman_all4_jcw__r60_","value":"1198728","text":"1.6 Turbo Automat - 160kW / 218HP (280Nm)"},{"model":"first__r56_","value":"1198734","text":"1.4 - 55kW / 75HP (120Nm)"},{"model":"first__r56_","value":"1198736","text":"1.6 - 55kW / 75HP (140Nm)"},{"model":"one__f55_","value":"1198750","text":"1.2 - 75kW / 102HP (180Nm)"},{"model":"one__f55_","value":"1198744","text":"1.2 Automat - 75kW / 102HP (180Nm)"},{"model":"one__f55_","value":"1198756","text":"1.5 - 55kW / 75HP (150Nm)"},{"model":"one__f56_","value":"1198766","text":"1.2 - 75kW / 102HP (180Nm)"},{"model":"one__f56_","value":"1198758","text":"1.2 Automat - 75kW / 102HP (180Nm)"},{"model":"one__f57_","value":"1198774","text":"1.2 - 75kW / 102HP (180Nm)"},{"model":"one__r50_","value":"1198785","text":"1.4 - 55kW / 75HP (122Nm)"},{"model":"one__r50_","value":"1198778","text":"1.4 D - 55kW / 75HP (180Nm)"},{"model":"one__r50_","value":"1198780","text":"1.4 D - 65kW / 88HP (190Nm)"},{"model":"one__r50_","value":"1198791","text":"1.6 - 66kW / 90HP (66Nm)"},{"model":"one__r50_","value":"1198797","text":"1.6 AT - 66kW / 90HP (66Nm)"},{"model":"one__r52_","value":"1198803","text":"1.6 - 66kW / 90HP (66Nm)"},{"model":"one__r55_","value":"1198808","text":"1.4 - 70kW / 95HP (140Nm)"},{"model":"one__r56_","value":"1198823","text":"1.4 - 55kW / 75HP (120Nm)"},{"model":"one__r56_","value":"1198818","text":"1.4 - 70kW / 95HP (140Nm)"},{"model":"one__r56_","value":"1198810","text":"1.4 Automat - 70kW / 95HP (140Nm)"},{"model":"one__r56_","value":"1198832","text":"1.6 - 55kW / 75HP (140Nm)"},{"model":"one__r56_","value":"1198828","text":"1.6 Automat - 72kW / 98HP (153Nm)"},{"model":"one__r56_","value":"1198840","text":"1.6 MT - 72kW / 98HP (153Nm)"},{"model":"one__r57_","value":"1198844","text":"1.6 Automat - 72kW / 98HP (153Nm)"},{"model":"one__r57_","value":"1198850","text":"1.6 MT - 72kW / 98HP (153Nm)"},{"model":"one_clubman__f54_","value":"1198858","text":"1.2 - 75kW / 102HP (180Nm)"},{"model":"one_clubman__f54_","value":"1198856","text":"1.2 Automat - 75kW / 102HP (180Nm)"},{"model":"one_clubman__r57_","value":"1198864","text":"1.4 - 70kW / 95HP (140Nm)"},{"model":"one_clubman__r57_","value":"1198860","text":"1.4 Automat - 70kW / 95HP (140Nm)"},{"model":"one_clubman__r57_","value":"1198868","text":"1.6 Automat - 72kW / 98HP (153Nm)"},{"model":"one_clubman__r57_","value":"1198874","text":"1.6 MT - 72kW / 98HP (153Nm)"},{"model":"one_countryman__f60_","value":"1198882","text":"1.5 - 75kW / 102HP (180Nm)"},{"model":"one_countryman__f60_","value":"1198880","text":"1.5 Automat - 75kW / 102HP (180Nm)"},{"model":"one_countryman__r60_","value":"1198884","text":"1.6 Automat - 72kW / 98HP (153Nm)"},{"model":"one_countryman__r60_","value":"1198888","text":"1.6 MT - 72kW / 98HP (153Nm)"},{"model":"one_d__f55_","value":"1198895","text":"1.5 D - 70kW / 95HP (220Nm)"},{"model":"one_d__f56_","value":"1198903","text":"1.5 D - 70kW / 95HP (220Nm)"},{"model":"one_d__r56_","value":"1198915","text":"1.6 D - 66kW / 90HP (215Nm)"},{"model":"one_d clubman__f54_","value":"1198931","text":"1.5 D - 85kW / 116HP (270Nm)"},{"model":"one_d_clubman__f54_","value":"1198927","text":"1.5 D Automat - 85kW / 116HP (270Nm)"},{"model":"one_d clubman__r57_","value":"1198939","text":"1.6 D - 66kW / 90HP (215Nm)"},{"model":"one_d countryman__f60_","value":"1198951","text":"1.5 D - 85kW / 116HP (270Nm)"},{"model":"one_d_countryman__f60_","value":"1198957","text":"1.5 D Automat - 85kW / 116HP (270Nm)"},{"model":"one_d countryman__r60_","value":"1198959","text":"1.6 D - 66kW / 90HP (215Nm)"},{"model":"one_first__f55_","value":"1198971","text":"1.2 - 55kW / 75HP (150Nm)"},{"model":"one_first__f56_","value":"1198977","text":"1.2 - 55kW / 75HP (150Nm)"},{"model":"paceman_all4 jcw__r61_","value":"1198988","text":"1.6 Turbo - 160kW / 218HP (280Nm)"},{"model":"paceman_all4_jcw__r61_","value":"1198985","text":"1.6 Turbo Automat - 160kW / 218HP (280Nm)"}]