[{"model":"380___","value":"1198991","text":"3.8 V6 - 172kW / 234HP (339Nm)"},{"model":"airtrek__cu_","value":"1198997","text":"2.0 16v - 93kW / 126HP (173Nm)"},{"model":"airtrek__cu_","value":"1199002","text":"2.0 16v 4WD - 93kW / 126HP (173Nm)"},{"model":"airtrek__cu_","value":"1199005","text":"2.0 16v Turbo R - 176kW / 240HP (343Nm)"},{"model":"airtrek__cu_","value":"1199009","text":"2.4 16v - 102kW / 139HP (207Nm)"},{"model":"airtrek__cu_","value":"1199012","text":"2.4 16v 4WD - 102kW / 139HP (207Nm)"},{"model":"airtrek__cu_","value":"1199015","text":"2.4 16v Sport Gear - 118kW / 160HP (215Nm)"},{"model":"airtrek__cu_","value":"1199016","text":"2.4 16v Sport Gear 4WD - 118kW / 160HP (215Nm)"},{"model":"aspire__ea-ec_","value":"1199018","text":"2.0 16v - 107kW / 146HP (191Nm)"},{"model":"aspire__ea-ec_","value":"1199022","text":"2.0 16v 4WD - 107kW / 146HP (191Nm)"},{"model":"asx___","value":"1199026","text":"1.8 16v DI-D 2WD - 85kW / 116HP (300Nm)"},{"model":"asx___","value":"1199029","text":"1.8 16v DI-D 2WD ClearTec - 85kW / 116HP (300Nm)"},{"model":"asx___","value":"1199032","text":"1.8 16v DI-D 4WD ClearTec - 85kW / 116HP (300Nm)"},{"model":"asx___","value":"1199035","text":"1.8 16v DI-D Plus 2WD - 110kW / 150HP (300Nm)"},{"model":"asx___","value":"1199038","text":"1.8 16v DI-D Plus 2WD ClearTec - 110kW / 150HP (300Nm)"},{"model":"asx___","value":"1199042","text":"1.8 16v DI-D Plus 4WD - 110kW / 150HP (300Nm)"},{"model":"asx___","value":"1199045","text":"1.8 16v DI-D Plus 4WD ClearTec - 110kW / 150HP (300Nm)"},{"model":"asx___","value":"1199052","text":"2.0 16v Mivec 2WD - 108kW / 147HP (199Nm)"},{"model":"asx___","value":"1199057","text":"2.0 16v Mivec 4WD - 108kW / 147HP (199Nm)"},{"model":"asx___","value":"1199049","text":"2.2 16v DI-D 4WD Automatic - 110kW / 150HP (360Nm)"},{"model":"carisma_(_2nd)_da_","value":"1199062","text":"1.9 16v DI-D - 75kW / 102HP (215Nm)"},{"model":"carisma_(_2nd)_da_","value":"1199067","text":"1.9 16v DI-D - 84kW / 115HP (265Nm)"},{"model":"challenger_(_2nd)__","value":"1199072","text":"3.2 V6 TD - 147kW / 200HP (373Nm)"},{"model":"chariot_grandis__n80-n90_","value":"1199077","text":"2.4 16v - 121kW / 165HP (230Nm)"},{"model":"chariot_grandis__n80-n90_","value":"1199081","text":"2.4 16v 4WD - 121kW / 165HP (230Nm)"},{"model":"colt_(_6th)_z30_","value":"1199099","text":"1.1 12v - 55kW / 75HP (100Nm)"},{"model":"colt_(_6th)_z30_","value":"1199104","text":"1.5 16v - 77kW / 105HP (141Nm)"},{"model":"colt_(_6th)_z30_","value":"1199108","text":"1.5 16v CVT - 77kW / 105HP (141Nm)"},{"model":"colt_(_6th)_z30_","value":"1199087","text":"1.5 16v DI-D - 50kW / 68HP (160Nm)"},{"model":"colt_(_6th)_z30_","value":"1199085","text":"1.5 16v DI-D - 70kW / 95HP (210Nm)"},{"model":"colt_(_6th)_z30_","value":"1199113","text":"1.5 16v Ralliart - 80kW / 109HP (145Nm)"},{"model":"colt_(_6th)_z30_","value":"1199117","text":"1.5 16v Turbo Ralliart - 110kW / 150HP (210Nm)"},{"model":"colt_(_6th)_z30_","value":"1199118","text":"1.5 16v Turbo Ralliart - 145kW / 197HP (260Nm)"},{"model":"colt_plus__z20_","value":"1199125","text":"1.5 16v - 77kW / 105HP (141Nm)"},{"model":"colt_plus__z20_","value":"1199134","text":"1.5 16v 4WD - 75kW / 102HP (138Nm)"},{"model":"colt_plus__z20_","value":"1199143","text":"1.5 16v Ralliart - 108kW / 147HP (179Nm)"},{"model":"colt_plus__z20_","value":"1199146","text":"1.5 16v Ralliart - 113kW / 154HP (180Nm)"},{"model":"delica_d5___","value":"1199152","text":"2.0 16v 2WD - 110kW / 150HP (191Nm)"},{"model":"delica_d5___","value":"1199149","text":"2.3 16v D 4WD - 109kW / 148HP (360Nm)"},{"model":"diamante_(_2nd)__","value":"1199158","text":"3.5 V6 - 163kW / 222HP (317Nm)"},{"model":"dignity_(_2nd)_y51_","value":"1199162","text":"3.5 24v VIP - 268kW / 364HP (550Nm)"},{"model":"dion__cr_","value":"1199166","text":"1.8 16v Turbo - 121kW / 165HP (220Nm)"},{"model":"dion__cr_","value":"1199171","text":"1.8 16v Turbo 4WD - 121kW / 165HP (220Nm)"},{"model":"dion__cr_","value":"1199174","text":"2.0 16v - 99kW / 135HP (183Nm)"},{"model":"dion__cr_","value":"1199177","text":"2.0 16v 4WD - 99kW / 135HP (183Nm)"},{"model":"dion__cr_","value":"1199178","text":"2.0 16v Turbo 4WD - 121kW / 165HP (220Nm)"},{"model":"eclipse_(_2nd)__","value":"1199181","text":"2.0 16v Automatic - 162kW / 220HP (299Nm)"},{"model":"eclipse_(_2nd)__","value":"1199182","text":"2.0 16v GS - 104kW / 141HP (179Nm)"},{"model":"eclipse_(_3rd)__","value":"1199183","text":"2.4 16v - 151kW / 205HP (275Nm)"},{"model":"freeca___","value":"1199190","text":"2.0 16v - 90kW / 122HP (0Nm)"},{"model":"galant_(_8th)_ea-ec_","value":"1199194","text":"2.0 16v - 98kW / 133HP (175Nm)"},{"model":"galant_(_8th)_ea-ec_","value":"1199192","text":"2.0 16v - 100kW / 136HP (178Nm)"},{"model":"galant_(_8th)_ea-ec_","value":"1199200","text":"2.0 16v Automatic - 98kW / 133HP (175Nm)"},{"model":"galant_(_8th)_ea-ec_","value":"1199198","text":"2.0 16v Automatic - 100kW / 136HP (178Nm)"},{"model":"galant_(_8th)_ea-ec_","value":"1199204","text":"2.0 16v GDI - 107kW / 146HP (191Nm)"},{"model":"galant_(_8th)_ea-ec_","value":"1199210","text":"2.0 16v GDI 4WD - 107kW / 146HP (191Nm)"},{"model":"galant_(_8th)_ea-ec_","value":"1199216","text":"2.4 16v - 121kW / 165HP (230Nm)"},{"model":"galant_(_8th)_ea-ec_","value":"1199220","text":"2.4 16v 4WD - 121kW / 165HP (230Nm)"},{"model":"galant_(_8th)_ea-ec_","value":"1199225","text":"2.4 16v GDI - 106kW / 144HP (211Nm)"},{"model":"galant_(_8th)_ea-ec_","value":"1199224","text":"2.4 16v GDI - 110kW / 150HP (225Nm)"},{"model":"galant_(_8th)_ea-ec_","value":"1199231","text":"2.4 16v GDI Automatic - 106kW / 144HP (211Nm)"},{"model":"galant_(_8th)_ea-ec_","value":"1199230","text":"2.4 16v GDI Automatic - 110kW / 150HP (225Nm)"},{"model":"galant_(_8th)_ea-ec_","value":"1199236","text":"2.4 16v GDI Wagon - 110kW / 150HP (225Nm)"},{"model":"galant_(_8th)_ea-ec_","value":"1199237","text":"2.4 16v GDI Wagon Automatic - 110kW / 150HP (225Nm)"},{"model":"galant_fortis__cx-cy_","value":"1199238","text":"2.0 16v 4WD - 113kW / 154HP (198Nm)"},{"model":"galant_fortis__cx-cy_","value":"1199241","text":"2.0 16v Automatic - 113kW / 154HP (198Nm)"},{"model":"galant_fortis__cx-cy_","value":"1199244","text":"2.0 16v Sport 5-speed - 113kW / 154HP (198Nm)"},{"model":"grandis__na_","value":"1199247","text":"2.0 16v DI-D - 100kW / 136HP (310Nm)"},{"model":"grandis__na_","value":"1199253","text":"2.4 16v - 121kW / 165HP (217Nm)"},{"model":"grandis__na_","value":"1199259","text":"2.4 16v 4WD Automatic - 121kW / 165HP (217Nm)"},{"model":"grandis__na_","value":"1199266","text":"2.4 16v Automatic - 121kW / 165HP (217Nm)"},{"model":"l200_(_5th)__","value":"1199347","text":"2.2 16v DI-D 4WD - 110kW / 150HP (400Nm)"},{"model":"l200___","value":"1199351","text":"2.4 MIVEC DID - 133kW / 181HP (430Nm)"},{"model":"l200___","value":"1199353","text":"3.5i 4x4 Triton Flex - 147kW / 200HP (0Nm)"},{"model":"l200_(_3rd)__","value":"1199284","text":"2.4 4x4 Flex Triton - 105kW / 143HP (0Nm)"},{"model":"l200_(_3rd)__","value":"1199273","text":"2.5 16v D Turbo - 64kW / 88HP (0Nm)"},{"model":"l200_(_3rd)__","value":"1199274","text":"2.5 16v D Turbo - 73kW / 100HP (0Nm)"},{"model":"l200_(_3rd)__","value":"1199281","text":"2.5 16v DI-D - 94kW / 130HP (0Nm)"},{"model":"l200_(_3rd)__","value":"1199289","text":"3.5i 24v 4x4 Triton - 147kW / 203HP (314Nm)"},{"model":"l200_(_4th)__","value":"1199294","text":"2.4 16v DI-D 4WD - 113kW / 156HP (0Nm)"},{"model":"l200_(_4th)__","value":"1199295","text":"2.4 16v DI-D 4WD - 133kW / 184HP (0Nm)"},{"model":"l200_(_4th)__","value":"1199338","text":"2.4 4x4 Flex Triton - 102kW / 141HP (183Nm)"},{"model":"l200_(_4th)__","value":"1199298","text":"2.5 16v D Turbo GLS - 89kW / 123HP (0Nm)"},{"model":"l200_(_4th)__","value":"1199310","text":"2.5 16v D Turbo HPE - 104kW / 143HP (0Nm)"},{"model":"l200_(_4th)__","value":"1199316","text":"2.5 16v DI-D - 100kW / 138HP (0Nm)"},{"model":"l200_(_4th)__","value":"1199328","text":"2.5 DI-D 4WD - 100kW / 136HP (314Nm)"},{"model":"l200_(_4th)__","value":"1199333","text":"3.2 16v DI-D 1 4x4 Triton - 125kW / 172HP (0Nm)"},{"model":"l200_(_4th)__","value":"1199339","text":"3.5i 4x4 Triton Flex - 147kW / 203HP (314Nm)"},{"model":"lancer_(_7th)_cs_","value":"1199354","text":"1.6 16v - 72kW / 98HP (150Nm)"},{"model":"lancer_(_7th)_cs_","value":"1199361","text":"1.6 16v Automatic - 72kW / 98HP (150Nm)"},{"model":"lancer_(_7th)_cs_","value":"1199368","text":"1.8 16v - 84kW / 114HP (155Nm)"},{"model":"lancer_(_7th)_cs_","value":"1199373","text":"1.8 16v 4WD - 84kW / 114HP (155Nm)"},{"model":"lancer_(_7th)_cs_","value":"1199378","text":"1.8 16v Ralliart - 121kW / 165HP (220Nm)"},{"model":"lancer_(_7th)_cs_","value":"1199382","text":"2.0 16v - 84kW / 114HP (170Nm)"},{"model":"lancer_(_7th)_cs_","value":"1199386","text":"2.0 16v Sport - 99kW / 135HP (176Nm)"},{"model":"lancer_(_8th)_cx-cy_","value":"1199408","text":"1.5 16v - 80kW / 109HP (143Nm)"},{"model":"lancer_(_8th)_cx-cy_","value":"1199391","text":"1.8 16v 1.8 DI-D ClearTec - 85kW / 116HP (300Nm)"},{"model":"lancer_(_8th)_cx-cy_","value":"1199397","text":"1.8 16v DI-D Plus ClearTec - 110kW / 150HP (300Nm)"},{"model":"lancer_(_8th)_cx-cy_","value":"1199403","text":"2.0 16v DI-D - 103kW / 140HP (310Nm)"},{"model":"lancer_evolution_( 4th)_cn9a_","value":"1199410","text":"2.0 Turbo GSR Evolution IV - 206kW / 280HP (353Nm)"},{"model":"lancer_evolution_(_4th)_cn9a_","value":"1199412","text":"2.0 Turbo RS Evolution IV - 206kW / 280HP (353Nm)"},{"model":"lancer_evolution_( 5th)_cp9a_","value":"1199414","text":"2.0 Turbo GSR Evolution V - 206kW / 280HP (373Nm)"},{"model":"lancer_evolution_(_5th)_cp9a_","value":"1199415","text":"2.0 Turbo RS Evolution V - 206kW / 280HP (373Nm)"},{"model":"lancer_evolution_(_5th)_cp9a_","value":"1199416","text":"2.0 Turbo RS Evolution V RS450 Ralliart - 335kW / 456HP (515Nm)"},{"model":"lancer_evolution_( 6th)_cp9a_","value":"1199417","text":"2.0 Turbo GSR Evolution VI - 206kW / 280HP (373Nm)"},{"model":"lancer_evolution_(_6th)_cp9a_","value":"1199419","text":"2.0 Turbo GSR Evolution VI eXtreme - 225kW / 306HP (411Nm)"},{"model":"lancer_evolution_(_6th)_cp9a_","value":"1199420","text":"2.0 Turbo GSR Evolution VI Tommi Makinen Edition - 206kW / 280HP (373Nm)"},{"model":"lancer_evolution_(_6th)_cp9a_","value":"1199421","text":"2.0 Turbo RS Evolution VI - 206kW / 280HP (373Nm)"},{"model":"lancer_evolution_(_6th)_cp9a_","value":"1199423","text":"2.0 Turbo RS Evolution VI Tommi Makinen Edition - 206kW / 280HP (373Nm)"},{"model":"lancer_evolution_(_6th)_cp9a_","value":"1199424","text":"2.0 Turbo RS-2 Evolution VI - 206kW / 280HP (373Nm)"},{"model":"lancer_evolution_(_6th)_cp9a_","value":"1199426","text":"2.0 Turbo RSX Limited Edition Evolution VI - 206kW / 280HP (373Nm)"},{"model":"lancer_evolution_( 8th)_ct9a_","value":"1199434","text":"2.0 Turbo Evolution VIII - 202kW / 275HP (370Nm)"},{"model":"lancer_evolution_(_8th)_ct9a_","value":"1199436","text":"2.0 Turbo Evolution VIII - 206kW / 280HP (388Nm)"},{"model":"lancer_evolution_(_8th)_ct9a_","value":"1199437","text":"2.0 Turbo Evolution VIII 260 - 195kW / 265HP (355Nm)"},{"model":"lancer_evolution_(_8th)_ct9a_","value":"1199439","text":"2.0 Turbo Evolution VIII 280 - 206kW / 280HP (392Nm)"},{"model":"lancer_evolution_(_8th)_ct9a_","value":"1199441","text":"2.0 Turbo Evolution VIII MR - 206kW / 280HP (388Nm)"},{"model":"lancer_evolution_(_8th)_ct9a_","value":"1199443","text":"2.0 Turbo Evolution VIII RS - 206kW / 280HP (388Nm)"},{"model":"lancer_evolution_(_8th)_ct9a_","value":"1199445","text":"2.0 Turbo GSR Evolution VIII - 206kW / 280HP (392Nm)"},{"model":"lancer_evolution_(_8th)_ct9a_","value":"1199447","text":"2.0 Turbo GSR Evolution VIII MR - 206kW / 280HP (392Nm)"},{"model":"lancer_evolution_(_8th)_ct9a_","value":"1199449","text":"2.0 Turbo RS Evolution VIII - 206kW / 280HP (392Nm)"},{"model":"lancer_evolution_(_8th)_ct9a_","value":"1199451","text":"2.0 Turbo RS Evolution VIII - 206kW / 280HP (392Nm)"},{"model":"lancer_evolution_(_8th)_ct9a_","value":"1199453","text":"2.0 Turbo RS Evolution VIII FQ-300 - 224kW / 305HP (407Nm)"},{"model":"lancer_evolution_(_8th)_ct9a_","value":"1199455","text":"2.0 Turbo RS Evolution VIII FQ-330 - 246kW / 335HP (427Nm)"},{"model":"lancer_evolution_(_8th)_ct9a_","value":"1199457","text":"2.0 Turbo RS Evolution VIII MR - 206kW / 280HP (392Nm)"},{"model":"lancer_evolution_(_8th)_ct9a_","value":"1199459","text":"2.0 Turbo RS Evolution VIII MR - 206kW / 280HP (392Nm)"},{"model":"lancer_evolution_(_8th)_ct9a_","value":"1199461","text":"2.0 Turbo RS Evolution VIII MR FQ-300 - 224kW / 305HP (407Nm)"},{"model":"lancer_evolution_(_8th)_ct9a_","value":"1199462","text":"2.0 Turbo RS Evolution VIII MR FQ-320 - 243kW / 330HP (407Nm)"},{"model":"lancer_evolution_(_8th)_ct9a_","value":"1199464","text":"2.0 Turbo RS Evolution VIII MR FQ-330 - 246kW / 335HP (427Nm)"},{"model":"lancer_evolution_(_8th)_ct9a_","value":"1199465","text":"2.0 Turbo RS Evolution VIII MR FQ-400 - 302kW / 411HP (481Nm)"},{"model":"lancer_evolution_( 9th)_ct9a_","value":"1199475","text":"2.0 Turbo Evolution IX - 206kW / 280HP (407Nm)"},{"model":"lancer_evolution_(_9th)_ct9a_","value":"1199476","text":"2.0 Turbo Evolution IX - 213kW / 290HP (392Nm)"},{"model":"lancer_evolution_(_9th)_ct9a_","value":"1199480","text":"2.0 Turbo Evolution IX FQ-300 - 227kW / 309HP (403Nm)"},{"model":"lancer_evolution_(_9th)_ct9a_","value":"1199482","text":"2.0 Turbo Evolution IX FQ-320 - 243kW / 330HP (415Nm)"},{"model":"lancer_evolution_(_9th)_ct9a_","value":"1199484","text":"2.0 Turbo Evolution IX FQ-340 - 257kW / 350HP (435Nm)"},{"model":"lancer_evolution_(_9th)_ct9a_","value":"1199487","text":"2.0 Turbo Evolution IX FQ-360 - 273kW / 371HP (492Nm)"},{"model":"lancer_evolution_(_9th)_ct9a_","value":"1199490","text":"2.0 Turbo Evolution IX MR - 206kW / 280HP (400Nm)"},{"model":"lancer_evolution_(_9th)_ct9a_","value":"1199489","text":"2.0 Turbo Evolution IX MR - 213kW / 290HP (392Nm)"},{"model":"lancer_evolution_(_9th)_ct9a_","value":"1199493","text":"2.0 Turbo Evolution IX SE - 213kW / 290HP (392Nm)"},{"model":"lancer_evolution_(_9th)_ct9a_","value":"1199495","text":"2.0 Turbo GSR Evolution IX - 206kW / 280HP (400Nm)"},{"model":"lancer_evolution_(_9th)_ct9a_","value":"1199498","text":"2.0 Turbo GSR Evolution IX MR - 206kW / 280HP (400Nm)"},{"model":"lancer_evolution_(_9th)_ct9a_","value":"1199500","text":"2.0 Turbo GT Evolution IX - 206kW / 280HP (407Nm)"},{"model":"lancer_evolution_(_9th)_ct9a_","value":"1199504","text":"2.0 Turbo RS Evolution IX - 206kW / 280HP (400Nm)"},{"model":"lancer_evolution_(_9th)_ct9a_","value":"1199503","text":"2.0 Turbo RS Evolution IX - 213kW / 290HP (392Nm)"},{"model":"lancer_evolution_(_9th)_ct9a_","value":"1199508","text":"2.0 Turbo RS Evolution IX MR - 206kW / 280HP (407Nm)"},{"model":"lancer_evolution_( 7th)_ct9a_","value":"1199427","text":"2.0 Turbo Evolution VII FQ-300 - 227kW / 309HP (382Nm)"},{"model":"lancer_evolution_(_7th)_ct9a_","value":"1199428","text":"2.0 Turbo Evolution VII GT-A - 206kW / 280HP (343Nm)"},{"model":"lancer_evolution_(_7th)_ct9a_","value":"1199429","text":"2.0 Turbo Evolution VII RSII - 206kW / 280HP (382Nm)"},{"model":"lancer_evolution_(_7th)_ct9a_","value":"1199430","text":"2.0 Turbo GSR Evolution VII - 206kW / 280HP (382Nm)"},{"model":"lancer_evolution_(_7th)_ct9a_","value":"1199432","text":"2.0 Turbo RS Evolution VII - 206kW / 280HP (382Nm)"},{"model":"lancer_evolution_( 8th)_ct9w_","value":"1199467","text":"2.0 Turbo Evolution Wagon GT - 206kW / 280HP (392Nm)"},{"model":"lancer_evolution_(_8th)_ct9w_","value":"1199469","text":"2.0 Turbo Evolution Wagon GT-A - 200kW / 272HP (343Nm)"},{"model":"lancer_evolution_(_8th)_ct9w_","value":"1199471","text":"2.0 Turbo Evolution Wagon MR GT - 206kW / 280HP (392Nm)"},{"model":"lancer_evolution_(_8th)_ct9w_","value":"1199473","text":"2.0 Turbo Evolution Wagon MR GT-A - 200kW / 272HP (343Nm)"},{"model":"lancer_evolution_(10th)_cz4a_","value":"1199510","text":"2.0 Turbo Evolution GSR FQ-300 TC-SST - 217kW / 295HP (407Nm)"},{"model":"lancer_evolution_(10th)_cz4a_","value":"1199518","text":"2.0 Turbo Evolution X GSR FQ-360 - 264kW / 359HP (492Nm)"},{"model":"lancer_evolution_(10th)_cz4a_","value":"1199526","text":"2.0 Turbo Evolution X GSR FQ-400 - 300kW / 408HP (525Nm)"},{"model":"lancer_evolution_(10th)_cz4a_","value":"1199527","text":"2.0 Turbo Evolution X MR - 217kW / 295HP (407Nm)"},{"model":"lancer_evolution_(10th)_cz4a_","value":"1199532","text":"2.0 Turbo Evolution X MR TC-SST - 217kW / 295HP (366Nm)"},{"model":"lancer_evolution_(10th)_cz4a_","value":"1199538","text":"2.0 Turbo Evolution X MR-T - 217kW / 295HP (407Nm)"},{"model":"lancer_evolution_(10th)_cz4a_","value":"1199540","text":"2.0 Turbo Evolution X Premium 5-speed - 220kW / 299HP (422Nm)"},{"model":"lancer_evolution_(10th)_cz4a_","value":"1199542","text":"2.0 Turbo Evolution X Premium TC-SST - 220kW / 299HP (422Nm)"},{"model":"lancer_evolution_(10th)_cz4a_","value":"1199550","text":"2.0 Turbo Evolution X TC-SST - 217kW / 295HP (366Nm)"},{"model":"lancer_evolution_(10th)_cz4a_","value":"1199551","text":"2.0 Turbo Evolution X TC-SST - 220kW / 299HP (422Nm)"},{"model":"lancer_evolution_(10th)_cz4a_","value":"1199554","text":"2.0 Turbo GSR Evolution X - 206kW / 280HP (422Nm)"},{"model":"lancer_evolution_(10th)_cz4a_","value":"1199555","text":"2.0 Turbo GSR Evolution X - 217kW / 295HP (407Nm)"},{"model":"lancer_evolution_(10th)_cz4a_","value":"1199564","text":"2.0 Turbo GSR Evolution X 5-speed - 220kW / 299HP (422Nm)"},{"model":"lancer_evolution_(10th)_cz4a_","value":"1199571","text":"2.0 Turbo GSR Evolution X TC-SST - 206kW / 280HP (422Nm)"},{"model":"lancer_evolution_(10th)_cz4a_","value":"1199573","text":"2.0 Turbo GSR Evolution X TC-SST - 220kW / 299HP (422Nm)"},{"model":"lancer_evolution_(10th)_cz4a_","value":"1199580","text":"2.0 Turbo RS Evolution X - 206kW / 280HP (422Nm)"},{"model":"lancer_evolution_(10th)_cz4a_","value":"1199581","text":"2.0 Turbo RS Evolution X - 220kW / 299HP (422Nm)"},{"model":"lancer_evolution_(10th)_cz4a_","value":"1199590","text":"2.0 Turbo RS Evolution X SE - 217kW / 295HP (407Nm)"},{"model":"legnum__ea-ec_","value":"1199592","text":"2.0 16v ST - 107kW / 146HP (191Nm)"},{"model":"legnum__ea-ec_","value":"1199595","text":"2.0 16v ST 4WD - 107kW / 146HP (191Nm)"},{"model":"legnum__ea-ec_","value":"1199598","text":"2.4 16v - 121kW / 165HP (230Nm)"},{"model":"legnum__ea-ec_","value":"1199602","text":"2.4 16v 4WD - 121kW / 165HP (230Nm)"},{"model":"montero___","value":"1199609","text":"3.2 DI-D - 147kW / 200HP (0Nm)"},{"model":"outlander___","value":"1199687","text":"2.2 16v DI-D - 110kW / 150HP (380Nm)"},{"model":"outlander_(_1st)_cu_","value":"1199614","text":"2.0 16v - 100kW / 136HP (176Nm)"},{"model":"outlander_(_1st)_cu_","value":"1199617","text":"2.0 16v 4WD - 100kW / 136HP (176Nm)"},{"model":"outlander_(_1st)_cu_","value":"1199622","text":"2.0 16v Automatic 4WD - 100kW / 136HP (176Nm)"},{"model":"outlander_(_1st)_cu_","value":"1199623","text":"2.0 16v Turbo 4WD - 148kW / 202HP (303Nm)"},{"model":"outlander_(_1st)_cu_","value":"1199626","text":"2.4 16v 4WD - 118kW / 160HP (216Nm)"},{"model":"outlander_(_1st)_cu_","value":"1199631","text":"2.4 16v Automatic 4WD - 118kW / 160HP (216Nm)"},{"model":"outlander_(_2nd)_cw_","value":"1199651","text":"2.0 16v - 108kW / 147HP (199Nm)"},{"model":"outlander_(_2nd)_cw_","value":"1199652","text":"2.0 16v - 109kW / 148HP (197Nm)"},{"model":"outlander_(_2nd)_cw_","value":"1199657","text":"2.0 16v 4WD - 109kW / 148HP (197Nm)"},{"model":"outlander_(_2nd)_cw_","value":"1199660","text":"2.0 16v CVT - 108kW / 147HP (199Nm)"},{"model":"outlander_(_2nd)_cw_","value":"1199634","text":"2.0 16v DI-D 4WD - 103kW / 140HP (310Nm)"},{"model":"outlander_(_2nd)_cw_","value":"1199639","text":"2.2 16v DI-D - 130kW / 177HP (380Nm)"},{"model":"outlander_(_2nd)_cw_","value":"1199642","text":"2.2 16v DI-D 4WD - 115kW / 156HP (380Nm)"},{"model":"outlander_(_2nd)_cw_","value":"1199645","text":"2.2 16v DI-D 4WD - 130kW / 177HP (380Nm)"},{"model":"outlander_(_2nd)_cw_","value":"1199648","text":"2.2 16v DI-D TC-SST 4WD - 115kW / 156HP (380Nm)"},{"model":"outlander_(_3rd)_gf_","value":"1199675","text":"2.0 16v ClearTec - 110kW / 150HP (195Nm)"},{"model":"outlander_(_3rd)_gf_","value":"1199679","text":"2.0 16v ClearTec CVT - 110kW / 150HP (195Nm)"},{"model":"outlander_(_3rd)_gf_","value":"1199683","text":"2.0 16v ClearTec CVT 4WD - 110kW / 150HP (195Nm)"},{"model":"outlander_(_3rd)_gf_","value":"1199663","text":"2.2 16v DI-D ClearTec - 110kW / 150HP (380Nm)"},{"model":"outlander_(_3rd)_gf_","value":"1199667","text":"2.2 16v DI-D ClearTec 4WD - 110kW / 150HP (380Nm)"},{"model":"outlander_(_3rd)_gf_","value":"1199669","text":"2.2 16v DI-D ClearTec Automatic 4WD - 110kW / 150HP (380Nm)"},{"model":"outlander_(_3rd)_gf_","value":"1199673","text":"2.2 16v DI-D ClearTec Plus 4WD - 110kW / 150HP (380Nm)"},{"model":"outlander_(_3rd)_gf_","value":"1199674","text":"2.2 16v DI-D Top ClearTec 4WD - 110kW / 150HP (380Nm)"},{"model":"pajero__( 2nd)__","value":"1199706","text":"1.8 16v GDI - 88kW / 120HP (0Nm)"},{"model":"pajero__(_2nd)__","value":"1199707","text":"2.0 16v GDI - 95kW / 129HP (0Nm)"},{"model":"pajero__(_2nd)__","value":"1199694","text":"2.5 8v TD - 73kW / 99HP (240Nm)"},{"model":"pajero__(_2nd)__","value":"1199698","text":"2.5 8v TD - 85kW / 115HP (240Nm)"},{"model":"pajero__( 3rd)__","value":"1199724","text":"3.0 24v ZR - 132kW / 180HP (265Nm)"},{"model":"pajero__(_3rd)__","value":"1199731","text":"3.0 24v ZR AT - 132kW / 180HP (265Nm)"},{"model":"pajero__(_3rd)__","value":"1199709","text":"3.2 16v DI-D - 118kW / 160HP (373Nm)"},{"model":"pajero__(_3rd)__","value":"1199708","text":"3.2 16v DI-D - 121kW / 165HP (373Nm)"},{"model":"pajero__(_3rd)__","value":"1199717","text":"3.2 16v DI-D AT - 118kW / 160HP (373Nm)"},{"model":"pajero__(_3rd)__","value":"1199716","text":"3.2 16v DI-D AT - 121kW / 165HP (373Nm)"},{"model":"pajero__(_3rd)__","value":"1199739","text":"3.5 24v GDI - 149kW / 203HP (318Nm)"},{"model":"pajero__(_3rd)__","value":"1199738","text":"3.5 24v GDI - 150kW / 204HP (0Nm)"},{"model":"pajero__(_3rd)__","value":"1199746","text":"3.5 24v GDI AT - 149kW / 203HP (318Nm)"},{"model":"pajero__(_3rd)__","value":"1199745","text":"3.5 24v GDI AT - 162kW / 220HP (348Nm)"},{"model":"pajero__( 4th)__","value":"1199783","text":"2.0 16v Flex - 98kW / 133HP (0Nm)"},{"model":"pajero__(_4th)__","value":"1199784","text":"2.0 16v Flex - 105kW / 143HP (0Nm)"},{"model":"pajero__(_4th)__","value":"1199785","text":"3.0 24v VR-I - 131kW / 178HP (261Nm)"},{"model":"pajero__(_4th)__","value":"1199792","text":"3.0 24v VR-I Automatic - 131kW / 178HP (261Nm)"},{"model":"pajero__(_4th)__","value":"1199803","text":"3.0 V6 - 162kW / 220HP (276Nm)"},{"model":"pajero__(_4th)__","value":"1199761","text":"3.2 16v  DI-D Automatic - 125kW / 170HP (370Nm)"},{"model":"pajero__(_4th)__","value":"1199758","text":"3.2 16v  DI-D Automatic - 125kW / 170HP (373Nm)"},{"model":"pajero__(_4th)__","value":"1199764","text":"3.2 16v DI-D - 147kW / 200HP (441Nm)"},{"model":"pajero__(_4th)__","value":"1199775","text":"3.2 16v DI-D Automatic - 147kW / 200HP (441Nm)"},{"model":"pajero__(_4th)__","value":"1199807","text":"3.5 V6 Flex - 147kW / 200HP (0Nm)"},{"model":"pajero__(_4th)__","value":"1199809","text":"3.8 24v Automatic - 182kW / 248HP (329Nm)"},{"model":"pajero__(_4th)__","value":"1199808","text":"3.8 24v Automatic - 183kW / 249HP (338Nm)"},{"model":"pajero__(_4th)__","value":"1199819","text":"3.8 24v Automatic - 184kW / 250HP (329Nm)"},{"model":"pajero_sport_( 4th)__","value":"1199822","text":"3.0L V6 GLS - 160kW / 218HP (285Nm)"},{"model":"pajero_tr4___","value":"1199827","text":"2.0 16v Flex - 99kW / 135HP (175Nm)"},{"model":"rvr_(_2nd)__","value":"1199828","text":"2.0 16v GDI - 95kW / 129HP (0Nm)"},{"model":"space_runner___","value":"1199831","text":"2.0 16v GDI - 95kW / 129HP (0Nm)"},{"model":"space_star___","value":"1199835","text":"1.8 16v GDI - 90kW / 122HP (0Nm)"},{"model":"space_star___","value":"1199833","text":"1.9  8v DI-D - 75kW / 102HP (0Nm)"},{"model":"space_star___","value":"1199834","text":"1.9  8v DI-D - 85kW / 116HP (0Nm)"},{"model":"triton___","value":"1199847","text":"2.4 MIVEC DID - 133kW / 181HP (430Nm)"},{"model":"triton_(_4th)__","value":"1199837","text":"2.5 16v DI-D - 100kW / 136HP (0Nm)"},{"model":"triton_(_4th)__","value":"1199842","text":"3.2 16v DI-D - 123kW / 167HP (0Nm)"}]