[{"model":"350z__z33_","value":"1199866","text":"3.5 24v V6 - 214kW / 291HP (371Nm)"},{"model":"350z__z33_","value":"1199868","text":"3.5 24v V6 - 224kW / 305HP (353Nm)"},{"model":"350z__z33_","value":"1199871","text":"3.5 24v V6 - 228kW / 310HP (363Nm)"},{"model":"370z__z34_","value":"1199875","text":"3.7 24 V6 - 243kW / 330HP (366Nm)"},{"model":"370z__z34_","value":"1199879","text":"3.7 24 V6 Nismo - 261kW / 355HP (374Nm)"},{"model":"almera__g11_","value":"1199883","text":"1.6 16v - 76kW / 103HP (0Nm)"},{"model":"almera__n16_","value":"1199884","text":"1.5 8v dCi - 60kW / 82HP (185Nm)"},{"model":"almera__n16_","value":"1199899","text":"1.8 16v - 84kW / 114HP (158Nm)"},{"model":"almera__n16_","value":"1199901","text":"1.8 16v - 85kW / 116HP (163Nm)"},{"model":"almera__n16_","value":"1199888","text":"2.2 16v dCi - 82kW / 112HP (248Nm)"},{"model":"almera__n16_","value":"1199889","text":"2.2 16v dCi - 100kW / 136HP (304Nm)"},{"model":"almera__n16_","value":"1199896","text":"2.2 16v Di - 81kW / 110HP (230Nm)"},{"model":"almera_classic__n17_","value":"1199907","text":"1.5 16v - 79kW / 107HP (0Nm)"},{"model":"altima__l33_","value":"1199913","text":"2.5 16v - 136kW / 185HP (244Nm)"},{"model":"altima__l33_","value":"1199921","text":"2.5 16v CVT - 130kW / 177HP (237Nm)"},{"model":"altima__l33_","value":"1199929","text":"3.5 V6 CVT - 201kW / 273HP (350Nm)"},{"model":"altima_coup?__l33_","value":"1199933","text":"2.5 16v - 136kW / 185HP (244Nm)"},{"model":"altima_coup?__l33_","value":"1199941","text":"2.5 16v CVT - 130kW / 177HP (237Nm)"},{"model":"altima_coup?__l33_","value":"1199949","text":"3.5 V6 CVT - 201kW / 273HP (350Nm)"},{"model":"atleon___","value":"1199953","text":"3.0 dCi - 110kW / 150HP (350Nm)"},{"model":"atleon___","value":"1199957","text":"3.0 TD 110 - 81kW / 110HP (262Nm)"},{"model":"atleon___","value":"1199964","text":"4.5 TD 80.19 - 136kW / 185HP (700Nm)"},{"model":"avenir__w11_","value":"1199972","text":"1.8 16v - 85kW / 116HP (163Nm)"},{"model":"cabstar__f24_","value":"1199973","text":"2.5 dCi - 81kW / 110HP (0Nm)"},{"model":"cabstar__f24_","value":"1199974","text":"2.5 dCi - 96kW / 131HP (0Nm)"},{"model":"cabstar__f24_","value":"1199987","text":"3.0 dCi - 85kW / 116HP (163Nm)"},{"model":"cabstar__nt400_","value":"1199990","text":"2.5 dCi - 96kW / 130HP (300Nm)"},{"model":"cabstar__nt400_","value":"1199988","text":"2.5 dCi - 100kW / 136HP (300Nm)"},{"model":"cabstar_e__tlo_","value":"1199995","text":"3.0 TD - 78kW / 106HP (255Nm)"},{"model":"cefiro__j31_","value":"1199996","text":"3.5 V6 CVT - 170kW / 231HP (325Nm)"},{"model":"cube__z11_","value":"1200003","text":"1.4 16v - 65kW / 88HP (137Nm)"},{"model":"cube__z11_","value":"1200010","text":"1.5 16v - 74kW / 101HP (134Nm)"},{"model":"e-nv200___","value":"1200035","text":"80 kW - 80kW / 109HP (254Nm)"},{"model":"e-nv200_evalia___","value":"1200041","text":"80 kW - 80kW / 109HP (254Nm)"},{"model":"elgrand__e52_","value":"1200017","text":"2.5 16v CVT - 136kW / 185HP (244Nm)"},{"model":"elgrand__e52_","value":"1200029","text":"3.5 V6 CVT - 177kW / 240HP (325Nm)"},{"model":"evalia___","value":"1200057","text":"1.5 dCi - 66kW / 90HP (200Nm)"},{"model":"evalia___","value":"1200048","text":"1.5 dCi 110 - 81kW / 110HP (240Nm)"},{"model":"evalia___","value":"1200047","text":"1.5 dCi 110 - 81kW / 110HP (260Nm)"},{"model":"evalia___","value":"1200063","text":"1.5 dCi 90 - 66kW / 90HP (200Nm)"},{"model":"evalia___","value":"1200068","text":"1.5 dCi 90 - 66kW / 90HP (220Nm)"},{"model":"evalia___","value":"1200073","text":"1.6 16v - 81kW / 110HP (153Nm)"},{"model":"fairlady_z__z33_","value":"1200084","text":"3.5 24v V6 - 214kW / 291HP (371Nm)"},{"model":"fairlady_z__z33_","value":"1200086","text":"3.5 24v V6 - 224kW / 305HP (353Nm)"},{"model":"fairlady_z__z33_","value":"1200090","text":"3.5 24v V6 - 228kW / 310HP (363Nm)"},{"model":"fairlady_z__z34_","value":"1200093","text":"3.7 24 V6 - 243kW / 330HP (366Nm)"},{"model":"fairlady_z__z34_","value":"1200097","text":"3.7 24 V6 Nismo - 261kW / 355HP (374Nm)"},{"model":"frontier__d22_","value":"1200103","text":"2.4 16v - 110kW / 150HP (208Nm)"},{"model":"frontier__d22_","value":"1200101","text":"2.5 dCi - 98kW / 133HP (304Nm)"},{"model":"frontier__d23_","value":"1200112","text":"2.5 16v - 127kW / 172HP (237Nm)"},{"model":"frontier__d23_","value":"1200127","text":"2.5 16v Automat - 127kW / 172HP (237Nm)"},{"model":"frontier__d40_","value":"1200142","text":"4.0 V6 Automat - 195kW / 265HP (381Nm)"},{"model":"gt-r___","value":"1200146","text":"3.8 V6 BiTurbo - 357kW / 486HP (588Nm)"},{"model":"gt-r___","value":"1200150","text":"3.8 V6 BiTurbo - 419kW / 570HP (637Nm)"},{"model":"interstar___","value":"1200152","text":"1.9 8v dCi 80 - 60kW / 82HP (200Nm)"},{"model":"interstar___","value":"1200156","text":"2.2 16v dCi 90 - 66kW / 90HP (260Nm)"},{"model":"interstar___","value":"1200160","text":"2.5 16v dCi 115 - 84kW / 114HP (290Nm)"},{"model":"interstar___","value":"1200164","text":"3.0 dCi 140 - 100kW / 136HP (320Nm)"},{"model":"juke__f15_","value":"1200177","text":"1.2 DIG-T - 85kW / 116HP (190Nm)"},{"model":"juke__f15_","value":"1200167","text":"1.5 dCi - 81kW / 110HP (240Nm)"},{"model":"juke__f15_","value":"1200181","text":"1.6 16v - 86kW / 117HP (157Nm)"},{"model":"juke__f15_","value":"1200184","text":"1.6 DIG-T - 140kW / 190HP (240Nm)"},{"model":"juke__f15_","value":"1200186","text":"1.6 DIG-T CVT - 147kW / 200HP (250Nm)"},{"model":"juke__f15_","value":"1200190","text":"1.6 DIG-T Nismo - 160kW / 218HP (280Nm)"},{"model":"juke__f15_","value":"1200199","text":"1.6 DIG-T Nismo CVT - 157kW / 214HP (280Nm)"},{"model":"juke__f15_","value":"1200204","text":"1.6 Nismo RS CVT - 157kW / 214HP (280Nm)"},{"model":"juke__f15_","value":"1200210","text":"1.6i Turbo - 140kW / 190HP (240Nm)"},{"model":"leaf__ze0_","value":"1200215","text":"80 kW - 80kW / 109HP (254Nm)"},{"model":"leaf__ze0_","value":"1200213","text":"80 kW - 80kW / 109HP (280Nm)"},{"model":"leaf__ze1_","value":"1200220","text":"110 kW - 110kW / 150HP (320Nm)"},{"model":"leaf__ze1_","value":"1200228","text":"e+ 160 kW - 160kW / 217HP (345Nm)"},{"model":"march___","value":"1200232","text":"1.5 dCi 90 - 66kW / 90HP (220Nm)"},{"model":"maxima__a33_","value":"1200235","text":"3.0 24v V6 - 167kW / 227HP (294Nm)"},{"model":"maxima__a34_","value":"1200240","text":"3.5 24v V6 - 195kW / 265HP (346Nm)"},{"model":"maxima__a34_","value":"1200239","text":"3.5 24v V6 - 198kW / 269HP (346Nm)"},{"model":"maxima__a36_","value":"1200245","text":"3.5 V6 CVT - 224kW / 305HP (354Nm)"},{"model":"micra___k12_","value":"1200262","text":"1.2 16v - 59kW / 80HP (121Nm)"},{"model":"micra___k12_","value":"1200271","text":"1.4 16v - 65kW / 88HP (128Nm)"},{"model":"micra___k12_","value":"1200250","text":"1.5 dCi 65 - 48kW / 65HP (160Nm)"},{"model":"micra___k12_","value":"1200256","text":"1.5 dCi 86 - 63kW / 86HP (200Nm)"},{"model":"micra___k14_","value":"1200277","text":"1.5 dCi 90 - 66kW / 90HP (220Nm)"},{"model":"murano__z50_","value":"1200282","text":"3.5 V6 - 183kW / 249HP (334Nm)"},{"model":"murano__z51_","value":"1200288","text":"2.5 dCi - 140kW / 190HP (450Nm)"},{"model":"murano__z51_","value":"1200294","text":"3.5 24v V6 - 198kW / 269HP (336Nm)"},{"model":"murano__z52_","value":"1200302","text":"2.5 16v Hybrid Automat - 186kW / 253HP (329Nm)"},{"model":"murano__z52_","value":"1200310","text":"3.5 V6 CVT - 198kW / 269HP (336Nm)"},{"model":"navara__d22_","value":"1200320","text":"2.4 16v - 110kW / 150HP (208Nm)"},{"model":"navara__d22_","value":"1200315","text":"2.5 dCi - 98kW / 133HP (304Nm)"},{"model":"navara__d23_","value":"1200329","text":"2.3 dCi 160 - 120kW / 163HP (403Nm)"},{"model":"navara__d23_","value":"1200332","text":"2.3 dCi 190 - 140kW / 190HP (450Nm)"},{"model":"navara__d231_","value":"1200334","text":"2.3 dCi 190 - 140kW / 190HP (450Nm)"},{"model":"navara__d40_","value":"1200337","text":"2.5 dCi - 128kW / 174HP (403Nm)"},{"model":"navara__d40_","value":"1200342","text":"2.5 dCi - 140kW / 190HP (450Nm)"},{"model":"navara__d40_","value":"1200345","text":"3.0 dCi - 170kW / 231HP (550Nm)"},{"model":"note___","value":"1200374","text":"1.5 dCi 90 - 66kW / 90HP (220Nm)"},{"model":"note__e11_","value":"1200350","text":"1.5 dCi 70 - 50kW / 68HP (160Nm)"},{"model":"note__e11_","value":"1200353","text":"1.5 dCi 86 - 63kW / 86HP (200Nm)"},{"model":"note__e11_","value":"1200359","text":"1.5 dCi DPF 90 - 66kW / 90HP (200Nm)"},{"model":"note__e12_","value":"1200364","text":"1.5 dCi 90 - 66kW / 90HP (200Nm)"},{"model":"np300___","value":"1200377","text":"2.3 dCi 160 - 120kW / 163HP (403Nm)"},{"model":"np300___","value":"1200380","text":"2.3 dCi 190 - 140kW / 190HP (450Nm)"},{"model":"np300___","value":"1200398","text":"2.4 - 105kW / 143HP (0Nm)"},{"model":"np300___","value":"1200385","text":"2.5 dCi - 98kW / 133HP (304Nm)"},{"model":"np300___","value":"1200389","text":"2.5 dCi - 128kW / 174HP (403Nm)"},{"model":"np300___","value":"1200395","text":"2.5 dCi - 140kW / 190HP (450Nm)"},{"model":"nt500___","value":"1200399","text":"3.0 dCi - 110kW / 150HP (350Nm)"},{"model":"nv_passenger___","value":"1200411","text":"4.0 V6 Automat - 201kW / 273HP (395Nm)"},{"model":"nv1500___","value":"1200417","text":"4.0 V6 Automat - 201kW / 273HP (395Nm)"},{"model":"nv200___","value":"1200433","text":"1.5 dCi - 66kW / 90HP (200Nm)"},{"model":"nv200___","value":"1200425","text":"1.5 dCi 110 - 81kW / 110HP (240Nm)"},{"model":"nv200___","value":"1200423","text":"1.5 dCi 110 - 81kW / 110HP (260Nm)"},{"model":"nv200___","value":"1200439","text":"1.5 dCi 90 - 66kW / 90HP (200Nm)"},{"model":"nv200___","value":"1200444","text":"1.5 dCi 90 - 66kW / 90HP (220Nm)"},{"model":"nv200___","value":"1200449","text":"1.6 16v - 81kW / 110HP (153Nm)"},{"model":"nv2500hd___","value":"1200460","text":"4.0 V6 Automat - 201kW / 273HP (395Nm)"},{"model":"nv300___","value":"1200468","text":"1.6 dCi - 70kW / 95HP (260Nm)"},{"model":"nv300___","value":"1200467","text":"1.6 dCi - 92kW / 125HP (320Nm)"},{"model":"nv300___","value":"1200466","text":"1.6 dCi - 107kW / 146HP (340Nm)"},{"model":"nv400___","value":"1200484","text":"2.3 dCi - 74kW / 101HP (0Nm)"},{"model":"nv400___","value":"1200485","text":"2.3 dCi - 92kW / 125HP (0Nm)"},{"model":"nv400___","value":"1200486","text":"2.3 dCi - 107kW / 146HP (0Nm)"},{"model":"pathfinder__r51_","value":"1200490","text":"2.5 dCi - 128kW / 174HP (403Nm)"},{"model":"pathfinder__r51_","value":"1200495","text":"2.5 dCi - 140kW / 190HP (450Nm)"},{"model":"pathfinder__r51_","value":"1200500","text":"4.0 V6 - 198kW / 269HP (390Nm)"},{"model":"pathfinder__r51_","value":"1200508","text":"5.6 V8 - 231kW / 314HP (525Nm)"},{"model":"pathfinder__r52_","value":"1200513","text":"2.5 16v Hybrid Automat - 186kW / 253HP (329Nm)"},{"model":"pathfinder__r52_","value":"1200517","text":"3.5 V6 CVT - 194kW / 264HP (325Nm)"},{"model":"patrol__y61_","value":"1200521","text":"3.0 16v dCi - 118kW / 160HP (380Nm)"},{"model":"patrol__y61_","value":"1200525","text":"4.8 24v - 185kW / 252HP (420Nm)"},{"model":"patrol__y62_","value":"1200534","text":"4.0 V6 Automat - 205kW / 279HP (394Nm)"},{"model":"patrol__y62_","value":"1200540","text":"5.6 V8 - 239kW / 325HP (533Nm)"},{"model":"patrol__y62_","value":"1200541","text":"5.6 V8 - 298kW / 405HP (560Nm)"},{"model":"patrol__y62_","value":"1200555","text":"5.6 V8 Nismo - 313kW / 426HP (565Nm)"},{"model":"presage___","value":"1200557","text":"2.5 dCi - 110kW / 150HP (279Nm)"},{"model":"primastar___","value":"1200560","text":"1.9 dCi - 60kW / 82HP (190Nm)"},{"model":"primastar___","value":"1200559","text":"1.9 dCi - 74kW / 101HP (240Nm)"},{"model":"primastar___","value":"1200571","text":"2.0 dCi - 66kW / 90HP (242Nm)"},{"model":"primastar___","value":"1200572","text":"2.0 dCi - 84kW / 114HP (290Nm)"},{"model":"primastar___","value":"1200582","text":"2.5 dCi - 99kW / 135HP (310Nm)"},{"model":"primera__p12_","value":"1200595","text":"1.8 16v - 85kW / 116HP (163Nm)"},{"model":"primera__p12_","value":"1200588","text":"1.9  8v dCi - 88kW / 120HP (0Nm)"},{"model":"primera__p12_","value":"1200589","text":"2.0 DI - 93kW / 126HP (280Nm)"},{"model":"primera__p12_","value":"1200591","text":"2.2 dCi - 102kW / 139HP (314Nm)"},{"model":"pulsar__b17_","value":"1200596","text":"1.5 dCi - 81kW / 110HP (260Nm)"},{"model":"pulsar__c13_","value":"1200601","text":"1.6 DIG-T - 140kW / 190HP (240Nm)"},{"model":"qashqai___","value":"1200695","text":"1.6 16v - 86kW / 117HP (157Nm)"},{"model":"qashqai__j10_","value":"1200605","text":"1.5 dCi - 78kW / 106HP (240Nm)"},{"model":"qashqai__j10_","value":"1200614","text":"1.5 dCi DPF - 76kW / 103HP (240Nm)"},{"model":"qashqai__j10_","value":"1200616","text":"1.5 dCi DPF - 81kW / 110HP (240Nm)"},{"model":"qashqai__j10_","value":"1200626","text":"1.6 16v dCi - 96kW / 131HP (320Nm)"},{"model":"qashqai__j10_","value":"1200639","text":"2.0 16v - 104kW / 141HP (196Nm)"},{"model":"qashqai__j10_","value":"1200632","text":"2.0 dCi - 110kW / 150HP (320Nm)"},{"model":"qashqai__j11_","value":"1200668","text":"1.2 DIG-T - 85kW / 116HP (190Nm)"},{"model":"qashqai__j11_","value":"1200646","text":"1.5 dCi - 81kW / 110HP (260Nm)"},{"model":"qashqai__j11_","value":"1200652","text":"1.5 dCi - 85kW / 115HP (285Nm)"},{"model":"qashqai__j11_","value":"1200654","text":"1.6 16v dCi - 96kW / 131HP (320Nm)"},{"model":"qashqai__j11_","value":"1200664","text":"1.7 Blue dCi - 110kW / 150HP (340Nm)"},{"model":"qashqai__j11_","value":"1200666","text":"1.7 Blue dCi Automat - 110kW / 150HP (340Nm)"},{"model":"qashqai__j11_","value":"1200675","text":"2.0 16v CVT - 106kW / 144HP (200Nm)"},{"model":"qashqai__j11_","value":"1200674","text":"2.0 16v CVT - 108kW / 147HP (210Nm)"},{"model":"qashqai__j11_","value":"1200688","text":"2.0 16v Hybrid CVT - 132kW / 179HP (250Nm)"},{"model":"quest__re52_","value":"1200698","text":"3.5 V6 CVT - 194kW / 264HP (325Nm)"},{"model":"rogue___","value":"1200701","text":"2.5 16v CVT - 127kW / 172HP (237Nm)"},{"model":"rogue_sport___","value":"1200712","text":"2.0 16v CVT - 108kW / 147HP (210Nm)"},{"model":"sentra__b16_","value":"1200715","text":"2.0 16v - 104kW / 141HP (199Nm)"},{"model":"sentra__b17_","value":"1200721","text":"1.6 DIG-T Nismo CVT - 140kW / 190HP (240Nm)"},{"model":"sentra__b17_","value":"1200724","text":"1.6 DIG-T SR CVT - 140kW / 190HP (240Nm)"},{"model":"serena__c26_","value":"1200727","text":"2.0 16v CVT - 108kW / 147HP (210Nm)"},{"model":"serena__c27_","value":"1200731","text":"2.0 16v CVT - 108kW / 147HP (210Nm)"},{"model":"sylphy__b17_","value":"1200735","text":"1.6 DIG-T CVT - 140kW / 190HP (240Nm)"},{"model":"teana__j31_","value":"1200739","text":"2.0 16v - 104kW / 141HP (196Nm)"},{"model":"teana__j31_","value":"1200740","text":"3.5 24v V6 - 180kW / 245HP (315Nm)"},{"model":"teana__j32_","value":"1200745","text":"2.5 V6 - 136kW / 185HP (232Nm)"},{"model":"teana__l33_","value":"1200751","text":"1.6 DIG-T CVT - 140kW / 190HP (240Nm)"},{"model":"teana__l33_","value":"1200755","text":"2.5 16v CVT - 136kW / 185HP (244Nm)"},{"model":"teana__l33_","value":"1200769","text":"3.5 V6 CVT - 170kW / 231HP (325Nm)"},{"model":"terra__d23_","value":"1200776","text":"2.5 16v - 134kW / 182HP (244Nm)"},{"model":"terra__d23_","value":"1200780","text":"2.5 16v Automat - 134kW / 182HP (244Nm)"},{"model":"terrano__r20_","value":"1200784","text":"2.7 TDI - 92kW / 125HP (242Nm)"},{"model":"tiida__c12_","value":"1200786","text":"1.6 DIG-T CVT - 140kW / 190HP (240Nm)"},{"model":"tiida__c12_","value":"1200790","text":"1.6i Turbo - 140kW / 190HP (240Nm)"},{"model":"titan_xd__h61_","value":"1200791","text":"5.0L V8 Cummins Automat - 231kW / 314HP (752Nm)"},{"model":"x-trail__t30_","value":"1200804","text":"2.0 16v - 103kW / 140HP (192Nm)"},{"model":"x-trail__t30_","value":"1200796","text":"2.2 dCi - 84kW / 114HP (247Nm)"},{"model":"x-trail__t30_","value":"1200798","text":"2.2 dCi - 100kW / 136HP (300Nm)"},{"model":"x-trail__t30_","value":"1200811","text":"2.5 16v - 123kW / 167HP (230Nm)"},{"model":"x-trail__t31_","value":"1200818","text":"2.0 dCi 150 - 110kW / 150HP (340Nm)"},{"model":"x-trail__t31_","value":"1200827","text":"2.0 dCi 173 - 127kW / 173HP (0Nm)"},{"model":"x-trail__t32_","value":"1200836","text":"1.6 16v dCi - 96kW / 131HP (320Nm)"},{"model":"x-trail__t32_","value":"1200854","text":"1.6 DIG-T - 120kW / 163HP (240Nm)"},{"model":"x-trail__t32_","value":"1200844","text":"1.7 Blue dCi - 110kW / 150HP (340Nm)"},{"model":"x-trail__t32_","value":"1200846","text":"1.7 Blue dCi Automat - 110kW / 150HP (340Nm)"},{"model":"x-trail__t32_","value":"1200863","text":"2.0 16v CVT - 108kW / 147HP (210Nm)"},{"model":"x-trail__t32_","value":"1200848","text":"2.0 16v dCi - 130kW / 177HP (380Nm)"},{"model":"x-trail__t32_","value":"1200870","text":"2.5 16v CVT - 127kW / 172HP (237Nm)"}]