[{"model":"adam___","value":"1200884","text":"1.0 Turbo Ecotec - 66kW / 90HP (170Nm)"},{"model":"adam___","value":"1200887","text":"1.0 Turbo FlexFuel - 85kW / 116HP (170Nm)"},{"model":"adam___","value":"1200890","text":"1.2 ecoFLEX - 51kW / 69HP (115Nm)"},{"model":"adam___","value":"1200895","text":"1.4 ecoFLEX - 64kW / 87HP (130Nm)"},{"model":"adam___","value":"1200896","text":"1.4 ecoFLEX - 74kW / 101HP (130Nm)"},{"model":"adam___","value":"1200915","text":"1.4 LPG ecoFLEX - 64kW / 87HP (130Nm)"},{"model":"adam___","value":"1200923","text":"1.4 Turbo ecoFLEX - 110kW / 150HP (220Nm)"},{"model":"agila__a_","value":"1200931","text":"1.0 Ecotec - 43kW / 58HP (85Nm)"},{"model":"agila__a_","value":"1200935","text":"1.0 TwinPort Ecotec - 44kW / 60HP (88Nm)"},{"model":"agila__a_","value":"1200940","text":"1.2 Ecotec - 55kW / 75HP (110Nm)"},{"model":"agila__a_","value":"1200943","text":"1.2 TwinPort  Ecotec - 59kW / 80HP (110Nm)"},{"model":"agila__a_","value":"1200926","text":"1.3 CDTI Ecotec - 51kW / 69HP (170Nm)"},{"model":"agila__b_","value":"1200954","text":"1.2 ecoFLEX - 69kW / 94HP (118Nm)"},{"model":"agila__b_","value":"1200959","text":"1.2 Ecotec - 63kW / 86HP (114Nm)"},{"model":"agila__b_","value":"1200963","text":"1.2 LPG ecoFLEX - 69kW / 86HP (114Nm)"},{"model":"agila__b_","value":"1200951","text":"1.3 - 55kW / 75HP (190Nm)"},{"model":"agila__b_","value":"1200947","text":"1.3 CDTI ecoFLEX - 55kW / 75HP (190Nm)"},{"model":"antara__a_","value":"1200968","text":"2.0 CDTI - 93kW / 126HP (295Nm)"},{"model":"antara__a_","value":"1200970","text":"2.0 CDTI - 110kW / 150HP (320Nm)"},{"model":"antara__a_","value":"1200986","text":"2.2 VCDi - 120kW / 163HP (350Nm)"},{"model":"antara__a_","value":"1200987","text":"2.2 VCDi - 135kW / 184HP (400Nm)"},{"model":"antara__a_","value":"1200996","text":"2.4 Ecotec - 103kW / 140HP (220Nm)"},{"model":"antara__a_","value":"1201006","text":"3.2 Ecotec - 167kW / 227HP (297Nm)"},{"model":"astra__f_","value":"1201014","text":"1.4 Ecotec - 66kW / 90HP (125Nm)"},{"model":"astra__f_","value":"1201016","text":"1.6 Ecotec - 55kW / 75HP (128Nm)"},{"model":"astra__f_","value":"1201018","text":"1.8 Ecotec - 86kW / 117HP (170Nm)"},{"model":"astra__g_","value":"1201042","text":"1.2 Ecotec - 48kW / 65HP (110Nm)"},{"model":"astra__g_","value":"1201045","text":"1.2 Ecotec - 55kW / 75HP (110Nm)"},{"model":"astra__g_","value":"1201049","text":"1.4 Ecotec - 66kW / 90HP (125Nm)"},{"model":"astra__g_","value":"1201056","text":"1.6 CNG Ecotec - 71kW / 97HP (140Nm)"},{"model":"astra__g_","value":"1201061","text":"1.6 Ecotec - 62kW / 84HP (138Nm)"},{"model":"astra__g_","value":"1201059","text":"1.6 Ecotec - 74kW / 101HP (150Nm)"},{"model":"astra__g_","value":"1201073","text":"1.6 TwinPort - 76kW / 103HP (147Nm)"},{"model":"astra__g_","value":"1201020","text":"1.7 CDTI - 59kW / 80HP (170Nm)"},{"model":"astra__g_","value":"1201022","text":"1.7 DTI - 55kW / 75HP (165Nm)"},{"model":"astra__g_","value":"1201027","text":"1.7 TD - 50kW / 68HP (132Nm)"},{"model":"astra__g_","value":"1201080","text":"1.8 Ecotec - 85kW / 116HP (170Nm)"},{"model":"astra__g_","value":"1201082","text":"1.8 Ecotec - 92kW / 125HP (170Nm)"},{"model":"astra__g_","value":"1201030","text":"2.0 DI Ecotec - 60kW / 82HP (185Nm)"},{"model":"astra__g_","value":"1201037","text":"2.0 DTI Ecotec - 74kW / 101HP (230Nm)"},{"model":"astra__g_","value":"1201095","text":"2.0 Ecotec - 100kW / 136HP (188Nm)"},{"model":"astra__g_","value":"1201098","text":"2.0 OPC - 118kW / 160HP (188Nm)"},{"model":"astra__g_","value":"1201102","text":"2.0 Turbo OPC - 141kW / 192HP (250Nm)"},{"model":"astra__g_","value":"1201103","text":"2.0 Turbo OPC - 147kW / 200HP (250Nm)"},{"model":"astra__g_","value":"1201108","text":"2.2 Ecotec - 108kW / 147HP (203Nm)"},{"model":"astra__h_","value":"1201114","text":"1.3 CDTI - 66kW / 90HP (200Nm)"},{"model":"astra__h_","value":"1201239","text":"1.4 Ecotec - 55kW / 75HP (120Nm)"},{"model":"astra__h_","value":"1201244","text":"1.4TwinPort Ecotec - 66kW / 90HP (125Nm)"},{"model":"astra__h_","value":"1201251","text":"1.6 Turbo - 132kW / 180HP (230Nm)"},{"model":"astra__h_","value":"1201254","text":"1.6 TwinPort - 77kW / 105HP (150Nm)"},{"model":"astra__h_","value":"1201258","text":"1.6 Twinport - 85kW / 116HP (155Nm)"},{"model":"astra__h_","value":"1201120","text":"1.7 CDTI - 59kW / 80HP (170Nm)"},{"model":"astra__h_","value":"1201119","text":"1.7 CDTI - 74kW / 101HP (240Nm)"},{"model":"astra__h_","value":"1201125","text":"1.7 CDTI - 81kW / 110HP (260Nm)"},{"model":"astra__h_","value":"1201128","text":"1.7 CDTI - 92kW / 125HP (280Nm)"},{"model":"astra__h_","value":"1201131","text":"1.7 CDTI Dpf - 92kW / 125HP (280Nm)"},{"model":"astra__h_","value":"1201261","text":"1.8 Ecotec - 92kW / 125HP (170Nm)"},{"model":"astra__h_","value":"1201262","text":"1.8 Ecotec - 103kW / 140HP (175Nm)"},{"model":"astra__h_","value":"1201137","text":"1.9 CDTI - 74kW / 101HP (240Nm)"},{"model":"astra__h_","value":"1201135","text":"1.9 CDTI - 88kW / 120HP (280Nm)"},{"model":"astra__h_","value":"1201203","text":"1.9 CDTI Ecotec - 110kW / 150HP (320Nm)"},{"model":"astra__h_","value":"1201271","text":"2.0 Turbo - 125kW / 170HP (262Nm)"},{"model":"astra__h_","value":"1201272","text":"2.0 Turbo - 147kW / 200HP (262Nm)"},{"model":"astra__h_","value":"1201279","text":"2.0 Turbo OPC - 176kW / 239HP (320Nm)"},{"model":"astra__j_","value":"1201297","text":"1.3 - 70kW / 95HP (190Nm)"},{"model":"astra__j_","value":"1201285","text":"1.3 CDTI ecoFLEX - 70kW / 95HP (190Nm)"},{"model":"astra__j_","value":"1201352","text":"1.4 ecoFlex - 64kW / 87HP (130Nm)"},{"model":"astra__j_","value":"1201353","text":"1.4 ecoFlex - 74kW / 101HP (130Nm)"},{"model":"astra__j_","value":"1201372","text":"1.4 LPG Turbo ecoFlex - 103kW / 140HP (200Nm)"},{"model":"astra__j_","value":"1201378","text":"1.4 Turbo ecoFlex - 103kW / 140HP (200Nm)"},{"model":"astra__j_","value":"1201305","text":"1.6 CDTI ecoFLEX - 100kW / 136HP (320Nm)"},{"model":"astra__j_","value":"1201384","text":"1.6 ecoFlex - 85kW / 116HP (155Nm)"},{"model":"astra__j_","value":"1201396","text":"1.6 Turbo - 132kW / 180HP (230Nm)"},{"model":"astra__j_","value":"1201404","text":"1.6 Turbo ecoFlex - 125kW / 170HP (260Nm)"},{"model":"astra__j_","value":"1201306","text":"1.7 CDTI - 81kW / 110HP (260Nm)"},{"model":"astra__j_","value":"1201308","text":"1.7 CDTI Dpf - 81kW / 110HP (260Nm)"},{"model":"astra__j_","value":"1201307","text":"1.7 CDTI Dpf - 92kW / 125HP (280Nm)"},{"model":"astra__j_","value":"1201319","text":"1.7 CDTI EcoFlex - 74kW / 101HP (240Nm)"},{"model":"astra__j_","value":"1201316","text":"1.7 CDTI ecoFlex - 81kW / 110HP (280Nm)"},{"model":"astra__j_","value":"1201315","text":"1.7 CDTI ecoFlex - 96kW / 131HP (300Nm)"},{"model":"astra__j_","value":"1201330","text":"2.0 BiTurbo CDTI - 143kW / 194HP (400Nm)"},{"model":"astra__j_","value":"1201336","text":"2.0 CDTI - 118kW / 160HP (350Nm)"},{"model":"astra__j_","value":"1201342","text":"2.0 CDTI - 121kW / 165HP (350Nm)"},{"model":"astra__j_","value":"1201407","text":"2.0 Turbo Ecotec OPC - 206kW / 280HP (400Nm)"},{"model":"astra__k_","value":"1201433","text":"1.0 12v Turbo SIDI Automat - 77kW / 105HP (170Nm)"},{"model":"astra__k_","value":"1201439","text":"1.0 12v Turbo SIDI Ecoflex Automat - 77kW / 105HP (170Nm)"},{"model":"astra__k_","value":"1201451","text":"1.4 Turbo - 110kW / 150HP (245Nm)"},{"model":"astra__k_","value":"1201445","text":"1.4 Turbo Automat - 110kW / 150HP (230Nm)"},{"model":"astra__k_","value":"1201461","text":"1.4 Turbo ecoFLEX - 92kW / 125HP (245Nm)"},{"model":"astra__k_","value":"1201462","text":"1.4 Turbo ecoFLEX - 110kW / 150HP (245Nm)"},{"model":"astra__k_","value":"1201457","text":"1.4 Turbo ecoFLEX Automat - 110kW / 150HP (230Nm)"},{"model":"astra__k_","value":"1201410","text":"1.5 CDTI - 77kW / 105HP (300Nm)"},{"model":"astra__k_","value":"1201411","text":"1.5 CDTI - 90kW / 122HP (300Nm)"},{"model":"astra__k_","value":"1201414","text":"1.5 CDTI Automat - 90kW / 122HP (300Nm)"},{"model":"astra__k_","value":"1201419","text":"1.6 CDTI - 70kW / 95HP (280Nm)"},{"model":"astra__k_","value":"1201420","text":"1.6 CDTI - 81kW / 110HP (300Nm)"},{"model":"astra__k_","value":"1201421","text":"1.6 CDTI - 100kW / 136HP (320Nm)"},{"model":"astra__k_","value":"1201416","text":"1.6 CDTI Automat - 100kW / 136HP (320Nm)"},{"model":"astra__k_","value":"1201430","text":"1.6 CDTI BiTurbo - 118kW / 160HP (350Nm)"},{"model":"astra__k_","value":"1201469","text":"1.6 Turbo ecoFlex - 147kW / 200HP (280Nm)"},{"model":"astra__k_","value":"1201477","text":"1.6 Turbo SIDI - 147kW / 200HP (280Nm)"},{"model":"astra__k_","value":"1201471","text":"1.6 Turbo SIDI Automat - 147kW / 200HP (280Nm)"},{"model":"astra_gtc__j_","value":"1201483","text":"1.6 SIDI Turbo - 125kW / 170HP (260Nm)"},{"model":"cabrio___","value":"1201486","text":"1.4 Turbo ecoFlex - 103kW / 140HP (200Nm)"},{"model":"cabrio___","value":"1201493","text":"1.6 SIDI Turbo - 125kW / 170HP (260Nm)"},{"model":"cascada___","value":"1201496","text":"1.4 Turbo - 88kW / 120HP (120Nm)"},{"model":"cascada___","value":"1201497","text":"1.4 Turbo ecoFlex - 103kW / 140HP (200Nm)"},{"model":"cascada___","value":"1201504","text":"1.6 SIDI Turbo - 125kW / 170HP (260Nm)"},{"model":"cascada___","value":"1201507","text":"1.6 Turbo ecoFlex - 125kW / 170HP (260Nm)"},{"model":"combo__c_","value":"1201510","text":"1.3 CDTI - 51kW / 69HP (170Nm)"},{"model":"combo__c_","value":"1201514","text":"1.3 CDTI Ecotec - 55kW / 75HP (170Nm)"},{"model":"combo__c_","value":"1201538","text":"1.6 CNG ecoFLEX - 69kW / 94HP (133Nm)"},{"model":"combo__c_","value":"1201537","text":"1.6 CNG ecoFLEX - 71kW / 97HP (133Nm)"},{"model":"combo__c_","value":"1201544","text":"1.6 Ecotec - 64kW / 87HP (138Nm)"},{"model":"combo__c_","value":"1201522","text":"1.7 CDTI - 74kW / 101HP (240Nm)"},{"model":"combo__c_","value":"1201530","text":"1.7 DI - 48kW / 65HP (130Nm)"},{"model":"combo__c_","value":"1201534","text":"1.7 DTI - 55kW / 75HP (165Nm)"},{"model":"combo__d_","value":"1201548","text":"1.3 - 66kW / 90HP (200Nm)"},{"model":"combo__d_","value":"1201553","text":"1.6 CDTI - 66kW / 90HP (290Nm)"},{"model":"combo__d_","value":"1201554","text":"1.6 CDTI - 74kW / 101HP (290Nm)"},{"model":"combo__d_","value":"1201555","text":"1.6 CDTI - 77kW / 105HP (290Nm)"},{"model":"combo__e_","value":"1201602","text":"1.2 Turbo 110 - 81kW / 110HP (205Nm)"},{"model":"combo__e_","value":"1201604","text":"1.2 Turbo 130 - 96kW / 131HP (230Nm)"},{"model":"combo__e_","value":"1201592","text":"1.5 CDTI - 55kW / 75HP (230Nm)"},{"model":"combo__e_","value":"1201591","text":"1.5 CDTI - 75kW / 102HP (250Nm)"},{"model":"combo__e_","value":"1201596","text":"1.5 CDTI - 96kW / 130HP (300Nm)"},{"model":"combo__e_","value":"1201599","text":"1.5 CDTI Automat - 96kW / 130HP (300Nm)"},{"model":"combo_cargo___","value":"1201605","text":"1.5 CDTI - 96kW / 130HP (300Nm)"},{"model":"combo_cargo___","value":"1201607","text":"1.5 CDTI Automat - 96kW / 130HP (300Nm)"},{"model":"combo_life___","value":"1201617","text":"1.2 Turbo 110 - 81kW / 110HP (205Nm)"},{"model":"combo_life___","value":"1201610","text":"1.5 CDTI - 55kW / 75HP (230Nm)"},{"model":"combo_life___","value":"1201609","text":"1.5 CDTI - 75kW / 102HP (250Nm)"},{"model":"combo_life___","value":"1201613","text":"1.5 CDTI - 96kW / 130HP (300Nm)"},{"model":"combo_life___","value":"1201615","text":"1.5 CDTI Automat - 96kW / 130HP (300Nm)"},{"model":"corsa__b_","value":"1201618","text":"1.0 Ecotec - 40kW / 54HP (82Nm)"},{"model":"corsa__b_","value":"1201622","text":"1.2 Ecotec - 48kW / 65HP (110Nm)"},{"model":"corsa__b_","value":"1201625","text":"1.4 Ecotec - 66kW / 90HP (125Nm)"},{"model":"corsa__b_","value":"1201629","text":"1.6 Ecotec GSi - 78kW / 106HP (148Nm)"},{"model":"corsa__c_","value":"1201652","text":"1.0 Ecotec - 44kW / 60HP (85Nm)"},{"model":"corsa__c_","value":"1201656","text":"1.0 TwinPort Ecotec - 44kW / 60HP (88Nm)"},{"model":"corsa__c_","value":"1201660","text":"1.2 Ecotec - 55kW / 75HP (110Nm)"},{"model":"corsa__c_","value":"1201665","text":"1.2 TwinPort  Ecotec - 59kW / 80HP (110Nm)"},{"model":"corsa__c_","value":"1201636","text":"1.3 CDTI Ecotec - 51kW / 69HP (170Nm)"},{"model":"corsa__c_","value":"1201667","text":"1.4 Ecotec - 66kW / 90HP (125Nm)"},{"model":"corsa__c_","value":"1201671","text":"1.4TwinPort Ecotec - 66kW / 90HP (125Nm)"},{"model":"corsa__c_","value":"1201640","text":"1.7 CDTI - 74kW / 101HP (240Nm)"},{"model":"corsa__c_","value":"1201644","text":"1.7 DI - 48kW / 65HP (130Nm)"},{"model":"corsa__c_","value":"1201648","text":"1.7 DTI - 55kW / 75HP (165Nm)"},{"model":"corsa__c_","value":"1201675","text":"1.8 Ecotec Gsi - 92kW / 125HP (145Nm)"},{"model":"corsa__d_","value":"1201723","text":"1.0 TwinPort Ecotec - 44kW / 60HP (88Nm)"},{"model":"corsa__d_","value":"1201727","text":"1.0 Twinport Ecotec - 48kW / 65HP (90Nm)"},{"model":"corsa__d_","value":"1201728","text":"1.2 ecoFLEX - 62kW / 84HP (115Nm)"},{"model":"corsa__d_","value":"1201738","text":"1.2 TwinPort  Ecotec - 59kW / 80HP (110Nm)"},{"model":"corsa__d_","value":"1201711","text":"1.3 - 70kW / 95HP (190Nm)"},{"model":"corsa__d_","value":"1201681","text":"1.3 CDTI - 55kW / 75HP (170Nm)"},{"model":"corsa__d_","value":"1201699","text":"1.3 CDTI - 55kW / 75HP (190Nm)"},{"model":"corsa__d_","value":"1201683","text":"1.3 CDTI - 66kW / 90HP (190Nm)"},{"model":"corsa__d_","value":"1201682","text":"1.3 CDTI - 66kW / 90HP (200Nm)"},{"model":"corsa__d_","value":"1201693","text":"1.3 CDTI - 70kW / 95HP (190Nm)"},{"model":"corsa__d_","value":"1201707","text":"1.3 CDTI ecoFLEX - 70kW / 95HP (190Nm)"},{"model":"corsa__d_","value":"1201742","text":"1.4 ecoFLEX - 64kW / 87HP (130Nm)"},{"model":"corsa__d_","value":"1201743","text":"1.4 ecoFLEX - 74kW / 101HP (130Nm)"},{"model":"corsa__d_","value":"1201762","text":"1.4TwinPort Ecotec - 66kW / 90HP (125Nm)"},{"model":"corsa__d_","value":"1201766","text":"1.6 Turbo GSi - 110kW / 150HP (210Nm)"},{"model":"corsa__d_","value":"1201773","text":"1.6 Turbo OPC - 141kW / 192HP (230Nm)"},{"model":"corsa__d_","value":"1201785","text":"1.6 Turbo OPC N - 154kW / 209HP (250Nm)"},{"model":"corsa__d_","value":"1201781","text":"1.6 Turbo OPC Nurburgring Edition - 154kW / 209HP (250Nm)"},{"model":"corsa__d_","value":"1201713","text":"1.7 CDTI Dpf - 92kW / 125HP (280Nm)"},{"model":"corsa__d_","value":"1201718","text":"1.7 CDTI EcoFlex - 96kW / 131HP (300Nm)"},{"model":"corsa__e_","value":"1201792","text":"1.2 ecoFLEX - 51kW / 69HP (115Nm)"},{"model":"corsa__e_","value":"1201788","text":"1.3 CDTI - 55kW / 75HP (190Nm)"},{"model":"corsa__e_","value":"1201789","text":"1.3 CDTI - 70kW / 95HP (190Nm)"},{"model":"corsa__e_","value":"1201794","text":"1.4 ecoFLEX - 66kW / 90HP (130Nm)"},{"model":"corsa__e_","value":"1201804","text":"1.4 LPG ecoFLEX - 66kW / 90HP (130Nm)"},{"model":"corsa__e_","value":"1201812","text":"1.4 Turbo ecoFLEX - 74kW / 101HP (200Nm)"},{"model":"corsa__e_","value":"1201813","text":"1.4 Turbo ecoFLEX - 110kW / 150HP (220Nm)"},{"model":"corsa__e_","value":"1201815","text":"1.4 Turbo ecoFLEX - 111kW / 151HP (220Nm)"},{"model":"corsa__e_","value":"1201817","text":"1.4 Turbo ecoFLEX - 112kW / 152HP (220Nm)"},{"model":"corsa__e_","value":"1201819","text":"1.4 Turbo ecoFLEX - 113kW / 154HP (220Nm)"},{"model":"corsa__e_","value":"1201821","text":"1.4 Turbo ecoFLEX - 114kW / 155HP (220Nm)"},{"model":"corsa__e_","value":"1201822","text":"1.6 Turbo OPC - 152kW / 207HP (245Nm)"},{"model":"corsa__f_","value":"1201830","text":"1.2 Turbo 100 - 74kW / 100HP (205Nm)"},{"model":"corsa__f_","value":"1201832","text":"1.2 Turbo 100 Automat - 74kW / 100HP (205Nm)"},{"model":"corsa__f_","value":"1201834","text":"1.2 Turbo 130 Automat - 96kW / 131HP (230Nm)"},{"model":"corsa__f_","value":"1201826","text":"1.5 CDTI - 55kW / 75HP (230Nm)"},{"model":"corsa__f_","value":"1201828","text":"1.5 CDTI - 74kW / 100HP (250Nm)"},{"model":"crossland_x___","value":"1201844","text":"1.2 Turbo 110 - 81kW / 110HP (205Nm)"},{"model":"crossland_x___","value":"1201841","text":"1.2 Turbo 110 Automat - 81kW / 110HP (205Nm)"},{"model":"crossland_x___","value":"1201847","text":"1.2 Turbo 130 Automat - 96kW / 131HP (230Nm)"},{"model":"crossland_x___","value":"1201838","text":"1.5 CDTI - 75kW / 102HP (250Nm)"},{"model":"crossland_x___","value":"1201835","text":"1.5 CDTI Automat - 88kW / 120HP (300Nm)"},{"model":"frontera__b_","value":"1201850","text":"2.2 DTI Ecotec - 85kW / 116HP (260Nm)"},{"model":"frontera__b_","value":"1201852","text":"2.2 DTI Ecotec - 88kW / 120HP (280Nm)"},{"model":"grandland_x___","value":"1201871","text":"1.2 Turbo 130 - 96kW / 131HP (230Nm)"},{"model":"grandland_x___","value":"1201874","text":"1.2 Turbo 130 Automat - 96kW / 131HP (230Nm)"},{"model":"grandland_x___","value":"1201858","text":"1.5 CDTI - 96kW / 130HP (300Nm)"},{"model":"grandland_x___","value":"1201860","text":"1.5 CDTI Automat - 96kW / 130HP (300Nm)"},{"model":"grandland_x___","value":"1201877","text":"1.6 16v Turbo Automat - 132kW / 180HP (250Nm)"},{"model":"grandland_x___","value":"1201862","text":"1.6 Ecotec - 88kW / 120HP (300Nm)"},{"model":"grandland_x___","value":"1201868","text":"2.0 CDTI Automat - 130kW / 177HP (400Nm)"},{"model":"gt___","value":"1201879","text":"2.0 Turbo Ecotec - 194kW / 264HP (353Nm)"},{"model":"insignia___","value":"1202290","text":"1.6 SIDI Turbo - 125kW / 170HP (260Nm)"},{"model":"insignia__35_","value":"1201936","text":"1.6 SIDI Turbo ecoFLEX - 125kW / 170HP (260Nm)"},{"model":"insignia__35_","value":"1201938","text":"1.6 Turbo - 132kW / 180HP (230Nm)"},{"model":"insignia__35_","value":"1201924","text":"2.0 - 81kW / 110HP (260Nm)"},{"model":"insignia__35_","value":"1201882","text":"2.0 BiTurbo CDTI - 140kW / 190HP (400Nm)"},{"model":"insignia__35_","value":"1201892","text":"2.0 CDTI - 125kW / 170HP (400Nm)"},{"model":"insignia__35_","value":"1201912","text":"2.0 CDTI ecoFLEX - 88kW / 120HP (300Nm)"},{"model":"insignia__35_","value":"1201894","text":"2.0 CDTI ecoFLEX - 96kW / 131HP (300Nm)"},{"model":"insignia__35_","value":"1201914","text":"2.0 CDTI ecoFLEX - 103kW / 140HP (350Nm)"},{"model":"insignia__35_","value":"1201897","text":"2.0 CDTI ecoFLEX - 118kW / 160HP (350Nm)"},{"model":"insignia__35_","value":"1201943","text":"2.0 Turbo - 184kW / 250HP (400Nm)"},{"model":"insignia__35_","value":"1201946","text":"2.0 Turbo ecoFLEX - 162kW / 220HP (350Nm)"},{"model":"insignia__35_","value":"1201956","text":"2.8 V6 BiTurbo OPC - 239kW / 325HP (435Nm)"},{"model":"insignia__35_","value":"1201968","text":"2.8 V6 Turbo - 191kW / 260HP (350Nm)"},{"model":"insignia__68_","value":"1202074","text":"1.6 SIDI Turbo ecoFLEX - 125kW / 170HP (260Nm)"},{"model":"insignia__68_","value":"1202076","text":"1.6 Turbo - 132kW / 180HP (230Nm)"},{"model":"insignia__68_","value":"1202048","text":"2.0 - 81kW / 110HP (260Nm)"},{"model":"insignia__68_","value":"1202050","text":"2.0 - 118kW / 160HP (350Nm)"},{"model":"insignia__68_","value":"1202070","text":"2.0 - 120kW / 163HP (350Nm)"},{"model":"insignia__68_","value":"1201988","text":"2.0 BiTurbo CDTI - 140kW / 190HP (400Nm)"},{"model":"insignia__68_","value":"1201998","text":"2.0 CDTI - 125kW / 170HP (400Nm)"},{"model":"insignia__68_","value":"1202002","text":"2.0 CDTI ecoFLEX - 81kW / 110HP (260Nm)"},{"model":"insignia__68_","value":"1202030","text":"2.0 CDTI ecoFLEX - 88kW / 120HP (300Nm)"},{"model":"insignia__68_","value":"1202001","text":"2.0 CDTI ecoFLEX - 96kW / 131HP (300Nm)"},{"model":"insignia__68_","value":"1202032","text":"2.0 CDTI ecoFLEX - 103kW / 140HP (350Nm)"},{"model":"insignia__68_","value":"1202000","text":"2.0 CDTI ecoFLEX - 118kW / 160HP (350Nm)"},{"model":"insignia__68_","value":"1202042","text":"2.0 CDTI ecoFLEX - 120kW / 163HP (350Nm)"},{"model":"insignia__68_","value":"1202082","text":"2.0 Turbo - 184kW / 250HP (400Nm)"},{"model":"insignia__68_","value":"1202085","text":"2.0 Turbo ecoFLEX - 162kW / 220HP (350Nm)"},{"model":"insignia__68_","value":"1202097","text":"2.8 V6 BiTurbo OPC - 239kW / 325HP (435Nm)"},{"model":"insignia__68_","value":"1202109","text":"2.8 V6 Turbo - 191kW / 260HP (350Nm)"},{"model":"insignia__69_","value":"1202205","text":"1.6 SIDI Turbo ecoFLEX - 125kW / 170HP (260Nm)"},{"model":"insignia__69_","value":"1202207","text":"1.6 Turbo - 132kW / 180HP (230Nm)"},{"model":"insignia__69_","value":"1202193","text":"2.0 - 81kW / 110HP (260Nm)"},{"model":"insignia__69_","value":"1202199","text":"2.0 - 120kW / 163HP (350Nm)"},{"model":"insignia__69_","value":"1202133","text":"2.0 BiTurbo CDTI - 140kW / 190HP (400Nm)"},{"model":"insignia__69_","value":"1202143","text":"2.0 CDTI - 125kW / 170HP (400Nm)"},{"model":"insignia__69_","value":"1202147","text":"2.0 CDTI ecoFLEX - 81kW / 110HP (260Nm)"},{"model":"insignia__69_","value":"1202180","text":"2.0 CDTI ecoFLEX - 88kW / 120HP (300Nm)"},{"model":"insignia__69_","value":"1202145","text":"2.0 CDTI ecoFLEX - 96kW / 131HP (300Nm)"},{"model":"insignia__69_","value":"1202179","text":"2.0 CDTI ecoFLEX - 103kW / 140HP (350Nm)"},{"model":"insignia__69_","value":"1202146","text":"2.0 CDTI ecoFLEX - 118kW / 160HP (350Nm)"},{"model":"insignia__69_","value":"1202166","text":"2.0 CDTI ecoFLEX - 120kW / 163HP (350Nm)"},{"model":"insignia__69_","value":"1202213","text":"2.0 Turbo - 184kW / 250HP (400Nm)"},{"model":"insignia__69_","value":"1202217","text":"2.0 Turbo ecoFLEX - 162kW / 220HP (350Nm)"},{"model":"insignia__69_","value":"1202229","text":"2.8 V6 BiTurbo OPC - 239kW / 325HP (435Nm)"},{"model":"insignia__69_","value":"1202241","text":"2.8 V6 Turbo - 191kW / 260HP (350Nm)"},{"model":"insignia__b_","value":"1202268","text":"1.6 CDTI - 81kW / 110HP (300Nm)"},{"model":"insignia__b_","value":"1202267","text":"1.6 CDTI - 100kW / 136HP (320Nm)"},{"model":"insignia__b_","value":"1202263","text":"1.6 CDTI Automat - 100kW / 136HP (320Nm)"},{"model":"insignia__b_","value":"1202275","text":"2.0 CDTI - 125kW / 170HP (400Nm)"},{"model":"insignia__b_","value":"1202279","text":"2.0 CDTI Automat - 125kW / 170HP (400Nm)"},{"model":"insignia__b_","value":"1202283","text":"2.0 CDTI BiTurbo Automat - 154kW / 210HP (480Nm)"},{"model":"insignia__z18_","value":"1202287","text":"1.5 Turbo SIDI - 121kW / 165HP (250Nm)"},{"model":"insignia__z18_","value":"1202284","text":"1.5 Turbo SIDI Automat - 121kW / 165HP (250Nm)"},{"model":"karl___","value":"1202292","text":"1.0 6v Ecotec - 55kW / 75HP (95Nm)"},{"model":"meriva__a_","value":"1202296","text":"1.3 CDTI - 51kW / 69HP (170Nm)"},{"model":"meriva__a_","value":"1202297","text":"1.3 CDTI - 55kW / 75HP (170Nm)"},{"model":"meriva__a_","value":"1202316","text":"1.4 ecoFLEX LPG - 66kW / 90HP (125Nm)"},{"model":"meriva__a_","value":"1202317","text":"1.4TwinPort Ecotec - 66kW / 90HP (125Nm)"},{"model":"meriva__a_","value":"1202322","text":"1.6 Ecotec - 64kW / 87HP (138Nm)"},{"model":"meriva__a_","value":"1202323","text":"1.6 Ecotec - 74kW / 101HP (150Nm)"},{"model":"meriva__a_","value":"1202329","text":"1.6 Turbo OPC - 132kW / 180HP (230Nm)"},{"model":"meriva__a_","value":"1202333","text":"1.6 TwinPort - 77kW / 105HP (150Nm)"},{"model":"meriva__a_","value":"1202301","text":"1.7 CDTI - 74kW / 101HP (240Nm)"},{"model":"meriva__a_","value":"1202305","text":"1.7 CDTI Dpf - 74kW / 101HP (260Nm)"},{"model":"meriva__a_","value":"1202306","text":"1.7 CDTI Dpf - 92kW / 125HP (280Nm)"},{"model":"meriva__a_","value":"1202313","text":"1.7 DTI - 55kW / 75HP (165Nm)"},{"model":"meriva__a_","value":"1202337","text":"1.8 Ecotec - 92kW / 125HP (165Nm)"},{"model":"meriva__b_","value":"1202364","text":"1.3 - 70kW / 95HP (180Nm)"},{"model":"meriva__b_","value":"1202344","text":"1.3 CDTI - 55kW / 75HP (190Nm)"},{"model":"meriva__b_","value":"1202354","text":"1.3 CDTI ecoFLEX - 70kW / 95HP (180Nm)"},{"model":"meriva__b_","value":"1202384","text":"1.4 ecoFLEX - 74kW / 101HP (130Nm)"},{"model":"meriva__b_","value":"1202390","text":"1.4 Turbo - 103kW / 140HP (200Nm)"},{"model":"meriva__b_","value":"1202397","text":"1.4 Turbo ecoFlex - 88kW / 120HP (200Nm)"},{"model":"meriva__b_","value":"1202398","text":"1.4 Turbo ecoFlex - 103kW / 140HP (200Nm)"},{"model":"meriva__b_","value":"1202370","text":"1.6 CDTI - 70kW / 95HP (280Nm)"},{"model":"meriva__b_","value":"1202371","text":"1.7 CDTI - 74kW / 101HP (260Nm)"},{"model":"meriva__b_","value":"1202372","text":"1.7 CDTI - 96kW / 131HP (300Nm)"},{"model":"meriva__b_","value":"1202377","text":"1.7 CDTI ecoFlex - 81kW / 110HP (260Nm)"},{"model":"mokka___","value":"1202413","text":"1.4 Turbo ecoFLEX - 103kW / 140HP (200Nm)"},{"model":"mokka___","value":"1202405","text":"1.6 CDTI ecoFLEX - 100kW / 136HP (320Nm)"},{"model":"mokka___","value":"1202417","text":"1.6 ecoFlex - 85kW / 116HP (155Nm)"},{"model":"mokka___","value":"1202410","text":"1.7 CDTI ecoFLEX - 96kW / 131HP (300Nm)"},{"model":"mokka_x__j3_","value":"1202422","text":"1.4 Turbo ecoFLEX - 103kW / 140HP (200Nm)"},{"model":"movano__a_","value":"1202426","text":"1.9 DTI - 59kW / 80HP (170Nm)"},{"model":"movano__a_","value":"1202431","text":"2.2 DTI - 66kW / 90HP (260Nm)"},{"model":"movano__a_","value":"1202444","text":"2.5 DTI - 74kW / 101HP (260Nm)"},{"model":"movano__a_","value":"1202442","text":"2.5 DTI - 84kW / 114HP (290Nm)"},{"model":"movano__a_","value":"1202450","text":"2.5 DTI - 88kW / 120HP (300Nm)"},{"model":"movano__a_","value":"1202452","text":"2.5 DTI - 107kW / 146HP (320Nm)"},{"model":"movano__a_","value":"1202471","text":"3.0 CDTI - 100kW / 136HP (320Nm)"},{"model":"movano__b_","value":"1202474","text":"2.3 CDTI - 74kW / 101HP (285Nm)"},{"model":"movano__b_","value":"1202523","text":"2.3 CDTI - 81kW / 110HP (290Nm)"},{"model":"movano__b_","value":"1202475","text":"2.3 CDTI - 92kW / 125HP (310Nm)"},{"model":"movano__b_","value":"1202522","text":"2.3 CDTI - 96kW / 130HP (320Nm)"},{"model":"movano__b_","value":"1202476","text":"2.3 CDTI - 107kW / 146HP (350Nm)"},{"model":"movano__b_","value":"1202540","text":"2.3 CDTI BiTurbo - 107kW / 145HP (360Nm)"},{"model":"movano__b_","value":"1202530","text":"2.3 CDTI BiTurbo - 120kW / 163HP (360Nm)"},{"model":"movano__b_","value":"1202539","text":"2.3 CDTI BiTurbo - 120kW / 163HP (380Nm)"},{"model":"movano__b_","value":"1202541","text":"2.3 CDTI BiTurbo - 125kW / 170HP (380Nm)"},{"model":"movano__b_","value":"1202535","text":"2.3 CDTI BiTurbo Automat - 125kW / 170HP (380Nm)"},{"model":"movano_combi__b_","value":"1202552","text":"2.3 CDTI - 81kW / 110HP (290Nm)"},{"model":"movano_combi__b_","value":"1202551","text":"2.3 CDTI - 96kW / 130HP (320Nm)"},{"model":"movano_combi__b_","value":"1202564","text":"2.3 CDTI BiTurbo - 107kW / 145HP (360Nm)"},{"model":"movano_combi__b_","value":"1202563","text":"2.3 CDTI BiTurbo - 120kW / 163HP (380Nm)"},{"model":"movano_combi__b_","value":"1202565","text":"2.3 CDTI BiTurbo - 125kW / 170HP (380Nm)"},{"model":"movano_combi__b_","value":"1202559","text":"2.3 CDTI BiTurbo Automat - 125kW / 170HP (380Nm)"},{"model":"omega__b_","value":"1202575","text":"2.0 DTI Ecotec - 74kW / 101HP (205Nm)"},{"model":"omega__b_","value":"1202581","text":"2.0i - 100kW / 136HP (185Nm)"},{"model":"omega__b_","value":"1202578","text":"2.2 DTI Ecotec - 81kW / 110HP (280Nm)"},{"model":"signum___","value":"1202663","text":"1.8 Ecotec - 92kW / 125HP (167Nm)"},{"model":"signum___","value":"1202665","text":"1.8 Ecotec - 103kW / 140HP (175Nm)"},{"model":"signum___","value":"1202596","text":"1.9 CDTI - 74kW / 101HP (260Nm)"},{"model":"signum___","value":"1202590","text":"1.9 CDTI - 88kW / 120HP (280Nm)"},{"model":"signum___","value":"1202624","text":"1.9 CDTI Ecotec - 110kW / 150HP (320Nm)"},{"model":"signum___","value":"1202654","text":"2.0 DTI Ecotec - 74kW / 101HP (230Nm)"},{"model":"signum___","value":"1202668","text":"2.0 Turbo - 129kW / 175HP (265Nm)"},{"model":"signum___","value":"1202674","text":"2.2 Ecotec - 114kW / 155HP (220Nm)"},{"model":"signum___","value":"1202680","text":"2.8 V6 Turbo - 169kW / 230HP (330Nm)"},{"model":"signum___","value":"1202682","text":"2.8 V6 Turbo - 184kW / 250HP (350Nm)"},{"model":"signum___","value":"1202660","text":"3.0 CDTI - 135kW / 184HP (400Nm)"},{"model":"sintra___","value":"1202690","text":"2.2 DTI Ecotec - 85kW / 116HP (260Nm)"},{"model":"speedster___","value":"1202692","text":"2.0 Turbo OPC - 147kW / 200HP (267Nm)"},{"model":"speedster___","value":"1202696","text":"2.2 Ecotec - 108kW / 147HP (203Nm)"},{"model":"tigra__a_","value":"1202699","text":"1.4 Ecotec - 66kW / 90HP (125Nm)"},{"model":"tigra__a_","value":"1202707","text":"1.6 Ecotec - 78kW / 106HP (148Nm)"},{"model":"tigra_twintop__b_","value":"1202715","text":"1.3 CDTI Ecotec - 51kW / 69HP (170Nm)"},{"model":"tigra_twintop__b_","value":"1202720","text":"1.4TwinPort Ecotec - 66kW / 90HP (125Nm)"},{"model":"tigra_twintop__b_","value":"1202725","text":"1.8 Ecotec - 92kW / 125HP (165Nm)"},{"model":"vectra__b_","value":"1202750","text":"1.6 Ecotec - 74kW / 101HP (150Nm)"},{"model":"vectra__b_","value":"1202730","text":"1.7 TD - 60kW / 82HP (168Nm)"},{"model":"vectra__b_","value":"1202766","text":"1.8 Ecotec - 85kW / 116HP (170Nm)"},{"model":"vectra__b_","value":"1202762","text":"1.8 Ecotec - 86kW / 117HP (170Nm)"},{"model":"vectra__b_","value":"1202768","text":"1.8 Ecotec - 92kW / 125HP (170Nm)"},{"model":"vectra__b_","value":"1202733","text":"2.0 DI Ecotec - 60kW / 82HP (185Nm)"},{"model":"vectra__b_","value":"1202737","text":"2.0 DTI Ecotec - 74kW / 101HP (205Nm)"},{"model":"vectra__b_","value":"1202740","text":"2.0 DTI Ecotec - 74kW / 101HP (230Nm)"},{"model":"vectra__b_","value":"1202745","text":"2.2 DTI Ecotec - 88kW / 120HP (270Nm)"},{"model":"vectra__b_","value":"1202744","text":"2.2 DTI Ecotec - 92kW / 125HP (270Nm)"},{"model":"vectra__b_","value":"1202775","text":"2.2 Ecotec - 108kW / 147HP (203Nm)"},{"model":"vectra__c_","value":"1202849","text":"1.6 Ecotec - 74kW / 101HP (150Nm)"},{"model":"vectra__c_","value":"1202853","text":"1.6 TwinPort - 77kW / 105HP (150Nm)"},{"model":"vectra__c_","value":"1202857","text":"1.8 Ecotec - 90kW / 122HP (167Nm)"},{"model":"vectra__c_","value":"1202861","text":"1.8 Ecotec - 103kW / 140HP (175Nm)"},{"model":"vectra__c_","value":"1202784","text":"1.9 CDTI - 74kW / 101HP (260Nm)"},{"model":"vectra__c_","value":"1202778","text":"1.9 CDTI - 88kW / 120HP (280Nm)"},{"model":"vectra__c_","value":"1202812","text":"1.9 CDTI Ecotec - 110kW / 150HP (320Nm)"},{"model":"vectra__c_","value":"1202842","text":"2.0 DTI Ecotec - 74kW / 101HP (230Nm)"},{"model":"vectra__c_","value":"1202865","text":"2.0 Turbo - 129kW / 175HP (265Nm)"},{"model":"vectra__c_","value":"1202871","text":"2.2 Ecotec - 108kW / 147HP (203Nm)"},{"model":"vectra__c_","value":"1202872","text":"2.2 Ecotec - 114kW / 155HP (220Nm)"},{"model":"vectra__c_","value":"1202880","text":"2.4i - 110kW / 150HP (0Nm)"},{"model":"vectra__c_","value":"1202881","text":"2.8 V6 Turbo - 169kW / 230HP (330Nm)"},{"model":"vectra__c_","value":"1202882","text":"2.8 V6 Turbo - 184kW / 250HP (350Nm)"},{"model":"vectra__c_","value":"1202845","text":"3.0 CDTI - 135kW / 184HP (400Nm)"},{"model":"vita__b_","value":"1202889","text":"1.0 Ecotec - 40kW / 54HP (82Nm)"},{"model":"vita__b_","value":"1202893","text":"1.2 Ecotec - 48kW / 65HP (110Nm)"},{"model":"vita__b_","value":"1202896","text":"1.4 Ecotec - 66kW / 90HP (125Nm)"},{"model":"vita__b_","value":"1202900","text":"1.6 Ecotec GSi - 78kW / 106HP (148Nm)"},{"model":"vita__c_","value":"1202923","text":"1.0 Ecotec - 44kW / 60HP (85Nm)"},{"model":"vita__c_","value":"1202927","text":"1.0 TwinPort Ecotec - 44kW / 60HP (88Nm)"},{"model":"vita__c_","value":"1202931","text":"1.2 Ecotec - 55kW / 75HP (110Nm)"},{"model":"vita__c_","value":"1202936","text":"1.2 TwinPort  Ecotec - 59kW / 80HP (110Nm)"},{"model":"vita__c_","value":"1202907","text":"1.3 CDTI Ecotec - 51kW / 69HP (170Nm)"},{"model":"vita__c_","value":"1202938","text":"1.4 Ecotec - 66kW / 90HP (125Nm)"},{"model":"vita__c_","value":"1202942","text":"1.4TwinPort Ecotec - 66kW / 90HP (125Nm)"},{"model":"vita__c_","value":"1202946","text":"1.6 Ecotec - 69kW / 94HP (138Nm)"},{"model":"vita__c_","value":"1202911","text":"1.7 CDTI - 74kW / 101HP (240Nm)"},{"model":"vita__c_","value":"1202915","text":"1.7 DI - 48kW / 65HP (130Nm)"},{"model":"vita__c_","value":"1202919","text":"1.7 DTI - 55kW / 75HP (165Nm)"},{"model":"vita__c_","value":"1202951","text":"1.8 Ecotec Gsi - 92kW / 125HP (145Nm)"},{"model":"vivaro__a_","value":"1202957","text":"1.9 DI - 60kW / 82HP (190Nm)"},{"model":"vivaro__a_","value":"1202963","text":"1.9 dTi - 74kW / 101HP (240Nm)"},{"model":"vivaro__a_","value":"1202969","text":"2.0 CDTI - 66kW / 90HP (240Nm)"},{"model":"vivaro__a_","value":"1202970","text":"2.0 CDTI - 84kW / 114HP (290Nm)"},{"model":"vivaro__a_","value":"1202994","text":"2.5 CDTI - 107kW / 146HP (0Nm)"},{"model":"vivaro__a_","value":"1202995","text":"2.5 CDTI - 107kW / 146HP (320Nm)"},{"model":"vivaro__b_","value":"1203011","text":"1.6 BiTurbo CDTi - 66kW / 90HP (260Nm)"},{"model":"vivaro__b_","value":"1203012","text":"1.6 BiTurbo CDTi - 85kW / 116HP (300Nm)"},{"model":"vivaro__b_","value":"1203010","text":"1.6 BiTurbo CDTi - 88kW / 120HP (320Nm)"},{"model":"vivaro__b_","value":"1203019","text":"1.6 BiTurbo CDTi - 92kW / 125HP (320Nm)"},{"model":"vivaro__b_","value":"1203013","text":"1.6 BiTurbo CDTi - 103kW / 140HP (340Nm)"},{"model":"vivaro__b_","value":"1203020","text":"1.6 BiTurbo CDTi - 107kW / 146HP (340Nm)"},{"model":"vivaro__c_","value":"1203052","text":"1.5 CDTI - 74kW / 100HP (250Nm)"},{"model":"vivaro__c_","value":"1203051","text":"1.5 CDTI - 88kW / 120HP (300Nm)"},{"model":"vivaro__c_","value":"1203055","text":"2.0 CDTI - 90kW / 122HP (300Nm)"},{"model":"vivaro__c_","value":"1203056","text":"2.0 CDTI - 110kW / 150HP (370Nm)"},{"model":"vivaro__c_","value":"1203059","text":"2.0 CDTI Automat - 130kW / 177HP (400Nm)"},{"model":"vivaro_combi__c_","value":"1203062","text":"1.5 CDTI - 74kW / 100HP (250Nm)"},{"model":"vivaro_combi__c_","value":"1203061","text":"1.5 CDTI - 88kW / 120HP (300Nm)"},{"model":"vivaro_combi__c_","value":"1203065","text":"2.0 CDTI - 90kW / 122HP (300Nm)"},{"model":"vivaro_combi__c_","value":"1203066","text":"2.0 CDTI - 110kW / 150HP (370Nm)"},{"model":"vivaro_combi__c_","value":"1203069","text":"2.0 CDTI Automat - 130kW / 177HP (400Nm)"},{"model":"zafira__a_","value":"1203079","text":"1.6 Ecotec - 74kW / 101HP (150Nm)"},{"model":"zafira__a_","value":"1203087","text":"1.8 Ecotec - 85kW / 116HP (170Nm)"},{"model":"zafira__a_","value":"1203088","text":"1.8 Ecotec - 92kW / 125HP (170Nm)"},{"model":"zafira__a_","value":"1203071","text":"2.0 DI Ecotec - 60kW / 82HP (185Nm)"},{"model":"zafira__a_","value":"1203073","text":"2.0 DTI Ecotec - 74kW / 101HP (230Nm)"},{"model":"zafira__a_","value":"1203095","text":"2.0 Turbo OPC - 141kW / 192HP (267Nm)"},{"model":"zafira__a_","value":"1203096","text":"2.0 Turbo OPC - 147kW / 200HP (267Nm)"},{"model":"zafira__a_","value":"1203103","text":"2.2 Ecotec - 108kW / 147HP (203Nm)"},{"model":"zafira__b_","value":"1203245","text":"1.6 EcoM Turbo CNG - 110kW / 150HP (210Nm)"},{"model":"zafira__b_","value":"1203251","text":"1.6 Ecotec - 77kW / 105HP (150Nm)"},{"model":"zafira__b_","value":"1203259","text":"1.6 TwinPort - 77kW / 105HP (150Nm)"},{"model":"zafira__b_","value":"1203262","text":"1.6 Twinport - 85kW / 116HP (155Nm)"},{"model":"zafira__b_","value":"1203109","text":"1.7 CDTI - 81kW / 110HP (260Nm)"},{"model":"zafira__b_","value":"1203110","text":"1.7 CDTI - 92kW / 125HP (280Nm)"},{"model":"zafira__b_","value":"1203113","text":"1.7 CDTI ecoFlex - 81kW / 110HP (260Nm)"},{"model":"zafira__b_","value":"1203269","text":"1.8 Ecotec - 103kW / 140HP (175Nm)"},{"model":"zafira__b_","value":"1203118","text":"1.9 CDTI - 74kW / 101HP (260Nm)"},{"model":"zafira__b_","value":"1203125","text":"1.9 CDTI Ecotec - 74kW / 101HP (260Nm)"},{"model":"zafira__b_","value":"1203123","text":"1.9 CDTI Ecotec - 88kW / 120HP (280Nm)"},{"model":"zafira__b_","value":"1203121","text":"1.9 CDTI Ecotec - 110kW / 150HP (320Nm)"},{"model":"zafira__b_","value":"1203274","text":"2.0 Turbo - 147kW / 200HP (262Nm)"},{"model":"zafira__b_","value":"1203278","text":"2.0 Turbo OPC - 176kW / 239HP (320Nm)"},{"model":"zafira__b_","value":"1203284","text":"2.2 Ecotec - 110kW / 150HP (215Nm)"},{"model":"zafira__c_","value":"1203310","text":"1.4 Turbo - 88kW / 120HP (200Nm)"},{"model":"zafira__c_","value":"1203311","text":"1.4 Turbo - 103kW / 140HP (200Nm)"},{"model":"zafira__c_","value":"1203326","text":"1.4 Turbo ecoFLEX - 88kW / 120HP (200Nm)"},{"model":"zafira__c_","value":"1203327","text":"1.4 Turbo ecoFLEX - 103kW / 140HP (200Nm)"},{"model":"zafira__c_","value":"1203342","text":"1.6 Turbo - 125kW / 170HP (260Nm)"},{"model":"zafira__c_","value":"1203346","text":"1.6 Turbo CNG - 110kW / 150HP (210Nm)"},{"model":"zafira__c_","value":"1203351","text":"1.6 Turbo SIDI - 125kW / 170HP (260Nm)"},{"model":"zafira__c_","value":"1203290","text":"2.0 BiTurbo CDTI - 143kW / 194HP (400Nm)"},{"model":"zafira__c_","value":"1203294","text":"2.0 CDTI Ecotec - 96kW / 131HP (300Nm)"},{"model":"zafira__c_","value":"1203295","text":"2.0 CDTI Ecotec - 121kW / 165HP (350Nm)"},{"model":"zafira_life___","value":"1203355","text":"1.5 CDTI - 74kW / 100HP (250Nm)"},{"model":"zafira_life___","value":"1203354","text":"1.5 CDTI - 88kW / 120HP (300Nm)"},{"model":"zafira_life___","value":"1203358","text":"2.0 CDTI - 110kW / 150HP (370Nm)"},{"model":"zafira_life___","value":"1203360","text":"2.0 CDTI Automat - 132kW / 180HP (400Nm)"},{"model":"zafira_tourer___","value":"1203382","text":"1.6 Turbo - 125kW / 170HP (260Nm)"},{"model":"zafira_tourer___","value":"1203386","text":"1.6 Turbo CNG - 110kW / 150HP (210Nm)"},{"model":"zafira_tourer___","value":"1203391","text":"1.6 Turbo SIDI - 125kW / 170HP (260Nm)"},{"model":"zafira_tourer___","value":"1203362","text":"2.0 BiTurbo CDTI - 143kW / 194HP (400Nm)"},{"model":"zafira_tourer___","value":"1203366","text":"2.0 CDTI Ecotec - 96kW / 131HP (300Nm)"},{"model":"zafira_tourer___","value":"1203367","text":"2.0 CDTI Ecotec - 121kW / 165HP (350Nm)"}]