[{"model":"1007__a08_","value":"1203419","text":"1.4 16v - 65kW / 88HP (133Nm)"},{"model":"1007__a08_","value":"1203422","text":"1.4 8v - 55kW / 75HP (118Nm)"},{"model":"1007__a08_","value":"1203399","text":"1.4 8v HDi - 50kW / 68HP (160Nm)"},{"model":"1007__a08_","value":"1203425","text":"1.6 16v - 80kW / 109HP (147Nm)"},{"model":"1007__a08_","value":"1203409","text":"1.6 16v HDi FAP - 80kW / 109HP (245Nm)"},{"model":"106__s2_","value":"1203432","text":"1.1i - 44kW / 60HP (94Nm)"},{"model":"106__s2_","value":"1203438","text":"1.4i 8v - 55kW / 75HP (111Nm)"},{"model":"106__s2_","value":"1203444","text":"1.6i 16v GTi - 88kW / 120HP (145Nm)"},{"model":"107___","value":"1203460","text":"1.0 12v - 50kW / 68HP (93Nm)"},{"model":"107___","value":"1203454","text":"1.4 8v HDi - 40kW / 54HP (130Nm)"},{"model":"108__b3_","value":"1203470","text":"1.2 PureTech 82 - 60kW / 82HP (112Nm)"},{"model":"2008_(_1st)__","value":"1203475","text":"1.6 e-HDI - 68kW / 92HP (230Nm)"},{"model":"2008_(_2nd)__","value":"1203486","text":"1.2 PureTech 100 - 74kW / 100HP (205Nm)"},{"model":"2008_(_2nd)__","value":"1203481","text":"1.5 BlueHDI 100 - 74kW / 101HP (250Nm)"},{"model":"2008_(_2nd)__","value":"1203483","text":"1.5 BlueHDI 100 - 75kW / 102HP (250Nm)"},{"model":"2008_(_2nd)__","value":"1203484","text":"1.5 BlueHDI 130 Automat - 96kW / 131HP (300Nm)"},{"model":"2008__a94_","value":"1203494","text":"1.2 PureTech 110 - 81kW / 110HP (205Nm)"},{"model":"2008__a94_","value":"1203499","text":"1.2 PureTech 130 - 96kW / 131HP (230Nm)"},{"model":"2008__a94_","value":"1203504","text":"1.2 PureTech 82 - 60kW / 82HP (118Nm)"},{"model":"2008__a94_","value":"1203511","text":"1.6 16v VTi - 88kW / 120HP (160Nm)"},{"model":"2008__a94_","value":"1203487","text":"1.6 BlueHDi 100 FAP - 73kW / 99HP (254Nm)"},{"model":"2008__a94_","value":"1203491","text":"1.6 HDi - 84kW / 114HP (270Nm)"},{"model":"206__t1_","value":"1203547","text":"1.1i - 44kW / 60HP (0Nm)"},{"model":"206__t1_","value":"1203553","text":"1.4 - 55kW / 75HP (118Nm)"},{"model":"206__t1_","value":"1203562","text":"1.4 16v - 65kW / 88HP (133Nm)"},{"model":"206__t1_","value":"1203519","text":"1.4 8v HDi - 50kW / 68HP (150Nm)"},{"model":"206__t1_","value":"1203566","text":"1.4i - 55kW / 75HP (118Nm)"},{"model":"206__t1_","value":"1203572","text":"1.6 16v - 80kW / 109HP (147Nm)"},{"model":"206__t1_","value":"1203532","text":"1.6 16v HDi - 80kW / 109HP (240Nm)"},{"model":"206__t1_","value":"1203582","text":"1.6 8v - 65kW / 88HP (135Nm)"},{"model":"206__t1_","value":"1203585","text":"2.0 16v GT - 99kW / 135HP (190Nm)"},{"model":"206__t1_","value":"1203587","text":"2.0 16v GTi - 100kW / 136HP (190Nm)"},{"model":"206__t1_","value":"1203591","text":"2.0 16v RC - 130kW / 177HP (202Nm)"},{"model":"206__t1_","value":"1203540","text":"2.0 8v HDi - 66kW / 90HP (210Nm)"},{"model":"206_plus__t3e_","value":"1203611","text":"1.4 16v - 54kW / 73HP (118Nm)"},{"model":"206_plus__t3e_","value":"1203595","text":"1.4 8v HDi - 50kW / 68HP (150Nm)"},{"model":"207___","value":"1203624","text":"1.1i - 44kW / 60HP (0Nm)"},{"model":"207___","value":"1203625","text":"1.4  8v - 53kW / 72HP (0Nm)"},{"model":"207___","value":"1203626","text":"1.4 16v - 65kW / 88HP (0Nm)"},{"model":"207___","value":"1203614","text":"1.4 HDI - 50kW / 68HP (0Nm)"},{"model":"207___","value":"1203627","text":"1.6 16v - 79kW / 107HP (0Nm)"},{"model":"207___","value":"1203630","text":"1.6 16v THP - 110kW / 150HP (0Nm)"},{"model":"207___","value":"1203628","text":"1.6 16v THP - 110kW / 150HP (240Nm)"},{"model":"207___","value":"1203632","text":"1.6 16v THP RC - 129kW / 175HP (0Nm)"},{"model":"207___","value":"1203634","text":"1.6 16v VTI - 88kW / 120HP (0Nm)"},{"model":"207___","value":"1203633","text":"1.6 16v VTI - 88kW / 120HP (160Nm)"},{"model":"207___","value":"1203616","text":"1.6 HDI - 66kW / 90HP (0Nm)"},{"model":"207___","value":"1203617","text":"1.6 HDI - 81kW / 110HP (0Nm)"},{"model":"208_(_1st)__","value":"1203670","text":"1.0 VTi 68 - 50kW / 68HP (95Nm)"},{"model":"208_(_1st)__","value":"1203674","text":"1.0 VTi 68 - 55kW / 75HP (118Nm)"},{"model":"208_(_1st)__","value":"1203676","text":"1.2 PureTech 110 - 81kW / 110HP (205Nm)"},{"model":"208_(_1st)__","value":"1203681","text":"1.2 PureTech 82 - 60kW / 82HP (118Nm)"},{"model":"208_(_1st)__","value":"1203637","text":"1.4 HDI - 50kW / 68HP (0Nm)"},{"model":"208_(_1st)__","value":"1203641","text":"1.5 BlueHDI - 55kW / 75HP (230Nm)"},{"model":"208_(_1st)__","value":"1203642","text":"1.5 BlueHDI - 74kW / 100HP (250Nm)"},{"model":"208_(_1st)__","value":"1203689","text":"1.6 16v - 88kW / 120HP (160Nm)"},{"model":"208_(_1st)__","value":"1203691","text":"1.6 16v Gti THP - 147kW / 200HP (0Nm)"},{"model":"208_(_1st)__","value":"1203692","text":"1.6 16v THP - 114kW / 155HP (0Nm)"},{"model":"208_(_1st)__","value":"1203693","text":"1.6 16v THP GT 165 - 121kW / 165HP (240Nm)"},{"model":"208_(_1st)__","value":"1203703","text":"1.6 16v THP Gti - 155kW / 211HP (0Nm)"},{"model":"208_(_1st)__","value":"1203707","text":"1.6 16v VVT - 88kW / 120HP (0Nm)"},{"model":"208_(_1st)__","value":"1203645","text":"1.6 8v BlueHDI - 55kW / 75HP (230Nm)"},{"model":"208_(_1st)__","value":"1203647","text":"1.6 8v BlueHDI - 74kW / 100HP (250Nm)"},{"model":"208_(_1st)__","value":"1203661","text":"1.6 HDI - 68kW / 92HP (0Nm)"},{"model":"208_(_1st)__","value":"1203663","text":"1.6 HDI - 84kW / 114HP (0Nm)"},{"model":"208_(_1st)__","value":"1203662","text":"1.6 HDI - 85kW / 116HP (0Nm)"},{"model":"208_(_2nd)__","value":"1203712","text":"1.2 PureTech 100 - 74kW / 100HP (205Nm)"},{"model":"208_(_2nd)__","value":"1203714","text":"1.2 PureTech 100 Automat - 74kW / 100HP (205Nm)"},{"model":"208_(_2nd)__","value":"1203716","text":"1.2 PureTech 130 Automat - 96kW / 131HP (230Nm)"},{"model":"208_(_2nd)__","value":"1203708","text":"1.5 BlueHDI - 55kW / 75HP (230Nm)"},{"model":"208_(_2nd)__","value":"1203710","text":"1.5 BlueHDI - 74kW / 100HP (250Nm)"},{"model":"3008_(_2nd)__","value":"1203727","text":"1.2 PureTech 130 - 96kW / 131HP (230Nm)"},{"model":"3008_(_2nd)__","value":"1203717","text":"1.5 BlueHDI - 96kW / 130HP (300Nm)"},{"model":"3008_(_2nd)__","value":"1203720","text":"1.5 BlueHDI Automat - 96kW / 130HP (300Nm)"},{"model":"3008_(_2nd)__","value":"1203731","text":"1.6 16v THP PureTech Automat - 132kW / 180HP (250Nm)"},{"model":"3008_(_2nd)__","value":"1203723","text":"1.6 BlueHDI - 88kW / 120HP (300Nm)"},{"model":"3008__t8_","value":"1203749","text":"1.2 PureTech 130 - 96kW / 131HP (230Nm)"},{"model":"3008__t8_","value":"1203752","text":"1.6 16v THP - 110kW / 150HP (0Nm)"},{"model":"3008__t8_","value":"1203751","text":"1.6 16v THP - 114kW / 155HP (0Nm)"},{"model":"3008__t8_","value":"1203753","text":"1.6 16v VTI - 88kW / 120HP (160Nm)"},{"model":"3008__t8_","value":"1203733","text":"1.6 BlueHDI 120 - 88kW / 120HP (300Nm)"},{"model":"3008__t8_","value":"1203739","text":"1.6 HDI - 81kW / 110HP (0Nm)"},{"model":"3008__t8_","value":"1203741","text":"1.6 HDI - 82kW / 112HP (0Nm)"},{"model":"3008__t8_","value":"1203744","text":"2.0 BlueHDi - 110kW / 150HP (370Nm)"},{"model":"3008__t8_","value":"1203743","text":"2.0 BlueHDi - 132kW / 180HP (400Nm)"},{"model":"3008__t8_","value":"1203748","text":"2.0 HDI - 110kW / 150HP (0Nm)"},{"model":"3008__t8_","value":"1203747","text":"2.0 HDI - 121kW / 165HP (0Nm)"},{"model":"301___","value":"1203755","text":"1.2 PureTech 68 - 53kW / 72HP (110Nm)"},{"model":"301___","value":"1203763","text":"1.2 PureTech 82 - 60kW / 82HP (118Nm)"},{"model":"306___","value":"1203772","text":"1.6 16v - 72kW / 98HP (0Nm)"},{"model":"306___","value":"1203771","text":"2.0 HDI - 66kW / 90HP (0Nm)"},{"model":"307___","value":"1203785","text":"1.4  8v - 55kW / 75HP (0Nm)"},{"model":"307___","value":"1203787","text":"1.4 16v - 65kW / 88HP (0Nm)"},{"model":"307___","value":"1203773","text":"1.4 HDI - 50kW / 68HP (0Nm)"},{"model":"307___","value":"1203788","text":"1.6 16v - 80kW / 109HP (0Nm)"},{"model":"307___","value":"1203776","text":"1.6 HDI - 66kW / 90HP (0Nm)"},{"model":"307___","value":"1203774","text":"1.6 HDI - 81kW / 110HP (0Nm)"},{"model":"307___","value":"1203793","text":"2.0 - 103kW / 140HP (200Nm)"},{"model":"307___","value":"1203790","text":"2.0 16v - 100kW / 136HP (0Nm)"},{"model":"307___","value":"1203791","text":"2.0 16v - 103kW / 140HP (0Nm)"},{"model":"307___","value":"1203792","text":"2.0 16v - 114kW / 155HP (0Nm)"},{"model":"307___","value":"1203778","text":"2.0 HDI - 66kW / 90HP (0Nm)"},{"model":"307___","value":"1203777","text":"2.0 HDI - 81kW / 110HP (0Nm)"},{"model":"307___","value":"1203780","text":"2.0 HDI - 100kW / 136HP (0Nm)"},{"model":"307___","value":"1203782","text":"2.0 HDI - 100kW / 136HP (330Nm)"},{"model":"308___","value":"1203948","text":"1.6 16v THP Gti - 184kW / 250HP (330Nm)"},{"model":"308__t7_","value":"1203842","text":"1.6 16v Flex - 80kW / 109HP (0Nm)"},{"model":"308__t7_","value":"1203847","text":"1.6 16v THP - 103kW / 140HP (0Nm)"},{"model":"308__t7_","value":"1203858","text":"1.6 16v THP - 110kW / 150HP (0Nm)"},{"model":"308__t7_","value":"1203857","text":"1.6 16v THP - 115kW / 156HP (0Nm)"},{"model":"308__t7_","value":"1203849","text":"1.6 16v THP - 128kW / 174HP (0Nm)"},{"model":"308__t7_","value":"1203873","text":"1.6 16v THP GT - 128kW / 174HP (260Nm)"},{"model":"308__t7_","value":"1203881","text":"1.6 16v THP GTI - 147kW / 200HP (0Nm)"},{"model":"308__t7_","value":"1203885","text":"1.6 16v VTI - 88kW / 120HP (0Nm)"},{"model":"308__t7_","value":"1203794","text":"1.6 HDI - 66kW / 90HP (0Nm)"},{"model":"308__t7_","value":"1203806","text":"1.6 HDI - 68kW / 92HP (0Nm)"},{"model":"308__t7_","value":"1203795","text":"1.6 HDI - 81kW / 110HP (0Nm)"},{"model":"308__t7_","value":"1203830","text":"2.0 HDI - 100kW / 136HP (0Nm)"},{"model":"308__t7_","value":"1203834","text":"2.0 HDI - 110kW / 150HP (0Nm)"},{"model":"308__t7_","value":"1203833","text":"2.0 HDI - 120kW / 163HP (0Nm)"},{"model":"308__t9_","value":"1203921","text":"1.2 Puretech 110 - 81kW / 110HP (205Nm)"},{"model":"308__t9_","value":"1203927","text":"1.2 Puretech 130 - 96kW / 131HP (230Nm)"},{"model":"308__t9_","value":"1203933","text":"1.2 PureTech 82 - 60kW / 82HP (118Nm)"},{"model":"308__t9_","value":"1203890","text":"1.5 BlueHDI - 74kW / 100HP (250Nm)"},{"model":"308__t9_","value":"1203891","text":"1.5 BlueHDI - 96kW / 130HP (300Nm)"},{"model":"308__t9_","value":"1203894","text":"1.5 BlueHDI Automat - 96kW / 130HP (300Nm)"},{"model":"308__t9_","value":"1203940","text":"1.6 16v GT e-THP - 165kW / 225HP (300Nm)"},{"model":"308__t9_","value":"1203942","text":"1.6 16v GT THP - 151kW / 205HP (285Nm)"},{"model":"308__t9_","value":"1203944","text":"1.6 16v GTI e-THP - 193kW / 263HP (340Nm)"},{"model":"308__t9_","value":"1203946","text":"1.6 16v GTI THP - 199kW / 270HP (330Nm)"},{"model":"308__t9_","value":"1203896","text":"1.6 BlueHDI - 73kW / 100HP (254Nm)"},{"model":"308__t9_","value":"1203897","text":"1.6 BlueHDI - 88kW / 120HP (285Nm)"},{"model":"308__t9_","value":"1203912","text":"2.0 BlueHDi - 110kW / 150HP (370Nm)"},{"model":"308__t9_","value":"1203914","text":"2.0 BlueHDi GT - 132kW / 180HP (400Nm)"},{"model":"4007___","value":"1203956","text":"2.2 HDI - 115kW / 156HP (380Nm)"},{"model":"4007___","value":"1203958","text":"2.4 16v - 125kW / 170HP (0Nm)"},{"model":"4008___","value":"1203959","text":"1.8 e-HDi 150 - 110kW / 150HP (300Nm)"},{"model":"406___","value":"1203967","text":"2.0 16v - 100kW / 136HP (0Nm)"},{"model":"406___","value":"1203963","text":"2.0 HDI - 66kW / 90HP (0Nm)"},{"model":"406___","value":"1203964","text":"2.0 HDI - 81kW / 110HP (0Nm)"},{"model":"406___","value":"1203966","text":"2.2 HDI - 98kW / 133HP (0Nm)"},{"model":"406___","value":"1203968","text":"3.0 V6 - 151kW / 205HP (0Nm)"},{"model":"407___","value":"1203975","text":"1.6 HDI - 81kW / 110HP (0Nm)"},{"model":"407___","value":"1203976","text":"1.6 HDI - 88kW / 120HP (300Nm)"},{"model":"407___","value":"1203983","text":"2.0 16v - 100kW / 136HP (0Nm)"},{"model":"407___","value":"1203984","text":"2.0 16v - 103kW / 140HP (0Nm)"},{"model":"407___","value":"1203985","text":"2.0 16v BioFlex - 76kW / 103HP (0Nm)"},{"model":"407___","value":"1203978","text":"2.0 HDI - 100kW / 136HP (0Nm)"},{"model":"407___","value":"1203980","text":"2.0 HDI - 103kW / 140HP (0Nm)"},{"model":"407___","value":"1203981","text":"2.2 HDI - 125kW / 170HP (0Nm)"},{"model":"407___","value":"1203982","text":"2.7 V6 HDI - 150kW / 204HP (0Nm)"},{"model":"407__d2_","value":"1203970","text":"3.0 V6 24v - 155kW / 211HP (290Nm)"},{"model":"5008_(_1st)_t8_","value":"1204015","text":"1.2 PureTech 130 - 96kW / 131HP (230Nm)"},{"model":"5008_(_1st)_t8_","value":"1204017","text":"1.6 16v THP 156 - 115kW / 156HP (240Nm)"},{"model":"5008_(_1st)_t8_","value":"1204041","text":"1.6 16v VTi 120 - 88kW / 120HP (160Nm)"},{"model":"5008_(_1st)_t8_","value":"1203986","text":"1.6 BlueHDI 120 - 88kW / 120HP (300Nm)"},{"model":"5008_(_1st)_t8_","value":"1203992","text":"1.6 HDI 109 - 80kW / 109HP (240Nm)"},{"model":"5008_(_1st)_t8_","value":"1203996","text":"1.6 HDI 112 - 82kW / 112HP (270Nm)"},{"model":"5008_(_1st)_t8_","value":"1204001","text":"2.0 BlueHDI 150 - 110kW / 150HP (370Nm)"},{"model":"5008_(_1st)_t8_","value":"1204003","text":"2.0 HDI 150 - 110kW / 150HP (340Nm)"},{"model":"5008_(_1st)_t8_","value":"1204009","text":"2.0 HDI 163 - 120kW / 163HP (340Nm)"},{"model":"5008_(_2nd)_t87_","value":"1204063","text":"1.2 PureTech 130 - 96kW / 131HP (230Nm)"},{"model":"5008_(_2nd)_t87_","value":"1204048","text":"1.5 BlueHDI - 96kW / 130HP (300Nm)"},{"model":"5008_(_2nd)_t87_","value":"1204050","text":"1.5 BlueHDI Automat - 96kW / 130HP (300Nm)"},{"model":"5008_(_2nd)_t87_","value":"1204066","text":"1.6 16v THP 165 - 121kW / 165HP (240Nm)"},{"model":"5008_(_2nd)_t87_","value":"1204068","text":"1.6 16v THP PureTech 180 - 132kW / 180HP (250Nm)"},{"model":"5008_(_2nd)_t87_","value":"1204052","text":"1.6 BlueHDI 100 - 73kW / 99HP (254Nm)"},{"model":"5008_(_2nd)_t87_","value":"1204054","text":"1.6 BlueHDI 120 - 88kW / 120HP (300Nm)"},{"model":"5008_(_2nd)_t87_","value":"1204056","text":"2.0 BlueHDI 150 - 110kW / 150HP (370Nm)"},{"model":"5008_(_2nd)_t87_","value":"1204060","text":"2.0 BlueHDI 180 - 133kW / 181HP (400Nm)"},{"model":"508_(_2nd)__","value":"1204070","text":"1.5 BlueHDI - 96kW / 130HP (300Nm)"},{"model":"508_(_2nd)__","value":"1204073","text":"1.5 BlueHDI Automat - 96kW / 130HP (300Nm)"},{"model":"508_(_2nd)__","value":"1204080","text":"1.6 16v THP PureTech Automat - 165kW / 225HP (300Nm)"},{"model":"508_(_2nd)__","value":"1204076","text":"2.0 BlueHDI 150 - 110kW / 150HP (370Nm)"},{"model":"508_(_2nd)__","value":"1204078","text":"2.0 BlueHDi 160 - 118kW / 160HP (400Nm)"},{"model":"508__w2_","value":"1204101","text":"1.6 16v THP - 110kW / 150HP (0Nm)"},{"model":"508__w2_","value":"1204100","text":"1.6 16v THP - 114kW / 155HP (0Nm)"},{"model":"508__w2_","value":"1204102","text":"1.6 16v THP - 115kW / 156HP (240Nm)"},{"model":"508__w2_","value":"1204107","text":"1.6 16v THP 165 - 121kW / 165HP (240Nm)"},{"model":"508__w2_","value":"1204115","text":"1.6 16v VTI - 88kW / 120HP (160Nm)"},{"model":"508__w2_","value":"1204083","text":"1.6 HDI - 81kW / 110HP (0Nm)"},{"model":"508__w2_","value":"1204084","text":"1.6 HDI - 85kW / 116HP (0Nm)"},{"model":"508__w2_","value":"1204089","text":"2.0 BlueHDi - 110kW / 150HP (370Nm)"},{"model":"508__w2_","value":"1204088","text":"2.0 BlueHDi - 132kW / 180HP (400Nm)"},{"model":"508__w2_","value":"1204097","text":"2.0 HDI - 103kW / 140HP (0Nm)"},{"model":"508__w2_","value":"1204096","text":"2.0 HDI - 121kW / 165HP (0Nm)"},{"model":"508__w2_","value":"1204098","text":"2.2 HDI - 150kW / 204HP (0Nm)"},{"model":"508_sw_( 2nd)__","value":"1204117","text":"1.5 BlueHDI - 96kW / 130HP (300Nm)"},{"model":"508_sw_(_2nd)__","value":"1204120","text":"1.5 BlueHDI Automat - 96kW / 130HP (300Nm)"},{"model":"508_sw_(_2nd)__","value":"1204127","text":"1.6 16v THP PureTech Automat - 165kW / 225HP (300Nm)"},{"model":"508_sw_(_2nd)__","value":"1204123","text":"2.0 BlueHDI 150 - 110kW / 150HP (370Nm)"},{"model":"508_sw_(_2nd)__","value":"1204125","text":"2.0 BlueHDi 160 - 118kW / 160HP (400Nm)"},{"model":"607___","value":"1204142","text":"2.0 16v - 100kW / 136HP (0Nm)"},{"model":"607___","value":"1204136","text":"2.0 HDI - 81kW / 110HP (0Nm)"},{"model":"607___","value":"1204137","text":"2.0 HDI - 99kW / 135HP (0Nm)"},{"model":"607___","value":"1204138","text":"2.0 HDI - 100kW / 136HP (0Nm)"},{"model":"607___","value":"1204139","text":"2.2 HDI - 98kW / 133HP (0Nm)"},{"model":"607___","value":"1204140","text":"2.2 HDI - 125kW / 170HP (0Nm)"},{"model":"607___","value":"1204141","text":"2.7 V6 HDI - 151kW / 205HP (0Nm)"},{"model":"607___","value":"1204143","text":"3.0 V6 - 152kW / 207HP (0Nm)"},{"model":"607__z9_","value":"1204130","text":"3.0 V6 24v - 155kW / 211HP (290Nm)"},{"model":"806___","value":"1204145","text":"2.0 16v - 100kW / 136HP (0Nm)"},{"model":"806___","value":"1204144","text":"2.0 HDI - 81kW / 110HP (0Nm)"},{"model":"807___","value":"1204154","text":"2.0 16v - 100kW / 136HP (0Nm)"},{"model":"807___","value":"1204153","text":"2.0 16v - 103kW / 140HP (0Nm)"},{"model":"807___","value":"1204146","text":"2.0 HDI - 79kW / 107HP (0Nm)"},{"model":"807___","value":"1204147","text":"2.0 HDI - 81kW / 110HP (0Nm)"},{"model":"807___","value":"1204149","text":"2.0 HDI - 88kW / 120HP (0Nm)"},{"model":"807___","value":"1204150","text":"2.0 HDI - 121kW / 165HP (0Nm)"},{"model":"807___","value":"1204151","text":"2.2 HDI - 94kW / 128HP (0Nm)"},{"model":"807___","value":"1204152","text":"2.2 HDI - 125kW / 170HP (0Nm)"},{"model":"807___","value":"1204155","text":"3.0 V6 - 152kW / 207HP (0Nm)"},{"model":"bipper___","value":"1204156","text":"1.3 HDI - 55kW / 75HP (0Nm)"},{"model":"bipper___","value":"1204161","text":"1.4  8v - 54kW / 73HP (0Nm)"},{"model":"bipper___","value":"1204159","text":"1.4 HDI - 51kW / 69HP (0Nm)"},{"model":"boxer_(_2nd)__","value":"1204163","text":"2.0 BlueHDi - 96kW / 131HP (350Nm)"},{"model":"boxer_(_2nd)__","value":"1204162","text":"2.0 BlueHDi - 120kW / 163HP (350Nm)"},{"model":"boxer_(_2nd)__","value":"1204169","text":"2.2 HDi - 81kW / 110HP (250Nm)"},{"model":"boxer_(_2nd)__","value":"1204168","text":"2.2 HDi - 96kW / 131HP (320Nm)"},{"model":"boxer_(_2nd)__","value":"1204171","text":"2.2 HDi - 97kW / 132HP (320Nm)"},{"model":"boxer_(_2nd)__","value":"1204174","text":"2.2 HDi - 98kW / 133HP (320Nm)"},{"model":"boxer_(_2nd)__","value":"1204177","text":"2.2 HDi - 99kW / 135HP (320Nm)"},{"model":"boxer_(_2nd)__","value":"1204167","text":"2.2 HDi - 110kW / 150HP (350Nm)"},{"model":"boxer___","value":"1204190","text":"2.0  8v - 81kW / 110HP (0Nm)"},{"model":"boxer___","value":"1204179","text":"2.0 HDI - 62kW / 84HP (0Nm)"},{"model":"boxer___","value":"1204181","text":"2.2 HDI - 74kW / 101HP (0Nm)"},{"model":"boxer___","value":"1204182","text":"2.2 HDI - 88kW / 120HP (0Nm)"},{"model":"boxer___","value":"1204184","text":"2.8 HDI - 94kW / 128HP (0Nm)"},{"model":"boxer___","value":"1204186","text":"2.8 HDI - 107kW / 146HP (0Nm)"},{"model":"boxer___","value":"1204187","text":"3.0 HDI - 118kW / 160HP (0Nm)"},{"model":"boxer___","value":"1204188","text":"3.0 HDI - 129kW / 175HP (0Nm)"},{"model":"expert_(_1st)__","value":"1204193","text":"2.0 16v - 100kW / 136HP (0Nm)"},{"model":"expert_(_1st)__","value":"1204192","text":"2.0 HDI - 68kW / 92HP (0Nm)"},{"model":"expert_(_1st)__","value":"1204191","text":"2.0 HDI - 81kW / 110HP (0Nm)"},{"model":"expert_(_2nd)__","value":"1204194","text":"1.6 HDI - 66kW / 90HP (0Nm)"},{"model":"expert_(_2nd)__","value":"1204200","text":"2.0 16v - 103kW / 140HP (0Nm)"},{"model":"expert_(_2nd)__","value":"1204196","text":"2.0 HDI - 88kW / 120HP (0Nm)"},{"model":"expert_(_2nd)__","value":"1204197","text":"2.0 HDI - 100kW / 136HP (0Nm)"},{"model":"expert_(_2nd)__","value":"1204198","text":"2.0 HDI - 121kW / 165HP (0Nm)"},{"model":"expert_(_2nd)__","value":"1204199","text":"2.0 HDI - 128kW / 131HP (300Nm)"},{"model":"expert_(_3rd)__","value":"1204201","text":"1.5 BlueHDI - 88kW / 120HP (300Nm)"},{"model":"expert_(_3rd)__","value":"1204203","text":"1.5 BlueHDI Automat - 88kW / 120HP (300Nm)"},{"model":"partner_(_1st)__","value":"1204236","text":"1.4i - 55kW / 75HP (175Nm)"},{"model":"partner_(_1st)__","value":"1204206","text":"1.6 HDi - 55kW / 75HP (185Nm)"},{"model":"partner_(_1st)__","value":"1204205","text":"1.6 HDi - 66kW / 90HP (215Nm)"},{"model":"partner_(_1st)__","value":"1204239","text":"1.6i 16v - 80kW / 109HP (147Nm)"},{"model":"partner_(_1st)__","value":"1204243","text":"1.6i 16v - 81kW / 110HP (150Nm)"},{"model":"partner_(_1st)__","value":"1204227","text":"2.0 HDi - 66kW / 90HP (205Nm)"},{"model":"partner_(_2nd)__","value":"1204301","text":"1.2 PureTech 110 - 81kW / 110HP (205Nm)"},{"model":"partner_(_2nd)__","value":"1204306","text":"1.6 16v - 66kW / 90HP (132Nm)"},{"model":"partner_(_2nd)__","value":"1204305","text":"1.6 16v - 80kW / 109HP (147Nm)"},{"model":"partner_(_2nd)__","value":"1204314","text":"1.6 16v VTi - 88kW / 120HP (160Nm)"},{"model":"partner_(_2nd)__","value":"1204253","text":"1.6 BlueHDi - 72kW / 98HP (254Nm)"},{"model":"partner_(_2nd)__","value":"1204252","text":"1.6 BlueHDi - 88kW / 120HP (320Nm)"},{"model":"partner_(_2nd)__","value":"1204270","text":"1.6 HDi - 68kW / 92HP (230Nm)"},{"model":"partner_(_2nd)__","value":"1204260","text":"1.6 HDi - 80kW / 109HP (260Nm)"},{"model":"partner_(_2nd)__","value":"1204265","text":"1.6 HDi - 82kW / 112HP (240Nm)"},{"model":"partner_(_2nd)__","value":"1204269","text":"1.6 HDi - 84kW / 114HP (240Nm)"},{"model":"partner_(_3rd)__","value":"1204331","text":"1.5 BlueHDI - 55kW / 75HP (230Nm)"},{"model":"partner_(_3rd)__","value":"1204330","text":"1.5 BlueHDI - 74kW / 100HP (250Nm)"},{"model":"partner_(_3rd)__","value":"1204334","text":"1.5 BlueHDI - 96kW / 130HP (300Nm)"},{"model":"partner_(_3rd)__","value":"1204338","text":"1.5 BlueHDI Automat - 96kW / 130HP (300Nm)"},{"model":"ranch___","value":"1204346","text":"1.4  8v - 54kW / 73HP (0Nm)"},{"model":"ranch___","value":"1204347","text":"1.6 16v - 81kW / 110HP (0Nm)"},{"model":"ranch___","value":"1204340","text":"1.6 HDI - 55kW / 75HP (0Nm)"},{"model":"ranch___","value":"1204341","text":"1.6 HDI - 66kW / 90HP (0Nm)"},{"model":"ranch___","value":"1204344","text":"2.0 HDI - 66kW / 90HP (0Nm)"},{"model":"rcz__t75_","value":"1204354","text":"1.6 16v THP 155 - 115kW / 156HP (240Nm)"},{"model":"rcz__t75_","value":"1204360","text":"1.6 16v THP 200 - 147kW / 200HP (275Nm)"},{"model":"rcz__t75_","value":"1204366","text":"1.6 16v THP R - 199kW / 271HP (330Nm)"},{"model":"rcz__t75_","value":"1204348","text":"2.0 16v HDi 160 - 120kW / 163HP (340Nm)"},{"model":"rifter___","value":"1204386","text":"1.2 PureTech 110 - 81kW / 110HP (205Nm)"},{"model":"rifter___","value":"1204388","text":"1.2 Puretech 130 - 96kW / 131HP (230Nm)"},{"model":"rifter___","value":"1204373","text":"1.5 BlueHDI - 55kW / 75HP (230Nm)"},{"model":"rifter___","value":"1204379","text":"1.5 BlueHDI - 74kW / 100HP (250Nm)"},{"model":"rifter___","value":"1204372","text":"1.5 BlueHDI - 75kW / 102HP (250Nm)"},{"model":"rifter___","value":"1204378","text":"1.5 BlueHDI - 96kW / 130HP (300Nm)"},{"model":"rifter___","value":"1204383","text":"1.5 BlueHDI Automat - 96kW / 130HP (300Nm)"},{"model":"traveller___","value":"1204389","text":"1.5 BlueHDI - 88kW / 120HP (300Nm)"},{"model":"traveller___","value":"1204391","text":"1.5 BlueHDI Automat - 88kW / 120HP (300Nm)"},{"model":"traveller___","value":"1204393","text":"2.0 BlueHDI 150 - 110kW / 150HP (370Nm)"},{"model":"traveller___","value":"1204396","text":"2.0 BlueHDi 180 - 132kW / 180HP (400Nm)"}]