[{"model":"718_boxster__982_","value":"1204423","text":"2.0 16v Turbo - 220kW / 299HP (380Nm)"},{"model":"718_boxster__982_","value":"1204426","text":"2.0 16v Turbo Automat - 220kW / 299HP (380Nm)"},{"model":"718_boxster s__982_","value":"1204429","text":"2.5 16v Turbo - 257kW / 350HP (420Nm)"},{"model":"718_boxster_s__982_","value":"1204432","text":"2.5 16v Turbo Automat - 257kW / 350HP (420Nm)"},{"model":"718_cayman__982c_","value":"1204435","text":"2.0 16v Turbo - 220kW / 299HP (380Nm)"},{"model":"718_cayman__982c_","value":"1204438","text":"2.0 16v Turbo Automat - 220kW / 299HP (380Nm)"},{"model":"718_cayman s__982c_","value":"1204441","text":"2.5 16v Turbo - 257kW / 350HP (420Nm)"},{"model":"718_cayman_s__982c_","value":"1204444","text":"2.5 16v Turbo Automat - 257kW / 350HP (420Nm)"},{"model":"911_carrera__991.1_","value":"1204452","text":"3.4 24v - 257kW / 350HP (390Nm)"},{"model":"911_carrera__991.1_","value":"1204447","text":"3.4 24v Automat - 257kW / 350HP (390Nm)"},{"model":"911_carrera__991.1_","value":"1204457","text":"3.8 24v - 294kW / 400HP (440Nm)"},{"model":"911_carrera__991.2_","value":"1204462","text":"3.0 24v Turbo - 272kW / 370HP (450Nm)"},{"model":"911_carrera__996_","value":"1204465","text":"3.4 24v - 221kW / 301HP (350Nm)"},{"model":"911_carrera__996_","value":"1204474","text":"3.6 24v - 235kW / 320HP (370Nm)"},{"model":"911_carrera__996_","value":"1204473","text":"3.6 24v - 254kW / 345HP (370Nm)"},{"model":"911_carrera__997.1_","value":"1204480","text":"3.6 24v - 239kW / 325HP (370Nm)"},{"model":"911_carrera__997.2_","value":"1204484","text":"3.6 24v - 254kW / 345HP (390Nm)"},{"model":"911_carrera__997.2_","value":"1204488","text":"3.6 24v Automat - 254kW / 345HP (390Nm)"},{"model":"911_carrera 4__991.1_","value":"1204496","text":"3.4 24v - 257kW / 350HP (390Nm)"},{"model":"911_carrera_4__991.1_","value":"1204492","text":"3.4 24v Automat - 257kW / 350HP (390Nm)"},{"model":"911_carrera 4__991.2_","value":"1204500","text":"3.0 24v Turbo - 272kW / 370HP (450Nm)"},{"model":"911_carrera 4__993_","value":"1204503","text":"3.6 12v - 210kW / 286HP (340Nm)"},{"model":"911_carrera 4__996_","value":"1204510","text":"3.4 24v - 221kW / 301HP (350Nm)"},{"model":"911_carrera_4__996_","value":"1204506","text":"3.4 24v Automat - 221kW / 301HP (350Nm)"},{"model":"911_carrera_4__996_","value":"1204517","text":"3.6 24v - 235kW / 320HP (370Nm)"},{"model":"911_carrera_4__996_","value":"1204514","text":"3.6 24v - 254kW / 345HP (370Nm)"},{"model":"911_carrera 4__997.1_","value":"1204524","text":"3.6 24v - 239kW / 325HP (370Nm)"},{"model":"911_carrera_4__997.1_","value":"1204520","text":"3.6 24v Automat - 239kW / 325HP (370Nm)"},{"model":"911_carrera 4__997.2_","value":"1204528","text":"3.6 24v - 254kW / 345HP (390Nm)"},{"model":"911_carrera_4__997.2_","value":"1204532","text":"3.6 24v Automat - 254kW / 345HP (390Nm)"},{"model":"911_carrera 4 cabriolet__991.1_","value":"1204540","text":"3.4 24v - 257kW / 350HP (390Nm)"},{"model":"911_carrera_4 cabriolet__991.1_","value":"1204536","text":"3.4 24v Automat - 257kW / 350HP (390Nm)"},{"model":"911_carrera 4 cabriolet__991.2_","value":"1204544","text":"3.0 24v Turbo - 272kW / 370HP (450Nm)"},{"model":"911_carrera 4 cabriolet__996_","value":"1204554","text":"3.4 24v - 221kW / 301HP (350Nm)"},{"model":"911_carrera_4 cabriolet__996_","value":"1204547","text":"3.4 24v Automat - 221kW / 301HP (350Nm)"},{"model":"911_carrera_4_cabriolet__996_","value":"1204567","text":"3.6 24v - 235kW / 320HP (370Nm)"},{"model":"911_carrera_4_cabriolet__996_","value":"1204561","text":"3.6 24v - 254kW / 345HP (370Nm)"},{"model":"911_carrera_4_cabriolet__996_","value":"1204564","text":"3.6 24v Automat - 235kW / 320HP (370Nm)"},{"model":"911_carrera 4 cabriolet__997.1_","value":"1204574","text":"3.6 24v - 239kW / 325HP (370Nm)"},{"model":"911_carrera_4 cabriolet__997.1_","value":"1204570","text":"3.6 24v Automat - 239kW / 325HP (370Nm)"},{"model":"911_carrera 4 cabriolet__997.2_","value":"1204578","text":"3.6 24v - 254kW / 345HP (390Nm)"},{"model":"911_carrera_4 cabriolet__997.2_","value":"1204582","text":"3.6 24v Automat - 254kW / 345HP (390Nm)"},{"model":"911_carrera 4 gts__991.1_","value":"1204590","text":"3.8 24v - 316kW / 430HP (440Nm)"},{"model":"911_carrera_4 gts__991.1_","value":"1204586","text":"3.8 24v Automat - 316kW / 430HP (440Nm)"},{"model":"911_carrera 4 gts cabriolet__991.1_","value":"1204597","text":"3.8 24v - 316kW / 430HP (440Nm)"},{"model":"911_carrera_4 gts cabriolet__991.1_","value":"1204593","text":"3.8 24v Automat - 316kW / 430HP (440Nm)"},{"model":"911_carrera 4s__991.1_","value":"1204605","text":"3.8 24v - 294kW / 400HP (440Nm)"},{"model":"911_carrera_4s__991.1_","value":"1204601","text":"3.8 24v Automat - 294kW / 400HP (440Nm)"},{"model":"911_carrera 4s__991.2_","value":"1204609","text":"3.0 24v Turbo - 309kW / 420HP (500Nm)"},{"model":"911_carrera 4s__996_","value":"1204620","text":"3.6 24v - 235kW / 320HP (370Nm)"},{"model":"911_carrera_4s__996_","value":"1204612","text":"3.6 24v - 254kW / 345HP (370Nm)"},{"model":"911_carrera_4s__996_","value":"1204615","text":"3.6 24v Automat - 235kW / 320HP (370Nm)"},{"model":"911_carrera 4s__997.1_","value":"1204628","text":"3.8 24v - 261kW / 355HP (400Nm)"},{"model":"911_carrera_4s__997.1_","value":"1204625","text":"3.8 24v Automat - 261kW / 355HP (400Nm)"},{"model":"911_carrera 4s__997.2_","value":"1204631","text":"3.8 24v - 283kW / 385HP (420Nm)"},{"model":"911_carrera_4s__997.2_","value":"1204635","text":"3.8 24v Automat - 283kW / 385HP (420Nm)"},{"model":"911_carrera 4s cabriolet__991.1_","value":"1204643","text":"3.8 24v - 294kW / 400HP (440Nm)"},{"model":"911_carrera_4s cabriolet__991.1_","value":"1204639","text":"3.8 24v Automat - 294kW / 400HP (440Nm)"},{"model":"911_carrera 4s cabriolet__991.2_","value":"1204647","text":"3.0 24v Turbo - 309kW / 420HP (500Nm)"},{"model":"911_carrera 4s cabriolet__996_","value":"1204656","text":"3.6 24v - 235kW / 320HP (370Nm)"},{"model":"911_carrera_4s cabriolet__996_","value":"1204650","text":"3.6 24v - 254kW / 345HP (370Nm)"},{"model":"911_carrera_4s_cabriolet__996_","value":"1204653","text":"3.6 24v Automat - 235kW / 320HP (370Nm)"},{"model":"911_carrera 4s cabriolet__997.1_","value":"1204662","text":"3.8 24v - 261kW / 355HP (400Nm)"},{"model":"911_carrera_4s cabriolet__997.1_","value":"1204659","text":"3.8 24v Automat - 261kW / 355HP (400Nm)"},{"model":"911_carrera 4s cabriolet__997.2_","value":"1204665","text":"3.8 24v - 283kW / 385HP (420Nm)"},{"model":"911_carrera_4s cabriolet__997.2_","value":"1204669","text":"3.8 24v Automat - 283kW / 385HP (420Nm)"},{"model":"911_carrera cabriolet__991.1_","value":"1204677","text":"3.4 24v - 257kW / 350HP (390Nm)"},{"model":"911_carrera_cabriolet__991.1_","value":"1204673","text":"3.4 24v Automat - 257kW / 350HP (390Nm)"},{"model":"911_carrera cabriolet__991.2_","value":"1204681","text":"3.0 24v Turbo - 272kW / 370HP (450Nm)"},{"model":"911_carrera cabriolet__996_","value":"1204688","text":"3.4 24v - 221kW / 301HP (350Nm)"},{"model":"911_carrera_cabriolet__996_","value":"1204684","text":"3.4 24v Automat - 221kW / 301HP (350Nm)"},{"model":"911_carrera_cabriolet__996_","value":"1204693","text":"3.6 24v - 235kW / 320HP (370Nm)"},{"model":"911_carrera_cabriolet__996_","value":"1204692","text":"3.6 24v - 254kW / 345HP (370Nm)"},{"model":"911_carrera cabriolet__997.1_","value":"1204703","text":"3.6 24v - 239kW / 325HP (370Nm)"},{"model":"911_carrera_cabriolet__997.1_","value":"1204699","text":"3.6 24v Automat - 239kW / 325HP (370Nm)"},{"model":"911_carrera cabriolet__997.2_","value":"1204707","text":"3.6 24v - 254kW / 345HP (390Nm)"},{"model":"911_carrera_cabriolet__997.2_","value":"1204711","text":"3.6 24v Automat - 254kW / 345HP (390Nm)"},{"model":"911_carrera gts__991.1_","value":"1204719","text":"3.8 24v - 316kW / 430HP (440Nm)"},{"model":"911_carrera_gts__991.1_","value":"1204715","text":"3.8 24v Automat - 316kW / 430HP (440Nm)"},{"model":"911_carrera gts__997.2_","value":"1204723","text":"3.8 24v - 300kW / 408HP (420Nm)"},{"model":"911_carrera gts cabriolet__991.1_","value":"1204730","text":"3.8 24v - 316kW / 430HP (440Nm)"},{"model":"911_carrera_gts cabriolet__991.1_","value":"1204726","text":"3.8 24v Automat - 316kW / 430HP (440Nm)"},{"model":"911_carrera gts cabriolet__997.2_","value":"1204734","text":"3.8 24v - 300kW / 408HP (420Nm)"},{"model":"911_carrera s__991.1_","value":"1204741","text":"3.8 24v - 294kW / 400HP (440Nm)"},{"model":"911_carrera_s__991.1_","value":"1204737","text":"3.8 24v Automat - 294kW / 400HP (440Nm)"},{"model":"911_carrera s__991.2_","value":"1204745","text":"3.0 24v Turbo - 309kW / 420HP (500Nm)"},{"model":"911_carrera s__997.1_","value":"1204753","text":"3.8 24v - 261kW / 355HP (400Nm)"},{"model":"911_carrera_s__997.1_","value":"1204748","text":"3.8 24v Automat - 261kW / 355HP (400Nm)"},{"model":"911_carrera s__997.2_","value":"1204761","text":"3.8 24v - 283kW / 385HP (420Nm)"},{"model":"911_carrera_s__997.2_","value":"1204757","text":"3.8 24v Automat - 283kW / 385HP (420Nm)"},{"model":"911_carrera s cabriolet__991.1_","value":"1204769","text":"3.8 24v - 294kW / 400HP (440Nm)"},{"model":"911_carrera_s cabriolet__991.1_","value":"1204765","text":"3.8 24v Automat - 294kW / 400HP (440Nm)"},{"model":"911_carrera s cabriolet__991.2_","value":"1204773","text":"3.0 24v Turbo - 309kW / 420HP (500Nm)"},{"model":"911_carrera s cabriolet__997.1_","value":"1204780","text":"3.8 24v - 261kW / 355HP (400Nm)"},{"model":"911_carrera_s cabriolet__997.1_","value":"1204776","text":"3.8 24v Automat - 261kW / 355HP (400Nm)"},{"model":"911_carrera s cabriolet__997.2_","value":"1204784","text":"3.8 24v - 283kW / 385HP (420Nm)"},{"model":"911_carrera_s cabriolet__997.2_","value":"1204788","text":"3.8 24v Automat - 283kW / 385HP (420Nm)"},{"model":"911_carrera targa__996_","value":"1204793","text":"3.6 24v - 235kW / 320HP (370Nm)"},{"model":"911_carrera_targa__996_","value":"1204792","text":"3.6 24v - 254kW / 345HP (370Nm)"},{"model":"911_carrera targa 4__991.1_","value":"1204801","text":"3.4 24v - 257kW / 350HP (390Nm)"},{"model":"911_carrera_targa 4__991.1_","value":"1204799","text":"3.4 24v Automat - 257kW / 350HP (390Nm)"},{"model":"911_carrera targa 4__997.1_","value":"1204806","text":"3.6 24v - 239kW / 325HP (370Nm)"},{"model":"911_carrera_targa 4__997.1_","value":"1204803","text":"3.6 24v Automat - 239kW / 325HP (370Nm)"},{"model":"911_carrera targa 4__997.2_","value":"1204809","text":"3.6 24v - 254kW / 345HP (390Nm)"},{"model":"911_carrera_targa 4__997.2_","value":"1204813","text":"3.6 24v Automat - 254kW / 345HP (390Nm)"},{"model":"911_carrera targa 4s__991.1_","value":"1204819","text":"3.8 24v - 294kW / 400HP (440Nm)"},{"model":"911_carrera_targa 4s__991.1_","value":"1204817","text":"3.8 24v Automat - 294kW / 400HP (440Nm)"},{"model":"911_carrera targa 4s__991.2_","value":"1204821","text":"3.0 24v Turbo - 309kW / 420HP (500Nm)"},{"model":"911_carrera targa 4s__997.1_","value":"1204827","text":"3.8 24v - 261kW / 355HP (400Nm)"},{"model":"911_carrera_targa 4s__997.1_","value":"1204824","text":"3.8 24v Automat - 261kW / 355HP (400Nm)"},{"model":"911_carrera targa 4s__997.2_","value":"1204830","text":"3.8 24v - 283kW / 385HP (420Nm)"},{"model":"911_carrera_targa 4s__997.2_","value":"1204834","text":"3.8 24v Automat - 283kW / 385HP (420Nm)"},{"model":"911_carrera targa cabriolet__996_","value":"1204839","text":"3.6 24v - 235kW / 320HP (370Nm)"},{"model":"911_carrera_targa cabriolet__996_","value":"1204838","text":"3.6 24v - 254kW / 345HP (370Nm)"},{"model":"911_gt2__993_","value":"1204845","text":"3.6 12v Turbo - 316kW / 430HP (540Nm)"},{"model":"911_gt2__996_","value":"1204848","text":"3.6 24v Turbo - 340kW / 462HP (620Nm)"},{"model":"911_gt2__996_","value":"1204851","text":"3.6 Turbo 24v - 355kW / 483HP (640Nm)"},{"model":"911_gt2__997.1_","value":"1204853","text":"3.6 24v Turbo - 390kW / 530HP (680Nm)"},{"model":"911_gt2 rs__997.2_","value":"1204855","text":"3.6 24v Turbo - 456kW / 620HP (700Nm)"},{"model":"911_gt3 __991.1_","value":"1204857","text":"3.8 24v Automat - 350kW / 476HP (440Nm)"},{"model":"911_gt3 __996_","value":"1204863","text":"3.6 24v - 265kW / 360HP (347Nm)"},{"model":"911_gt3 __997.1_","value":"1204865","text":"3.6 24v - 305kW / 415HP (405Nm)"},{"model":"911_gt3 __997.2_","value":"1204868","text":"3.6 24v - 320kW / 435HP (430Nm)"},{"model":"911_gt3 rs __991.2_","value":"1204871","text":"4.0 24v Turbo Automat - 368kW / 500HP (460Nm)"},{"model":"911_gt3 rs __996_","value":"1204875","text":"3.6 24v - 280kW / 381HP (385Nm)"},{"model":"911_gt3 rs __997.2_","value":"1204878","text":"3.8 24v - 331kW / 450HP (430Nm)"},{"model":"911_gt3_rs __997.2_","value":"1204880","text":"4.0 24v - 368kW / 500HP (460Nm)"},{"model":"911_speedster__997.1_","value":"1204882","text":"3.6 24v - 239kW / 325HP (370Nm)"},{"model":"911_speedster cabriolet__997.2_","value":"1204886","text":"3.8 24v - 300kW / 408HP (420Nm)"},{"model":"911_sport classic__997.2_","value":"1204888","text":"3.8 24v - 300kW / 408HP (420Nm)"},{"model":"911_targa__993_","value":"1204898","text":"3.6 12v - 210kW / 286HP (340Nm)"},{"model":"911_targa__993_","value":"1204892","text":"3.6 12v Automat - 210kW / 286HP (340Nm)"},{"model":"911_targa 4__991.2_","value":"1204907","text":"3.0 24v Turbo - 272kW / 370HP (450Nm)"},{"model":"911_targa_4__991.2_","value":"1204904","text":"3.0 24v Turbo Automat - 272kW / 370HP (450Nm)"},{"model":"911_targa 4__993_","value":"1204913","text":"3.6 12v - 210kW / 286HP (340Nm)"},{"model":"911_targa_4__993_","value":"1204910","text":"3.6 12v Automat - 210kW / 286HP (340Nm)"},{"model":"911_targa 4 gts__991.1_","value":"1204918","text":"3.8 24v - 316kW / 430HP (440Nm)"},{"model":"911_targa_4 gts__991.1_","value":"1204916","text":"3.8 24v Automat - 316kW / 430HP (440Nm)"},{"model":"911_turbo __991.1_","value":"1204920","text":"3.8 24v Turbo Automat - 383kW / 521HP (660Nm)"},{"model":"911_turbo __991.2_","value":"1204923","text":"3.8 24v Turbo Automat - 397kW / 540HP (660Nm)"},{"model":"911_turbo __993_","value":"1204926","text":"3.6 12v Turbo - 300kW / 408HP (540Nm)"},{"model":"911_turbo __997.1_","value":"1204932","text":"3.6 24v Turbo - 353kW / 480HP (620Nm)"},{"model":"911_turbo___997.1_","value":"1204929","text":"3.6 24v Turbo Automat - 353kW / 480HP (620Nm)"},{"model":"911_turbo __997.2_","value":"1204935","text":"3.6 24v Turbo - 368kW / 500HP (650Nm)"},{"model":"911_turbo___997.2_","value":"1204940","text":"3.8 24v Turbo Automat - 368kW / 500HP (650Nm)"},{"model":"911_turbo 4__996_","value":"1204950","text":"3.6 24v Turbo - 313kW / 426HP (560Nm)"},{"model":"911_turbo_4__996_","value":"1204945","text":"3.6 24v Turbo Automat - 313kW / 426HP (560Nm)"},{"model":"911_turbo cabriolet__991.1_","value":"1204955","text":"3.8 24v Turbo Automat - 383kW / 521HP (660Nm)"},{"model":"911_turbo cabriolet__991.2_","value":"1204958","text":"3.8 24v Turbo Automat - 397kW / 540HP (660Nm)"},{"model":"911_turbo cabriolet__996_","value":"1204963","text":"3.6 24v Turbo - 313kW / 426HP (560Nm)"},{"model":"911_turbo_cabriolet__996_","value":"1204961","text":"3.6 24v Turbo Automat - 313kW / 426HP (560Nm)"},{"model":"911_turbo cabriolet__997.1_","value":"1204967","text":"3.6 24v Turbo - 353kW / 480HP (620Nm)"},{"model":"911_turbo_cabriolet__997.1_","value":"1204965","text":"3.6 24v Turbo Automat - 353kW / 480HP (620Nm)"},{"model":"911_turbo cabriolet__997.2_","value":"1204969","text":"3.8 24v Turbo - 368kW / 500HP (650Nm)"},{"model":"911_turbo_cabriolet__997.2_","value":"1204974","text":"3.8 24v Turbo Automat - 368kW / 500HP (650Nm)"},{"model":"911_turbo s__991.1_","value":"1204979","text":"3.8 24v Turbo Automat - 412kW / 560HP (700Nm)"},{"model":"911_turbo s__991.2_","value":"1204982","text":"3.8 24v Turbo Automat - 427kW / 580HP (750Nm)"},{"model":"911_turbo s__993_","value":"1204985","text":"3.6 Turbo 12v - 331kW / 450HP (540Nm)"},{"model":"911_turbo s__996_","value":"1204988","text":"3.6 24v Turbo - 335kW / 456HP (620Nm)"},{"model":"911_turbo_s__996_","value":"1204986","text":"3.6 24v Turbo Automat - 335kW / 456HP (620Nm)"},{"model":"911_turbo s__997.2_","value":"1204990","text":"3.8 24v Turbo Automat - 390kW / 530HP (700Nm)"},{"model":"911_turbo s cabriolet__991.1_","value":"1204994","text":"3.8 24v Turbo Automat - 412kW / 560HP (700Nm)"},{"model":"911_turbo s cabriolet__991.2_","value":"1204997","text":"3.8 24v Turbo Automat - 427kW / 580HP (750Nm)"},{"model":"911_turbo s cabriolet__996_","value":"1205002","text":"3.6 24v Turbo - 335kW / 456HP (620Nm)"},{"model":"911_turbo_s cabriolet__996_","value":"1205000","text":"3.6 24v Turbo Automat - 335kW / 456HP (620Nm)"},{"model":"911_turbo s cabriolet__997.2_","value":"1205004","text":"3.8 24v Turbo Automat - 390kW / 530HP (700Nm)"},{"model":"918_spyder___","value":"1205008","text":"4.6 V8 Automat - 652kW / 887HP (1280Nm)"},{"model":"boxster__981_","value":"1205014","text":"2.7 24v - 195kW / 265HP (280Nm)"},{"model":"boxster__981_","value":"1205017","text":"2.7 24v Automat - 195kW / 265HP (280Nm)"},{"model":"boxster__986_","value":"1205024","text":"2.5 24v - 150kW / 204HP (245Nm)"},{"model":"boxster__986_","value":"1205020","text":"2.5 24v Automat - 150kW / 204HP (245Nm)"},{"model":"boxster__986_","value":"1205035","text":"2.7 24v - 162kW / 220HP (260Nm)"},{"model":"boxster__986_","value":"1205038","text":"2.7 24v - 168kW / 228HP (260Nm)"},{"model":"boxster__986_","value":"1205028","text":"2.7 24v Automat - 162kW / 220HP (260Nm)"},{"model":"boxster__986_","value":"1205031","text":"2.7 24v Automat - 168kW / 228HP (260Nm)"},{"model":"boxster__987_","value":"1205049","text":"2.7 24v - 176kW / 239HP (270Nm)"},{"model":"boxster__987_","value":"1205052","text":"2.7 24v - 180kW / 245HP (273Nm)"},{"model":"boxster__987_","value":"1205042","text":"2.7 24v Automat - 176kW / 239HP (270Nm)"},{"model":"boxster__987_","value":"1205044","text":"2.7 24v Automat - 180kW / 245HP (273Nm)"},{"model":"boxster__987_","value":"1205056","text":"2.9 24v - 188kW / 256HP (290Nm)"},{"model":"boxster__987_","value":"1205059","text":"2.9 24v Automat - 188kW / 256HP (290Nm)"},{"model":"boxster_black edition__981_","value":"1205062","text":"2.7 24v - 195kW / 265HP (280Nm)"},{"model":"boxster_black_edition__981_","value":"1205064","text":"2.7 24v Automat - 195kW / 265HP (280Nm)"},{"model":"boxster_gts__981_","value":"1205066","text":"3.4 24v - 243kW / 330HP (370Nm)"},{"model":"boxster_gts__981_","value":"1205069","text":"3.4 24v Automat - 243kW / 330HP (370Nm)"},{"model":"boxster_rs 60 spyder__987_","value":"1205072","text":"3.4 24v - 223kW / 303HP (340Nm)"},{"model":"boxster_s__981_","value":"1205074","text":"3.4 24v - 232kW / 316HP (360Nm)"},{"model":"boxster_s__986_","value":"1205091","text":"3.2 24v - 185kW / 252HP (305Nm)"},{"model":"boxster_s__986_","value":"1205094","text":"3.2 24v - 191kW / 260HP (310Nm)"},{"model":"boxster_s__986_","value":"1205084","text":"3.2 24v Automat - 185kW / 252HP (305Nm)"},{"model":"boxster_s__986_","value":"1205087","text":"3.2 24v Automat - 191kW / 260HP (310Nm)"},{"model":"boxster_s__987_","value":"1205101","text":"3.2 24v - 206kW / 280HP (320Nm)"},{"model":"boxster_s__987_","value":"1205098","text":"3.2 24v Automat - 206kW / 280HP (320Nm)"},{"model":"boxster_s__987_","value":"1205104","text":"3.4 24v - 217kW / 295HP (340Nm)"},{"model":"boxster_s__987_","value":"1205107","text":"3.4 24v - 228kW / 310HP (360Nm)"},{"model":"boxster_s__987_","value":"1205111","text":"3.4 24v Automat - 217kW / 295HP (340Nm)"},{"model":"boxster_s__987_","value":"1205114","text":"3.4 24v Automat - 228kW / 310HP (360Nm)"},{"model":"boxster_s 550 spyder__986_","value":"1205118","text":"3.2 24v - 196kW / 267HP (310Nm)"},{"model":"boxster_spyder__981_","value":"1205119","text":"3.8 24v - 276kW / 375HP (420Nm)"},{"model":"boxster_spyder__987_","value":"1205121","text":"3.4 24v - 235kW / 320HP (370Nm)"},{"model":"carrera_gt__980_","value":"1205123","text":"5.7 V10 - 450kW / 612HP (590Nm)"},{"model":"cayenne__92a_","value":"1205127","text":"3.0 V6 Turbo - 245kW / 333HP (440Nm)"},{"model":"cayenne__955_","value":"1205131","text":"3.2 VR6 - 184kW / 250HP (310Nm)"},{"model":"cayenne__957_","value":"1205136","text":"3.6 VR6 - 213kW / 290HP (385Nm)"},{"model":"cayenne__958_","value":"1205144","text":"3.6 VR6 - 220kW / 299HP (400Nm)"},{"model":"cayenne__958_","value":"1205154","text":"3.6 VR6 Automat - 220kW / 299HP (400Nm)"},{"model":"cayenne__po536_","value":"1205168","text":"3.0 V6 24v Turbo Automat - 250kW / 340HP (450Nm)"},{"model":"cayenne__po536_","value":"1205172","text":"3.0 V6 24v Turbo E-Hybrid Automat - 340kW / 462HP (700Nm)"},{"model":"cayenne__po536_","value":"1205176","text":"4.0 V8 Turbo Automat - 404kW / 549HP (770Nm)"},{"model":"cayenne_diesel__957_","value":"1205184","text":"3.0 V6 TDI Automat - 176kW / 239HP (550Nm)"},{"model":"cayenne_diesel__958_","value":"1205190","text":"3.0 V6 TDI Automat - 176kW / 239HP (549Nm)"},{"model":"cayenne_diesel__958_","value":"1205195","text":"3.0 V6 TDI Automat - 180kW / 245HP (550Nm)"},{"model":"cayenne_diesel__958_","value":"1205218","text":"3.0 V6 TDI Automat - 193kW / 262HP (580Nm)"},{"model":"cayenne_e-hybrid__958_","value":"1205238","text":"3.0 V6 Automat - 306kW / 416HP (590Nm)"},{"model":"cayenne_gts__957_","value":"1205244","text":"4.8 V8 - 298kW / 405HP (500Nm)"},{"model":"cayenne_gts__958_","value":"1205248","text":"3.6 V6 Turbo Automat - 324kW / 441HP (601Nm)"},{"model":"cayenne_gts__958_","value":"1205250","text":"4.8 V8 Automat - 309kW / 420HP (515Nm)"},{"model":"cayenne_s__955_","value":"1205253","text":"4.5 V8 Automat - 250kW / 340HP (420Nm)"},{"model":"cayenne_s__957_","value":"1205259","text":"4.8 V8 - 283kW / 385HP (500Nm)"},{"model":"cayenne_s__958_","value":"1205259","text":"4.8 V8 - 283kW / 385HP (500Nm)"},{"model":"cayenne_s__po536_","value":"1205271","text":"2.9 V6 24v Turbo Automat - 324kW / 440HP (550Nm)"},{"model":"cayenne_s diesel__958_","value":"1205275","text":"4.2 V8 TDI Automat - 281kW / 382HP (880Nm)"},{"model":"cayenne_s_diesel__958_","value":"1205277","text":"4.2 V8 TDI Automat - 283kW / 385HP (850Nm)"},{"model":"cayenne_s hybrid__958_","value":"1205285","text":"3.0 V6 Automat - 245kW / 333HP (441Nm)"},{"model":"cayenne_turbo__955_","value":"1205295","text":"4.5 V8 Turbo Automat - 331kW / 450HP (620Nm)"},{"model":"cayenne_turbo__957_","value":"1205301","text":"4.8 V8 Turbo Automat - 368kW / 500HP (700Nm)"},{"model":"cayenne_turbo__958_","value":"1205305","text":"4.8 V8 Turbo Automat - 368kW / 500HP (700Nm)"},{"model":"cayenne_turbo__958_","value":"1205309","text":"4.8 V8 Turbo Automat - 382kW / 520HP (750Nm)"},{"model":"cayenne_turbo s__955_","value":"1205313","text":"4.5 V8 Turbo Automat - 383kW / 521HP (720Nm)"},{"model":"cayenne_turbo s__957_","value":"1205315","text":"4.8 V8 Turbo - 368kW / 500HP (700Nm)"},{"model":"cayenne_turbo s__958_","value":"1205319","text":"4.8 V8 Turbo Automat - 405kW / 551HP (750Nm)"},{"model":"cayenne_turbo_s__958_","value":"1205321","text":"4.8 V8 Turbo Automat - 419kW / 570HP (800Nm)"},{"model":"cayman__981c_","value":"1205323","text":"2.7 24v - 202kW / 275HP (290Nm)"},{"model":"cayman__981c_","value":"1205327","text":"2.7 24v Automat - 202kW / 275HP (290Nm)"},{"model":"cayman__987c_","value":"1205331","text":"2.7 24v - 180kW / 245HP (273Nm)"},{"model":"cayman__987c_","value":"1205335","text":"2.9 24v - 195kW / 265HP (300Nm)"},{"model":"cayman_gt4__981c_","value":"1205339","text":"3.8 24v - 283kW / 385HP (420Nm)"},{"model":"cayman_gts__981c_","value":"1205341","text":"3.4 24v - 250kW / 340HP (380Nm)"},{"model":"cayman_gts__981c_","value":"1205344","text":"3.4 24V Automat - 250kW / 340HP (380Nm)"},{"model":"cayman_r__987c_","value":"1205347","text":"3.4 24v - 243kW / 330HP (370Nm)"},{"model":"cayman_r__987c_","value":"1205350","text":"3.4 24V Automat - 243kW / 330HP (370Nm)"},{"model":"cayman_s__981c_","value":"1205353","text":"3.4 24v - 239kW / 325HP (370Nm)"},{"model":"cayman_s__981c_","value":"1205357","text":"3.4 24v Automat - 239kW / 325HP (370Nm)"},{"model":"cayman_s__987c_","value":"1205361","text":"3.4 24v - 217kW / 295HP (340Nm)"},{"model":"cayman_s__987c_","value":"1205365","text":"3.4 24v - 235kW / 320HP (370Nm)"},{"model":"cayman_s__987c_","value":"1205370","text":"3.4 24v Sport - 223kW / 303HP (340Nm)"},{"model":"macan__95b_","value":"1205375","text":"2.0 16v Turbo Automat - 174kW / 237HP (350Nm)"},{"model":"macan__95b_","value":"1205383","text":"2.0 16v Turbo Automat - 180kW / 245HP (370Nm)"},{"model":"macan__95b_","value":"1205377","text":"2.0 16v Turbo Automat - 185kW / 252HP (370Nm)"},{"model":"macan_gts__95b_","value":"1205386","text":"3.0 V6  Turbo Automat - 265kW / 360HP (500Nm)"},{"model":"macan_s__95b_","value":"1205389","text":"3.0 V6  Turbo Automat - 250kW / 340HP (460Nm)"},{"model":"macan_s__95b_","value":"1205393","text":"3.0 V6 24v Turbo Automat - 260kW / 354HP (480Nm)"},{"model":"macan_s diesel__95b_","value":"1205397","text":"3.0 V6  Turbo Automat - 155kW / 211HP (580Nm)"},{"model":"macan_s_diesel__95b_","value":"1205399","text":"3.0 V6  Turbo Automat - 184kW / 250HP (580Nm)"},{"model":"macan_s_diesel__95b_","value":"1205398","text":"3.0 V6  Turbo Automat - 190kW / 258HP (580Nm)"},{"model":"macan_turbo__95b_","value":"1205442","text":"2.9 V6 24v Turbo Automat - 324kW / 440HP (550Nm)"},{"model":"macan_turbo__95b_","value":"1205446","text":"3.0 V6  Turbo Automat - 294kW / 400HP (550Nm)"},{"model":"panamera__970_","value":"1205449","text":"3.6 V6 - 220kW / 299HP (400Nm)"},{"model":"panamera__970_","value":"1205453","text":"3.6 V6 Automat - 220kW / 299HP (400Nm)"},{"model":"panamera_4__970_","value":"1205457","text":"3.6 V6 Automat - 220kW / 299HP (400Nm)"},{"model":"panamera_4__971_","value":"1205461","text":"2.9 V6 24v Turbo E-Hybrid Automat - 340kW / 462HP (700Nm)"},{"model":"panamera_4__971_","value":"1205465","text":"3.0 V6 24v Turbo Automat - 243kW / 330HP (450Nm)"},{"model":"panamera_4s__970_","value":"1205469","text":"3.0 V6 Automat - 309kW / 420HP (520Nm)"},{"model":"panamera_4s__970_","value":"1205473","text":"4.8 V8 Automat - 294kW / 400HP (502Nm)"},{"model":"panamera_4s__971_","value":"1205478","text":"2.9 V6 24v Turbo Automat - 324kW / 440HP (550Nm)"},{"model":"panamera_4s__971_","value":"1205480","text":"2.9 V6 24v Turbo Automat - 340kW / 462HP (700Nm)"},{"model":"panamera_4s diesel__971_","value":"1205482","text":"4.0 V8 Automat - 310kW / 421HP (850Nm)"},{"model":"panamera_diesel__970_","value":"1205486","text":"3.0 V6 Automat - 184kW / 250HP (550Nm)"},{"model":"panamera_diesel__970_","value":"1205498","text":"3.0 V6 Automat - 221kW / 301HP (649Nm)"},{"model":"panamera_gts__970_","value":"1205510","text":"4.8 V8 - 316kW / 430HP (521Nm)"},{"model":"panamera_gts__971_","value":"1205515","text":"4.0 V8 Turbo Automat - 338kW / 460HP (620Nm)"},{"model":"panamera_s__970_","value":"1205517","text":"3.0 V6 Automat - 309kW / 420HP (520Nm)"},{"model":"panamera_s__970_","value":"1205520","text":"4.8 V8 - 294kW / 400HP (502Nm)"},{"model":"panamera_s__970_","value":"1205525","text":"4.8 V8 Automat - 294kW / 400HP (502Nm)"},{"model":"panamera_s e-hybrid__970_","value":"1205530","text":"3.0 V6 Automat - 306kW / 416HP (590Nm)"},{"model":"panamera_s hybrid__970_","value":"1205546","text":"3.0 V6 Automat - 283kW / 385HP (580Nm)"},{"model":"panamera_turbo__970_","value":"1205558","text":"4.8 V8 Automat - 368kW / 500HP (700Nm)"},{"model":"panamera_turbo__970_","value":"1205562","text":"4.8 V8 Automat - 382kW / 520HP (700Nm)"},{"model":"panamera_turbo__971_","value":"1205567","text":"4.0 V8 Turbo Automat - 404kW / 549HP (770Nm)"},{"model":"panamera_turbo s__970_","value":"1205575","text":"4.8 V8 Automat - 404kW / 549HP (441Nm)"},{"model":"panamera_turbo_s__970_","value":"1205577","text":"4.8 V8 Automat - 404kW / 549HP (750Nm)"},{"model":"panamera_turbo_s__970_","value":"1205578","text":"4.8 V8 Automat - 419kW / 570HP (750Nm)"},{"model":"panamera_turbo s__971_","value":"1205581","text":"4.0 V8 Turbo E-Hybrid Automat - 500kW / 680HP (770Nm)"}]