[{"model":"alaskan___","value":"1205601","text":"2.3 dCi 160 - 120kW / 163HP (403Nm)"},{"model":"alaskan___","value":"1205605","text":"2.3 dCi 190 - 140kW / 190HP (450Nm)"},{"model":"avantime___","value":"1205609","text":"2.2 dCi - 110kW / 150HP (320Nm)"},{"model":"avantime___","value":"1205611","text":"3.0 - 152kW / 207HP (285Nm)"},{"model":"captur_(_2nd)__","value":"1205613","text":"1.5 Blue dCi - 70kW / 95HP (240Nm)"},{"model":"captur_(_2nd)__","value":"1205612","text":"1.5 Blue dCi - 85kW / 115HP (260Nm)"},{"model":"captur_(_2nd)__","value":"1205616","text":"1.5 Blue dCi Automat - 85kW / 115HP (260Nm)"},{"model":"captur___","value":"1205613","text":"1.5 Blue dCi - 70kW / 95HP (240Nm)"},{"model":"captur___","value":"1205612","text":"1.5 Blue dCi - 85kW / 115HP (260Nm)"},{"model":"captur___","value":"1205616","text":"1.5 Blue dCi Automat - 85kW / 115HP (260Nm)"},{"model":"clio_(_2nd)__","value":"1205665","text":"1.2 16v - 55kW / 75HP (104Nm)"},{"model":"clio_(_2nd)__","value":"1205671","text":"1.2 8v - 43kW / 58HP (94Nm)"},{"model":"clio_(_2nd)__","value":"1205684","text":"1.4 16v - 72kW / 98HP (127Nm)"},{"model":"clio_(_2nd)__","value":"1205654","text":"1.5 dCi - 48kW / 65HP (160Nm)"},{"model":"clio_(_2nd)__","value":"1205655","text":"1.5 dCi - 59kW / 80HP (185Nm)"},{"model":"clio_(_2nd)__","value":"1205657","text":"1.5 dCi - 74kW / 101HP (200Nm)"},{"model":"clio_(_2nd)__","value":"1205697","text":"1.6 16v - 79kW / 107HP (148Nm)"},{"model":"clio_(_3rd)__","value":"1205730","text":"1.2 16v - 55kW / 75HP (105Nm)"},{"model":"clio_(_3rd)__","value":"1205738","text":"1.2 16v TCe - 74kW / 101HP (145Nm)"},{"model":"clio_(_3rd)__","value":"1205743","text":"1.4 16v - 72kW / 98HP (127Nm)"},{"model":"clio_(_3rd)__","value":"1205711","text":"1.5 dCi - 50kW / 68HP (160Nm)"},{"model":"clio_(_3rd)__","value":"1205710","text":"1.5 dCi - 63kW / 86HP (200Nm)"},{"model":"clio_(_3rd)__","value":"1205722","text":"1.5 dCi - 77kW / 105HP (240Nm)"},{"model":"clio_(_3rd)__","value":"1205747","text":"1.6 16v - 82kW / 112HP (157Nm)"},{"model":"clio_(_3rd)__","value":"1205750","text":"2.0 16v - 101kW / 137HP (194Nm)"},{"model":"clio_(_4th)__","value":"1205803","text":"0.9 TCe - 66kW / 90HP (136Nm)"},{"model":"clio_(_4th)__","value":"1205808","text":"1.2 16v - 55kW / 75HP (107Nm)"},{"model":"clio_(_4th)__","value":"1205813","text":"1.2 TCe Automat - 88kW / 120HP (190Nm)"},{"model":"clio_(_4th)__","value":"1205819","text":"1.2 TCe ENERGY - 88kW / 120HP (205Nm)"},{"model":"clio_(_4th)__","value":"1205817","text":"1.2 TCe ENERGY Automat - 88kW / 120HP (205Nm)"},{"model":"clio_(_4th)__","value":"1205754","text":"1.5 dCi - 55kW / 75HP (200Nm)"},{"model":"clio_(_4th)__","value":"1205781","text":"1.5 dCi - 63kW / 85HP (220Nm)"},{"model":"clio_(_4th)__","value":"1205753","text":"1.5 dCi - 66kW / 90HP (220Nm)"},{"model":"clio_(_4th)__","value":"1205799","text":"1.5 dCi - 81kW / 110HP (220Nm)"},{"model":"clio_(_4th)__","value":"1205801","text":"1.5 dCi - 85kW / 115HP (260Nm)"},{"model":"clio_(_4th)__","value":"1205783","text":"1.5 dCi Automat - 66kW / 90HP (220Nm)"},{"model":"clio_(_4th)__","value":"1205797","text":"1.5 dCi Automat - 85kW / 115HP (260Nm)"},{"model":"clio_(_5th)__","value":"1205822","text":"1.5 Blue dCi - 63kW / 85HP (220Nm)"},{"model":"clio_(_5th)__","value":"1205821","text":"1.5 Blue dCi - 85kW / 115HP (260Nm)"},{"model":"clio_campus_( 2nd)__","value":"1205825","text":"1.5 dCi - 50kW / 68HP (200Nm)"},{"model":"clio_campus_(_2nd)__","value":"1205826","text":"1.5 dCi - 62kW / 84HP (200Nm)"},{"model":"clio_campus evolution_( 2nd)__","value":"1205841","text":"1.2 16v eco2 - 55kW / 75HP (105Nm)"},{"model":"clio_campus_evolution_( 2nd)__","value":"1205834","text":"1.5 dCi eco2 - 51kW / 69HP (200Nm)"},{"model":"clio_campus_evolution_(_2nd)__","value":"1205833","text":"1.5 dCi eco2 - 62kW / 84HP (200Nm)"},{"model":"clio_gt_( 3rd)__","value":"1205845","text":"1.5 dCi - 77kW / 105HP (240Nm)"},{"model":"clio_gt_(_3rd)__","value":"1205850","text":"1.6 16v - 94kW / 128HP (155Nm)"},{"model":"clio_gt_( 4th)__","value":"1205855","text":"1.2 TCe Automat - 88kW / 120HP (190Nm)"},{"model":"clio_mio_( 2nd)__","value":"1205859","text":"1.0 16v Hi-Flex - 57kW / 78HP (99Nm)"},{"model":"clio_rs_( 2nd)__","value":"1205872","text":"2.0 16v RS - 124kW / 169HP (199Nm)"},{"model":"clio_rs_(_2nd)__","value":"1205863","text":"2.0 16v RS - 132kW / 180HP (199Nm)"},{"model":"clio_rs_( 3rd)__","value":"1205875","text":"2.0 16v RS - 147kW / 200HP (215Nm)"},{"model":"clio_rs_( 4th)__","value":"1205879","text":"1.6 16v TCe RS - 147kW / 200HP (240Nm)"},{"model":"clio_rs_(_4th)__","value":"1205882","text":"1.6 16v TCe RS Trophy - 162kW / 220HP (281Nm)"},{"model":"clio_rs_(_4th)__","value":"1205883","text":"1.6 16v TCe RS Trophy - 162kW / 220HP (282Nm)"},{"model":"clio_rs_(_4th)__","value":"1205884","text":"1.6 16v Turbo RS - 147kW / 200HP (240Nm)"},{"model":"duster___","value":"1205927","text":"1.2 TCe Automat - 92kW / 125HP (205Nm)"},{"model":"duster___","value":"1205932","text":"1.2 TCe AWD Automat - 92kW / 125HP (205Nm)"},{"model":"duster___","value":"1205888","text":"1.5 dCi - 63kW / 86HP (200Nm)"},{"model":"duster___","value":"1205887","text":"1.5 dCi - 66kW / 90HP (200Nm)"},{"model":"duster___","value":"1205905","text":"1.5 dCi - 66kW / 90HP (220Nm)"},{"model":"duster___","value":"1205898","text":"1.5 dCi - 79kW / 107HP (240Nm)"},{"model":"duster___","value":"1205901","text":"1.5 dCi - 81kW / 110HP (240Nm)"},{"model":"duster___","value":"1205904","text":"1.5 dCi - 81kW / 110HP (260Nm)"},{"model":"duster___","value":"1205913","text":"1.5 dCi AWD - 63kW / 86HP (200Nm)"},{"model":"duster___","value":"1205914","text":"1.5 dCi AWD - 66kW / 90HP (200Nm)"},{"model":"duster___","value":"1205935","text":"1.6 16v - 77kW / 105HP (148Nm)"},{"model":"duster___","value":"1205941","text":"1.6 16v AWD - 77kW / 105HP (148Nm)"},{"model":"duster___","value":"1205922","text":"1.6 16v LPG - 75kW / 102HP (144Nm)"},{"model":"duster___","value":"1205947","text":"2.0 MPI - 99kW / 135HP (160Nm)"},{"model":"duster___","value":"1205951","text":"2.0 MPI HiFlex - 104kW / 141HP (160Nm)"},{"model":"espace_(_3rd)__","value":"1205964","text":"2.0 16v - 103kW / 140HP (188Nm)"},{"model":"espace_(_3rd)__","value":"1205961","text":"2.0 16v Automat - 103kW / 140HP (188Nm)"},{"model":"espace_(_3rd)__","value":"1205955","text":"2.2 dCi - 85kW / 116HP (290Nm)"},{"model":"espace_(_3rd)__","value":"1205956","text":"2.2 dCi - 95kW / 129HP (290Nm)"},{"model":"espace_(_4th)__","value":"1205967","text":"1.9 dCi - 88kW / 120HP (270Nm)"},{"model":"espace_(_4th)__","value":"1206042","text":"2.0 16v Turbo - 120kW / 163HP (250Nm)"},{"model":"espace_(_4th)__","value":"1206037","text":"2.0 16v Turbo Automat - 120kW / 163HP (250Nm)"},{"model":"espace_(_4th)__","value":"1205977","text":"2.0 dCi - 96kW / 131HP (320Nm)"},{"model":"espace_(_4th)__","value":"1205973","text":"2.0 dCi - 110kW / 150HP (340Nm)"},{"model":"espace_(_4th)__","value":"1205972","text":"2.0 dCi - 127kW / 173HP (360Nm)"},{"model":"espace_(_4th)__","value":"1206022","text":"2.2 dCi - 110kW / 150HP (320Nm)"},{"model":"espace_(_4th)__","value":"1206020","text":"2.2 dCi Automat - 102kW / 139HP (320Nm)"},{"model":"espace_(_4th)__","value":"1206015","text":"2.2 dCi Automat - 110kW / 150HP (320Nm)"},{"model":"espace_(_4th)__","value":"1206027","text":"3.0 dCi Automat - 130kW / 177HP (350Nm)"},{"model":"espace_(_4th)__","value":"1206032","text":"3.0 dCi Automat - 133kW / 181HP (400Nm)"},{"model":"espace_(_5th)__","value":"1206053","text":"1.6 dCi - 96kW / 131HP (320Nm)"},{"model":"espace_(_5th)__","value":"1206047","text":"1.6 dCi Automat - 118kW / 160HP (380Nm)"},{"model":"espace_(_5th)__","value":"1206063","text":"1.6 TCe Automat - 147kW / 200HP (260Nm)"},{"model":"espace_(_5th)__","value":"1206060","text":"2.0 Blue dCi Automat - 118kW / 160HP (360Nm)"},{"model":"espace_(_5th)__","value":"1206059","text":"2.0 Blue dCi Automat - 147kW / 200HP (400Nm)"},{"model":"fluence_(_1st)__","value":"1206068","text":"1.5 dCi - 59kW / 80HP (200Nm)"},{"model":"fluence_(_1st)__","value":"1206067","text":"1.5 dCi - 63kW / 86HP (200Nm)"},{"model":"fluence_(_1st)__","value":"1206066","text":"1.5 dCi - 66kW / 90HP (200Nm)"},{"model":"fluence_(_1st)__","value":"1206079","text":"1.5 dCi - 77kW / 105HP (240Nm)"},{"model":"fluence_(_1st)__","value":"1206078","text":"1.5 dCi - 81kW / 110HP (240Nm)"},{"model":"fluence_(_1st)__","value":"1206090","text":"1.6 16v - 81kW / 110HP (150Nm)"},{"model":"fluence_(_1st)__","value":"1206086","text":"1.6 16v Automat - 78kW / 106HP (145Nm)"},{"model":"fluence_(_1st)__","value":"1206094","text":"2.0 16v - 103kW / 140HP (194Nm)"},{"model":"fluence_(_1st)__","value":"1206098","text":"2.0 16v - 103kW / 140HP (195Nm)"},{"model":"fluence_(_1st)__","value":"1206102","text":"2.0 16v CVT - 103kW / 140HP (190Nm)"},{"model":"fluence_(_2nd)__","value":"1206106","text":"1.6 dCi - 96kW / 131HP (320Nm)"},{"model":"fluence_gt_( 1st)__","value":"1206114","text":"2.0 16v TCe - 132kW / 180HP (300Nm)"},{"model":"grand_kangoo_( 2nd)__","value":"1206119","text":"1.5 dCi - 66kW / 90HP (200Nm)"},{"model":"grand_kangoo_(_2nd)__","value":"1206117","text":"1.5 dCi - 80kW / 109HP (240Nm)"},{"model":"grand_modus___","value":"1206141","text":"1.2 16v - 55kW / 75HP (105Nm)"},{"model":"grand_modus___","value":"1206135","text":"1.2 16v Automat - 55kW / 75HP (105Nm)"},{"model":"grand_modus___","value":"1206147","text":"1.2 16v TCe - 74kW / 101HP (145Nm)"},{"model":"grand_modus___","value":"1206128","text":"1.5 dCi - 65kW / 88HP (200Nm)"},{"model":"grand_modus___","value":"1206131","text":"1.5 dCi - 78kW / 106HP (240Nm)"},{"model":"grand_modus___","value":"1206159","text":"1.6 16v - 82kW / 112HP (151Nm)"},{"model":"grand_modus___","value":"1206153","text":"1.6 16v Automat - 82kW / 112HP (151Nm)"},{"model":"grand_scenic_( 2nd)__","value":"1206165","text":"1.5 dCi - 74kW / 101HP (200Nm)"},{"model":"grand_scenic_(_2nd)__","value":"1206166","text":"1.5 dCi - 78kW / 106HP (240Nm)"},{"model":"grand_scenic_(_2nd)__","value":"1206169","text":"1.6 16v - 83kW / 113HP (152Nm)"},{"model":"grand_scenic_( 3rd)__","value":"1206202","text":"1.2 TCe - 85kW / 116HP (190Nm)"},{"model":"grand_scenic_(_3rd)__","value":"1206207","text":"1.4 TCe - 96kW / 131HP (190Nm)"},{"model":"grand_scenic_(_3rd)__","value":"1206177","text":"1.5 dCi - 78kW / 106HP (200Nm)"},{"model":"grand_scenic_(_3rd)__","value":"1206175","text":"1.5 dCi - 81kW / 110HP (240Nm)"},{"model":"grand_scenic_(_3rd)__","value":"1206183","text":"1.6 dCi - 96kW / 131HP (320Nm)"},{"model":"grand_scenic_(_3rd)__","value":"1206193","text":"1.9 dCi - 96kW / 131HP (300Nm)"},{"model":"grand_scenic_(_3rd)__","value":"1206201","text":"2.0 dCi - 118kW / 160HP (380Nm)"},{"model":"grand_scenic_( 4th)__","value":"1206232","text":"1.2 TCe - 85kW / 116HP (190Nm)"},{"model":"grand_scenic_(_4th)__","value":"1206231","text":"1.2 TCe - 97kW / 132HP (205Nm)"},{"model":"grand_scenic_(_4th)__","value":"1206213","text":"1.5 dCi - 81kW / 110HP (260Nm)"},{"model":"grand_scenic_(_4th)__","value":"1206216","text":"1.6 dCi - 96kW / 131HP (320Nm)"},{"model":"grand_scenic_(_4th)__","value":"1206215","text":"1.6 dCi - 118kW / 160HP (380Nm)"},{"model":"grand_scenic_(_4th)__","value":"1206224","text":"1.7 Blue dCi - 88kW / 120HP (300Nm)"},{"model":"grand_scenic_(_4th)__","value":"1206223","text":"1.7 Blue dCi - 110kW / 150HP (340Nm)"},{"model":"grand_scenic_(_4th)__","value":"1206228","text":"1.7 Blue dCi Automat - 88kW / 120HP (300Nm)"},{"model":"grand_scenic_(_4th)__","value":"1206227","text":"1.7 Blue dCi Automat - 110kW / 150HP (340Nm)"},{"model":"grand_scenic___","value":"1206234","text":"1.4 16v TCe - 96kW / 131HP (0Nm)"},{"model":"kadjar___","value":"1206234","text":"1.4 16v TCe - 96kW / 131HP (0Nm)"},{"model":"kangoo_(_1st)__","value":"1206288","text":"1.2 16v - 55kW / 75HP (105Nm)"},{"model":"kangoo_(_1st)__","value":"1206297","text":"1.2 8v - 43kW / 58HP (93Nm)"},{"model":"kangoo_(_1st)__","value":"1206301","text":"1.4 - 55kW / 75HP (114Nm)"},{"model":"kangoo_(_1st)__","value":"1206263","text":"1.5 dCi - 48kW / 65HP (160Nm)"},{"model":"kangoo_(_1st)__","value":"1206274","text":"1.5 dCi - 50kW / 68HP (160Nm)"},{"model":"kangoo_(_1st)__","value":"1206264","text":"1.5 dCi - 60kW / 82HP (185Nm)"},{"model":"kangoo_(_1st)__","value":"1206272","text":"1.5 dCi - 62kW / 84HP (185Nm)"},{"model":"kangoo_(_1st)__","value":"1206305","text":"1.6 16v - 70kW / 95HP (148Nm)"},{"model":"kangoo_(_1st)__","value":"1206261","text":"1.6 16v CNG - 60kW / 82HP (126Nm)"},{"model":"kangoo_(_1st)__","value":"1206282","text":"1.9 dCi - 59kW / 80HP (180Nm)"},{"model":"kangoo_(_1st)__","value":"1206285","text":"1.9 dCi - 62kW / 84HP (180Nm)"},{"model":"kangoo_(_2nd)__","value":"1206369","text":"1.2 16v TCe - 84kW / 114HP (148Nm)"},{"model":"kangoo_(_2nd)__","value":"1206313","text":"1.5 dCi - 50kW / 68HP (185Nm)"},{"model":"kangoo_(_2nd)__","value":"1206332","text":"1.5 dCi - 50kW / 68HP (190Nm)"},{"model":"kangoo_(_2nd)__","value":"1206322","text":"1.5 dCi - 55kW / 75HP (180Nm)"},{"model":"kangoo_(_2nd)__","value":"1206348","text":"1.5 dCi - 55kW / 75HP (200Nm)"},{"model":"kangoo_(_2nd)__","value":"1206355","text":"1.5 dCi - 59kW / 80HP (210Nm)"},{"model":"kangoo_(_2nd)__","value":"1206312","text":"1.5 dCi - 63kW / 86HP (200Nm)"},{"model":"kangoo_(_2nd)__","value":"1206316","text":"1.5 dCi - 66kW / 90HP (200Nm)"},{"model":"kangoo_(_2nd)__","value":"1206354","text":"1.5 dCi - 70kW / 95HP (230Nm)"},{"model":"kangoo_(_2nd)__","value":"1206360","text":"1.5 dCi - 77kW / 105HP (240Nm)"},{"model":"kangoo_(_2nd)__","value":"1206330","text":"1.5 dCi - 80kW / 109HP (240Nm)"},{"model":"kangoo_(_2nd)__","value":"1206367","text":"1.5 dCi - 85kW / 115HP (260Nm)"},{"model":"kangoo_(_2nd)__","value":"1206358","text":"1.5 dCi Automat - 85kW / 115HP (260Nm)"},{"model":"kangoo_(_2nd)__","value":"1206373","text":"1.6 16v - 78kW / 106HP (148Nm)"},{"model":"kangoo_(_2nd)__","value":"1206377","text":"1.6 8v - 64kW / 87HP (128Nm)"},{"model":"kangoo_be bop_( 2nd)__","value":"1206380","text":"1.5 dCi - 77kW / 105HP (240Nm)"},{"model":"kangoo_be_bop_( 2nd)__","value":"1206382","text":"1.6 16v - 78kW / 106HP (148Nm)"},{"model":"kangoo_campus_( 1st)__","value":"1206387","text":"1.2 16v - 55kW / 75HP (105Nm)"},{"model":"kangoo_campus_(_1st)__","value":"1206384","text":"1.5 dCi - 50kW / 68HP (160Nm)"},{"model":"koleos_(_1st)__","value":"1206391","text":"2.0 dCi - 110kW / 150HP (320Nm)"},{"model":"koleos_(_1st)__","value":"1206390","text":"2.0 dCi - 127kW / 173HP (360Nm)"},{"model":"koleos_(_1st)__","value":"1206406","text":"2.0 dCi AT - 110kW / 150HP (320Nm)"},{"model":"koleos_(_1st)__","value":"1206414","text":"2.5 16v - 126kW / 171HP (226Nm)"},{"model":"koleos_(_2nd)__","value":"1206422","text":"2.0 dCi - 96kW / 131HP (320Nm)"},{"model":"koleos_(_2nd)__","value":"1206420","text":"2.0 dCi - 130kW / 177HP (380Nm)"},{"model":"koleos_(_2nd)__","value":"1206425","text":"2.0 dCi AT - 96kW / 131HP (320Nm)"},{"model":"koleos_(_2nd)__","value":"1206423","text":"2.0 dCi AT - 130kW / 177HP (380Nm)"},{"model":"kubistar___","value":"1206426","text":"1.5 dCi - 48kW / 65HP (160Nm)"},{"model":"kubistar___","value":"1206436","text":"1.5 dCi - 50kW / 68HP (160Nm)"},{"model":"kubistar___","value":"1206427","text":"1.5 dCi - 60kW / 82HP (185Nm)"},{"model":"kubistar___","value":"1206438","text":"1.5 dCi - 62kW / 84HP (185Nm)"},{"model":"kwid___","value":"1206445","text":"0.8 12V - 40kW / 54HP (72Nm)"},{"model":"laguna_(_2nd)__","value":"1206497","text":"1.6 16v - 79kW / 107HP (148Nm)"},{"model":"laguna_(_2nd)__","value":"1206505","text":"1.8 16v - 88kW / 120HP (170Nm)"},{"model":"laguna_(_2nd)__","value":"1206502","text":"1.8 16v Automat - 85kW / 116HP (168Nm)"},{"model":"laguna_(_2nd)__","value":"1206465","text":"1.9 dCi - 68kW / 92HP (230Nm)"},{"model":"laguna_(_2nd)__","value":"1206454","text":"1.9 dCi - 74kW / 101HP (200Nm)"},{"model":"laguna_(_2nd)__","value":"1206460","text":"1.9 dCi - 79kW / 107HP (250Nm)"},{"model":"laguna_(_2nd)__","value":"1206467","text":"1.9 dCi - 81kW / 110HP (260Nm)"},{"model":"laguna_(_2nd)__","value":"1206459","text":"1.9 dCi - 88kW / 120HP (270Nm)"},{"model":"laguna_(_2nd)__","value":"1206466","text":"1.9 dCi - 96kW / 131HP (300Nm)"},{"model":"laguna_(_2nd)__","value":"1206451","text":"1.9 dCi Automat - 96kW / 131HP (300Nm)"},{"model":"laguna_(_2nd)__","value":"1206513","text":"2.0 16v Turbo - 125kW / 170HP (270Nm)"},{"model":"laguna_(_2nd)__","value":"1206512","text":"2.0 16v Turbo - 150kW / 204HP (300Nm)"},{"model":"laguna_(_2nd)__","value":"1206509","text":"2.0 16v Turbo Automat - 125kW / 170HP (270Nm)"},{"model":"laguna_(_2nd)__","value":"1206474","text":"2.0 dCi - 110kW / 150HP (340Nm)"},{"model":"laguna_(_2nd)__","value":"1206475","text":"2.0 dCi - 127kW / 173HP (360Nm)"},{"model":"laguna_(_2nd)__","value":"1206490","text":"2.2 dCi - 102kW / 139HP (320Nm)"},{"model":"laguna_(_2nd)__","value":"1206487","text":"2.2 dCi - 110kW / 150HP (320Nm)"},{"model":"laguna_(_2nd)__","value":"1206479","text":"2.2 dCi Automat - 110kW / 150HP (320Nm)"},{"model":"laguna_(_2nd)__","value":"1206524","text":"3.0 V6 Automat - 152kW / 207HP (280Nm)"},{"model":"laguna_(_2nd)__","value":"1206520","text":"3.0 V6 Automat - 152kW / 207HP (285Nm)"},{"model":"laguna_(_3rd)__","value":"1206528","text":"1.5 dCi - 81kW / 110HP (240Nm)"},{"model":"laguna_(_3rd)__","value":"1206605","text":"1.6 16v - 81kW / 110HP (151Nm)"},{"model":"laguna_(_3rd)__","value":"1206609","text":"2.0 16v - 103kW / 140HP (195Nm)"},{"model":"laguna_(_3rd)__","value":"1206558","text":"2.0 dCi - 96kW / 131HP (320Nm)"},{"model":"laguna_(_3rd)__","value":"1206557","text":"2.0 dCi - 110kW / 150HP (340Nm)"},{"model":"laguna_(_3rd)__","value":"1206560","text":"2.0 dCi - 127kW / 173HP (380Nm)"},{"model":"laguna_(_3rd)__","value":"1206559","text":"2.0 dCi - 131kW / 178HP (400Nm)"},{"model":"laguna_(_3rd)__","value":"1206539","text":"2.0 dCi Automat - 110kW / 150HP (340Nm)"},{"model":"laguna_(_3rd)__","value":"1206542","text":"2.0 dCi Automat - 127kW / 173HP (360Nm)"},{"model":"laguna_(_3rd)__","value":"1206599","text":"3.0 V6 dCi - 173kW / 235HP (450Nm)"},{"model":"laguna_(_3rd)__","value":"1206613","text":"3.5 V6 24v - 175kW / 238HP (238Nm)"},{"model":"logan___","value":"1206666","text":"0.9 TCe - 66kW / 90HP (135Nm)"},{"model":"logan___","value":"1206668","text":"0.9 TCe - 66kW / 90HP (140Nm)"},{"model":"logan___","value":"1206669","text":"0.9 TCe - 71kW / 97HP (150Nm)"},{"model":"logan___","value":"1206663","text":"0.9 TCe Automat - 71kW / 97HP (150Nm)"},{"model":"logan___","value":"1206660","text":"0.9 TCe LPG - 66kW / 90HP (140Nm)"},{"model":"logan___","value":"1206672","text":"1.2 16v - 55kW / 75HP (107Nm)"},{"model":"logan___","value":"1206678","text":"1.4 MPI - 55kW / 75HP (112Nm)"},{"model":"logan___","value":"1206618","text":"1.5 dCi - 48kW / 65HP (160Nm)"},{"model":"logan___","value":"1206620","text":"1.5 dCi - 50kW / 68HP (160Nm)"},{"model":"logan___","value":"1206631","text":"1.5 dCi - 55kW / 75HP (200Nm)"},{"model":"logan___","value":"1206622","text":"1.5 dCi - 63kW / 86HP (200Nm)"},{"model":"logan___","value":"1206627","text":"1.5 dCi - 65kW / 88HP (200Nm)"},{"model":"logan___","value":"1206636","text":"1.5 dCi - 66kW / 90HP (200Nm)"},{"model":"logan___","value":"1206645","text":"1.5 dCi - 66kW / 90HP (220Nm)"},{"model":"logan___","value":"1206692","text":"1.6 16v - 77kW / 105HP (148Nm)"},{"model":"logan___","value":"1206699","text":"1.6 MPI - 64kW / 87HP (128Nm)"},{"model":"mascott___","value":"1206708","text":"3.0 DXi - 85kW / 116HP (270Nm)"},{"model":"mascott___","value":"1206717","text":"3.0 DXi - 96kW / 131HP (300Nm)"},{"model":"mascott___","value":"1206716","text":"3.0 DXi - 110kW / 150HP (350Nm)"},{"model":"mascott___","value":"1206707","text":"3.0 DXi - 115kW / 156HP (350Nm)"},{"model":"master_(_2nd)__","value":"1206725","text":"1.9 dCi - 60kW / 82HP (200Nm)"},{"model":"master_(_2nd)__","value":"1206729","text":"2.2 dCi - 66kW / 90HP (260Nm)"},{"model":"master_(_2nd)__","value":"1206733","text":"2.5 dCi - 73kW / 99HP (260Nm)"},{"model":"master_(_2nd)__","value":"1206739","text":"2.5 dCi - 74kW / 101HP (260Nm)"},{"model":"master_(_2nd)__","value":"1206737","text":"2.5 dCi - 84kW / 114HP (290Nm)"},{"model":"master_(_2nd)__","value":"1206740","text":"2.5 dCi - 88kW / 120HP (300Nm)"},{"model":"master_(_2nd)__","value":"1206751","text":"3.0 dCi - 100kW / 136HP (320Nm)"},{"model":"master_(_2nd)__","value":"1206752","text":"3.0 dCi - 115kW / 156HP (360Nm)"},{"model":"master_(_3rd)__","value":"1206773","text":"2.3 dCi - 74kW / 101HP (285Nm)"},{"model":"master_(_3rd)__","value":"1206786","text":"2.3 dCi - 81kW / 110HP (290Nm)"},{"model":"master_(_3rd)__","value":"1206763","text":"2.3 dCi - 92kW / 125HP (310Nm)"},{"model":"master_(_3rd)__","value":"1206793","text":"2.3 dCi - 96kW / 131HP (330Nm)"},{"model":"master_(_3rd)__","value":"1206759","text":"2.3 dCi - 107kW / 146HP (350Nm)"},{"model":"master_(_3rd)__","value":"1206788","text":"2.3 dCi - 107kW / 146HP (360Nm)"},{"model":"master_(_3rd)__","value":"1206780","text":"2.3 dCi - 110kW / 150HP (350Nm)"},{"model":"master_(_3rd)__","value":"1206787","text":"2.3 dCi - 120kW / 163HP (360Nm)"},{"model":"master_(_3rd)__","value":"1206794","text":"2.3 dCi - 125kW / 170HP (380Nm)"},{"model":"master_(_3rd)__","value":"1206767","text":"2.3 dCi Automat - 110kW / 150HP (350Nm)"},{"model":"megane_(_1st)__","value":"1206801","text":"1.4 16v - 70kW / 95HP (127Nm)"},{"model":"megane_(_1st)__","value":"1206806","text":"1.6 16v - 79kW / 107HP (148Nm)"},{"model":"megane_(_1st)__","value":"1206811","text":"1.8 16v - 85kW / 116HP (158Nm)"},{"model":"megane_(_1st)__","value":"1206798","text":"1.9 dCi - 75kW / 102HP (200Nm)"},{"model":"megane_(_2nd)__","value":"1206846","text":"1.4 16v - 60kW / 82HP (127Nm)"},{"model":"megane_(_2nd)__","value":"1206847","text":"1.4 16v - 72kW / 98HP (127Nm)"},{"model":"megane_(_2nd)__","value":"1206814","text":"1.5 dCi - 60kW / 82HP (185Nm)"},{"model":"megane_(_2nd)__","value":"1206820","text":"1.5 dCi - 63kW / 86HP (200Nm)"},{"model":"megane_(_2nd)__","value":"1206815","text":"1.5 dCi - 74kW / 101HP (200Nm)"},{"model":"megane_(_2nd)__","value":"1206826","text":"1.5 dCi - 78kW / 106HP (240Nm)"},{"model":"megane_(_2nd)__","value":"1206831","text":"1.9 dCi - 88kW / 120HP (300Nm)"},{"model":"megane_(_2nd)__","value":"1206835","text":"1.9 dCi - 96kW / 131HP (300Nm)"},{"model":"megane_(_2nd)__","value":"1206860","text":"2.0 16v - 99kW / 135HP (190Nm)"},{"model":"megane_(_2nd)__","value":"1206868","text":"2.0 16v Turbo - 120kW / 163HP (270Nm)"},{"model":"megane_(_2nd)__","value":"1206841","text":"2.0 dCi - 110kW / 150HP (340Nm)"},{"model":"megane_(_3rd)__","value":"1206930","text":"1.2 TCe - 85kW / 116HP (190Nm)"},{"model":"megane_(_3rd)__","value":"1206935","text":"1.4 TCe - 96kW / 131HP (190Nm)"},{"model":"megane_(_3rd)__","value":"1206871","text":"1.5 dCi - 66kW / 90HP (200Nm)"},{"model":"megane_(_3rd)__","value":"1206887","text":"1.5 dCi - 78kW / 106HP (240Nm)"},{"model":"megane_(_3rd)__","value":"1206879","text":"1.5 dCi - 81kW / 110HP (240Nm)"},{"model":"megane_(_3rd)__","value":"1206886","text":"1.5 dCi - 81kW / 110HP (260Nm)"},{"model":"megane_(_3rd)__","value":"1206877","text":"1.5 dCi Automat - 81kW / 110HP (240Nm)"},{"model":"megane_(_3rd)__","value":"1206940","text":"1.6 16v - 81kW / 110HP (150Nm)"},{"model":"megane_(_3rd)__","value":"1206893","text":"1.6 dCi - 95kW / 129HP (320Nm)"},{"model":"megane_(_3rd)__","value":"1206897","text":"1.6 dCi ECO - 96kW / 131HP (320Nm)"},{"model":"megane_(_3rd)__","value":"1206907","text":"1.9 dCi - 97kW / 132HP (300Nm)"},{"model":"megane_(_3rd)__","value":"1206916","text":"2.0 dCi - 110kW / 150HP (360Nm)"},{"model":"megane_(_3rd)__","value":"1206912","text":"2.0 dCi - 118kW / 160HP (380Nm)"},{"model":"megane_(_3rd)__","value":"1206922","text":"2.0 dCi - 120kW / 163HP (380Nm)"},{"model":"megane_(_3rd)__","value":"1206947","text":"2.0 TCe - 132kW / 180HP (300Nm)"},{"model":"megane_(_3rd)__","value":"1206950","text":"2.0 TCe - 162kW / 220HP (340Nm)"},{"model":"megane_(_4th)__","value":"1206975","text":"1.2 TCe - 96kW / 131HP (205Nm)"},{"model":"megane_(_4th)__","value":"1206977","text":"1.2 TCe Automat - 96kW / 131HP (205Nm)"},{"model":"megane_(_4th)__","value":"1206959","text":"1.5 dCi - 81kW / 110HP (260Nm)"},{"model":"megane_(_4th)__","value":"1206961","text":"1.5 dCi - 85kW / 115HP (260Nm)"},{"model":"megane_(_4th)__","value":"1206955","text":"1.5 dCi Automat - 81kW / 110HP (260Nm)"},{"model":"megane_(_4th)__","value":"1206957","text":"1.5 dCi Automat - 85kW / 115HP (260Nm)"},{"model":"megane_(_4th)__","value":"1206967","text":"1.6 dCi - 96kW / 131HP (320Nm)"},{"model":"megane_(_4th)__","value":"1206963","text":"1.6 dCi Automat - 120kW / 163HP (380Nm)"},{"model":"megane_(_4th)__","value":"1206971","text":"1.7 Blue dCi - 110kW / 150HP (340Nm)"},{"model":"megane_(_4th)__","value":"1206973","text":"1.7 Blue dCi Automat - 110kW / 150HP (340Nm)"},{"model":"megane_grand coup?_( 4th)__","value":"1206981","text":"1.5 dCi - 85kW / 115HP (260Nm)"},{"model":"megane_grand_coup?_( 4th)__","value":"1206979","text":"1.5 dCi Automat - 85kW / 115HP (260Nm)"},{"model":"megane_grand_coup?_(_4th)__","value":"1206983","text":"1.7 Blue dCi - 110kW / 150HP (340Nm)"},{"model":"megane_grand_coup?_(_4th)__","value":"1206985","text":"1.7 Blue dCi Automat - 110kW / 150HP (340Nm)"},{"model":"megane_gt_( 3rd)__","value":"1206987","text":"2.0 16v Turbo 220 - 162kW / 220HP (340Nm)"},{"model":"megane_gt_( 4th)__","value":"1206991","text":"1.6 dCi Automat - 121kW / 165HP (380Nm)"},{"model":"megane_gt_(_4th)__","value":"1206995","text":"1.6 TCe Automat - 151kW / 205HP (280Nm)"},{"model":"megane_rs_( 2nd)__","value":"1207000","text":"2.0 16v RS - 165kW / 224HP (300Nm)"},{"model":"megane_rs_(_2nd)__","value":"1207005","text":"2.0 16v RS F1 Team R26 - 169kW / 230HP (310Nm)"},{"model":"megane_rs_(_2nd)__","value":"1206998","text":"2.0 dCi - 129kW / 175HP (360Nm)"},{"model":"megane_rs_( 3rd)__","value":"1207007","text":"2.0 16v RS - 184kW / 250HP (340Nm)"},{"model":"megane_rs_(_3rd)__","value":"1207010","text":"2.0 16v RS - 195kW / 265HP (360Nm)"},{"model":"megane_rs_(_3rd)__","value":"1207015","text":"2.0 16v RS Trophy - 195kW / 265HP (360Nm)"},{"model":"megane_rs_(_3rd)__","value":"1207017","text":"2.0 16v RS Trophy 275 - 202kW / 275HP (360Nm)"},{"model":"megane_sporter_( 4th)__","value":"1207021","text":"1.5 dCi - 85kW / 115HP (260Nm)"},{"model":"megane_sporter_(_4th)__","value":"1207019","text":"1.5 dCi Automat - 85kW / 115HP (260Nm)"},{"model":"megane_sporter_(_4th)__","value":"1207023","text":"1.7 Blue dCi - 110kW / 150HP (340Nm)"},{"model":"megane_sporter_(_4th)__","value":"1207025","text":"1.7 Blue dCi Automat - 110kW / 150HP (340Nm)"},{"model":"modus___","value":"1207036","text":"1.2 16v - 55kW / 75HP (104Nm)"},{"model":"modus___","value":"1207046","text":"1.2 16v TCe - 65kW / 88HP (200Nm)"},{"model":"modus___","value":"1207045","text":"1.2 16v TCe - 74kW / 101HP (145Nm)"},{"model":"modus___","value":"1207052","text":"1.4 16v - 74kW / 101HP (127Nm)"},{"model":"modus___","value":"1207031","text":"1.5 dCi - 63kW / 86HP (200Nm)"},{"model":"modus___","value":"1207030","text":"1.5 dCi - 78kW / 106HP (240Nm)"},{"model":"modus___","value":"1207027","text":"1.5 dCi Automat - 63kW / 86HP (200Nm)"},{"model":"modus___","value":"1207060","text":"1.6 16v - 83kW / 113HP (151Nm)"},{"model":"modus___","value":"1207056","text":"1.6 16v Automat - 83kW / 113HP (151Nm)"},{"model":"primastar___","value":"1207064","text":"2.0 dCi - 66kW / 90HP (242Nm)"},{"model":"primastar___","value":"1207065","text":"2.0 dCi - 84kW / 114HP (290Nm)"},{"model":"primastar___","value":"1207079","text":"2.5 dCi - 107kW / 146HP (320Nm)"},{"model":"pulse___","value":"1207086","text":"1.5 dCi - 47kW / 64HP (160Nm)"},{"model":"safrane___","value":"1207087","text":"2.3 V6 - 125kW / 170HP (226Nm)"},{"model":"sandero___","value":"1207138","text":"0.9 TCe - 66kW / 90HP (135Nm)"},{"model":"sandero___","value":"1207140","text":"0.9 TCe - 66kW / 90HP (140Nm)"},{"model":"sandero___","value":"1207141","text":"0.9 TCe - 71kW / 97HP (150Nm)"},{"model":"sandero___","value":"1207135","text":"0.9 TCe Automat - 71kW / 97HP (150Nm)"},{"model":"sandero___","value":"1207125","text":"0.9 TCe LPG - 66kW / 90HP (140Nm)"},{"model":"sandero___","value":"1207144","text":"1.0 - 56kW / 76HP (0Nm)"},{"model":"sandero___","value":"1207146","text":"1.2 16v - 55kW / 75HP (107Nm)"},{"model":"sandero___","value":"1207128","text":"1.2 16v LPG - 53kW / 72HP (103Nm)"},{"model":"sandero___","value":"1207153","text":"1.4 MPI - 55kW / 75HP (112Nm)"},{"model":"sandero___","value":"1207133","text":"1.4 MPI LPG - 55kW / 75HP (112Nm)"},{"model":"sandero___","value":"1207089","text":"1.5 dCi - 50kW / 68HP (160Nm)"},{"model":"sandero___","value":"1207096","text":"1.5 dCi - 55kW / 75HP (200Nm)"},{"model":"sandero___","value":"1207088","text":"1.5 dCi - 63kW / 86HP (200Nm)"},{"model":"sandero___","value":"1207092","text":"1.5 dCi - 65kW / 88HP (200Nm)"},{"model":"sandero___","value":"1207101","text":"1.5 dCi - 66kW / 90HP (200Nm)"},{"model":"sandero___","value":"1207110","text":"1.5 dCi - 66kW / 90HP (220Nm)"},{"model":"sandero___","value":"1207157","text":"1.6  8v Flex - 64kW / 87HP (0Nm)"},{"model":"sandero___","value":"1207158","text":"1.6 16v - 77kW / 105HP (148Nm)"},{"model":"sandero___","value":"1207160","text":"1.6 MPI - 64kW / 87HP (128Nm)"},{"model":"sandero_stepway___","value":"1207190","text":"0.9 TCe - 66kW / 90HP (135Nm)"},{"model":"sandero_stepway___","value":"1207192","text":"0.9 TCe - 66kW / 90HP (140Nm)"},{"model":"sandero_stepway___","value":"1207193","text":"0.9 TCe - 71kW / 97HP (150Nm)"},{"model":"sandero_stepway___","value":"1207187","text":"0.9 TCe Automat - 71kW / 97HP (150Nm)"},{"model":"sandero_stepway___","value":"1207183","text":"0.9 TCe LPG - 66kW / 90HP (140Nm)"},{"model":"sandero_stepway___","value":"1207165","text":"1.5 dCi - 50kW / 68HP (160Nm)"},{"model":"sandero_stepway___","value":"1207167","text":"1.5 dCi - 65kW / 88HP (200Nm)"},{"model":"sandero_stepway___","value":"1207169","text":"1.5 dCi - 66kW / 90HP (200Nm)"},{"model":"sandero_stepway___","value":"1207173","text":"1.5 dCi - 66kW / 90HP (220Nm)"},{"model":"sandero_stepway___","value":"1207196","text":"1.6 MPI - 64kW / 87HP (128Nm)"},{"model":"sandero_stepway___","value":"1207186","text":"1.6 MPI LPG - 60kW / 82HP (131Nm)"},{"model":"scenic_(_1st)__","value":"1207208","text":"1.4 16v - 70kW / 95HP (127Nm)"},{"model":"scenic_(_1st)__","value":"1207213","text":"1.6 16v - 79kW / 107HP (148Nm)"},{"model":"scenic_(_1st)__","value":"1207200","text":"1.9 dCi - 75kW / 102HP (200Nm)"},{"model":"scenic_(_1st)__","value":"1207218","text":"2.0 16v - 102kW / 140HP (188Nm)"},{"model":"scenic_(_2nd)__","value":"1207228","text":"1.5 dCi - 60kW / 82HP (185Nm)"},{"model":"scenic_(_2nd)__","value":"1207232","text":"1.5 dCi - 63kW / 86HP (200Nm)"},{"model":"scenic_(_2nd)__","value":"1207229","text":"1.5 dCi - 74kW / 101HP (200Nm)"},{"model":"scenic_(_2nd)__","value":"1207231","text":"1.5 dCi - 78kW / 106HP (240Nm)"},{"model":"scenic_(_2nd)__","value":"1207259","text":"1.6 16v - 83kW / 113HP (152Nm)"},{"model":"scenic_(_2nd)__","value":"1207239","text":"1.9 dCi - 88kW / 120HP (300Nm)"},{"model":"scenic_(_2nd)__","value":"1207241","text":"1.9 dCi - 96kW / 131HP (300Nm)"},{"model":"scenic_(_2nd)__","value":"1207257","text":"2.0 dCi - 110kW / 150HP (340Nm)"},{"model":"scenic_(_3rd)__","value":"1207285","text":"1.2 TCe - 85kW / 116HP (190Nm)"},{"model":"scenic_(_3rd)__","value":"1207290","text":"1.4 TCe - 96kW / 131HP (190Nm)"},{"model":"scenic_(_3rd)__","value":"1207268","text":"1.5 dCi - 78kW / 106HP (200Nm)"},{"model":"scenic_(_3rd)__","value":"1207266","text":"1.5 dCi - 81kW / 110HP (240Nm)"},{"model":"scenic_(_3rd)__","value":"1207274","text":"1.6 dCi - 96kW / 131HP (320Nm)"},{"model":"scenic_(_3rd)__","value":"1207284","text":"2.0 dCi - 118kW / 160HP (380Nm)"},{"model":"scenic_(_4th)__","value":"1207317","text":"1.2 TCe - 85kW / 116HP (190Nm)"},{"model":"scenic_(_4th)__","value":"1207316","text":"1.2 TCe - 97kW / 132HP (205Nm)"},{"model":"scenic_(_4th)__","value":"1207298","text":"1.5 dCi - 81kW / 110HP (260Nm)"},{"model":"scenic_(_4th)__","value":"1207301","text":"1.6 dCi - 96kW / 131HP (320Nm)"},{"model":"scenic_(_4th)__","value":"1207300","text":"1.6 dCi - 118kW / 160HP (380Nm)"},{"model":"scenic_(_4th)__","value":"1207309","text":"1.7 Blue dCi - 88kW / 120HP (300Nm)"},{"model":"scenic_(_4th)__","value":"1207308","text":"1.7 Blue dCi - 110kW / 150HP (340Nm)"},{"model":"scenic_(_4th)__","value":"1207313","text":"1.7 Blue dCi Automat - 88kW / 120HP (300Nm)"},{"model":"scenic_(_4th)__","value":"1207312","text":"1.7 Blue dCi Automat - 110kW / 150HP (340Nm)"},{"model":"scenic_x-mod_( 3rd)__","value":"1207329","text":"1.2 TCe - 85kW / 116HP (190Nm)"},{"model":"scenic_x-mod_(_3rd)__","value":"1207330","text":"1.2 TCe - 97kW / 132HP (205Nm)"},{"model":"scenic_x-mod_(_3rd)__","value":"1207320","text":"1.5 dCi - 81kW / 110HP (240Nm)"},{"model":"scenic_x-mod_(_3rd)__","value":"1207321","text":"1.5 dCi - 81kW / 110HP (260Nm)"},{"model":"scenic_x-mod_(_3rd)__","value":"1207325","text":"1.6 dCi - 96kW / 131HP (320Nm)"},{"model":"symbol_(_2nd)__","value":"1207334","text":"1.4 16v - 72kW / 98HP (127Nm)"},{"model":"symbol_(_2nd)__","value":"1207339","text":"1.6 16v - 85kW / 116HP (157Nm)"},{"model":"symbol_(_2nd)__","value":"1207346","text":"1.6 16v Hi-Flex - 85kW / 116HP (157Nm)"},{"model":"symbol_(_2nd)__","value":"1207351","text":"1.6 8v - 70kW / 95HP (138Nm)"},{"model":"symbol_(_3rd)__","value":"1207363","text":"1.5 dCi - 55kW / 75HP (200Nm)"},{"model":"symbol_(_3rd)__","value":"1207364","text":"1.5 dCi - 66kW / 90HP (220Nm)"},{"model":"symbol_(_3rd)__","value":"1207383","text":"1.5 dCi - 70kW / 95HP (220Nm)"},{"model":"talisman___","value":"1207386","text":"1.6 16v dCi - 96kW / 131HP (320Nm)"},{"model":"talisman___","value":"1207385","text":"1.6 16v dCi - 118kW / 160HP (380Nm)"},{"model":"talisman___","value":"1207411","text":"1.6 16v TCe - 140kW / 190HP (260Nm)"},{"model":"talisman___","value":"1207409","text":"1.6 16v TCe - 147kW / 200HP (260Nm)"},{"model":"talisman___","value":"1207398","text":"1.7 Blue dCi - 88kW / 120HP (300Nm)"},{"model":"talisman___","value":"1207397","text":"1.7 Blue dCi - 110kW / 150HP (340Nm)"},{"model":"talisman___","value":"1207402","text":"1.7 Blue dCi Automat - 88kW / 120HP (300Nm)"},{"model":"talisman___","value":"1207401","text":"1.7 Blue dCi Automat - 110kW / 150HP (340Nm)"},{"model":"talisman___","value":"1207406","text":"2.0 Blue dCi Automat - 118kW / 160HP (360Nm)"},{"model":"talisman___","value":"1207405","text":"2.0 Blue dCi Automat - 147kW / 200HP (400Nm)"},{"model":"talisman_sporter___","value":"1207415","text":"1.7 Blue dCi - 88kW / 120HP (300Nm)"},{"model":"talisman_sporter___","value":"1207414","text":"1.7 Blue dCi - 110kW / 150HP (340Nm)"},{"model":"talisman_sporter___","value":"1207419","text":"1.7 Blue dCi Automat - 88kW / 120HP (300Nm)"},{"model":"talisman_sporter___","value":"1207418","text":"1.7 Blue dCi Automat - 110kW / 150HP (340Nm)"},{"model":"talisman_sporter___","value":"1207423","text":"2.0 Blue dCi Automat - 118kW / 160HP (360Nm)"},{"model":"talisman_sporter___","value":"1207422","text":"2.0 Blue dCi Automat - 147kW / 200HP (400Nm)"},{"model":"thalia___","value":"1207428","text":"1.4 16v - 72kW / 98HP (0Nm)"},{"model":"thalia___","value":"1207427","text":"1.5 dCI - 48kW / 65HP (0Nm)"},{"model":"thalia___","value":"1207426","text":"1.5 dCI - 60kW / 82HP (0Nm)"},{"model":"trafic_(_2nd)__","value":"1207430","text":"1.9 dCi - 60kW / 82HP (190Nm)"},{"model":"trafic_(_2nd)__","value":"1207429","text":"1.9 dCi - 74kW / 101HP (240Nm)"},{"model":"trafic_(_2nd)__","value":"1207480","text":"2.0 16v - 88kW / 120HP (190Nm)"},{"model":"trafic_(_2nd)__","value":"1207442","text":"2.0 dCi - 66kW / 90HP (242Nm)"},{"model":"trafic_(_2nd)__","value":"1207441","text":"2.0 dCi - 84kW / 114HP (290Nm)"},{"model":"trafic_(_2nd)__","value":"1207467","text":"2.5 dCi - 99kW / 135HP (310Nm)"},{"model":"trafic_(_2nd)__","value":"1207472","text":"2.5 dCi - 107kW / 146HP (320Nm)"},{"model":"trafic_(_3rd)__","value":"1207487","text":"1.6 dCi - 66kW / 90HP (260Nm)"},{"model":"trafic_(_3rd)__","value":"1207494","text":"1.6 dCi - 70kW / 95HP (260Nm)"},{"model":"trafic_(_3rd)__","value":"1207486","text":"1.6 dCi - 85kW / 116HP (300Nm)"},{"model":"trafic_(_3rd)__","value":"1207489","text":"1.6 dCi - 88kW / 120HP (320Nm)"},{"model":"trafic_(_3rd)__","value":"1207496","text":"1.6 dCi - 92kW / 125HP (320Nm)"},{"model":"trafic_(_3rd)__","value":"1207488","text":"1.6 dCi - 103kW / 140HP (340Nm)"},{"model":"trafic_(_3rd)__","value":"1207497","text":"1.6 dCi - 107kW / 146HP (340Nm)"},{"model":"twingo_(_2nd)__","value":"1207526","text":"1.2 16v Automat - 55kW / 76HP (107Nm)"},{"model":"twingo_(_2nd)__","value":"1207531","text":"1.2 8v - 43kW / 58HP (93Nm)"},{"model":"twingo_(_2nd)__","value":"1207537","text":"1.6 16v - 98kW / 133HP (160Nm)"},{"model":"twingo_(_3rd)__","value":"1207543","text":"0.9 TCe - 66kW / 90HP (135Nm)"},{"model":"twingo_(_3rd)__","value":"1207551","text":"0.9 TCe Automat - 66kW / 90HP (135Nm)"},{"model":"vel_satis_( 1st)__","value":"1207567","text":"2.0 16v Turbo - 120kW / 163HP (249Nm)"},{"model":"vel_satis_(_1st)__","value":"1207559","text":"2.2 dCi - 110kW / 150HP (320Nm)"},{"model":"vel_satis_(_1st)__","value":"1207563","text":"3.0 dCi Automat - 130kW / 177HP (350Nm)"},{"model":"vel_satis_(_1st)__","value":"1207571","text":"3.5 V6 Automat - 177kW / 241HP (330Nm)"},{"model":"vel_satis_( 2nd)__","value":"1207575","text":"2.0 dCi - 127kW / 173HP (360Nm)"},{"model":"vel_satis_(_2nd)__","value":"1207580","text":"2.2 dCi - 103kW / 140HP (320Nm)"},{"model":"vel_satis_(_2nd)__","value":"1207585","text":"3.0 dCi 24v Automat - 130kW / 177HP (350Nm)"},{"model":"vel_satis_(_2nd)__","value":"1207590","text":"3.5 V6 24v Automat - 177kW / 241HP (330Nm)"},{"model":"wind___","value":"1207595","text":"1.2 TCe - 75kW / 102HP (155Nm)"}]