[{"model":"93___","value":"1207609","text":"1.9  8v TiD - 88kW / 120HP (0Nm)"},{"model":"93___","value":"1207613","text":"1.9 16v TiDS - 110kW / 150HP (0Nm)"},{"model":"93___","value":"1207612","text":"1.9 16v TiDS - 112kW / 152HP (0Nm)"},{"model":"93___","value":"1207615","text":"1.9 16v TTiD - 133kW / 181HP (0Nm)"},{"model":"93___","value":"1207619","text":"2.0 16v Turbo - 110kW / 150HP (0Nm)"},{"model":"93___","value":"1207618","text":"2.0 16v Turbo - 129kW / 175HP (0Nm)"},{"model":"93___","value":"1207624","text":"2.0 16v Turbo Aero - 153kW / 208HP (0Nm)"},{"model":"93___","value":"1207626","text":"2.0 16v Turbo Aero - 154kW / 209HP (0Nm)"},{"model":"93___","value":"1207630","text":"2.0 16v Turbo BioPower - 129kW / 175HP (0Nm)"},{"model":"93___","value":"1207632","text":"2.0 16v Turbo BioPower AT 5 speed - 110kW / 150HP (0Nm)"},{"model":"93___","value":"1207633","text":"2.0 16v Turbo BioPower MT 5 speed - 110kW / 150HP (0Nm)"},{"model":"93___","value":"1207634","text":"2.0 16v Turbo HPT - 138kW / 188HP (0Nm)"},{"model":"93___","value":"1207637","text":"2.0 16v Turbo LPT - 110kW / 150HP (0Nm)"},{"model":"93___","value":"1207636","text":"2.0 16v Turbo LPT - 115kW / 156HP (0Nm)"},{"model":"93___","value":"1207638","text":"2.0 16v Turbo LPT SAAB Tuned - 129kW / 175HP (0Nm)"},{"model":"93___","value":"1207617","text":"2.2 16v TiD - 86kW / 117HP (0Nm)"},{"model":"93___","value":"1207639","text":"2.3 16v Turbo Aero - 172kW / 234HP (0Nm)"},{"model":"93___","value":"1207640","text":"2.3 16v Turbo Viggen - 168kW / 228HP (0Nm)"},{"model":"93___","value":"1207644","text":"2.3 16v Turbo Viggen - 172kW / 234HP (0Nm)"},{"model":"93___","value":"1207643","text":"2.3 16v Turbo Viggen - 184kW / 250HP (0Nm)"},{"model":"93___","value":"1207647","text":"2.8 V6 24v Turbo Aero - 170kW / 231HP (0Nm)"},{"model":"93___","value":"1207648","text":"2.8 V6 24v Turbo Aero - 184kW / 250HP (0Nm)"},{"model":"93___","value":"1207649","text":"2.8 V6 24v Turbo Aero - 187kW / 254HP (0Nm)"},{"model":"93___","value":"1207653","text":"2.8 V6 24v Turbo FWD - 206kW / 280HP (0Nm)"},{"model":"93___","value":"1207655","text":"2.8 V6 24v Turbo X - 206kW / 280HP (0Nm)"},{"model":"93___","value":"1207657","text":"2.8 V6 24v Turbo XWD - 206kW / 280HP (0Nm)"},{"model":"95___","value":"1207659","text":"1.9 16v TiD - 110kW / 150HP (0Nm)"},{"model":"95___","value":"1207660","text":"2.0 16v TTiD - 140kW / 190HP (400Nm)"},{"model":"95___","value":"1207669","text":"2.0 16v Turbo - 110kW / 150HP (0Nm)"},{"model":"95___","value":"1207671","text":"2.0 16v Turbo - 162kW / 220HP (0Nm)"},{"model":"95___","value":"1207672","text":"2.0 16v Turbo BioPower - 132kW / 180HP (0Nm)"},{"model":"95___","value":"1207673","text":"2.0 16v Turbo Ecopower - 110kW / 150HP (0Nm)"},{"model":"95___","value":"1207676","text":"2.0 16v Turbo SAAB Tuned - 136kW / 185HP (0Nm)"},{"model":"95___","value":"1207674","text":"2.0 16v Turbo SAAB Tuned - 141kW / 192HP (0Nm)"},{"model":"95___","value":"1207663","text":"2.0 TiD - 118kW / 160HP (350Nm)"},{"model":"95___","value":"1207661","text":"2.0 TiD Automat - 118kW / 160HP (350Nm)"},{"model":"95___","value":"1207668","text":"2.0 TTiD - 118kW / 190HP (400Nm)"},{"model":"95___","value":"1207667","text":"2.0 TTiD - 140kW / 190HP (400Nm)"},{"model":"95___","value":"1207665","text":"2.0 TTiD Automat - 118kW / 190HP (400Nm)"},{"model":"95___","value":"1207680","text":"2.3 16v Turbo - 120kW / 163HP (0Nm)"},{"model":"95___","value":"1207679","text":"2.3 16v Turbo - 125kW / 170HP (0Nm)"},{"model":"95___","value":"1207678","text":"2.3 16v Turbo - 136kW / 185HP (0Nm)"},{"model":"95___","value":"1207683","text":"2.3 16v Turbo - 162kW / 220HP (0Nm)"},{"model":"95___","value":"1207691","text":"2.3 16v Turbo Aero - 169kW / 230HP (0Nm)"},{"model":"95___","value":"1207692","text":"2.3 16v Turbo Aero - 184kW / 250HP (0Nm)"},{"model":"95___","value":"1207695","text":"2.3 16v Turbo Aero - 221kW / 301HP (0Nm)"},{"model":"95___","value":"1207697","text":"2.3 16v Turbo Ecopower - 120kW / 163HP (0Nm)"},{"model":"95___","value":"1207696","text":"2.3 16v Turbo Ecopower - 121kW / 165HP (0Nm)"},{"model":"95___","value":"1207699","text":"2.3 16v Turbo Ecopower - 125kW / 170HP (0Nm)"},{"model":"95___","value":"1207701","text":"2.3 16v Turbo Ecopower - 136kW / 185HP (0Nm)"},{"model":"95___","value":"1207704","text":"2.8 V6 24v Turbo Aero - 221kW / 301HP (0Nm)"},{"model":"95___","value":"1207706","text":"3.0 V6 Turbo - 147kW / 200HP (0Nm)"}]