[{"model":"alhambra__710_","value":"1207975","text":"1.4 TSI - 110kW / 150HP (240Nm)"},{"model":"alhambra__710_","value":"1207961","text":"1.4 TSI Automat - 110kW / 150HP (240Nm)"},{"model":"alhambra__710_","value":"1207989","text":"1.8 TSI - 118kW / 160HP (250Nm)"},{"model":"alhambra__710_","value":"1207998","text":"1.8 TSI Automat - 118kW / 160HP (250Nm)"},{"model":"alhambra__710_","value":"1207916","text":"2.0 TDI - 85kW / 116HP (280Nm)"},{"model":"alhambra__710_","value":"1207921","text":"2.0 TDI - 100kW / 136HP (320Nm)"},{"model":"alhambra__710_","value":"1207915","text":"2.0 TDI - 103kW / 140HP (320Nm)"},{"model":"alhambra__710_","value":"1207913","text":"2.0 TDI - 125kW / 170HP (350Nm)"},{"model":"alhambra__710_","value":"1207922","text":"2.0 TDI - 130kW / 177HP (380Nm)"},{"model":"alhambra__710_","value":"1207865","text":"2.0 TDI 4Drive - 103kW / 140HP (320Nm)"},{"model":"alhambra__710_","value":"1207855","text":"2.0 TDI 4Drive Automat - 103kW / 140HP (320Nm)"},{"model":"alhambra__710_","value":"1207884","text":"2.0 TDI Automat - 100kW / 136HP (320Nm)"},{"model":"alhambra__710_","value":"1207878","text":"2.0 TDI Automat - 103kW / 140HP (320Nm)"},{"model":"alhambra__710_","value":"1207875","text":"2.0 TDI Automat - 125kW / 170HP (350Nm)"},{"model":"alhambra__710_","value":"1207881","text":"2.0 TDI Automat - 130kW / 177HP (380Nm)"},{"model":"alhambra__710_","value":"1208027","text":"2.0 TSI - 147kW / 200HP (280Nm)"},{"model":"alhambra__710_","value":"1208010","text":"2.0 TSI Automat - 147kW / 200HP (280Nm)"},{"model":"alhambra__711_","value":"1208049","text":"1.4 TSI - 110kW / 150HP (250Nm)"},{"model":"alhambra__711_","value":"1208043","text":"1.4 TSI Automat - 110kW / 150HP (250Nm)"},{"model":"alhambra__711_","value":"1208041","text":"2.0 TDI - 135kW / 184HP (380Nm)"},{"model":"alhambra__711_","value":"1208039","text":"2.0 TDI Automat - 135kW / 184HP (380Nm)"},{"model":"alhambra__7v8_","value":"1208058","text":"1.8 T - 110kW / 150HP (210Nm)"},{"model":"alhambra__7v8_","value":"1208055","text":"1.8 T Automat - 110kW / 150HP (210Nm)"},{"model":"alhambra__7v9_","value":"1208170","text":"1.8 T - 110kW / 150HP (220Nm)"},{"model":"alhambra__7v9_","value":"1208160","text":"1.8 T Automat - 110kW / 150HP (220Nm)"},{"model":"alhambra__7v9_","value":"1208112","text":"1.9 TDI - 66kW / 90HP (240Nm)"},{"model":"alhambra__7v9_","value":"1208123","text":"1.9 TDI - 85kW / 116HP (310Nm)"},{"model":"alhambra__7v9_","value":"1208125","text":"1.9 TDI - 96kW / 131HP (310Nm)"},{"model":"alhambra__7v9_","value":"1208132","text":"1.9 TDI - 110kW / 150HP (310Nm)"},{"model":"alhambra__7v9_","value":"1208078","text":"1.9 TDI 4Drive - 85kW / 116HP (310Nm)"},{"model":"alhambra__7v9_","value":"1208061","text":"1.9 TDI 4Drive Automat - 85kW / 116HP (310Nm)"},{"model":"alhambra__7v9_","value":"1208095","text":"1.9 TDI Automat - 85kW / 116HP (310Nm)"},{"model":"alhambra__7v9_","value":"1208191","text":"2.0 - 85kW / 116HP (170Nm)"},{"model":"alhambra__7v9_","value":"1208180","text":"2.0 Automat - 85kW / 116HP (170Nm)"},{"model":"alhambra__7v9_","value":"1208150","text":"2.0 TDI - 103kW / 140HP (310Nm)"},{"model":"alhambra__7v9_","value":"1208244","text":"2.8 VR6 - 150kW / 204HP (265Nm)"},{"model":"alhambra__7v9_","value":"1208216","text":"2.8 VR6 4Drive - 150kW / 204HP (265Nm)"},{"model":"alhambra__7v9_","value":"1208202","text":"2.8 VR6 4Drive Automat - 150kW / 204HP (265Nm)"},{"model":"alhambra__7v9_","value":"1208230","text":"2.8 VR6 Automat - 150kW / 204HP (265Nm)"},{"model":"altea__5p1_","value":"1208439","text":"1.2 TSI - 77kW / 105HP (175Nm)"},{"model":"altea__5p1_","value":"1208445","text":"1.2 TSI Automat - 77kW / 105HP (175Nm)"},{"model":"altea__5p1_","value":"1208451","text":"1.4 - 63kW / 86HP (132Nm)"},{"model":"altea__5p1_","value":"1208460","text":"1.4 TSI - 92kW / 125HP (200Nm)"},{"model":"altea__5p1_","value":"1208476","text":"1.4 TSI Automat - 92kW / 125HP (200Nm)"},{"model":"altea__5p1_","value":"1208492","text":"1.6 - 75kW / 102HP (148Nm)"},{"model":"altea__5p1_","value":"1208510","text":"1.6 Automat - 75kW / 102HP (148Nm)"},{"model":"altea__5p1_","value":"1208528","text":"1.6 LPG - 75kW / 102HP (148Nm)"},{"model":"altea__5p1_","value":"1208261","text":"1.6 TDI - 66kW / 90HP (230Nm)"},{"model":"altea__5p1_","value":"1208258","text":"1.6 TDI - 77kW / 105HP (250Nm)"},{"model":"altea__5p1_","value":"1208298","text":"1.6 TDI Automat - 77kW / 105HP (250Nm)"},{"model":"altea__5p1_","value":"1208535","text":"1.8 TSI - 118kW / 160HP (250Nm)"},{"model":"altea__5p1_","value":"1208551","text":"1.8 TSI Automat - 118kW / 160HP (250Nm)"},{"model":"altea__5p1_","value":"1208342","text":"1.9 TDI - 66kW / 90HP (210Nm)"},{"model":"altea__5p1_","value":"1208325","text":"1.9 TDI - 77kW / 105HP (250Nm)"},{"model":"altea__5p1_","value":"1208348","text":"1.9 TDI Automat - 77kW / 105HP (250Nm)"},{"model":"altea__5p1_","value":"1208573","text":"2.0 FSI - 110kW / 150HP (200Nm)"},{"model":"altea__5p1_","value":"1208563","text":"2.0 FSI Automat - 110kW / 150HP (200Nm)"},{"model":"altea__5p1_","value":"1208372","text":"2.0 TDI - 100kW / 136HP (320Nm)"},{"model":"altea__5p1_","value":"1208373","text":"2.0 TDI - 103kW / 140HP (320Nm)"},{"model":"altea__5p1_","value":"1208377","text":"2.0 TDI - 125kW / 170HP (350Nm)"},{"model":"altea__5p1_","value":"1208354","text":"2.0 TDI Automat - 103kW / 140HP (320Nm)"},{"model":"altea__5p1_","value":"1208591","text":"2.0 TFSI - 147kW / 200HP (280Nm)"},{"model":"altea__5p1_","value":"1208583","text":"2.0 TFSI Automat - 147kW / 200HP (280Nm)"},{"model":"altea_freetrack__5p5_","value":"1208673","text":"1.4 TSI - 92kW / 125HP (200Nm)"},{"model":"altea_freetrack__5p5_","value":"1208685","text":"1.4 TSI Automat - 92kW / 125HP (200Nm)"},{"model":"altea_freetrack__5p5_","value":"1208599","text":"1.6 TDI - 77kW / 105HP (250Nm)"},{"model":"altea_freetrack__5p5_","value":"1208612","text":"1.6 TDI Automat - 77kW / 105HP (250Nm)"},{"model":"altea_freetrack__5p5_","value":"1208669","text":"2.0 TDI - 103kW / 140HP (320Nm)"},{"model":"altea_freetrack__5p5_","value":"1208641","text":"2.0 TDI 4WD - 103kW / 140HP (320Nm)"},{"model":"altea_freetrack__5p5_","value":"1208639","text":"2.0 TDI 4WD - 125kW / 170HP (350Nm)"},{"model":"altea_freetrack__5p5_","value":"1208627","text":"2.0 TDI 4WD Automat - 103kW / 140HP (320Nm)"},{"model":"altea_freetrack__5p5_","value":"1208703","text":"2.0 TFSI - 147kW / 200HP (280Nm)"},{"model":"altea_freetrack__5p5_","value":"1208697","text":"2.0 TFSI Automat - 147kW / 200HP (280Nm)"},{"model":"altea_freetrack__5p5_","value":"1208750","text":"2.0 TSI - 155kW / 211HP (280Nm)"},{"model":"altea_freetrack__5p5_","value":"1208725","text":"2.0 TSI 4WD - 155kW / 211HP (280Nm)"},{"model":"altea_freetrack__5p5_","value":"1208710","text":"2.0 TSI 4WD Automat - 155kW / 211HP (280Nm)"},{"model":"altea_freetrack__5p5_","value":"1208735","text":"2.0 TSI Automat - 155kW / 211HP (280Nm)"},{"model":"altea_xl__5p5_","value":"1208929","text":"1.2 TSI - 77kW / 105HP (175Nm)"},{"model":"altea_xl__5p5_","value":"1208935","text":"1.2 TSI Automat - 77kW / 105HP (175Nm)"},{"model":"altea_xl__5p5_","value":"1208941","text":"1.4 - 63kW / 86HP (132Nm)"},{"model":"altea_xl__5p5_","value":"1208950","text":"1.4 TSI - 92kW / 125HP (200Nm)"},{"model":"altea_xl__5p5_","value":"1208966","text":"1.4 TSI Automat - 92kW / 125HP (200Nm)"},{"model":"altea_xl__5p5_","value":"1208982","text":"1.6 - 75kW / 102HP (148Nm)"},{"model":"altea_xl__5p5_","value":"1208995","text":"1.6 Automat - 75kW / 102HP (148Nm)"},{"model":"altea_xl__5p5_","value":"1209008","text":"1.6 LPG - 75kW / 102HP (148Nm)"},{"model":"altea_xl__5p5_","value":"1208763","text":"1.6 TDI - 66kW / 90HP (230Nm)"},{"model":"altea_xl__5p5_","value":"1208759","text":"1.6 TDI - 77kW / 105HP (250Nm)"},{"model":"altea_xl__5p5_","value":"1208799","text":"1.6 TDI Automat - 77kW / 105HP (250Nm)"},{"model":"altea_xl__5p5_","value":"1209015","text":"1.8 TSI - 118kW / 160HP (250Nm)"},{"model":"altea_xl__5p5_","value":"1209031","text":"1.8 TSI Automat - 118kW / 160HP (250Nm)"},{"model":"altea_xl__5p5_","value":"1208833","text":"1.9 TDI - 66kW / 90HP (210Nm)"},{"model":"altea_xl__5p5_","value":"1208826","text":"1.9 TDI - 77kW / 105HP (250Nm)"},{"model":"altea_xl__5p5_","value":"1208839","text":"1.9 TDI Automat - 77kW / 105HP (250Nm)"},{"model":"altea_xl__5p5_","value":"1209051","text":"2.0 FSI - 110kW / 150HP (200Nm)"},{"model":"altea_xl__5p5_","value":"1209043","text":"2.0 FSI Automat - 110kW / 150HP (200Nm)"},{"model":"altea_xl__5p5_","value":"1208880","text":"2.0 TDI - 100kW / 136HP (320Nm)"},{"model":"altea_xl__5p5_","value":"1208881","text":"2.0 TDI - 103kW / 140HP (320Nm)"},{"model":"altea_xl__5p5_","value":"1208883","text":"2.0 TDI - 125kW / 170HP (350Nm)"},{"model":"altea_xl__5p5_","value":"1208856","text":"2.0 TDI 4WD - 103kW / 140HP (320Nm)"},{"model":"altea_xl__5p5_","value":"1208844","text":"2.0 TDI 4WD Automat - 103kW / 140HP (320Nm)"},{"model":"altea_xl__5p5_","value":"1208868","text":"2.0 TDI Automat - 103kW / 140HP (320Nm)"},{"model":"altea_xl__5p5_","value":"1209065","text":"2.0 TFSI - 147kW / 200HP (280Nm)"},{"model":"altea_xl__5p5_","value":"1209059","text":"2.0 TFSI Automat - 147kW / 200HP (280Nm)"},{"model":"arona___","value":"1209071","text":"1.0 TSI - 85kW / 116HP (200Nm)"},{"model":"arona___","value":"1209074","text":"1.0 TSI Automat - 85kW / 116HP (200Nm)"},{"model":"arona___","value":"1209077","text":"1.5 TSI - 110kW / 150HP (250Nm)"},{"model":"arona___","value":"1209081","text":"1.5 TSI Automat - 110kW / 150HP (250Nm)"},{"model":"arosa__6h1_","value":"1209099","text":"1.0 - 37kW / 50HP (84Nm)"},{"model":"arosa__6h1_","value":"1209101","text":"1.0 - 37kW / 50HP (86Nm)"},{"model":"arosa__6h1_","value":"1209112","text":"1.4 - 44kW / 60HP (116Nm)"},{"model":"arosa__6h1_","value":"1209115","text":"1.4 - 74kW / 101HP (126Nm)"},{"model":"arosa__6h1_","value":"1209085","text":"1.4 TDI - 55kW / 75HP (195Nm)"},{"model":"arosa__6h1_","value":"1209092","text":"1.7 SDI - 44kW / 60HP (115Nm)"},{"model":"ateca__kh7_","value":"1209153","text":"1.0 TSI - 85kW / 116HP (200Nm)"},{"model":"ateca__kh7_","value":"1209165","text":"1.4 TSI - 110kW / 150HP (250Nm)"},{"model":"ateca__kh7_","value":"1209161","text":"1.4 TSI 4Drive - 110kW / 150HP (250Nm)"},{"model":"ateca__kh7_","value":"1209157","text":"1.4 TSI 4Drive Automat - 110kW / 150HP (250Nm)"},{"model":"ateca__kh7_","value":"1209169","text":"1.4 TSI Automat - 110kW / 150HP (250Nm)"},{"model":"ateca__kh7_","value":"1209127","text":"1.6 TDI - 85kW / 116HP (250Nm)"},{"model":"ateca__kh7_","value":"1209137","text":"2.0 TDI - 110kW / 150HP (340Nm)"},{"model":"ateca__kh7_","value":"1209129","text":"2.0 TDI 4Drive Automat - 110kW / 150HP (340Nm)"},{"model":"ateca__kh7_","value":"1209145","text":"2.0 TDI Automat - 110kW / 150HP (340Nm)"},{"model":"ateca__kh7_","value":"1209173","text":"2.0 TFSI Automat - 140kW / 190HP (320Nm)"},{"model":"ateca__kh7_","value":"1209177","text":"2.0 TFSI Automat 4Drive - 221kW / 300HP (400Nm)"},{"model":"cordoba__6k2_","value":"1209203","text":"1.0 - 37kW / 50HP (86Nm)"},{"model":"cordoba__6k2_","value":"1209213","text":"1.4 - 44kW / 60HP (116Nm)"},{"model":"cordoba__6k2_","value":"1209215","text":"1.4 - 55kW / 75HP (126Nm)"},{"model":"cordoba__6k2_","value":"1209212","text":"1.4 - 55kW / 75HP (128Nm)"},{"model":"cordoba__6k2_","value":"1209217","text":"1.4 - 74kW / 101HP (126Nm)"},{"model":"cordoba__6k2_","value":"1209245","text":"1.6 - 55kW / 75HP (135Nm)"},{"model":"cordoba__6k2_","value":"1209241","text":"1.6 - 74kW / 101HP (140Nm)"},{"model":"cordoba__6k2_","value":"1209246","text":"1.6 - 74kW / 101HP (145Nm)"},{"model":"cordoba__6k2_","value":"1209228","text":"1.6 Automat - 74kW / 101HP (145Nm)"},{"model":"cordoba__6k2_","value":"1209179","text":"1.9 SDI - 47kW / 64HP (125Nm)"},{"model":"cordoba__6k2_","value":"1209180","text":"1.9 SDI - 50kW / 68HP (133Nm)"},{"model":"cordoba__6k2_","value":"1209191","text":"1.9 TDI - 66kW / 90HP (210Nm)"},{"model":"cordoba__6k2_","value":"1209192","text":"1.9 TDI - 81kW / 110HP (235Nm)"},{"model":"cordoba__6l2_","value":"1209313","text":"1.2 - 47kW / 64HP (112Nm)"},{"model":"cordoba__6l2_","value":"1209316","text":"1.2 - 51kW / 69HP (112Nm)"},{"model":"cordoba__6l2_","value":"1209328","text":"1.4 - 55kW / 75HP (126Nm)"},{"model":"cordoba__6l2_","value":"1209339","text":"1.4 - 63kW / 86HP (130Nm)"},{"model":"cordoba__6l2_","value":"1209342","text":"1.4 - 63kW / 86HP (132Nm)"},{"model":"cordoba__6l2_","value":"1209329","text":"1.4 - 74kW / 101HP (126Nm)"},{"model":"cordoba__6l2_","value":"1209319","text":"1.4 Automat - 55kW / 75HP (126Nm)"},{"model":"cordoba__6l2_","value":"1209264","text":"1.4 TDI - 51kW / 69HP (155Nm)"},{"model":"cordoba__6l2_","value":"1209261","text":"1.4 TDI - 55kW / 75HP (195Nm)"},{"model":"cordoba__6l2_","value":"1209265","text":"1.4 TDI - 59kW / 80HP (195Nm)"},{"model":"cordoba__6l2_","value":"1209348","text":"1.6 - 74kW / 101HP (140Nm)"},{"model":"cordoba__6l2_","value":"1209351","text":"1.6 - 77kW / 105HP (153Nm)"},{"model":"cordoba__6l2_","value":"1209283","text":"1.9 SDI - 47kW / 64HP (125Nm)"},{"model":"cordoba__6l2_","value":"1209287","text":"1.9 TDI - 74kW / 101HP (240Nm)"},{"model":"cordoba__6l2_","value":"1209304","text":"1.9 TDI - 96kW / 131HP (310Nm)"},{"model":"cordoba__6l2_","value":"1209358","text":"2.0 - 85kW / 116HP (170Nm)"},{"model":"cordoba_cupra__6k2_","value":"1209370","text":"1.8 T - 115kW / 156HP (210Nm)"},{"model":"cordoba_vario__6k5_","value":"1209396","text":"1.4 - 44kW / 60HP (116Nm)"},{"model":"cordoba_vario__6k5_","value":"1209399","text":"1.4 - 55kW / 75HP (126Nm)"},{"model":"cordoba_vario__6k5_","value":"1209395","text":"1.4 - 55kW / 75HP (128Nm)"},{"model":"cordoba_vario__6k5_","value":"1209417","text":"1.6 - 55kW / 75HP (135Nm)"},{"model":"cordoba_vario__6k5_","value":"1209416","text":"1.6 - 74kW / 101HP (140Nm)"},{"model":"cordoba_vario__6k5_","value":"1209421","text":"1.6 - 74kW / 101HP (145Nm)"},{"model":"cordoba_vario__6k5_","value":"1209409","text":"1.6 Automat - 74kW / 101HP (145Nm)"},{"model":"cordoba_vario__6k5_","value":"1209375","text":"1.9 SDI - 47kW / 64HP (125Nm)"},{"model":"cordoba_vario__6k5_","value":"1209376","text":"1.9 SDI - 50kW / 68HP (133Nm)"},{"model":"cordoba_vario__6k5_","value":"1209385","text":"1.9 TDI - 66kW / 90HP (210Nm)"},{"model":"cordoba_vario__6k5_","value":"1209384","text":"1.9 TDI - 81kW / 110HP (235Nm)"},{"model":"exeo__3r2_","value":"1209481","text":"1.8 T - 110kW / 150HP (220Nm)"},{"model":"exeo__3r2_","value":"1209484","text":"1.8 TSI - 88kW / 120HP (230Nm)"},{"model":"exeo__3r2_","value":"1209485","text":"1.8 TSI - 118kW / 160HP (250Nm)"},{"model":"exeo__3r2_","value":"1209432","text":"2.0 TDI - 88kW / 120HP (290Nm)"},{"model":"exeo__3r2_","value":"1209452","text":"2.0 TDI - 105kW / 143HP (320Nm)"},{"model":"exeo__3r2_","value":"1209455","text":"2.0 TDI - 125kW / 170HP (350Nm)"},{"model":"exeo__3r2_","value":"1209500","text":"2.0 TSI - 147kW / 200HP (280Nm)"},{"model":"exeo__3r2_","value":"1209510","text":"2.0 TSI - 155kW / 211HP (280Nm)"},{"model":"exeo__3r2_","value":"1209518","text":"2.0 TSI Automat - 147kW / 200HP (280Nm)"},{"model":"exeo_st__3r5_","value":"1209577","text":"1.8 T - 110kW / 150HP (220Nm)"},{"model":"exeo_st__3r5_","value":"1209581","text":"1.8 TSI - 88kW / 120HP (230Nm)"},{"model":"exeo_st__3r5_","value":"1209580","text":"1.8 TSI - 118kW / 160HP (250Nm)"},{"model":"exeo_st__3r5_","value":"1209528","text":"2.0 TDI - 88kW / 120HP (290Nm)"},{"model":"exeo_st__3r5_","value":"1209548","text":"2.0 TDI - 105kW / 143HP (320Nm)"},{"model":"exeo_st__3r5_","value":"1209551","text":"2.0 TDI - 125kW / 170HP (350Nm)"},{"model":"exeo_st__3r5_","value":"1209596","text":"2.0 TSI - 147kW / 200HP (280Nm)"},{"model":"exeo_st__3r5_","value":"1209606","text":"2.0 TSI - 155kW / 211HP (280Nm)"},{"model":"exeo_st__3r5_","value":"1209614","text":"2.0 TSI Automat - 147kW / 200HP (280Nm)"},{"model":"ibiza__6j_","value":"1209577","text":"1.8 T - 110kW / 150HP (220Nm)"},{"model":"ibiza__6j_","value":"1209581","text":"1.8 TSI - 88kW / 120HP (230Nm)"},{"model":"ibiza__6j_","value":"1209580","text":"1.8 TSI - 118kW / 160HP (250Nm)"},{"model":"ibiza__6j_","value":"1209528","text":"2.0 TDI - 88kW / 120HP (290Nm)"},{"model":"ibiza__6j_","value":"1209548","text":"2.0 TDI - 105kW / 143HP (320Nm)"},{"model":"ibiza__6j_","value":"1209551","text":"2.0 TDI - 125kW / 170HP (350Nm)"},{"model":"ibiza__6j_","value":"1209596","text":"2.0 TSI - 147kW / 200HP (280Nm)"},{"model":"ibiza__6j_","value":"1209606","text":"2.0 TSI - 155kW / 211HP (280Nm)"},{"model":"ibiza__6j_","value":"1209614","text":"2.0 TSI Automat - 147kW / 200HP (280Nm)"},{"model":"ibiza__6k1_","value":"1209823","text":"1.0 - 37kW / 50HP (86Nm)"},{"model":"ibiza__6k1_","value":"1209825","text":"1.0 - 51kW / 69HP (91Nm)"},{"model":"ibiza__6k1_","value":"1209836","text":"1.4 - 44kW / 60HP (116Nm)"},{"model":"ibiza__6k1_","value":"1209835","text":"1.4 - 55kW / 75HP (128Nm)"},{"model":"ibiza__6k1_","value":"1209840","text":"1.4 - 74kW / 101HP (126Nm)"},{"model":"ibiza__6k1_","value":"1209861","text":"1.6 - 55kW / 75HP (135Nm)"},{"model":"ibiza__6k1_","value":"1209858","text":"1.6 - 74kW / 101HP (140Nm)"},{"model":"ibiza__6k1_","value":"1209862","text":"1.6 - 74kW / 101HP (145Nm)"},{"model":"ibiza__6k1_","value":"1209851","text":"1.6 Automat - 74kW / 101HP (145Nm)"},{"model":"ibiza__6k1_","value":"1209798","text":"1.9 SDI - 47kW / 64HP (125Nm)"},{"model":"ibiza__6k1_","value":"1209799","text":"1.9 SDI - 50kW / 68HP (133Nm)"},{"model":"ibiza__6k1_","value":"1209807","text":"1.9 TDI - 66kW / 90HP (210Nm)"},{"model":"ibiza__6k1_","value":"1209808","text":"1.9 TDI - 81kW / 110HP (235Nm)"},{"model":"ibiza__6l1_","value":"1209920","text":"1.2 - 40kW / 54HP (106Nm)"},{"model":"ibiza__6l1_","value":"1209926","text":"1.2 - 40kW / 54HP (108Nm)"},{"model":"ibiza__6l1_","value":"1209930","text":"1.2 - 44kW / 60HP (108Nm)"},{"model":"ibiza__6l1_","value":"1209919","text":"1.2 - 47kW / 64HP (112Nm)"},{"model":"ibiza__6l1_","value":"1209923","text":"1.2 - 51kW / 69HP (112Nm)"},{"model":"ibiza__6l1_","value":"1209950","text":"1.4 - 55kW / 75HP (126Nm)"},{"model":"ibiza__6l1_","value":"1209964","text":"1.4 - 63kW / 86HP (130Nm)"},{"model":"ibiza__6l1_","value":"1209949","text":"1.4 - 74kW / 101HP (126Nm)"},{"model":"ibiza__6l1_","value":"1209937","text":"1.4 Automat - 55kW / 75HP (126Nm)"},{"model":"ibiza__6l1_","value":"1209944","text":"1.4 Automat - 63kW / 86HP (130Nm)"},{"model":"ibiza__6l1_","value":"1209878","text":"1.4 TDI - 51kW / 69HP (155Nm)"},{"model":"ibiza__6l1_","value":"1209872","text":"1.4 TDI - 55kW / 75HP (195Nm)"},{"model":"ibiza__6l1_","value":"1209879","text":"1.4 TDI - 59kW / 80HP (195Nm)"},{"model":"ibiza__6l1_","value":"1209978","text":"1.6 - 74kW / 101HP (140Nm)"},{"model":"ibiza__6l1_","value":"1209982","text":"1.6 - 77kW / 105HP (153Nm)"},{"model":"ibiza__6l1_","value":"1209973","text":"1.6 Automat - 74kW / 101HP (140Nm)"},{"model":"ibiza__6l1_","value":"1209898","text":"1.9 SDI - 47kW / 64HP (125Nm)"},{"model":"ibiza__6l1_","value":"1209902","text":"1.9 TDI - 74kW / 101HP (240Nm)"},{"model":"ibiza__6l1_","value":"1209986","text":"2.0 - 85kW / 116HP (170Nm)"},{"model":"ibiza__6p_","value":"1210000","text":"1.0 - 55kW / 75HP (95Nm)"},{"model":"ibiza__6p_","value":"1210006","text":"1.0 TSI - 70kW / 95HP (160Nm)"},{"model":"ibiza__6p_","value":"1210012","text":"1.0 TSI - 85kW / 116HP (200Nm)"},{"model":"ibiza__6p_","value":"1210016","text":"1.2 TSI - 66kW / 90HP (160Nm)"},{"model":"ibiza__6p_","value":"1210015","text":"1.2 TSI - 81kW / 110HP (175Nm)"},{"model":"ibiza__6p_","value":"1209993","text":"1.4 TDI - 55kW / 75HP (210Nm)"},{"model":"ibiza__6p_","value":"1209997","text":"1.4 TDI Automat - 66kW / 90HP (230Nm)"},{"model":"ibiza__6p_","value":"1210027","text":"1.4 TSI - 110kW / 150HP (250Nm)"},{"model":"ibiza__6p_","value":"1210033","text":"1.4 TSI Automat - 110kW / 150HP (250Nm)"},{"model":"ibiza__6p_","value":"1210039","text":"1.6 - 81kW / 110HP (250Nm)"},{"model":"ibiza__kj_","value":"1210042","text":"1.5 TSI - 110kW / 150HP (250Nm)"},{"model":"ibiza__kj_","value":"1210046","text":"1.5 TSI Automat - 110kW / 150HP (250Nm)"},{"model":"ibiza_cupra__6k1_","value":"1210050","text":"1.8 T - 115kW / 156HP (210Nm)"},{"model":"ibiza_cupra r__6k1_","value":"1210052","text":"1.8 T - 132kW / 180HP (235Nm)"},{"model":"ibiza_cupra r__6l1_","value":"1210063","text":"1.8 T - 132kW / 180HP (235Nm)"},{"model":"ibiza_cupra_r__6l1_","value":"1210064","text":"1.8 T - 132kW / 180HP (245Nm)"},{"model":"ibiza_cupra_r__6l1_","value":"1210055","text":"1.9 TDI - 118kW / 160HP (330Nm)"},{"model":"ibiza_fr__6j_","value":"1210079","text":"1.4 TSI - 103kW / 140HP (250Nm)"},{"model":"ibiza_fr__6j_","value":"1210071","text":"1.4 TSI - 110kW / 150HP (220Nm)"},{"model":"ibiza_fr__6j_","value":"1210085","text":"1.4 TSI Automat - 103kW / 140HP (250Nm)"},{"model":"ibiza_fr__6l1_","value":"1210100","text":"1.8 T - 110kW / 150HP (220Nm)"},{"model":"ibiza_fr__6l1_","value":"1210091","text":"1.9 TDI - 96kW / 131HP (310Nm)"},{"model":"ibiza_sc__6j_","value":"1210215","text":"1.2 - 44kW / 60HP (108Nm)"},{"model":"ibiza_sc__6j_","value":"1210214","text":"1.2 - 51kW / 69HP (112Nm)"},{"model":"ibiza_sc__6j_","value":"1210114","text":"1.2 TDI - 55kW / 75HP (180Nm)"},{"model":"ibiza_sc__6j_","value":"1210232","text":"1.2 TSI - 63kW / 86HP (160Nm)"},{"model":"ibiza_sc__6j_","value":"1210236","text":"1.2 TSI Automat - 77kW / 105HP (175Nm)"},{"model":"ibiza_sc__6j_","value":"1210240","text":"1.4 - 63kW / 86HP (130Nm)"},{"model":"ibiza_sc__6j_","value":"1210242","text":"1.4 - 63kW / 86HP (132Nm)"},{"model":"ibiza_sc__6j_","value":"1210127","text":"1.4 TDI - 59kW / 80HP (195Nm)"},{"model":"ibiza_sc__6j_","value":"1210255","text":"1.4 TSI - 110kW / 150HP (210Nm)"},{"model":"ibiza_sc__6j_","value":"1210249","text":"1.4 TSI - 110kW / 150HP (220Nm)"},{"model":"ibiza_sc__6j_","value":"1210273","text":"1.4 TSI Automat - 103kW / 140HP (250Nm)"},{"model":"ibiza_sc__6j_","value":"1210279","text":"1.6 - 77kW / 105HP (153Nm)"},{"model":"ibiza_sc__6j_","value":"1210136","text":"1.6 TDI Automat - 66kW / 90HP (230Nm)"},{"model":"ibiza_sc__6j_","value":"1210135","text":"1.6 TDI Automat - 77kW / 105HP (250Nm)"},{"model":"ibiza_sc__6j_","value":"1210192","text":"1.9 TDI - 66kW / 90HP (210Nm)"},{"model":"ibiza_sc__6j_","value":"1210193","text":"1.9 TDI - 77kW / 105HP (240Nm)"},{"model":"ibiza_sc__6j_","value":"1210200","text":"2.0 TDI - 105kW / 143HP (320Nm)"},{"model":"ibiza_sc__6p_","value":"1210296","text":"1.0 - 55kW / 75HP (95Nm)"},{"model":"ibiza_sc__6p_","value":"1210302","text":"1.0 TSI - 70kW / 95HP (160Nm)"},{"model":"ibiza_sc__6p_","value":"1210309","text":"1.2 TSI - 66kW / 90HP (160Nm)"},{"model":"ibiza_sc__6p_","value":"1210308","text":"1.2 TSI - 81kW / 110HP (175Nm)"},{"model":"ibiza_sc__6p_","value":"1210286","text":"1.4 TDI - 55kW / 75HP (210Nm)"},{"model":"ibiza_sc__6p_","value":"1210288","text":"1.4 TDI - 66kW / 90HP (230Nm)"},{"model":"ibiza_sc__6p_","value":"1210285","text":"1.4 TDI - 77kW / 105HP (250Nm)"},{"model":"ibiza_sc__6p_","value":"1210320","text":"1.4 TSI - 110kW / 150HP (250Nm)"},{"model":"ibiza_sc__6p_","value":"1210326","text":"1.4 TSI Automat - 110kW / 150HP (250Nm)"},{"model":"ibiza_sc__6p_","value":"1210332","text":"1.6 - 81kW / 110HP (250Nm)"},{"model":"ibiza_sc__6p_","value":"1210335","text":"1.8 TSI - 141kW / 192HP (320Nm)"},{"model":"ibiza_sc cupra __6j_","value":"1210338","text":"1.4 TSI Automat - 132kW / 180HP (250Nm)"},{"model":"ibiza_st__6j8_","value":"1210434","text":"1.2 - 44kW / 60HP (108Nm)"},{"model":"ibiza_st__6j8_","value":"1210436","text":"1.2 - 51kW / 69HP (112Nm)"},{"model":"ibiza_st__6j8_","value":"1210364","text":"1.2 TDI - 55kW / 75HP (180Nm)"},{"model":"ibiza_st__6j8_","value":"1210447","text":"1.2 TSI - 63kW / 86HP (160Nm)"},{"model":"ibiza_st__6j8_","value":"1210451","text":"1.2 TSI Automat - 77kW / 105HP (175Nm)"},{"model":"ibiza_st__6j8_","value":"1210457","text":"1.4 - 63kW / 86HP (132Nm)"},{"model":"ibiza_st__6j8_","value":"1210463","text":"1.4 TSI - 110kW / 150HP (210Nm)"},{"model":"ibiza_st__6j8_","value":"1210465","text":"1.4 TSI - 110kW / 150HP (220Nm)"},{"model":"ibiza_st__6j8_","value":"1210481","text":"1.4 TSI Automat - 103kW / 140HP (250Nm)"},{"model":"ibiza_st__6j8_","value":"1210487","text":"1.6 - 77kW / 105HP (153Nm)"},{"model":"ibiza_st__6j8_","value":"1210377","text":"1.6 TDI Automat - 66kW / 90HP (230Nm)"},{"model":"ibiza_st__6j8_","value":"1210381","text":"1.6 TDI Automat - 77kW / 105HP (250Nm)"},{"model":"ibiza_st__6p8_","value":"1210504","text":"1.0 - 55kW / 75HP (95Nm)"},{"model":"ibiza_st__6p8_","value":"1210510","text":"1.0 TSI - 70kW / 95HP (160Nm)"},{"model":"ibiza_st__6p8_","value":"1210517","text":"1.2 TSI - 66kW / 90HP (160Nm)"},{"model":"ibiza_st__6p8_","value":"1210516","text":"1.2 TSI - 81kW / 110HP (175Nm)"},{"model":"ibiza_st__6p8_","value":"1210494","text":"1.4 TDI - 55kW / 75HP (210Nm)"},{"model":"ibiza_st__6p8_","value":"1210496","text":"1.4 TDI - 66kW / 90HP (230Nm)"},{"model":"ibiza_st__6p8_","value":"1210493","text":"1.4 TDI - 77kW / 105HP (250Nm)"},{"model":"ibiza_st__6p8_","value":"1210528","text":"1.4 TSI - 110kW / 150HP (250Nm)"},{"model":"ibiza_st__6p8_","value":"1210534","text":"1.4 TSI Automat - 110kW / 150HP (250Nm)"},{"model":"ibiza_st__6p8_","value":"1210540","text":"1.6 - 81kW / 110HP (250Nm)"},{"model":"inca__6k9_","value":"1210561","text":"1.4 - 44kW / 60HP (116Nm)"},{"model":"inca__6k9_","value":"1210560","text":"1.4 - 55kW / 75HP (128Nm)"},{"model":"inca__6k9_","value":"1210568","text":"1.6 - 55kW / 75HP (135Nm)"},{"model":"inca__6k9_","value":"1210543","text":"1.7 D - 42kW / 57HP (112Nm)"},{"model":"inca__6k9_","value":"1210546","text":"1.9 SDI - 47kW / 64HP (125Nm)"},{"model":"inca__6k9_","value":"1210552","text":"1.9 TDI - 66kW / 90HP (210Nm)"},{"model":"leon_(_4th) __","value":"1210572","text":"2.0 TFSI Automat - 140kW / 190HP (320Nm)"},{"model":"leon__1m1_","value":"1210614","text":"1.4 - 55kW / 75HP (126Nm)"},{"model":"leon__1m1_","value":"1210615","text":"1.4 - 55kW / 75HP (128Nm)"},{"model":"leon__1m1_","value":"1210641","text":"1.6 - 74kW / 101HP (145Nm)"},{"model":"leon__1m1_","value":"1210663","text":"1.6 - 75kW / 102HP (148Nm)"},{"model":"leon__1m1_","value":"1210644","text":"1.6 - 77kW / 105HP (148Nm)"},{"model":"leon__1m1_","value":"1210627","text":"1.6 Automat - 74kW / 101HP (145Nm)"},{"model":"leon__1m1_","value":"1210673","text":"1.8 - 92kW / 125HP (170Nm)"},{"model":"leon__1m1_","value":"1210667","text":"1.8 Automat - 92kW / 125HP (170Nm)"},{"model":"leon__1m1_","value":"1210679","text":"1.8 T - 132kW / 180HP (235Nm)"},{"model":"leon__1m1_","value":"1210691","text":"1.8 T Syncro - 132kW / 180HP (235Nm)"},{"model":"leon__1m1_","value":"1210573","text":"1.9 SDI - 50kW / 68HP (133Nm)"},{"model":"leon__1m1_","value":"1210583","text":"1.9 TDI - 66kW / 90HP (210Nm)"},{"model":"leon__1m1_","value":"1210602","text":"1.9 TDI - 74kW / 101HP (240Nm)"},{"model":"leon__1m1_","value":"1210581","text":"1.9 TDI - 81kW / 110HP (235Nm)"},{"model":"leon__1m1_","value":"1210605","text":"1.9 TDI - 96kW / 131HP (310Nm)"},{"model":"leon__1m1_","value":"1210609","text":"1.9 TDI Syncro - 110kW / 150HP (320Nm)"},{"model":"leon__1p1_","value":"1210841","text":"1.2 TSI - 77kW / 105HP (175Nm)"},{"model":"leon__1p1_","value":"1210844","text":"1.4 - 63kW / 86HP (130Nm)"},{"model":"leon__1p1_","value":"1210848","text":"1.4 - 63kW / 86HP (132Nm)"},{"model":"leon__1p1_","value":"1210852","text":"1.4 TSI - 92kW / 125HP (200Nm)"},{"model":"leon__1p1_","value":"1210864","text":"1.6 - 75kW / 102HP (148Nm)"},{"model":"leon__1p1_","value":"1210880","text":"1.6 LPG - 75kW / 102HP (148Nm)"},{"model":"leon__1p1_","value":"1210699","text":"1.6 TDI - 66kW / 90HP (230Nm)"},{"model":"leon__1p1_","value":"1210698","text":"1.6 TDI - 77kW / 105HP (250Nm)"},{"model":"leon__1p1_","value":"1210717","text":"1.6 TDI Automat - 77kW / 105HP (250Nm)"},{"model":"leon__1p1_","value":"1210884","text":"1.8 TSI - 118kW / 160HP (250Nm)"},{"model":"leon__1p1_","value":"1210894","text":"1.8 TSI Automat - 118kW / 160HP (250Nm)"},{"model":"leon__1p1_","value":"1210732","text":"1.9 TDI - 66kW / 90HP (210Nm)"},{"model":"leon__1p1_","value":"1210728","text":"1.9 TDI - 77kW / 105HP (250Nm)"},{"model":"leon__1p1_","value":"1210748","text":"1.9 TDI Automat - 77kW / 105HP (250Nm)"},{"model":"leon__1p1_","value":"1210925","text":"2.0 FSI - 110kW / 150HP (200Nm)"},{"model":"leon__1p1_","value":"1210903","text":"2.0 FSI Automat - 110kW / 150HP (200Nm)"},{"model":"leon__1p1_","value":"1210800","text":"2.0 TDI - 100kW / 136HP (320Nm)"},{"model":"leon__1p1_","value":"1210801","text":"2.0 TDI - 103kW / 140HP (320Nm)"},{"model":"leon__1p1_","value":"1210815","text":"2.0 TDI - 125kW / 170HP (350Nm)"},{"model":"leon__1p1_","value":"1210764","text":"2.0 TDI Automat - 100kW / 136HP (320Nm)"},{"model":"leon__1p1_","value":"1210763","text":"2.0 TDI Automat - 103kW / 140HP (320Nm)"},{"model":"leon__1p1_","value":"1210778","text":"2.0 TDI Automat - 125kW / 170HP (350Nm)"},{"model":"leon__1p1_","value":"1210959","text":"2.0 TFSI - 136kW / 185HP (270Nm)"},{"model":"leon__1p1_","value":"1210948","text":"2.0 TFSI Automat - 136kW / 185HP (270Nm)"},{"model":"leon__5f_","value":"1210971","text":"2.0 TDI - 135kW / 184HP (380Nm)"},{"model":"leon__5f_","value":"1210967","text":"2.0 TDI Automat - 135kW / 184HP (380Nm)"},{"model":"leon__5f1_","value":"1211155","text":"1.0 TSI Ecomotive - 85kW / 116HP (200Nm)"},{"model":"leon__5f1_","value":"1211161","text":"1.2 TSI - 63kW / 86HP (160Nm)"},{"model":"leon__5f1_","value":"1211174","text":"1.2 TSI - 77kW / 105HP (175Nm)"},{"model":"leon__5f1_","value":"1211173","text":"1.2 TSI - 81kW / 110HP (175Nm)"},{"model":"leon__5f1_","value":"1211190","text":"1.2 TSI Automat - 77kW / 105HP (175Nm)"},{"model":"leon__5f1_","value":"1211189","text":"1.2 TSI Automat - 81kW / 110HP (175Nm)"},{"model":"leon__5f1_","value":"1211205","text":"1.4 TGI - 81kW / 110HP (200Nm)"},{"model":"leon__5f1_","value":"1211214","text":"1.4 TGI Automat - 81kW / 110HP (200Nm)"},{"model":"leon__5f1_","value":"1211227","text":"1.4 TSI - 90kW / 122HP (200Nm)"},{"model":"leon__5f1_","value":"1211241","text":"1.4 TSI - 92kW / 125HP (200Nm)"},{"model":"leon__5f1_","value":"1211225","text":"1.4 TSI - 103kW / 140HP (250Nm)"},{"model":"leon__5f1_","value":"1211261","text":"1.4 TSI ACT - 110kW / 150HP (250Nm)"},{"model":"leon__5f1_","value":"1211269","text":"1.4 TSI ACT Automat - 110kW / 150HP (250Nm)"},{"model":"leon__5f1_","value":"1211277","text":"1.5 TGI - 96kW / 130HP (200Nm)"},{"model":"leon__5f1_","value":"1211281","text":"1.5 TGI Automat - 96kW / 130HP (200Nm)"},{"model":"leon__5f1_","value":"1211285","text":"1.5 TSI - 110kW / 150HP (250Nm)"},{"model":"leon__5f1_","value":"1211289","text":"1.5 TSI Automat - 110kW / 150HP (250Nm)"},{"model":"leon__5f1_","value":"1210980","text":"1.6 TDI - 66kW / 90HP (230Nm)"},{"model":"leon__5f1_","value":"1210977","text":"1.6 TDI - 77kW / 105HP (250Nm)"},{"model":"leon__5f1_","value":"1210996","text":"1.6 TDI - 81kW / 110HP (250Nm)"},{"model":"leon__5f1_","value":"1210999","text":"1.6 TDI - 85kW / 116HP (250Nm)"},{"model":"leon__5f1_","value":"1211005","text":"1.6 TDI Automat - 77kW / 105HP (250Nm)"},{"model":"leon__5f1_","value":"1210994","text":"1.6 TDI Automat - 85kW / 116HP (250Nm)"},{"model":"leon__5f1_","value":"1211013","text":"1.6 TDI Ecomotive - 81kW / 110HP (250Nm)"},{"model":"leon__5f1_","value":"1211293","text":"1.8 TSI - 132kW / 180HP (250Nm)"},{"model":"leon__5f1_","value":"1211313","text":"1.8 TSI Automat - 132kW / 180HP (250Nm)"},{"model":"leon__5f1_","value":"1211091","text":"2.0 TDI - 81kW / 110HP (250Nm)"},{"model":"leon__5f1_","value":"1211099","text":"2.0 TDI - 105kW / 143HP (340Nm)"},{"model":"leon__5f1_","value":"1211089","text":"2.0 TDI - 110kW / 150HP (340Nm)"},{"model":"leon__5f1_","value":"1211095","text":"2.0 TDI - 135kW / 184HP (380Nm)"},{"model":"leon__5f1_","value":"1211045","text":"2.0 TDI Automat - 110kW / 150HP (340Nm)"},{"model":"leon__5f1_","value":"1211051","text":"2.0 TDI Automat - 135kW / 184HP (380Nm)"},{"model":"leon__5f1_","value":"1211333","text":"2.0 TFSI Automat - 140kW / 190HP (320Nm)"},{"model":"leon__5f1_","value":"1211335","text":"2.0 TFSI Cupra Automat - 221kW / 300HP (400Nm)"},{"model":"leon_cupra__1m1_","value":"1211337","text":"2.8 V6 Syncro - 150kW / 204HP (270Nm)"},{"model":"leon_cupra__1p1_","value":"1211344","text":"2.0 TSI - 177kW / 241HP (300Nm)"},{"model":"leon_cupra__5f1_","value":"1211379","text":"2.0 TSI - 206kW / 280HP (350Nm)"},{"model":"leon_cupra__5f1_","value":"1211381","text":"2.0 TSI - 213kW / 290HP (350Nm)"},{"model":"leon_cupra__5f1_","value":"1211383","text":"2.0 TSI - 221kW / 301HP (380Nm)"},{"model":"leon_cupra__5f1_","value":"1211369","text":"2.0 TSI Automat - 206kW / 280HP (350Nm)"},{"model":"leon_cupra__5f1_","value":"1211371","text":"2.0 TSI Automat - 213kW / 290HP (350Nm)"},{"model":"leon_cupra__5f1_","value":"1211373","text":"2.0 TSI Automat - 221kW / 301HP (380Nm)"},{"model":"leon_cupra r__1m1_","value":"1211388","text":"1.8 T - 154kW / 209HP (270Nm)"},{"model":"leon_cupra_r__1m1_","value":"1211389","text":"1.8 T - 165kW / 224HP (280Nm)"},{"model":"leon_cupra r__1p1_","value":"1211402","text":"2.0 TFSI - 195kW / 265HP (350Nm)"},{"model":"leon_cupra_r__1p1_","value":"1211394","text":"2.0 TFSI Automat - 195kW / 265HP (350Nm)"},{"model":"leon_fr__1p1_","value":"1211438","text":"2.0 TDI - 125kW / 170HP (350Nm)"},{"model":"leon_fr__1p1_","value":"1211410","text":"2.0 TDI Automat - 125kW / 170HP (350Nm)"},{"model":"leon_fr__1p1_","value":"1211486","text":"2.0 TFSI - 147kW / 200HP (280Nm)"},{"model":"leon_fr__1p1_","value":"1211492","text":"2.0 TFSI - 155kW / 211HP (280Nm)"},{"model":"leon_fr__1p1_","value":"1211467","text":"2.0 TFSI Automat - 147kW / 200HP (280Nm)"},{"model":"leon_fr__1p1_","value":"1211476","text":"2.0 TFSI Automat - 155kW / 211HP (280Nm)"},{"model":"leon_sc_( 3rd) _5f5_","value":"1211502","text":"1.6 TDI - 85kW / 116HP (250Nm)"},{"model":"leon_sc_(_3rd) _5f5_","value":"1211500","text":"1.6 TDI Automat - 85kW / 116HP (250Nm)"},{"model":"leon_sc__5f5_","value":"1211662","text":"1.0 TSI Ecomotive - 85kW / 116HP (200Nm)"},{"model":"leon_sc__5f5_","value":"1211668","text":"1.2 TSI - 63kW / 86HP (160Nm)"},{"model":"leon_sc__5f5_","value":"1211678","text":"1.2 TSI - 77kW / 105HP (175Nm)"},{"model":"leon_sc__5f5_","value":"1211680","text":"1.2 TSI - 81kW / 110HP (175Nm)"},{"model":"leon_sc__5f5_","value":"1211692","text":"1.2 TSI Automat - 77kW / 105HP (175Nm)"},{"model":"leon_sc__5f5_","value":"1211694","text":"1.2 TSI Automat - 81kW / 110HP (175Nm)"},{"model":"leon_sc__5f5_","value":"1211710","text":"1.4 TSI - 90kW / 122HP (200Nm)"},{"model":"leon_sc__5f5_","value":"1211718","text":"1.4 TSI - 92kW / 125HP (200Nm)"},{"model":"leon_sc__5f5_","value":"1211706","text":"1.4 TSI - 103kW / 140HP (250Nm)"},{"model":"leon_sc__5f5_","value":"1211740","text":"1.4 TSI ACT - 110kW / 150HP (250Nm)"},{"model":"leon_sc__5f5_","value":"1211748","text":"1.4 TSI ACT Automat - 110kW / 150HP (250Nm)"},{"model":"leon_sc__5f5_","value":"1211505","text":"1.6 TDI - 66kW / 90HP (230Nm)"},{"model":"leon_sc__5f5_","value":"1211504","text":"1.6 TDI - 77kW / 105HP (250Nm)"},{"model":"leon_sc__5f5_","value":"1211519","text":"1.6 TDI - 81kW / 110HP (250Nm)"},{"model":"leon_sc__5f5_","value":"1211526","text":"1.6 TDI Automat - 77kW / 105HP (250Nm)"},{"model":"leon_sc__5f5_","value":"1211532","text":"1.6 TDI Ecomotive - 81kW / 110HP (250Nm)"},{"model":"leon_sc__5f5_","value":"1211756","text":"1.8 TSI - 132kW / 180HP (250Nm)"},{"model":"leon_sc__5f5_","value":"1211776","text":"1.8 TSI Automat - 132kW / 180HP (250Nm)"},{"model":"leon_sc__5f5_","value":"1211607","text":"2.0 TDI - 81kW / 110HP (250Nm)"},{"model":"leon_sc__5f5_","value":"1211606","text":"2.0 TDI - 105kW / 143HP (340Nm)"},{"model":"leon_sc__5f5_","value":"1211604","text":"2.0 TDI - 110kW / 150HP (340Nm)"},{"model":"leon_sc__5f5_","value":"1211602","text":"2.0 TDI - 135kW / 184HP (380Nm)"},{"model":"leon_sc__5f5_","value":"1211564","text":"2.0 TDI Automat - 110kW / 150HP (340Nm)"},{"model":"leon_sc__5f5_","value":"1211562","text":"2.0 TDI Automat - 135kW / 184HP (380Nm)"},{"model":"leon_sc cupra__5f5_","value":"1211806","text":"2.0 TSI - 206kW / 280HP (350Nm)"},{"model":"leon_sc_cupra__5f5_","value":"1211808","text":"2.0 TSI - 213kW / 290HP (350Nm)"},{"model":"leon_sc_cupra__5f5_","value":"1211810","text":"2.0 TSI - 221kW / 301HP (380Nm)"},{"model":"leon_sc_cupra__5f5_","value":"1211797","text":"2.0 TSI Automat - 206kW / 280HP (350Nm)"},{"model":"leon_sc_cupra__5f5_","value":"1211799","text":"2.0 TSI Automat - 213kW / 290HP (350Nm)"},{"model":"leon_sc_cupra__5f5_","value":"1211801","text":"2.0 TSI Automat - 221kW / 301HP (380Nm)"},{"model":"leon_st_( 4th) __","value":"1211815","text":"2.0 TFSI Automat - 140kW / 190HP (320Nm)"},{"model":"leon_st__5f8_","value":"1212131","text":"1.0 TSI Ecomotive - 85kW / 116HP (200Nm)"},{"model":"leon_st__5f8_","value":"1212137","text":"1.2 TSI - 63kW / 86HP (160Nm)"},{"model":"leon_st__5f8_","value":"1212147","text":"1.2 TSI - 77kW / 105HP (175Nm)"},{"model":"leon_st__5f8_","value":"1212149","text":"1.2 TSI - 81kW / 110HP (175Nm)"},{"model":"leon_st__5f8_","value":"1212161","text":"1.2 TSI Automat - 77kW / 105HP (175Nm)"},{"model":"leon_st__5f8_","value":"1212163","text":"1.2 TSI Automat - 81kW / 110HP (175Nm)"},{"model":"leon_st__5f8_","value":"1212175","text":"1.4 TGI - 81kW / 110HP (200Nm)"},{"model":"leon_st__5f8_","value":"1212184","text":"1.4 TGI Automat - 81kW / 110HP (200Nm)"},{"model":"leon_st__5f8_","value":"1212197","text":"1.4 TSI - 90kW / 122HP (200Nm)"},{"model":"leon_st__5f8_","value":"1212205","text":"1.4 TSI - 92kW / 125HP (200Nm)"},{"model":"leon_st__5f8_","value":"1212195","text":"1.4 TSI - 103kW / 140HP (250Nm)"},{"model":"leon_st__5f8_","value":"1212227","text":"1.4 TSI ACT - 110kW / 150HP (250Nm)"},{"model":"leon_st__5f8_","value":"1212235","text":"1.4 TSI ACT Automat - 110kW / 150HP (250Nm)"},{"model":"leon_st__5f8_","value":"1211831","text":"1.6 TDI - 66kW / 90HP (230Nm)"},{"model":"leon_st__5f8_","value":"1211830","text":"1.6 TDI - 77kW / 105HP (250Nm)"},{"model":"leon_st__5f8_","value":"1211847","text":"1.6 TDI - 81kW / 110HP (250Nm)"},{"model":"leon_st__5f8_","value":"1211850","text":"1.6 TDI - 85kW / 116HP (250Nm)"},{"model":"leon_st__5f8_","value":"1211818","text":"1.6 TDI 4Drive - 77kW / 105HP (250Nm)"},{"model":"leon_st__5f8_","value":"1211824","text":"1.6 TDI 4Drive Automat - 77kW / 105HP (250Nm)"},{"model":"leon_st__5f8_","value":"1211856","text":"1.6 TDI Automat - 77kW / 105HP (250Nm)"},{"model":"leon_st__5f8_","value":"1211845","text":"1.6 TDI Automat - 85kW / 116HP (250Nm)"},{"model":"leon_st__5f8_","value":"1211870","text":"1.6 TDI Ecomotive - 81kW / 110HP (250Nm)"},{"model":"leon_st__5f8_","value":"1211862","text":"1.6 TDI Ecomotive 4Drive - 81kW / 110HP (250Nm)"},{"model":"leon_st__5f8_","value":"1212267","text":"1.8 TSI - 132kW / 180HP (250Nm)"},{"model":"leon_st__5f8_","value":"1212243","text":"1.8 TSI 4Drive - 132kW / 180HP (250Nm)"},{"model":"leon_st__5f8_","value":"1212255","text":"1.8 TSI 4Drive Automat - 132kW / 180HP (250Nm)"},{"model":"leon_st__5f8_","value":"1212287","text":"1.8 TSI Automat - 132kW / 180HP (250Nm)"},{"model":"leon_st__5f8_","value":"1212056","text":"2.0 TDI - 81kW / 110HP (250Nm)"},{"model":"leon_st__5f8_","value":"1212066","text":"2.0 TDI - 105kW / 143HP (340Nm)"},{"model":"leon_st__5f8_","value":"1212053","text":"2.0 TDI - 110kW / 150HP (340Nm)"},{"model":"leon_st__5f8_","value":"1212061","text":"2.0 TDI - 135kW / 184HP (380Nm)"},{"model":"leon_st__5f8_","value":"1211960","text":"2.0 TDI 4Drive - 110kW / 150HP (340Nm)"},{"model":"leon_st__5f8_","value":"1211959","text":"2.0 TDI 4Drive - 135kW / 184HP (380Nm)"},{"model":"leon_st__5f8_","value":"1211925","text":"2.0 TDI 4Drive Automat - 110kW / 150HP (340Nm)"},{"model":"leon_st__5f8_","value":"1211929","text":"2.0 TDI 4Drive Automat - 135kW / 184HP (380Nm)"},{"model":"leon_st__5f8_","value":"1211997","text":"2.0 TDI Automat - 110kW / 150HP (340Nm)"},{"model":"leon_st__5f8_","value":"1212003","text":"2.0 TDI Automat - 135kW / 184HP (380Nm)"},{"model":"leon_st cupra__5f8_","value":"1212324","text":"2.0 TSI - 206kW / 280HP (350Nm)"},{"model":"leon_st_cupra__5f8_","value":"1212326","text":"2.0 TSI - 213kW / 290HP (350Nm)"},{"model":"leon_st_cupra__5f8_","value":"1212328","text":"2.0 TSI - 221kW / 301HP (380Nm)"},{"model":"leon_st_cupra__5f8_","value":"1212312","text":"2.0 TSI 4Drive - 221kW / 301HP (380Nm)"},{"model":"leon_st_cupra__5f8_","value":"1212309","text":"2.0 TSI 4Drive Automat - 221kW / 301HP (380Nm)"},{"model":"leon_st_cupra__5f8_","value":"1212315","text":"2.0 TSI Automat - 206kW / 280HP (350Nm)"},{"model":"leon_st_cupra__5f8_","value":"1212317","text":"2.0 TSI Automat - 213kW / 290HP (350Nm)"},{"model":"leon_st_cupra__5f8_","value":"1212319","text":"2.0 TSI Automat - 221kW / 301HP (380Nm)"},{"model":"mii__kf1_","value":"1212391","text":"1.0 - 44kW / 60HP (95Nm)"},{"model":"mii__kf1_","value":"1212392","text":"1.0 - 55kW / 75HP (95Nm)"},{"model":"mii__kf1_","value":"1212374","text":"1.0 Automat - 44kW / 60HP (95Nm)"},{"model":"mii__kf1_","value":"1212373","text":"1.0 Automat - 55kW / 75HP (95Nm)"},{"model":"mii__kf1_","value":"1212409","text":"1.0 EcoFuel - 50kW / 68HP (90Nm)"},{"model":"tarraco___","value":"1212416","text":"1.5 TSI - 110kW / 150HP (250Nm)"},{"model":"tarraco___","value":"1212420","text":"1.5 TSI Automat - 110kW / 150HP (250Nm)"},{"model":"tarraco___","value":"1212415","text":"2.0 TDI 4Drive - 140kW / 190HP (400Nm)"},{"model":"toledo__1m2_","value":"1212454","text":"1.4 - 55kW / 75HP (126Nm)"},{"model":"toledo__1m2_","value":"1212455","text":"1.4 - 55kW / 75HP (128Nm)"},{"model":"toledo__1m2_","value":"1212469","text":"1.6 - 74kW / 101HP (145Nm)"},{"model":"toledo__1m2_","value":"1212474","text":"1.6 - 77kW / 105HP (148Nm)"},{"model":"toledo__1m2_","value":"1212460","text":"1.6 Automat - 74kW / 101HP (145Nm)"},{"model":"toledo__1m2_","value":"1212490","text":"1.8 - 92kW / 125HP (170Nm)"},{"model":"toledo__1m2_","value":"1212487","text":"1.8 Automat - 92kW / 125HP (170Nm)"},{"model":"toledo__1m2_","value":"1212493","text":"1.8 T - 132kW / 180HP (235Nm)"},{"model":"toledo__1m2_","value":"1212424","text":"1.9 SDI - 50kW / 68HP (133Nm)"},{"model":"toledo__1m2_","value":"1212430","text":"1.9 TDI - 66kW / 90HP (210Nm)"},{"model":"toledo__1m2_","value":"1212428","text":"1.9 TDI - 81kW / 110HP (235Nm)"},{"model":"toledo__1m2_","value":"1212452","text":"1.9 TDI - 96kW / 131HP (310Nm)"},{"model":"toledo__1m2_","value":"1212449","text":"1.9 TDI - 110kW / 150HP (320Nm)"},{"model":"toledo__1m2_","value":"1212498","text":"2.3 V5 - 125kW / 170HP (225Nm)"},{"model":"toledo__5p2_","value":"1212575","text":"1.4 - 63kW / 86HP (130Nm)"},{"model":"toledo__5p2_","value":"1212579","text":"1.4 TSI - 92kW / 125HP (200Nm)"},{"model":"toledo__5p2_","value":"1212585","text":"1.6 - 75kW / 102HP (148Nm)"},{"model":"toledo__5p2_","value":"1212598","text":"1.8 TSI - 118kW / 160HP (250Nm)"},{"model":"toledo__5p2_","value":"1212502","text":"1.9 TDI - 77kW / 105HP (250Nm)"},{"model":"toledo__5p2_","value":"1212631","text":"2.0 FSI - 110kW / 150HP (200Nm)"},{"model":"toledo__5p2_","value":"1212603","text":"2.0 FSI Automat - 110kW / 150HP (200Nm)"},{"model":"toledo__5p2_","value":"1212542","text":"2.0 TDI - 100kW / 136HP (320Nm)"},{"model":"toledo__5p2_","value":"1212543","text":"2.0 TDI - 103kW / 140HP (320Nm)"},{"model":"toledo__5p2_","value":"1212551","text":"2.0 TDI - 125kW / 170HP (350Nm)"},{"model":"toledo__5p2_","value":"1212521","text":"2.0 TDI Automat - 100kW / 136HP (320Nm)"},{"model":"toledo__5p2_","value":"1212523","text":"2.0 TDI Automat - 103kW / 140HP (320Nm)"},{"model":"toledo__5p2_","value":"1212659","text":"2.0 TFSI Automat - 147kW / 200HP (280Nm)"},{"model":"toledo__kg3_","value":"1212721","text":"1.2 MPI - 55kW / 75HP (112Nm)"},{"model":"toledo__kg3_","value":"1212741","text":"1.2 TSI - 63kW / 86HP (160Nm)"},{"model":"toledo__kg3_","value":"1212726","text":"1.2 TSI - 66kW / 90HP (160Nm)"},{"model":"toledo__kg3_","value":"1212737","text":"1.2 TSI - 77kW / 105HP (175Nm)"},{"model":"toledo__kg3_","value":"1212725","text":"1.2 TSI - 81kW / 110HP (175Nm)"},{"model":"toledo__kg3_","value":"1212667","text":"1.4 TDI - 66kW / 90HP (230Nm)"},{"model":"toledo__kg3_","value":"1212670","text":"1.4 TDI Automat - 66kW / 90HP (230Nm)"},{"model":"toledo__kg3_","value":"1212746","text":"1.4 TSI Automat - 90kW / 122HP (200Nm)"},{"model":"toledo__kg3_","value":"1212755","text":"1.4 TSI Automat - 92kW / 125HP (200Nm)"},{"model":"toledo__kg3_","value":"1212681","text":"1.6 TDI - 66kW / 90HP (230Nm)"},{"model":"toledo__kg3_","value":"1212673","text":"1.6 TDI - 77kW / 105HP (250Nm)"},{"model":"toledo__kg3_","value":"1212697","text":"1.6 TDI - 85kW / 116HP (250Nm)"},{"model":"toledo__kg3_","value":"1212712","text":"1.6 TDI Automat - 66kW / 90HP (230Nm)"}]