[{"model":"citigo__nf1_","value":"1212814","text":"1.0 MPI - 44kW / 60HP (95Nm)"},{"model":"citigo__nf1_","value":"1212813","text":"1.0 MPI - 55kW / 75HP (95Nm)"},{"model":"citigo__nf1_","value":"1212796","text":"1.0 MPI Automat - 44kW / 60HP (95Nm)"},{"model":"citigo__nf1_","value":"1212795","text":"1.0 MPI Automat - 55kW / 75HP (95Nm)"},{"model":"citigo_g-tec__nf1_","value":"1212814","text":"1.0 MPI - 44kW / 60HP (95Nm)"},{"model":"citigo_g-tec__nf1_","value":"1212813","text":"1.0 MPI - 55kW / 75HP (95Nm)"},{"model":"citigo_g-tec__nf1_","value":"1212796","text":"1.0 MPI Automat - 44kW / 60HP (95Nm)"},{"model":"citigo_g-tec__nf1_","value":"1212795","text":"1.0 MPI Automat - 55kW / 75HP (95Nm)"},{"model":"fabia__5j2_","value":"1212932","text":"1.2 HTP - 44kW / 60HP (108Nm)"},{"model":"fabia__5j2_","value":"1212931","text":"1.2 HTP - 51kW / 69HP (112Nm)"},{"model":"fabia__5j2_","value":"1212843","text":"1.2 TDI - 55kW / 75HP (180Nm)"},{"model":"fabia__5j2_","value":"1212947","text":"1.2 TSI - 63kW / 86HP (160Nm)"},{"model":"fabia__5j2_","value":"1212948","text":"1.2 TSI - 77kW / 105HP (175Nm)"},{"model":"fabia__5j2_","value":"1212958","text":"1.2 TSI Automat - 77kW / 105HP (175Nm)"},{"model":"fabia__5j2_","value":"1212967","text":"1.4 - 63kW / 86HP (130Nm)"},{"model":"fabia__5j2_","value":"1212971","text":"1.4 - 63kW / 86HP (132Nm)"},{"model":"fabia__5j2_","value":"1212860","text":"1.4 TDI - 51kW / 69HP (155Nm)"},{"model":"fabia__5j2_","value":"1212858","text":"1.4 TDI - 59kW / 80HP (195Nm)"},{"model":"fabia__5j2_","value":"1212977","text":"1.6 - 77kW / 105HP (153Nm)"},{"model":"fabia__5j2_","value":"1212981","text":"1.6 Automat - 77kW / 105HP (153Nm)"},{"model":"fabia__5j2_","value":"1212874","text":"1.6 TDI - 55kW / 75HP (195Nm)"},{"model":"fabia__5j2_","value":"1212875","text":"1.6 TDI - 66kW / 90HP (230Nm)"},{"model":"fabia__5j2_","value":"1212876","text":"1.6 TDI - 77kW / 105HP (250Nm)"},{"model":"fabia__5j2_","value":"1212919","text":"1.9 TDI - 77kW / 105HP (240Nm)"},{"model":"fabia__6y2_","value":"1213019","text":"1.2 - 40kW / 54HP (106Nm)"},{"model":"fabia__6y2_","value":"1213020","text":"1.2 - 40kW / 54HP (108Nm)"},{"model":"fabia__6y2_","value":"1213023","text":"1.2 HTP - 47kW / 64HP (112Nm)"},{"model":"fabia__6y2_","value":"1213042","text":"1.4 - 55kW / 75HP (126Nm)"},{"model":"fabia__6y2_","value":"1213041","text":"1.4 - 74kW / 101HP (126Nm)"},{"model":"fabia__6y2_","value":"1213027","text":"1.4 Automat - 55kW / 75HP (126Nm)"},{"model":"fabia__6y2_","value":"1212987","text":"1.4 TDI - 51kW / 69HP (155Nm)"},{"model":"fabia__6y2_","value":"1212985","text":"1.4 TDI - 55kW / 75HP (195Nm)"},{"model":"fabia__6y2_","value":"1212988","text":"1.4 TDI - 59kW / 80HP (195Nm)"},{"model":"fabia__6y2_","value":"1212996","text":"1.9 SDI - 47kW / 64HP (125Nm)"},{"model":"fabia__6y2_","value":"1213006","text":"1.9 TDI - 74kW / 101HP (240Nm)"},{"model":"fabia__6y2_","value":"1213016","text":"1.9 TDI - 96kW / 131HP (310Nm)"},{"model":"fabia__6y2_","value":"1213068","text":"2.0 - 85kW / 116HP (170Nm)"},{"model":"fabia__6y3_","value":"1213127","text":"1.4 - 55kW / 75HP (126Nm)"},{"model":"fabia__6y3_","value":"1213149","text":"1.4 - 59kW / 80HP (132Nm)"},{"model":"fabia__6y3_","value":"1213126","text":"1.4 - 74kW / 101HP (126Nm)"},{"model":"fabia__6y3_","value":"1213112","text":"1.4 Automat - 55kW / 75HP (126Nm)"},{"model":"fabia__6y3_","value":"1213155","text":"1.4 Automat - 59kW / 80HP (132Nm)"},{"model":"fabia__6y3_","value":"1213088","text":"1.4 TDI - 51kW / 69HP (155Nm)"},{"model":"fabia__6y3_","value":"1213084","text":"1.4 TDI - 55kW / 75HP (195Nm)"},{"model":"fabia__6y3_","value":"1213086","text":"1.4 TDI - 59kW / 80HP (195Nm)"},{"model":"fabia__6y3_","value":"1213093","text":"1.9 SDI - 47kW / 64HP (125Nm)"},{"model":"fabia__6y3_","value":"1213102","text":"1.9 TDI - 74kW / 101HP (240Nm)"},{"model":"fabia__6y3_","value":"1213157","text":"2.0 - 85kW / 116HP (170Nm)"},{"model":"fabia__nj3_","value":"1213180","text":"1.0 MPI - 44kW / 60HP (95Nm)"},{"model":"fabia__nj3_","value":"1213181","text":"1.0 MPI - 55kW / 75HP (95Nm)"},{"model":"fabia__nj3_","value":"1213200","text":"1.0 TSI - 70kW / 95HP (160Nm)"},{"model":"fabia__nj3_","value":"1213202","text":"1.0 TSI - 81kW / 110HP (200Nm)"},{"model":"fabia__nj3_","value":"1213205","text":"1.0 TSI Automat - 81kW / 110HP (200Nm)"},{"model":"fabia__nj3_","value":"1213216","text":"1.2 TSI - 63kW / 86HP (160Nm)"},{"model":"fabia__nj3_","value":"1213208","text":"1.2 TSI - 66kW / 90HP (160Nm)"},{"model":"fabia__nj3_","value":"1213230","text":"1.2 TSI - 77kW / 105HP (175Nm)"},{"model":"fabia__nj3_","value":"1213222","text":"1.2 TSI - 81kW / 110HP (175Nm)"},{"model":"fabia__nj3_","value":"1213236","text":"1.2 TSI Automat - 81kW / 110HP (175Nm)"},{"model":"fabia__nj3_","value":"1213166","text":"1.4 TDI - 55kW / 75HP (210Nm)"},{"model":"fabia__nj3_","value":"1213169","text":"1.4 TDI - 66kW / 90HP (230Nm)"},{"model":"fabia__nj3_","value":"1213165","text":"1.4 TDI - 77kW / 105HP (250Nm)"},{"model":"fabia__nj3_","value":"1213176","text":"1.4 TDI Automat - 66kW / 90HP (230Nm)"},{"model":"fabia__nj3_","value":"1213244","text":"1.6 - 81kW / 110HP (250Nm)"},{"model":"fabia_combi__5j5_","value":"1213336","text":"1.2 HTP - 44kW / 60HP (108Nm)"},{"model":"fabia_combi__5j5_","value":"1213335","text":"1.2 HTP - 51kW / 69HP (112Nm)"},{"model":"fabia_combi__5j5_","value":"1213247","text":"1.2 TDI - 55kW / 75HP (180Nm)"},{"model":"fabia_combi__5j5_","value":"1213352","text":"1.2 TSI - 63kW / 86HP (160Nm)"},{"model":"fabia_combi__5j5_","value":"1213351","text":"1.2 TSI - 77kW / 105HP (175Nm)"},{"model":"fabia_combi__5j5_","value":"1213362","text":"1.2 TSI Automat - 77kW / 105HP (175Nm)"},{"model":"fabia_combi__5j5_","value":"1213371","text":"1.4 - 63kW / 86HP (130Nm)"},{"model":"fabia_combi__5j5_","value":"1213375","text":"1.4 - 63kW / 86HP (132Nm)"},{"model":"fabia_combi__5j5_","value":"1213264","text":"1.4 TDI - 51kW / 69HP (155Nm)"},{"model":"fabia_combi__5j5_","value":"1213262","text":"1.4 TDI - 59kW / 80HP (195Nm)"},{"model":"fabia_combi__5j5_","value":"1213381","text":"1.6 - 77kW / 105HP (153Nm)"},{"model":"fabia_combi__5j5_","value":"1213385","text":"1.6 Automat - 77kW / 105HP (153Nm)"},{"model":"fabia_combi__5j5_","value":"1213280","text":"1.6 TDI - 55kW / 75HP (195Nm)"},{"model":"fabia_combi__5j5_","value":"1213279","text":"1.6 TDI - 66kW / 90HP (230Nm)"},{"model":"fabia_combi__5j5_","value":"1213278","text":"1.6 TDI - 77kW / 105HP (250Nm)"},{"model":"fabia_combi__5j5_","value":"1213323","text":"1.9 TDI - 77kW / 105HP (240Nm)"},{"model":"fabia_combi__6y5_","value":"1213417","text":"1.2 - 40kW / 54HP (106Nm)"},{"model":"fabia_combi__6y5_","value":"1213418","text":"1.2 - 40kW / 54HP (108Nm)"},{"model":"fabia_combi__6y5_","value":"1213421","text":"1.2 HTP - 47kW / 64HP (112Nm)"},{"model":"fabia_combi__6y5_","value":"1213440","text":"1.4 - 55kW / 75HP (126Nm)"},{"model":"fabia_combi__6y5_","value":"1213460","text":"1.4 - 59kW / 80HP (132Nm)"},{"model":"fabia_combi__6y5_","value":"1213438","text":"1.4 - 74kW / 101HP (126Nm)"},{"model":"fabia_combi__6y5_","value":"1213425","text":"1.4 Automat - 55kW / 75HP (126Nm)"},{"model":"fabia_combi__6y5_","value":"1213465","text":"1.4 Automat - 59kW / 80HP (132Nm)"},{"model":"fabia_combi__6y5_","value":"1213392","text":"1.4 TDI - 51kW / 69HP (155Nm)"},{"model":"fabia_combi__6y5_","value":"1213389","text":"1.4 TDI - 55kW / 75HP (195Nm)"},{"model":"fabia_combi__6y5_","value":"1213391","text":"1.4 TDI - 59kW / 80HP (195Nm)"},{"model":"fabia_combi__6y5_","value":"1213398","text":"1.9 SDI - 47kW / 64HP (125Nm)"},{"model":"fabia_combi__6y5_","value":"1213407","text":"1.9 TDI - 74kW / 101HP (240Nm)"},{"model":"fabia_combi__6y5_","value":"1213467","text":"2.0 - 85kW / 116HP (170Nm)"},{"model":"fabia_combi__nj5_","value":"1213491","text":"1.0 MPI - 44kW / 60HP (95Nm)"},{"model":"fabia_combi__nj5_","value":"1213490","text":"1.0 MPI - 55kW / 75HP (95Nm)"},{"model":"fabia_combi__nj5_","value":"1213510","text":"1.0 TSI - 70kW / 95HP (160Nm)"},{"model":"fabia_combi__nj5_","value":"1213520","text":"1.2 TSI - 63kW / 86HP (160Nm)"},{"model":"fabia_combi__nj5_","value":"1213512","text":"1.2 TSI - 66kW / 90HP (160Nm)"},{"model":"fabia_combi__nj5_","value":"1213534","text":"1.2 TSI - 77kW / 105HP (175Nm)"},{"model":"fabia_combi__nj5_","value":"1213526","text":"1.2 TSI - 81kW / 110HP (175Nm)"},{"model":"fabia_combi__nj5_","value":"1213540","text":"1.2 TSI Automat - 81kW / 110HP (175Nm)"},{"model":"fabia_combi__nj5_","value":"1213476","text":"1.4 TDI - 55kW / 75HP (210Nm)"},{"model":"fabia_combi__nj5_","value":"1213478","text":"1.4 TDI - 66kW / 90HP (230Nm)"},{"model":"fabia_combi__nj5_","value":"1213475","text":"1.4 TDI - 77kW / 105HP (250Nm)"},{"model":"fabia_combi__nj5_","value":"1213486","text":"1.4 TDI Automat - 66kW / 90HP (230Nm)"},{"model":"fabia_combi__nj5_","value":"1213548","text":"1.6 - 81kW / 110HP (250Nm)"},{"model":"fabia_combi rs__5j5_","value":"1213551","text":"1.4 TSI Automat - 132kW / 180HP (250Nm)"},{"model":"fabia_rs__5j2_","value":"1213582","text":"1.4 TSI Automat - 132kW / 180HP (250Nm)"},{"model":"fabia_rs__6y2_","value":"1213611","text":"1.9 TDI - 96kW / 131HP (310Nm)"},{"model":"karoq___","value":"1213620","text":"1.5 TSI - 110kW / 150HP (250Nm)"},{"model":"karoq___","value":"1213624","text":"1.5 TSI Automat - 110kW / 150HP (250Nm)"},{"model":"karoq___","value":"1213617","text":"2.0 TDI - 110kW / 150HP (340Nm)"},{"model":"karoq___","value":"1213614","text":"2.0 TDI 4x4 Automat - 110kW / 150HP (340Nm)"},{"model":"karoq___","value":"1213628","text":"2.0 TFSI 4X4 Automat - 140kW / 190HP (320Nm)"},{"model":"kodiaq__ns7_","value":"1213666","text":"1.4 TSI - 92kW / 125HP (200Nm)"},{"model":"kodiaq__ns7_","value":"1213664","text":"1.4 TSI - 110kW / 150HP (250Nm)"},{"model":"kodiaq__ns7_","value":"1213656","text":"1.4 TSI 4X4 - 110kW / 150HP (250Nm)"},{"model":"kodiaq__ns7_","value":"1213652","text":"1.4 TSI 4X4 Automat - 110kW / 150HP (250Nm)"},{"model":"kodiaq__ns7_","value":"1213660","text":"1.4 TSI Automat - 110kW / 150HP (250Nm)"},{"model":"kodiaq__ns7_","value":"1213644","text":"2.0 TDI - 110kW / 150HP (340Nm)"},{"model":"kodiaq__ns7_","value":"1213632","text":"2.0 TDI 4X4 - 110kW / 150HP (340Nm)"},{"model":"kodiaq__ns7_","value":"1213637","text":"2.0 TDI 4X4 Automat - 110kW / 150HP (340Nm)"},{"model":"kodiaq__ns7_","value":"1213636","text":"2.0 TDI 4X4 Automat - 140kW / 190HP (400Nm)"},{"model":"kodiaq__ns7_","value":"1213648","text":"2.0 TDI Automat - 110kW / 150HP (340Nm)"},{"model":"kodiaq__ns7_","value":"1213670","text":"2.0 TFSI 4X4 Automat - 132kW / 180HP (320Nm)"},{"model":"kodiaq__ns7_","value":"1213671","text":"2.0 TFSI 4X4 Automat - 140kW / 190HP (320Nm)"},{"model":"octavia__1u2_","value":"1213738","text":"1.4 - 55kW / 75HP (126Nm)"},{"model":"octavia__1u2_","value":"1213780","text":"1.6 - 74kW / 101HP (145Nm)"},{"model":"octavia__1u2_","value":"1213784","text":"1.6 - 75kW / 102HP (148Nm)"},{"model":"octavia__1u2_","value":"1213750","text":"1.6 Automat - 74kW / 101HP (145Nm)"},{"model":"octavia__1u2_","value":"1213753","text":"1.6 Automat - 75kW / 102HP (148Nm)"},{"model":"octavia__1u2_","value":"1213829","text":"1.8 T - 110kW / 150HP (210Nm)"},{"model":"octavia__1u2_","value":"1213810","text":"1.8 T 4X4 - 110kW / 150HP (210Nm)"},{"model":"octavia__1u2_","value":"1213681","text":"1.9 SDI - 50kW / 68HP (130Nm)"},{"model":"octavia__1u2_","value":"1213678","text":"1.9 SDI - 50kW / 68HP (133Nm)"},{"model":"octavia__1u2_","value":"1213686","text":"1.9 TDI - 66kW / 90HP (210Nm)"},{"model":"octavia__1u2_","value":"1213713","text":"1.9 TDI - 74kW / 101HP (240Nm)"},{"model":"octavia__1u2_","value":"1213687","text":"1.9 TDI - 81kW / 110HP (235Nm)"},{"model":"octavia__1u2_","value":"1213735","text":"1.9 TDI - 96kW / 131HP (310Nm)"},{"model":"octavia__1u2_","value":"1213848","text":"2.0 Automat - 85kW / 116HP (172Nm)"},{"model":"octavia__1z3_","value":"1214086","text":"1.2 TSI - 77kW / 105HP (175Nm)"},{"model":"octavia__1z3_","value":"1214091","text":"1.2 TSI Automat - 77kW / 105HP (175Nm)"},{"model":"octavia__1z3_","value":"1214098","text":"1.4 - 55kW / 75HP (126Nm)"},{"model":"octavia__1z3_","value":"1214100","text":"1.4 - 59kW / 80HP (132Nm)"},{"model":"octavia__1z3_","value":"1214113","text":"1.4 Automat - 59kW / 80HP (132Nm)"},{"model":"octavia__1z3_","value":"1214120","text":"1.4 TSI - 90kW / 122HP (200Nm)"},{"model":"octavia__1z3_","value":"1214132","text":"1.4 TSI Automat - 90kW / 122HP (200Nm)"},{"model":"octavia__1z3_","value":"1214144","text":"1.6 - 75kW / 102HP (148Nm)"},{"model":"octavia__1z3_","value":"1214165","text":"1.6 Automat - 75kW / 102HP (148Nm)"},{"model":"octavia__1z3_","value":"1214186","text":"1.6 FSI Automat - 85kW / 116HP (155Nm)"},{"model":"octavia__1z3_","value":"1214196","text":"1.6 LPG - 75kW / 102HP (148Nm)"},{"model":"octavia__1z3_","value":"1213851","text":"1.6 TDI DPF - 77kW / 105HP (250Nm)"},{"model":"octavia__1z3_","value":"1213866","text":"1.6 TDI DPF Automat - 77kW / 105HP (250Nm)"},{"model":"octavia__1z3_","value":"1214215","text":"1.8 TSI - 112kW / 152HP (250Nm)"},{"model":"octavia__1z3_","value":"1214211","text":"1.8 TSI - 118kW / 160HP (250Nm)"},{"model":"octavia__1z3_","value":"1214201","text":"1.8 TSI Automat - 112kW / 152HP (250Nm)"},{"model":"octavia__1z3_","value":"1214234","text":"1.8 TSI Automat - 118kW / 160HP (250Nm)"},{"model":"octavia__1z3_","value":"1213891","text":"1.9 TDI - 77kW / 105HP (250Nm)"},{"model":"octavia__1z3_","value":"1213881","text":"1.9 TDI 4X4 - 77kW / 105HP (250Nm)"},{"model":"octavia__1z3_","value":"1213886","text":"1.9 TDI 4X4 Automat - 77kW / 105HP (250Nm)"},{"model":"octavia__1z3_","value":"1213925","text":"1.9 TDI Automat - 77kW / 105HP (250Nm)"},{"model":"octavia__1z3_","value":"1214285","text":"2.0 FSI - 110kW / 150HP (200Nm)"},{"model":"octavia__1z3_","value":"1214255","text":"2.0 FSI 4X4 - 110kW / 150HP (200Nm)"},{"model":"octavia__1z3_","value":"1214247","text":"2.0 FSI 4X4 Automat - 110kW / 150HP (200Nm)"},{"model":"octavia__1z3_","value":"1214263","text":"2.0 FSI Automat - 110kW / 150HP (200Nm)"},{"model":"octavia__1z3_","value":"1214007","text":"2.0 TDI - 77kW / 105HP (275Nm)"},{"model":"octavia__1z3_","value":"1214016","text":"2.0 TDI - 81kW / 110HP (250Nm)"},{"model":"octavia__1z3_","value":"1214024","text":"2.0 TDI - 81kW / 110HP (280Nm)"},{"model":"octavia__1z3_","value":"1213990","text":"2.0 TDI - 100kW / 136HP (320Nm)"},{"model":"octavia__1z3_","value":"1213989","text":"2.0 TDI - 103kW / 140HP (320Nm)"},{"model":"octavia__1z3_","value":"1213959","text":"2.0 TDI Automat - 100kW / 136HP (320Nm)"},{"model":"octavia__1z3_","value":"1213960","text":"2.0 TDI Automat - 103kW / 140HP (320Nm)"},{"model":"octavia__1z3_","value":"1214073","text":"2.0 TDI DPF - 103kW / 140HP (320Nm)"},{"model":"octavia__1z3_","value":"1214052","text":"2.0 TDI DPF 4X4 - 103kW / 140HP (320Nm)"},{"model":"octavia__1z3_","value":"1214044","text":"2.0 TDI DPF 4X4 Automat - 103kW / 140HP (320Nm)"},{"model":"octavia__1z3_","value":"1214060","text":"2.0 TDI DPF Automat - 103kW / 140HP (320Nm)"},{"model":"octavia__1z3_","value":"1214311","text":"2.0 TSI - 147kW / 200HP (280Nm)"},{"model":"octavia__1z3_","value":"1214308","text":"2.0 TSI Automat - 147kW / 200HP (280Nm)"},{"model":"octavia__5e3_","value":"1214450","text":"1.0 TSI - 85kW / 116HP (200Nm)"},{"model":"octavia__5e3_","value":"1214454","text":"1.0 TSI Automat - 85kW / 116HP (200Nm)"},{"model":"octavia__5e3_","value":"1214458","text":"1.2 TSI - 63kW / 86HP (160Nm)"},{"model":"octavia__5e3_","value":"1214470","text":"1.2 TSI - 77kW / 105HP (175Nm)"},{"model":"octavia__5e3_","value":"1214476","text":"1.2 TSI - 81kW / 110HP (175Nm)"},{"model":"octavia__5e3_","value":"1214482","text":"1.2 TSI Automat - 81kW / 110HP (175Nm)"},{"model":"octavia__5e3_","value":"1214486","text":"1.4 TSI - 103kW / 140HP (250Nm)"},{"model":"octavia__5e3_","value":"1214492","text":"1.4 TSI - 110kW / 150HP (250Nm)"},{"model":"octavia__5e3_","value":"1214506","text":"1.4 TSI Automat - 110kW / 150HP (250Nm)"},{"model":"octavia__5e3_","value":"1214518","text":"1.4 TSI G-TEC - 81kW / 110HP (200Nm)"},{"model":"octavia__5e3_","value":"1214527","text":"1.4 TSI G-TEC Automat - 81kW / 110HP (200Nm)"},{"model":"octavia__5e3_","value":"1214538","text":"1.5 TSI - 110kW / 150HP (250Nm)"},{"model":"octavia__5e3_","value":"1214542","text":"1.5 TSI Automat - 110kW / 150HP (250Nm)"},{"model":"octavia__5e3_","value":"1214546","text":"1.6 - 81kW / 110HP (250Nm)"},{"model":"octavia__5e3_","value":"1214331","text":"1.6 TDI - 66kW / 90HP (230Nm)"},{"model":"octavia__5e3_","value":"1214330","text":"1.6 TDI - 77kW / 105HP (250Nm)"},{"model":"octavia__5e3_","value":"1214339","text":"1.6 TDI - 81kW / 110HP (250Nm)"},{"model":"octavia__5e3_","value":"1214350","text":"1.6 TDI - 85kW / 116HP (250Nm)"},{"model":"octavia__5e3_","value":"1214313","text":"1.6 TDI 4X4 - 77kW / 105HP (250Nm)"},{"model":"octavia__5e3_","value":"1214315","text":"1.6 TDI 4X4 - 81kW / 110HP (250Nm)"},{"model":"octavia__5e3_","value":"1214324","text":"1.6 TDI 4X4 Automat - 77kW / 105HP (250Nm)"},{"model":"octavia__5e3_","value":"1214326","text":"1.6 TDI 4X4 Automat - 81kW / 110HP (250Nm)"},{"model":"octavia__5e3_","value":"1214357","text":"1.6 TDI Automat - 77kW / 105HP (250Nm)"},{"model":"octavia__5e3_","value":"1214361","text":"1.6 TDI Automat - 81kW / 110HP (250Nm)"},{"model":"octavia__5e3_","value":"1214366","text":"1.6 TDI Automat - 85kW / 116HP (250Nm)"},{"model":"octavia__5e3_","value":"1214367","text":"1.6 TDI GreenLine - 81kW / 110HP (250Nm)"},{"model":"octavia__5e3_","value":"1214562","text":"1.8 TSI - 132kW / 180HP (250Nm)"},{"model":"octavia__5e3_","value":"1214550","text":"1.8 TSI 4X4 Automat - 132kW / 180HP (280Nm)"},{"model":"octavia__5e3_","value":"1214574","text":"1.8 TSI Automat - 132kW / 180HP (250Nm)"},{"model":"octavia__5e3_","value":"1214560","text":"1.8 TSI Automat - 132kW / 180HP (280Nm)"},{"model":"octavia__5e3_","value":"1214432","text":"2.0 TDI - 105kW / 143HP (320Nm)"},{"model":"octavia__5e3_","value":"1214429","text":"2.0 TDI - 110kW / 150HP (320Nm)"},{"model":"octavia__5e3_","value":"1214443","text":"2.0 TDI - 110kW / 150HP (340Nm)"},{"model":"octavia__5e3_","value":"1214393","text":"2.0 TDI 4X4 - 110kW / 150HP (320Nm)"},{"model":"octavia__5e3_","value":"1214401","text":"2.0 TDI 4X4 - 110kW / 150HP (340Nm)"},{"model":"octavia__5e3_","value":"1214392","text":"2.0 TDI 4X4 - 135kW / 184HP (380Nm)"},{"model":"octavia__5e3_","value":"1214377","text":"2.0 TDI 4X4 Automat - 110kW / 150HP (320Nm)"},{"model":"octavia__5e3_","value":"1214385","text":"2.0 TDI 4X4 Automat - 110kW / 150HP (340Nm)"},{"model":"octavia__5e3_","value":"1214376","text":"2.0 TDI 4X4 Automat - 135kW / 184HP (380Nm)"},{"model":"octavia__5e3_","value":"1214411","text":"2.0 TDI Automat - 105kW / 143HP (320Nm)"},{"model":"octavia__5e3_","value":"1214409","text":"2.0 TDI Automat - 110kW / 150HP (320Nm)"},{"model":"octavia__5e3_","value":"1214423","text":"2.0 TDI Automat - 110kW / 150HP (340Nm)"},{"model":"octavia__5e3_","value":"1214586","text":"2.0 TFSI Automat - 140kW / 190HP (320Nm)"},{"model":"octavia_combi__1u5_","value":"1214668","text":"1.4 - 55kW / 75HP (126Nm)"},{"model":"octavia_combi__1u5_","value":"1214710","text":"1.6 - 74kW / 101HP (145Nm)"},{"model":"octavia_combi__1u5_","value":"1214713","text":"1.6 - 75kW / 102HP (148Nm)"},{"model":"octavia_combi__1u5_","value":"1214680","text":"1.6 Automat - 74kW / 101HP (145Nm)"},{"model":"octavia_combi__1u5_","value":"1214683","text":"1.6 Automat - 75kW / 102HP (148Nm)"},{"model":"octavia_combi__1u5_","value":"1214759","text":"1.8 T - 110kW / 150HP (210Nm)"},{"model":"octavia_combi__1u5_","value":"1214740","text":"1.8 T 4X4 - 110kW / 150HP (210Nm)"},{"model":"octavia_combi__1u5_","value":"1214591","text":"1.9 SDI - 50kW / 68HP (130Nm)"},{"model":"octavia_combi__1u5_","value":"1214588","text":"1.9 SDI - 50kW / 68HP (133Nm)"},{"model":"octavia_combi__1u5_","value":"1214615","text":"1.9 TDI - 66kW / 90HP (210Nm)"},{"model":"octavia_combi__1u5_","value":"1214640","text":"1.9 TDI - 74kW / 101HP (240Nm)"},{"model":"octavia_combi__1u5_","value":"1214613","text":"1.9 TDI - 81kW / 110HP (235Nm)"},{"model":"octavia_combi__1u5_","value":"1214662","text":"1.9 TDI - 96kW / 131HP (310Nm)"},{"model":"octavia_combi__1u5_","value":"1214596","text":"1.9 TDI 4X4 - 66kW / 90HP (210Nm)"},{"model":"octavia_combi__1u5_","value":"1214606","text":"1.9 TDI 4X4 - 74kW / 101HP (240Nm)"},{"model":"octavia_combi__1u5_","value":"1214778","text":"2.0 Automat - 85kW / 116HP (172Nm)"},{"model":"octavia_combi__1z5_","value":"1215089","text":"1.2 TSI - 77kW / 105HP (175Nm)"},{"model":"octavia_combi__1z5_","value":"1215094","text":"1.2 TSI Automat - 77kW / 105HP (175Nm)"},{"model":"octavia_combi__1z5_","value":"1215101","text":"1.4 - 55kW / 75HP (126Nm)"},{"model":"octavia_combi__1z5_","value":"1215103","text":"1.4 - 59kW / 80HP (132Nm)"},{"model":"octavia_combi__1z5_","value":"1215116","text":"1.4 Automat - 59kW / 80HP (132Nm)"},{"model":"octavia_combi__1z5_","value":"1215123","text":"1.4 TSI - 90kW / 122HP (200Nm)"},{"model":"octavia_combi__1z5_","value":"1215135","text":"1.4 TSI Automat - 90kW / 122HP (200Nm)"},{"model":"octavia_combi__1z5_","value":"1215147","text":"1.6 - 75kW / 102HP (148Nm)"},{"model":"octavia_combi__1z5_","value":"1215168","text":"1.6 Automat - 75kW / 102HP (148Nm)"},{"model":"octavia_combi__1z5_","value":"1215189","text":"1.6 FSI Automat - 85kW / 116HP (155Nm)"},{"model":"octavia_combi__1z5_","value":"1215199","text":"1.6 LPG - 75kW / 102HP (148Nm)"},{"model":"octavia_combi__1z5_","value":"1214811","text":"1.6 TDI DPF - 77kW / 105HP (250Nm)"},{"model":"octavia_combi__1z5_","value":"1214781","text":"1.6 TDI DPF 4X4 - 77kW / 105HP (250Nm)"},{"model":"octavia_combi__1z5_","value":"1214796","text":"1.6 TDI DPF 4X4 Automat - 77kW / 105HP (250Nm)"},{"model":"octavia_combi__1z5_","value":"1214826","text":"1.6 TDI DPF Automat - 77kW / 105HP (250Nm)"},{"model":"octavia_combi__1z5_","value":"1215260","text":"1.8 TSI - 112kW / 152HP (250Nm)"},{"model":"octavia_combi__1z5_","value":"1215256","text":"1.8 TSI - 118kW / 160HP (250Nm)"},{"model":"octavia_combi__1z5_","value":"1215214","text":"1.8 TSI 4X4 - 112kW / 152HP (250Nm)"},{"model":"octavia_combi__1z5_","value":"1215224","text":"1.8 TSI 4X4 - 118kW / 160HP (250Nm)"},{"model":"octavia_combi__1z5_","value":"1215204","text":"1.8 TSI 4X4 Automat - 112kW / 152HP (250Nm)"},{"model":"octavia_combi__1z5_","value":"1215233","text":"1.8 TSI 4X4 Automat - 118kW / 160HP (250Nm)"},{"model":"octavia_combi__1z5_","value":"1215246","text":"1.8 TSI Automat - 112kW / 152HP (250Nm)"},{"model":"octavia_combi__1z5_","value":"1215279","text":"1.8 TSI Automat - 118kW / 160HP (250Nm)"},{"model":"octavia_combi__1z5_","value":"1214877","text":"1.9 TDI - 77kW / 105HP (250Nm)"},{"model":"octavia_combi__1z5_","value":"1214841","text":"1.9 TDI 4X4 - 77kW / 105HP (250Nm)"},{"model":"octavia_combi__1z5_","value":"1214859","text":"1.9 TDI 4X4 Automat - 77kW / 105HP (250Nm)"},{"model":"octavia_combi__1z5_","value":"1214913","text":"1.9 TDI Automat - 77kW / 105HP (250Nm)"},{"model":"octavia_combi__1z5_","value":"1215330","text":"2.0 FSI - 110kW / 150HP (200Nm)"},{"model":"octavia_combi__1z5_","value":"1215300","text":"2.0 FSI 4X4 - 110kW / 150HP (200Nm)"},{"model":"octavia_combi__1z5_","value":"1215292","text":"2.0 FSI 4X4 Automat - 110kW / 150HP (200Nm)"},{"model":"octavia_combi__1z5_","value":"1215308","text":"2.0 FSI Automat - 110kW / 150HP (200Nm)"},{"model":"octavia_combi__1z5_","value":"1215002","text":"2.0 TDI - 77kW / 105HP (275Nm)"},{"model":"octavia_combi__1z5_","value":"1215012","text":"2.0 TDI - 81kW / 110HP (250Nm)"},{"model":"octavia_combi__1z5_","value":"1215020","text":"2.0 TDI - 81kW / 110HP (280Nm)"},{"model":"octavia_combi__1z5_","value":"1214985","text":"2.0 TDI - 100kW / 136HP (320Nm)"},{"model":"octavia_combi__1z5_","value":"1214984","text":"2.0 TDI - 103kW / 140HP (320Nm)"},{"model":"octavia_combi__1z5_","value":"1214948","text":"2.0 TDI 4X4 - 81kW / 110HP (280Nm)"},{"model":"octavia_combi__1z5_","value":"1214955","text":"2.0 TDI Automat - 100kW / 136HP (320Nm)"},{"model":"octavia_combi__1z5_","value":"1214954","text":"2.0 TDI Automat - 103kW / 140HP (320Nm)"},{"model":"octavia_combi__1z5_","value":"1215076","text":"2.0 TDI DPF - 103kW / 140HP (320Nm)"},{"model":"octavia_combi__1z5_","value":"1215050","text":"2.0 TDI DPF 4X4 - 103kW / 140HP (320Nm)"},{"model":"octavia_combi__1z5_","value":"1215037","text":"2.0 TDI DPF 4X4 Automat - 103kW / 140HP (320Nm)"},{"model":"octavia_combi__1z5_","value":"1215063","text":"2.0 TDI DPF Automat - 103kW / 140HP (320Nm)"},{"model":"octavia_combi__1z5_","value":"1215356","text":"2.0 TSI - 147kW / 200HP (280Nm)"},{"model":"octavia_combi__1z5_","value":"1215353","text":"2.0 TSI Automat - 147kW / 200HP (280Nm)"},{"model":"octavia_combi__5e5_","value":"1215495","text":"1.0 TSI - 85kW / 116HP (200Nm)"},{"model":"octavia_combi__5e5_","value":"1215499","text":"1.0 TSI Automat - 85kW / 116HP (200Nm)"},{"model":"octavia_combi__5e5_","value":"1215503","text":"1.2 TSI - 63kW / 86HP (160Nm)"},{"model":"octavia_combi__5e5_","value":"1215515","text":"1.2 TSI - 77kW / 105HP (175Nm)"},{"model":"octavia_combi__5e5_","value":"1215521","text":"1.2 TSI - 81kW / 110HP (175Nm)"},{"model":"octavia_combi__5e5_","value":"1215527","text":"1.2 TSI Automat - 81kW / 110HP (175Nm)"},{"model":"octavia_combi__5e5_","value":"1215531","text":"1.4 TSI - 103kW / 140HP (250Nm)"},{"model":"octavia_combi__5e5_","value":"1215537","text":"1.4 TSI - 110kW / 150HP (250Nm)"},{"model":"octavia_combi__5e5_","value":"1215551","text":"1.4 TSI Automat - 110kW / 150HP (250Nm)"},{"model":"octavia_combi__5e5_","value":"1215563","text":"1.4 TSI G-TEC - 81kW / 110HP (200Nm)"},{"model":"octavia_combi__5e5_","value":"1215572","text":"1.4 TSI G-TEC Automat - 81kW / 110HP (200Nm)"},{"model":"octavia_combi__5e5_","value":"1215583","text":"1.5 TSI - 110kW / 150HP (250Nm)"},{"model":"octavia_combi__5e5_","value":"1215587","text":"1.5 TSI Automat - 110kW / 150HP (250Nm)"},{"model":"octavia_combi__5e5_","value":"1215591","text":"1.6 - 81kW / 110HP (250Nm)"},{"model":"octavia_combi__5e5_","value":"1215376","text":"1.6 TDI - 66kW / 90HP (230Nm)"},{"model":"octavia_combi__5e5_","value":"1215375","text":"1.6 TDI - 77kW / 105HP (250Nm)"},{"model":"octavia_combi__5e5_","value":"1215383","text":"1.6 TDI - 81kW / 110HP (250Nm)"},{"model":"octavia_combi__5e5_","value":"1215395","text":"1.6 TDI - 85kW / 116HP (250Nm)"},{"model":"octavia_combi__5e5_","value":"1215358","text":"1.6 TDI 4X4 - 77kW / 105HP (250Nm)"},{"model":"octavia_combi__5e5_","value":"1215360","text":"1.6 TDI 4X4 - 81kW / 110HP (250Nm)"},{"model":"octavia_combi__5e5_","value":"1215369","text":"1.6 TDI 4X4 Automat - 77kW / 105HP (250Nm)"},{"model":"octavia_combi__5e5_","value":"1215371","text":"1.6 TDI 4X4 Automat - 81kW / 110HP (250Nm)"},{"model":"octavia_combi__5e5_","value":"1215402","text":"1.6 TDI Automat - 77kW / 105HP (250Nm)"},{"model":"octavia_combi__5e5_","value":"1215406","text":"1.6 TDI Automat - 81kW / 110HP (250Nm)"},{"model":"octavia_combi__5e5_","value":"1215411","text":"1.6 TDI Automat - 85kW / 116HP (250Nm)"},{"model":"octavia_combi__5e5_","value":"1215412","text":"1.6 TDI GreenLine - 81kW / 110HP (250Nm)"},{"model":"octavia_combi__5e5_","value":"1215623","text":"1.8 TSI - 132kW / 180HP (250Nm)"},{"model":"octavia_combi__5e5_","value":"1215605","text":"1.8 TSI 4X4 - 132kW / 180HP (250Nm)"},{"model":"octavia_combi__5e5_","value":"1215613","text":"1.8 TSI 4X4 Automat - 132kW / 180HP (250Nm)"},{"model":"octavia_combi__5e5_","value":"1215595","text":"1.8 TSI 4X4 Automat - 132kW / 180HP (280Nm)"},{"model":"octavia_combi__5e5_","value":"1215635","text":"1.8 TSI Automat - 132kW / 180HP (250Nm)"},{"model":"octavia_combi__5e5_","value":"1215621","text":"1.8 TSI Automat - 132kW / 180HP (280Nm)"},{"model":"octavia_combi__5e5_","value":"1215477","text":"2.0 TDI - 105kW / 143HP (320Nm)"},{"model":"octavia_combi__5e5_","value":"1215474","text":"2.0 TDI - 110kW / 150HP (320Nm)"},{"model":"octavia_combi__5e5_","value":"1215488","text":"2.0 TDI - 110kW / 150HP (340Nm)"},{"model":"octavia_combi__5e5_","value":"1215438","text":"2.0 TDI 4X4 - 110kW / 150HP (320Nm)"},{"model":"octavia_combi__5e5_","value":"1215446","text":"2.0 TDI 4X4 - 110kW / 150HP (340Nm)"},{"model":"octavia_combi__5e5_","value":"1215437","text":"2.0 TDI 4X4 - 135kW / 184HP (380Nm)"},{"model":"octavia_combi__5e5_","value":"1215422","text":"2.0 TDI 4X4 Automat - 110kW / 150HP (320Nm)"},{"model":"octavia_combi__5e5_","value":"1215430","text":"2.0 TDI 4X4 Automat - 110kW / 150HP (340Nm)"},{"model":"octavia_combi__5e5_","value":"1215421","text":"2.0 TDI 4X4 Automat - 135kW / 184HP (380Nm)"},{"model":"octavia_combi__5e5_","value":"1215457","text":"2.0 TDI Automat - 105kW / 143HP (320Nm)"},{"model":"octavia_combi__5e5_","value":"1215454","text":"2.0 TDI Automat - 110kW / 150HP (320Nm)"},{"model":"octavia_combi__5e5_","value":"1215468","text":"2.0 TDI Automat - 110kW / 150HP (340Nm)"},{"model":"octavia_combi__5e5_","value":"1215647","text":"2.0 TFSI Automat - 140kW / 190HP (320Nm)"},{"model":"octavia_combi rs__1u5_","value":"1215649","text":"1.8 T - 132kW / 180HP (235Nm)"},{"model":"octavia_combi rs__1z5_","value":"1215693","text":"2.0 TDI DPF - 125kW / 170HP (350Nm)"},{"model":"octavia_combi_rs__1z5_","value":"1215654","text":"2.0 TDI DPF Automat - 125kW / 170HP (350Nm)"},{"model":"octavia_combi_rs__1z5_","value":"1215732","text":"2.0 TFSI - 147kW / 200HP (280Nm)"},{"model":"octavia_combi_rs__1z5_","value":"1215758","text":"2.0 TSI - 147kW / 200HP (280Nm)"},{"model":"octavia_combi_rs__1z5_","value":"1215740","text":"2.0 TSI Automat - 147kW / 200HP (280Nm)"},{"model":"octavia_combi rs__5e5_","value":"1215831","text":"2.0 TDI - 135kW / 184HP (380Nm)"},{"model":"octavia_combi_rs__5e5_","value":"1215795","text":"2.0 TDI 4X4 - 135kW / 184HP (380Nm)"},{"model":"octavia_combi_rs__5e5_","value":"1215779","text":"2.0 TDI 4X4 Automat - 135kW / 184HP (380Nm)"},{"model":"octavia_combi_rs__5e5_","value":"1215811","text":"2.0 TDI Automat - 135kW / 184HP (380Nm)"},{"model":"octavia_combi_rs__5e5_","value":"1215867","text":"2.0 TSI - 162kW / 220HP (350Nm)"},{"model":"octavia_combi_rs__5e5_","value":"1215869","text":"2.0 TSI - 169kW / 230HP (350Nm)"},{"model":"octavia_combi_rs__5e5_","value":"1215859","text":"2.0 TSI Automat - 162kW / 220HP (350Nm)"},{"model":"octavia_combi_rs__5e5_","value":"1215861","text":"2.0 TSI Automat - 169kW / 230HP (350Nm)"},{"model":"octavia_rs__1u2_","value":"1215875","text":"1.8 T - 132kW / 180HP (235Nm)"},{"model":"octavia_rs__1z3_","value":"1215919","text":"2.0 TDI DPF - 125kW / 170HP (350Nm)"},{"model":"octavia_rs__1z3_","value":"1215880","text":"2.0 TDI DPF Automat - 125kW / 170HP (350Nm)"},{"model":"octavia_rs__1z3_","value":"1215958","text":"2.0 TFSI - 147kW / 200HP (280Nm)"},{"model":"octavia_rs__1z3_","value":"1215984","text":"2.0 TSI - 147kW / 200HP (280Nm)"},{"model":"octavia_rs__1z3_","value":"1215967","text":"2.0 TSI Automat - 147kW / 200HP (280Nm)"},{"model":"octavia_rs__5e3_","value":"1216057","text":"2.0 TDI - 135kW / 184HP (380Nm)"},{"model":"octavia_rs__5e3_","value":"1216021","text":"2.0 TDI 4X4 - 135kW / 184HP (380Nm)"},{"model":"octavia_rs__5e3_","value":"1216005","text":"2.0 TDI 4X4 Automat - 135kW / 184HP (380Nm)"},{"model":"octavia_rs__5e3_","value":"1216037","text":"2.0 TDI Automat - 135kW / 184HP (380Nm)"},{"model":"octavia_rs__5e3_","value":"1216093","text":"2.0 TSI - 162kW / 220HP (350Nm)"},{"model":"octavia_rs__5e3_","value":"1216095","text":"2.0 TSI - 169kW / 230HP (350Nm)"},{"model":"octavia_rs__5e3_","value":"1216085","text":"2.0 TSI Automat - 162kW / 220HP (350Nm)"},{"model":"octavia_rs__5e3_","value":"1216087","text":"2.0 TSI Automat - 169kW / 230HP (350Nm)"},{"model":"praktik__5j_","value":"1216153","text":"1.2 HTP - 51kW / 69HP (112Nm)"},{"model":"praktik__5j_","value":"1216101","text":"1.2 TDI - 55kW / 75HP (180Nm)"},{"model":"praktik__5j_","value":"1216164","text":"1.2 TSI - 63kW / 86HP (160Nm)"},{"model":"praktik__5j_","value":"1216170","text":"1.4 MPI - 63kW / 86HP (130Nm)"},{"model":"praktik__5j_","value":"1216173","text":"1.4 MPI - 63kW / 86HP (132Nm)"},{"model":"praktik__5j_","value":"1216121","text":"1.4 TDI - 51kW / 69HP (155Nm)"},{"model":"praktik__5j_","value":"1216119","text":"1.4 TDI - 59kW / 80HP (195Nm)"},{"model":"praktik__5j_","value":"1216135","text":"1.6 TDI - 66kW / 90HP (230Nm)"},{"model":"rapid__nh3_","value":"1216234","text":"1.0 TSI - 70kW / 95HP (160Nm)"},{"model":"rapid__nh3_","value":"1216236","text":"1.0 TSI Automat - 70kW / 95HP (160Nm)"},{"model":"rapid__nh3_","value":"1216238","text":"1.2 MPI - 55kW / 75HP (112Nm)"},{"model":"rapid__nh3_","value":"1216242","text":"1.2 MPI Automat - 55kW / 75HP (112Nm)"},{"model":"rapid__nh3_","value":"1216252","text":"1.2 TSI - 63kW / 86HP (160Nm)"},{"model":"rapid__nh3_","value":"1216246","text":"1.2 TSI - 66kW / 90HP (160Nm)"},{"model":"rapid__nh3_","value":"1216256","text":"1.2 TSI - 77kW / 105HP (175Nm)"},{"model":"rapid__nh3_","value":"1216259","text":"1.2 TSI - 81kW / 110HP (175Nm)"},{"model":"rapid__nh3_","value":"1216266","text":"1.2 TSI Automat - 63kW / 86HP (160Nm)"},{"model":"rapid__nh3_","value":"1216269","text":"1.2 TSI Automat - 66kW / 90HP (160Nm)"},{"model":"rapid__nh3_","value":"1216180","text":"1.4 TDI - 66kW / 90HP (230Nm)"},{"model":"rapid__nh3_","value":"1216183","text":"1.4 TDI Automat - 66kW / 90HP (230Nm)"},{"model":"rapid__nh3_","value":"1216277","text":"1.4 TSI Automat - 90kW / 122HP (200Nm)"},{"model":"rapid__nh3_","value":"1216285","text":"1.4 TSI Automat - 92kW / 125HP (200Nm)"},{"model":"rapid__nh3_","value":"1216294","text":"1.6 - 81kW / 110HP (250Nm)"},{"model":"rapid__nh3_","value":"1216297","text":"1.6 Automat - 81kW / 110HP (250Nm)"},{"model":"rapid__nh3_","value":"1216192","text":"1.6 TDI - 66kW / 90HP (230Nm)"},{"model":"rapid__nh3_","value":"1216186","text":"1.6 TDI - 77kW / 105HP (250Nm)"},{"model":"rapid__nh3_","value":"1216212","text":"1.6 TDI - 85kW / 116HP (250Nm)"},{"model":"rapid__nh3_","value":"1216225","text":"1.6 TDI Automat - 66kW / 90HP (230Nm)"},{"model":"rapid_spaceback__nh1_","value":"1216354","text":"1.0 TSI - 70kW / 95HP (160Nm)"},{"model":"rapid_spaceback__nh1_","value":"1216356","text":"1.0 TSI Automat - 70kW / 95HP (160Nm)"},{"model":"rapid_spaceback__nh1_","value":"1216358","text":"1.2 MPI - 55kW / 75HP (112Nm)"},{"model":"rapid_spaceback__nh1_","value":"1216362","text":"1.2 MPI Automat - 55kW / 75HP (112Nm)"},{"model":"rapid_spaceback__nh1_","value":"1216372","text":"1.2 TSI - 63kW / 86HP (160Nm)"},{"model":"rapid_spaceback__nh1_","value":"1216366","text":"1.2 TSI - 66kW / 90HP (160Nm)"},{"model":"rapid_spaceback__nh1_","value":"1216376","text":"1.2 TSI - 77kW / 105HP (175Nm)"},{"model":"rapid_spaceback__nh1_","value":"1216379","text":"1.2 TSI - 81kW / 110HP (175Nm)"},{"model":"rapid_spaceback__nh1_","value":"1216386","text":"1.2 TSI Automat - 63kW / 86HP (160Nm)"},{"model":"rapid_spaceback__nh1_","value":"1216389","text":"1.2 TSI Automat - 66kW / 90HP (160Nm)"},{"model":"rapid_spaceback__nh1_","value":"1216300","text":"1.4 TDI - 66kW / 90HP (230Nm)"},{"model":"rapid_spaceback__nh1_","value":"1216303","text":"1.4 TDI Automat - 66kW / 90HP (230Nm)"},{"model":"rapid_spaceback__nh1_","value":"1216397","text":"1.4 TSI Automat - 90kW / 122HP (200Nm)"},{"model":"rapid_spaceback__nh1_","value":"1216405","text":"1.4 TSI Automat - 92kW / 125HP (200Nm)"},{"model":"rapid_spaceback__nh1_","value":"1216414","text":"1.6 - 81kW / 110HP (250Nm)"},{"model":"rapid_spaceback__nh1_","value":"1216420","text":"1.6 16v MPI Flex - 74kW / 101HP (153Nm)"},{"model":"rapid_spaceback__nh1_","value":"1216417","text":"1.6 Automat - 81kW / 110HP (250Nm)"},{"model":"rapid_spaceback__nh1_","value":"1216314","text":"1.6 TDI - 66kW / 90HP (230Nm)"},{"model":"rapid_spaceback__nh1_","value":"1216306","text":"1.6 TDI - 77kW / 105HP (250Nm)"},{"model":"rapid_spaceback__nh1_","value":"1216330","text":"1.6 TDI - 85kW / 116HP (250Nm)"},{"model":"rapid_spaceback__nh1_","value":"1216345","text":"1.6 TDI Automat - 66kW / 90HP (230Nm)"},{"model":"roomster__5j_","value":"1216513","text":"1.2 HTP - 47kW / 64HP (112Nm)"},{"model":"roomster__5j_","value":"1216514","text":"1.2 HTP - 51kW / 69HP (112Nm)"},{"model":"roomster__5j_","value":"1216423","text":"1.2 TDI - 55kW / 75HP (180Nm)"},{"model":"roomster__5j_","value":"1216532","text":"1.2 TSI - 63kW / 86HP (160Nm)"},{"model":"roomster__5j_","value":"1216526","text":"1.2 TSI - 77kW / 105HP (175Nm)"},{"model":"roomster__5j_","value":"1216539","text":"1.2 TSI Automat - 77kW / 105HP (175Nm)"},{"model":"roomster__5j_","value":"1216550","text":"1.4 16v - 63kW / 86HP (132Nm)"},{"model":"roomster__5j_","value":"1216551","text":"1.4 MPI - 63kW / 86HP (130Nm)"},{"model":"roomster__5j_","value":"1216554","text":"1.4 MPI - 63kW / 86HP (132Nm)"},{"model":"roomster__5j_","value":"1216441","text":"1.4 TDI - 51kW / 69HP (155Nm)"},{"model":"roomster__5j_","value":"1216442","text":"1.4 TDI - 59kW / 80HP (195Nm)"},{"model":"roomster__5j_","value":"1216563","text":"1.6 - 77kW / 105HP (153Nm)"},{"model":"roomster__5j_","value":"1216573","text":"1.6 Automat - 77kW / 105HP (153Nm)"},{"model":"roomster__5j_","value":"1216459","text":"1.6 TDI - 66kW / 90HP (230Nm)"},{"model":"roomster__5j_","value":"1216462","text":"1.6 TDI - 77kW / 105HP (250Nm)"},{"model":"roomster__5j_","value":"1216500","text":"1.9 TDI - 74kW / 101HP (240Nm)"},{"model":"roomster__5j_","value":"1216498","text":"1.9 TDI - 77kW / 105HP (240Nm)"},{"model":"superb__3t4_","value":"1216755","text":"1.4 TSI - 92kW / 125HP (200Nm)"},{"model":"superb__3t4_","value":"1216771","text":"1.4 TSI Automat - 92kW / 125HP (200Nm)"},{"model":"superb__3t4_","value":"1216583","text":"1.6 TDI 4X4 - 77kW / 105HP (250Nm)"},{"model":"superb__3t4_","value":"1216838","text":"1.8 TSI - 112kW / 152HP (250Nm)"},{"model":"superb__3t4_","value":"1216833","text":"1.8 TSI - 118kW / 160HP (250Nm)"},{"model":"superb__3t4_","value":"1216788","text":"1.8 TSI 4X4 - 112kW / 152HP (250Nm)"},{"model":"superb__3t4_","value":"1216787","text":"1.8 TSI 4X4 - 118kW / 160HP (250Nm)"},{"model":"superb__3t4_","value":"1216814","text":"1.8 TSI 4X4 Automat - 118kW / 160HP (250Nm)"},{"model":"superb__3t4_","value":"1216863","text":"1.8 TSI Automat - 118kW / 160HP (250Nm)"},{"model":"superb__3t4_","value":"1216604","text":"1.9 TDI - 77kW / 105HP (250Nm)"},{"model":"superb__3t4_","value":"1216680","text":"2.0 TDI - 103kW / 140HP (320Nm)"},{"model":"superb__3t4_","value":"1216686","text":"2.0 TDI - 125kW / 170HP (350Nm)"},{"model":"superb__3t4_","value":"1216640","text":"2.0 TDI 4X4 - 103kW / 140HP (320Nm)"},{"model":"superb__3t4_","value":"1216626","text":"2.0 TDI 4X4 - 125kW / 170HP (350Nm)"},{"model":"superb__3t4_","value":"1216611","text":"2.0 TDI 4X4 Automat - 103kW / 140HP (320Nm)"},{"model":"superb__3t4_","value":"1216668","text":"2.0 TDI Automat - 103kW / 140HP (320Nm)"},{"model":"superb__3t4_","value":"1216900","text":"2.0 TSI - 147kW / 200HP (280Nm)"},{"model":"superb__3t4_","value":"1216883","text":"2.0 TSI Automat - 147kW / 200HP (280Nm)"},{"model":"superb__3t4_","value":"1216912","text":"3.6 FSI V6 Automat - 191kW / 260HP (350Nm)"},{"model":"superb__3u4_","value":"1217002","text":"1.8 T - 110kW / 150HP (210Nm)"},{"model":"superb__3u4_","value":"1216994","text":"1.8 T Automat - 110kW / 150HP (210Nm)"},{"model":"superb__3u4_","value":"1216943","text":"1.9 TDI - 74kW / 101HP (250Nm)"},{"model":"superb__3u4_","value":"1216949","text":"1.9 TDI - 77kW / 105HP (250Nm)"},{"model":"superb__3u4_","value":"1216956","text":"1.9 TDI - 85kW / 116HP (250Nm)"},{"model":"superb__3u4_","value":"1216941","text":"1.9 TDI - 96kW / 131HP (285Nm)"},{"model":"superb__3u4_","value":"1216963","text":"1.9 TDI - 96kW / 131HP (310Nm)"},{"model":"superb__3u4_","value":"1216922","text":"1.9 TDI Automat - 74kW / 101HP (250Nm)"},{"model":"superb__3u4_","value":"1216926","text":"1.9 TDI Automat - 77kW / 105HP (250Nm)"},{"model":"superb__3u4_","value":"1216933","text":"1.9 TDI Automat - 85kW / 116HP (250Nm)"},{"model":"superb__3u4_","value":"1216924","text":"1.9 TDI Automat - 96kW / 131HP (310Nm)"},{"model":"superb__3u4_","value":"1217018","text":"2.0 - 85kW / 116HP (172Nm)"},{"model":"superb__3u4_","value":"1217010","text":"2.0 Automat - 85kW / 116HP (172Nm)"},{"model":"superb__3u4_","value":"1216968","text":"2.0 TDI - 103kW / 140HP (320Nm)"},{"model":"superb__3u4_","value":"1216985","text":"2.5 V6 TDI - 114kW / 155HP (310Nm)"},{"model":"superb__3u4_","value":"1216987","text":"2.5 V6 TDI - 120kW / 163HP (350Nm)"},{"model":"superb__3u4_","value":"1216976","text":"2.5 V6 TDI Automat - 114kW / 155HP (310Nm)"},{"model":"superb__3u4_","value":"1216978","text":"2.5 V6 TDI Automat - 120kW / 163HP (350Nm)"},{"model":"superb__3u4_","value":"1217043","text":"2.8 V6 - 140kW / 190HP (260Nm)"},{"model":"superb__3u4_","value":"1217042","text":"2.8 V6 - 142kW / 193HP (280Nm)"},{"model":"superb__3u4_","value":"1217027","text":"2.8 V6 Automat - 140kW / 190HP (260Nm)"},{"model":"superb__3u4_","value":"1217026","text":"2.8 V6 Automat - 142kW / 193HP (280Nm)"},{"model":"superb__3v3_","value":"1217094","text":"1.4 TSI - 92kW / 125HP (200Nm)"},{"model":"superb__3v3_","value":"1217118","text":"1.4 TSI ACT - 110kW / 150HP (250Nm)"},{"model":"superb__3v3_","value":"1217106","text":"1.4 TSI ACT 4X4 - 110kW / 150HP (250Nm)"},{"model":"superb__3v3_","value":"1217112","text":"1.4 TSI ACT 4X4 Automat - 110kW / 150HP (250Nm)"},{"model":"superb__3v3_","value":"1217130","text":"1.4 TSI ACT Automat - 110kW / 150HP (250Nm)"},{"model":"superb__3v3_","value":"1217100","text":"1.4 TSI Automat - 92kW / 125HP (200Nm)"},{"model":"superb__3v3_","value":"1217058","text":"1.6 TDI - 88kW / 120HP (250Nm)"},{"model":"superb__3v3_","value":"1217064","text":"1.6 TDI Automat - 88kW / 120HP (250Nm)"},{"model":"superb__3v3_","value":"1217142","text":"1.8 TSI - 132kW / 180HP (320Nm)"},{"model":"superb__3v3_","value":"1217148","text":"1.8 TSI Automat - 132kW / 180HP (250Nm)"},{"model":"superb__3v3_","value":"1217088","text":"2.0 TDI SCR - 140kW / 190HP (400Nm)"},{"model":"superb__3v3_","value":"1217076","text":"2.0 TDI SCR 4X4 - 140kW / 190HP (400Nm)"},{"model":"superb__3v3_","value":"1217070","text":"2.0 TDI SCR 4X4 Automat - 140kW / 190HP (400Nm)"},{"model":"superb__3v3_","value":"1217082","text":"2.0 TDI SCR Automat - 140kW / 190HP (400Nm)"},{"model":"superb__3v3_","value":"1217154","text":"2.0 TFSI Automat - 140kW / 190HP (320Nm)"},{"model":"superb__3v3_","value":"1217161","text":"2.0 TSI 4X4 Automat - 206kW / 280HP (350Nm)"},{"model":"superb__3v3_","value":"1217164","text":"2.0 TSI Automat - 162kW / 220HP (350Nm)"},{"model":"superb_combi__3t5_","value":"1217334","text":"1.4 TSI - 92kW / 125HP (200Nm)"},{"model":"superb_combi__3t5_","value":"1217348","text":"1.4 TSI Automat - 92kW / 125HP (200Nm)"},{"model":"superb_combi__3t5_","value":"1217167","text":"1.6 TDI - 77kW / 105HP (250Nm)"},{"model":"superb_combi__3t5_","value":"1217410","text":"1.8 TSI - 112kW / 152HP (250Nm)"},{"model":"superb_combi__3t5_","value":"1217408","text":"1.8 TSI - 118kW / 160HP (250Nm)"},{"model":"superb_combi__3t5_","value":"1217364","text":"1.8 TSI 4X4 - 112kW / 152HP (250Nm)"},{"model":"superb_combi__3t5_","value":"1217362","text":"1.8 TSI 4X4 - 118kW / 160HP (250Nm)"},{"model":"superb_combi__3t5_","value":"1217389","text":"1.8 TSI 4X4 Automat - 118kW / 160HP (250Nm)"},{"model":"superb_combi__3t5_","value":"1217435","text":"1.8 TSI Automat - 118kW / 160HP (250Nm)"},{"model":"superb_combi__3t5_","value":"1217188","text":"1.9 TDI - 77kW / 105HP (250Nm)"},{"model":"superb_combi__3t5_","value":"1217260","text":"2.0 TDI - 103kW / 140HP (320Nm)"},{"model":"superb_combi__3t5_","value":"1217266","text":"2.0 TDI - 125kW / 170HP (350Nm)"},{"model":"superb_combi__3t5_","value":"1217220","text":"2.0 TDI 4X4 - 103kW / 140HP (320Nm)"},{"model":"superb_combi__3t5_","value":"1217206","text":"2.0 TDI 4X4 - 125kW / 170HP (350Nm)"},{"model":"superb_combi__3t5_","value":"1217192","text":"2.0 TDI 4X4 Automat - 103kW / 140HP (320Nm)"},{"model":"superb_combi__3t5_","value":"1217248","text":"2.0 TDI Automat - 103kW / 140HP (320Nm)"},{"model":"superb_combi__3t5_","value":"1217472","text":"2.0 TSI - 147kW / 200HP (280Nm)"},{"model":"superb_combi__3t5_","value":"1217455","text":"2.0 TSI Automat - 147kW / 200HP (280Nm)"},{"model":"superb_combi__3t5_","value":"1217484","text":"3.6 FSI 4X4 V6 Automat - 191kW / 260HP (350Nm)"},{"model":"superb_combi__3v5_","value":"1217528","text":"1.4 TSI - 92kW / 125HP (200Nm)"},{"model":"superb_combi__3v5_","value":"1217552","text":"1.4 TSI ACT - 110kW / 150HP (250Nm)"},{"model":"superb_combi__3v5_","value":"1217540","text":"1.4 TSI ACT 4X4 - 110kW / 150HP (250Nm)"},{"model":"superb_combi__3v5_","value":"1217546","text":"1.4 TSI ACT 4X4 Automat - 110kW / 150HP (250Nm)"},{"model":"superb_combi__3v5_","value":"1217564","text":"1.4 TSI ACT Automat - 110kW / 150HP (250Nm)"},{"model":"superb_combi__3v5_","value":"1217534","text":"1.4 TSI Automat - 92kW / 125HP (200Nm)"},{"model":"superb_combi__3v5_","value":"1217492","text":"1.6 TDI - 88kW / 120HP (250Nm)"},{"model":"superb_combi__3v5_","value":"1217498","text":"1.6 TDI Automat - 88kW / 120HP (250Nm)"},{"model":"superb_combi__3v5_","value":"1217576","text":"1.8 TSI - 132kW / 180HP (320Nm)"},{"model":"superb_combi__3v5_","value":"1217582","text":"1.8 TSI Automat - 132kW / 180HP (250Nm)"},{"model":"superb_combi__3v5_","value":"1217522","text":"2.0 TDI SCR - 140kW / 190HP (400Nm)"},{"model":"superb_combi__3v5_","value":"1217510","text":"2.0 TDI SCR 4X4 - 140kW / 190HP (400Nm)"},{"model":"superb_combi__3v5_","value":"1217504","text":"2.0 TDI SCR 4X4 Automat - 140kW / 190HP (400Nm)"},{"model":"superb_combi__3v5_","value":"1217516","text":"2.0 TDI SCR Automat - 140kW / 190HP (400Nm)"},{"model":"superb_combi__3v5_","value":"1217588","text":"2.0 TFSI Automat - 140kW / 190HP (320Nm)"},{"model":"superb_combi__3v5_","value":"1217595","text":"2.0 TSI 4X4 Automat - 206kW / 280HP (350Nm)"},{"model":"superb_combi__3v5_","value":"1217598","text":"2.0 TSI Automat - 162kW / 220HP (350Nm)"},{"model":"yeti__5l_","value":"1217825","text":"1.2 TSI - 77kW / 105HP (175Nm)"},{"model":"yeti__5l_","value":"1217831","text":"1.2 TSI - 81kW / 110HP (175Nm)"},{"model":"yeti__5l_","value":"1217839","text":"1.2 TSI Automat - 77kW / 105HP (175Nm)"},{"model":"yeti__5l_","value":"1217850","text":"1.2 TSI Automat - 81kW / 110HP (175Nm)"},{"model":"yeti__5l_","value":"1217868","text":"1.4 TSI - 90kW / 122HP (200Nm)"},{"model":"yeti__5l_","value":"1217880","text":"1.4 TSI - 92kW / 125HP (200Nm)"},{"model":"yeti__5l_","value":"1217864","text":"1.4 TSI 4X4 - 110kW / 150HP (250Nm)"},{"model":"yeti__5l_","value":"1217858","text":"1.4 TSI 4X4 Automat - 110kW / 150HP (250Nm)"},{"model":"yeti__5l_","value":"1217887","text":"1.4 TSI Automat - 90kW / 122HP (200Nm)"},{"model":"yeti__5l_","value":"1217904","text":"1.4 TSI Automat - 92kW / 125HP (200Nm)"},{"model":"yeti__5l_","value":"1217910","text":"1.6 MPI - 81kW / 110HP (250Nm)"},{"model":"yeti__5l_","value":"1217918","text":"1.6 MPI Automat - 81kW / 110HP (250Nm)"},{"model":"yeti__5l_","value":"1217601","text":"1.6 TDI - 77kW / 105HP (250Nm)"},{"model":"yeti__5l_","value":"1217619","text":"1.6 TDI Automat - 77kW / 105HP (250Nm)"},{"model":"yeti__5l_","value":"1217959","text":"1.8 TSI 4X4 - 112kW / 152HP (250Nm)"},{"model":"yeti__5l_","value":"1217958","text":"1.8 TSI 4X4 - 118kW / 160HP (250Nm)"},{"model":"yeti__5l_","value":"1217927","text":"1.8 TSI 4X4 Automat - 112kW / 152HP (250Nm)"},{"model":"yeti__5l_","value":"1217926","text":"1.8 TSI 4X4 Automat - 118kW / 160HP (250Nm)"},{"model":"yeti__5l_","value":"1217637","text":"2.0 16v TDI - 103kW / 140HP (320Nm)"},{"model":"yeti__5l_","value":"1217769","text":"2.0 TDI - 81kW / 110HP (250Nm)"},{"model":"yeti__5l_","value":"1217807","text":"2.0 TDI - 103kW / 140HP (320Nm)"},{"model":"yeti__5l_","value":"1217819","text":"2.0 TDI - 110kW / 150HP (340Nm)"},{"model":"yeti__5l_","value":"1217710","text":"2.0 TDI 4X4 - 81kW / 110HP (280Nm)"},{"model":"yeti__5l_","value":"1217696","text":"2.0 TDI 4X4 - 103kW / 140HP (320Nm)"},{"model":"yeti__5l_","value":"1217763","text":"2.0 TDI 4X4 - 110kW / 150HP (340Nm)"},{"model":"yeti__5l_","value":"1217695","text":"2.0 TDI 4X4 - 125kW / 170HP (350Nm)"},{"model":"yeti__5l_","value":"1217646","text":"2.0 TDI 4X4 Automat - 103kW / 140HP (320Nm)"},{"model":"yeti__5l_","value":"1217689","text":"2.0 TDI 4X4 Automat - 110kW / 150HP (340Nm)"},{"model":"yeti__5l_","value":"1217647","text":"2.0 TDI 4X4 Automat - 125kW / 170HP (350Nm)"},{"model":"yeti__5l_","value":"1217801","text":"2.0 TDI Automat - 110kW / 150HP (340Nm)"}]