[{"model":"forfour__w453_","value":"1217983","text":"1.0 - 52kW / 71HP (91Nm)"},{"model":"forfour__w453_","value":"1217993","text":"1.0 Automat - 52kW / 71HP (91Nm)"},{"model":"forfour__w453_","value":"1218003","text":"900 - 66kW / 90HP (135Nm)"},{"model":"forfour__w453_","value":"1218014","text":"900 Automat - 66kW / 90HP (135Nm)"},{"model":"forfour__w454_","value":"1218043","text":"1.3 - 70kW / 95HP (125Nm)"},{"model":"forfour__w454_","value":"1218046","text":"1.3 Automat - 70kW / 95HP (125Nm)"},{"model":"forfour__w454_","value":"1218049","text":"1.5 - 80kW / 109HP (145Nm)"},{"model":"forfour__w454_","value":"1218051","text":"1.5 Automat - 80kW / 109HP (145Nm)"},{"model":"forfour__w454_","value":"1218025","text":"1.5 CDI - 50kW / 68HP (160Nm)"},{"model":"forfour__w454_","value":"1218026","text":"1.5 CDI - 70kW / 95HP (210Nm)"},{"model":"forfour__w454_","value":"1218035","text":"1.5 CDI Automat - 50kW / 68HP (160Nm)"},{"model":"forfour__w454_","value":"1218034","text":"1.5 CDI Automat - 70kW / 95HP (210Nm)"},{"model":"forfour_brabus__w453_","value":"1218053","text":"900 Automat - 80kW / 109HP (170Nm)"},{"model":"forfour_brabus__w454_","value":"1218059","text":"1.5 - 130kW / 177HP (230Nm)"},{"model":"forfour_sportstyle__w454_","value":"1218061","text":"1.5 - 90kW / 122HP (160Nm)"},{"model":"forfour_sportstyle__w454_","value":"1218063","text":"1.5 Automat - 90kW / 122HP (160Nm)"},{"model":"fortwo__w450_","value":"1218068","text":"700 Automat - 37kW / 50HP (80Nm)"},{"model":"fortwo__w450_","value":"1218069","text":"700 Automat - 45kW / 61HP (95Nm)"},{"model":"fortwo__w450_","value":"1218065","text":"800 CDI Automat - 30kW / 41HP (100Nm)"},{"model":"fortwo__w451_","value":"1218095","text":"1.0 Automat - 45kW / 61HP (89Nm)"},{"model":"fortwo__w451_","value":"1218094","text":"1.0 Automat - 52kW / 71HP (92Nm)"},{"model":"fortwo__w451_","value":"1218097","text":"1.0 Automat - 62kW / 84HP (120Nm)"},{"model":"fortwo__w451_","value":"1218111","text":"1.0 mhd Automat - 45kW / 61HP (89Nm)"},{"model":"fortwo__w451_","value":"1218108","text":"1.0 mhd Automat - 52kW / 71HP (92Nm)"},{"model":"fortwo__w451_","value":"1218076","text":"800 CDI Automat - 33kW / 45HP (110Nm)"},{"model":"fortwo__w451_","value":"1218080","text":"800 CDI Automat - 40kW / 54HP (130Nm)"},{"model":"fortwo__w453_","value":"1218119","text":"1.0 - 52kW / 71HP (91Nm)"},{"model":"fortwo__w453_","value":"1218129","text":"1.0 Automat - 52kW / 71HP (91Nm)"},{"model":"fortwo__w453_","value":"1218139","text":"900 - 66kW / 90HP (135Nm)"},{"model":"fortwo__w453_","value":"1218150","text":"900 Automat - 66kW / 90HP (135Nm)"},{"model":"fortwo_brabus__w450_","value":"1218161","text":"700 Automat - 55kW / 75HP (110Nm)"},{"model":"fortwo_brabus__w451_","value":"1218165","text":"1.0 Automat - 72kW / 98HP (140Nm)"},{"model":"fortwo_brabus__w451_","value":"1218168","text":"1.0 Automat - 75kW / 102HP (147Nm)"},{"model":"fortwo_brabus__w453_","value":"1218174","text":"900 Automat - 80kW / 109HP (170Nm)"},{"model":"fortwo_brabus ultimate 125__w453_","value":"1218180","text":"900 Automat - 92kW / 125HP (200Nm)"},{"model":"fortwo_city coupe__w450_","value":"1218188","text":"600 Automat - 33kW / 45HP (70Nm)"},{"model":"fortwo_city_coupe__w450_","value":"1218189","text":"600 Automat - 40kW / 54HP (80Nm)"},{"model":"fortwo_city_coupe__w450_","value":"1218194","text":"600 Automat - 45kW / 61HP (88Nm)"},{"model":"fortwo_city_coupe__w450_","value":"1218184","text":"800 CDI Automat - 30kW / 41HP (100Nm)"},{"model":"fortwo_crossblade __w450_","value":"1218203","text":"600 Automat - 52kW / 71HP (100Nm)"},{"model":"roadster__w452_","value":"1218207","text":"700 Automat - 45kW / 61HP (95Nm)"},{"model":"roadster__w452_","value":"1218208","text":"700 Automat - 60kW / 82HP (110Nm)"},{"model":"roadster_brabus__w452_","value":"1218215","text":"700 Automat - 74kW / 101HP (130Nm)"}]