[{"model":"actyon___","value":"1218221","text":"2.0 XDi - 104kW / 141HP (310Nm)"},{"model":"actyon___","value":"1218223","text":"2.0 XDi - 110kW / 150HP (360Nm)"},{"model":"actyon___","value":"1218222","text":"2.0 XDi - 129kW / 175HP (360Nm)"},{"model":"actyon___","value":"1218226","text":"2.2 e-XDi - 131kW / 178HP (400Nm)"},{"model":"actyon_sports___","value":"1218230","text":"2.0 XDi - 104kW / 141HP (310Nm)"},{"model":"actyon_sports___","value":"1218232","text":"2.0 XDi - 110kW / 150HP (360Nm)"},{"model":"actyon_sports___","value":"1218231","text":"2.0 XDi - 129kW / 175HP (360Nm)"},{"model":"actyon_sports___","value":"1218235","text":"2.2 e-XDi - 131kW / 178HP (400Nm)"},{"model":"korando_(_3rd)__","value":"1218239","text":"2.0 XDi - 129kW / 175HP (360Nm)"},{"model":"korando_(_3rd)__","value":"1218251","text":"2.2 e-XDi - 131kW / 178HP (400Nm)"},{"model":"kyron___","value":"1218257","text":"2.0 XDi - 104kW / 141HP (310Nm)"},{"model":"kyron___","value":"1218258","text":"2.7 XDi - 132kW / 180HP (402Nm)"},{"model":"musso__q200_","value":"1218260","text":"2.2 e-XDi - 131kW / 178HP (400Nm)"},{"model":"rexton___","value":"1218263","text":"2.0 XDi - 114kW / 155HP (360Nm)"},{"model":"rexton___","value":"1218265","text":"2.2 e-XDi - 131kW / 178HP (400Nm)"},{"model":"rexton___","value":"1218272","text":"2.7 XDi - 118kW / 160HP (340Nm)"},{"model":"rexton___","value":"1218271","text":"2.7 XDi - 120kW / 163HP (345Nm)"},{"model":"rexton___","value":"1218273","text":"2.7 XDi - 132kW / 180HP (402Nm)"},{"model":"rodius___","value":"1218274","text":"2.0 XDi - 114kW / 155HP (360Nm)"},{"model":"rodius___","value":"1218276","text":"2.7 XDi - 120kW / 163HP (345Nm)"},{"model":"rodius___","value":"1218277","text":"3.2 V6 - 162kW / 220HP (0Nm)"},{"model":"stavic___","value":"1218278","text":"2.0 XDI - 114kW / 155HP (0Nm)"},{"model":"stavic___","value":"1218279","text":"2.0 XDI - 114kW / 155HP (360Nm)"},{"model":"stavic___","value":"1218280","text":"2.7 XDi - 120kW / 163HP (345Nm)"},{"model":"stavic___","value":"1218281","text":"3.2 V6 - 162kW / 220HP (0Nm)"},{"model":"tivoli___","value":"1218282","text":"1.6 e-XDi - 85kW / 116HP (0Nm)"},{"model":"xlv___","value":"1218288","text":"1.6 e-XDi - 85kW / 116HP (0Nm)"}]