[{"model":"b9_tribeca___","value":"1218292","text":"3.0 Automat - 186kW / 253HP (297Nm)"},{"model":"baja___","value":"1218299","text":"2.5 - 154kW / 209HP (319Nm)"},{"model":"baja___","value":"1218295","text":"2.5 Automat - 154kW / 209HP (319Nm)"},{"model":"brz___","value":"1218317","text":"2.0 D-4S - 147kW / 200HP (205Nm)"},{"model":"brz___","value":"1218303","text":"2.0 D-4S Automat - 147kW / 200HP (205Nm)"},{"model":"crosstrek___","value":"1218331","text":"2.0 - 110kW / 150HP (197Nm)"},{"model":"crosstrek___","value":"1218334","text":"2.0 CVT - 110kW / 150HP (197Nm)"},{"model":"forester_(_1st)_sf_","value":"1218343","text":"2.5 - 123kW / 167HP (225Nm)"},{"model":"forester_(_1st)_sf_","value":"1218337","text":"2.5 Automat - 123kW / 167HP (225Nm)"},{"model":"forester_(_2nd)_sg_","value":"1218357","text":"2.0 - 92kW / 125HP (184Nm)"},{"model":"forester_(_2nd)_sg_","value":"1218360","text":"2.0 - 116kW / 158HP (186Nm)"},{"model":"forester_(_2nd)_sg_","value":"1218349","text":"2.0 Automat - 92kW / 125HP (184Nm)"},{"model":"forester_(_2nd)_sg_","value":"1218352","text":"2.0 Automat - 116kW / 158HP (186Nm)"},{"model":"forester_(_2nd)_sg_","value":"1218369","text":"2.0XT - 130kW / 177HP (245Nm)"},{"model":"forester_(_2nd)_sg_","value":"1218365","text":"2.0XT Automat - 130kW / 177HP (245Nm)"},{"model":"forester_(_2nd)_sg_","value":"1218386","text":"2.5 - 112kW / 152HP (223Nm)"},{"model":"forester_(_2nd)_sg_","value":"1218392","text":"2.5 - 121kW / 165HP (0Nm)"},{"model":"forester_(_2nd)_sg_","value":"1218385","text":"2.5 - 123kW / 167HP (225Nm)"},{"model":"forester_(_2nd)_sg_","value":"1218391","text":"2.5 - 129kW / 175HP (230Nm)"},{"model":"forester_(_2nd)_sg_","value":"1218374","text":"2.5 Automat - 112kW / 152HP (223Nm)"},{"model":"forester_(_2nd)_sg_","value":"1218380","text":"2.5 Automat - 121kW / 165HP (0Nm)"},{"model":"forester_(_2nd)_sg_","value":"1218373","text":"2.5 Automat - 123kW / 167HP (225Nm)"},{"model":"forester_(_2nd)_sg_","value":"1218379","text":"2.5 Automat - 129kW / 175HP (230Nm)"},{"model":"forester_(_2nd)_sg_","value":"1218397","text":"2.5 XT Turbo - 169kW / 230HP (319Nm)"},{"model":"forester_(_2nd)_sg_","value":"1218412","text":"2.5XT - 155kW / 211HP (320Nm)"},{"model":"forester_(_2nd)_sg_","value":"1218416","text":"2.5XT - 157kW / 214HP (320Nm)"},{"model":"forester_(_2nd)_sg_","value":"1218413","text":"2.5XT - 160kW / 218HP (0Nm)"},{"model":"forester_(_2nd)_sg_","value":"1218418","text":"2.5XT - 169kW / 230HP (320Nm)"},{"model":"forester_(_2nd)_sg_","value":"1218417","text":"2.5XT - 175kW / 238HP (0Nm)"},{"model":"forester_(_2nd)_sg_","value":"1218399","text":"2.5XT Automat - 155kW / 211HP (320Nm)"},{"model":"forester_(_2nd)_sg_","value":"1218403","text":"2.5XT Automat - 157kW / 214HP (320Nm)"},{"model":"forester_(_2nd)_sg_","value":"1218400","text":"2.5XT Automat - 160kW / 218HP (0Nm)"},{"model":"forester_(_2nd)_sg_","value":"1218405","text":"2.5XT Automat - 169kW / 230HP (320Nm)"},{"model":"forester_(_2nd)_sg_","value":"1218404","text":"2.5XT Automat - 175kW / 238HP (0Nm)"},{"model":"forester_(_3rd)_sh_","value":"1218433","text":"2.0 - 110kW / 150HP (196Nm)"},{"model":"forester_(_3rd)_sh_","value":"1218431","text":"2.0 Automat - 110kW / 150HP (196Nm)"},{"model":"forester_(_3rd)_sh_","value":"1218425","text":"2.0D - 108kW / 147HP (350Nm)"},{"model":"forester_(_3rd)_sh_","value":"1218449","text":"2.0XT - 169kW / 230HP (320Nm)"},{"model":"forester_(_3rd)_sh_","value":"1218443","text":"2.0XT Automat - 169kW / 230HP (320Nm)"},{"model":"forester_(_3rd)_sh_","value":"1218461","text":"2.5 - 126kW / 171HP (229Nm)"},{"model":"forester_(_3rd)_sh_","value":"1218455","text":"2.5 Automat - 126kW / 171HP (229Nm)"},{"model":"forester_(_3rd)_sh_","value":"1218473","text":"2.5XT - 169kW / 230HP (320Nm)"},{"model":"forester_(_3rd)_sh_","value":"1218467","text":"2.5XT Automat - 169kW / 230HP (320Nm)"},{"model":"forester_(_4th)_sj_","value":"1218497","text":"2.0 - 110kW / 150HP (196Nm)"},{"model":"forester_(_4th)_sj_","value":"1218505","text":"2.0 CVT - 110kW / 150HP (196Nm)"},{"model":"forester_(_4th)_sj_","value":"1218479","text":"2.0D - 108kW / 147HP (350Nm)"},{"model":"forester_(_4th)_sj_","value":"1218481","text":"2.0D - 110kW / 150HP (350Nm)"},{"model":"forester_(_4th)_sj_","value":"1218488","text":"2.0D CVT - 108kW / 147HP (350Nm)"},{"model":"forester_(_4th)_sj_","value":"1218490","text":"2.0D CVT - 110kW / 150HP (350Nm)"},{"model":"forester_(_4th)_sj_","value":"1218513","text":"2.0XT CVT - 177kW / 241HP (350Nm)"},{"model":"forester_s-edition_( 3rd)_sh_","value":"1218525","text":"2.5XT Automat - 193kW / 262HP (347Nm)"},{"model":"forester_sti_( 2nd)_sg_","value":"1218531","text":"2.5 - 195kW / 265HP (380Nm)"},{"model":"forester_ts_( 4th)_sj_","value":"1218536","text":"2.0 CVT - 206kW / 280HP (350Nm)"},{"model":"g3x_justy___","value":"1218542","text":"1.3 - 51kW / 69HP (102Nm)"},{"model":"g3x_justy___","value":"1218547","text":"1.3 - 69kW / 94HP (118Nm)"},{"model":"g3x_justy___","value":"1218552","text":"1.5 - 73kW / 99HP (132Nm)"},{"model":"impreza___","value":"1218569","text":"2.0 - 92kW / 125HP (184Nm)"},{"model":"impreza___","value":"1218577","text":"2.0 - 110kW / 150HP (196Nm)"},{"model":"impreza___","value":"1218575","text":"2.0 - 118kW / 160HP (186Nm)"},{"model":"impreza___","value":"1218561","text":"2.0 Automat - 92kW / 125HP (184Nm)"},{"model":"impreza___","value":"1218567","text":"2.0 Automat - 118kW / 160HP (186Nm)"},{"model":"impreza___","value":"1218580","text":"2.0 CVT - 110kW / 150HP (196Nm)"},{"model":"impreza___","value":"1218557","text":"2.0D - 108kW / 147HP (350Nm)"},{"model":"impreza___","value":"1218583","text":"2.5 - 125kW / 170HP (230Nm)"},{"model":"impreza_s-gt___","value":"1218589","text":"2.0 - 184kW / 250HP (333Nm)"},{"model":"impreza_sti__(gd)_","value":"1218596","text":"2.5 - 172kW / 234HP (319Nm)"},{"model":"impreza_wrx___","value":"1218599","text":"2.0 - 160kW / 218HP (292Nm)"},{"model":"impreza_wrx___","value":"1218602","text":"2.0 - 165kW / 224HP (300Nm)"},{"model":"impreza_wrx___","value":"1218605","text":"2.5 - 169kW / 230HP (320Nm)"},{"model":"impreza_wrx___","value":"1218608","text":"2.5 - 195kW / 265HP (320Nm)"},{"model":"impreza_wrx sti___","value":"1218617","text":"2.0 - 195kW / 265HP (343Nm)"},{"model":"impreza_wrx_sti___","value":"1218625","text":"2.5 - 206kW / 280HP (392Nm)"},{"model":"impreza_wrx_sti___","value":"1218630","text":"2.5 - 221kW / 301HP (407Nm)"},{"model":"impreza_wrx_sti___","value":"1218622","text":"2.5 - 227kW / 309HP (392Nm)"},{"model":"impreza_wrx sti__(gd)_","value":"1218613","text":"2.5 - 206kW / 280HP (392Nm)"},{"model":"legacy_(_3rd)__","value":"1218636","text":"2.0 - 92kW / 125HP (184Nm)"},{"model":"legacy_(_3rd)__","value":"1218633","text":"2.0 Automat - 92kW / 125HP (184Nm)"},{"model":"legacy_(_3rd)__","value":"1218642","text":"2.0GT - 206kW / 280HP (343Nm)"},{"model":"legacy_(_3rd)__","value":"1218639","text":"2.0GT Automat - 198kW / 269HP (319Nm)"},{"model":"legacy_(_3rd)__","value":"1218645","text":"3.0R Automat - 154kW / 209HP (282Nm)"},{"model":"legacy_(_4th)__","value":"1218660","text":"2.0 - 101kW / 137HP (187Nm)"},{"model":"legacy_(_4th)__","value":"1218661","text":"2.0 - 110kW / 150HP (196Nm)"},{"model":"legacy_(_4th)__","value":"1218656","text":"2.0 Automat - 101kW / 137HP (187Nm)"},{"model":"legacy_(_4th)__","value":"1218657","text":"2.0 Automat - 110kW / 150HP (196Nm)"},{"model":"legacy_(_4th)__","value":"1218653","text":"2.0D - 110kW / 150HP (350Nm)"},{"model":"legacy_(_4th)__","value":"1218676","text":"2.0GT - 206kW / 280HP (343Nm)"},{"model":"legacy_(_4th)__","value":"1218673","text":"2.0GT - 210kW / 286HP (343Nm)"},{"model":"legacy_(_4th)__","value":"1218664","text":"2.0GT Automat - 198kW / 269HP (319Nm)"},{"model":"legacy_(_4th)__","value":"1218667","text":"2.0GT Automat - 210kW / 286HP (343Nm)"},{"model":"legacy_(_4th)__","value":"1218688","text":"2.0R - 121kW / 165HP (187Nm)"},{"model":"legacy_(_4th)__","value":"1218682","text":"2.0R Automat - 121kW / 165HP (187Nm)"},{"model":"legacy_(_4th)__","value":"1218699","text":"2.5 - 121kW / 165HP (226Nm)"},{"model":"legacy_(_4th)__","value":"1218700","text":"2.5 - 127kW / 173HP (227Nm)"},{"model":"legacy_(_4th)__","value":"1218694","text":"2.5 Automat - 121kW / 165HP (226Nm)"},{"model":"legacy_(_4th)__","value":"1218695","text":"2.5 Automat - 127kW / 173HP (227Nm)"},{"model":"legacy_(_4th)__","value":"1218704","text":"2.5GT - 186kW / 253HP (330Nm)"},{"model":"legacy_(_4th)__","value":"1218706","text":"3.0R - 180kW / 245HP (297Nm)"},{"model":"legacy_(_4th)__","value":"1218716","text":"3.0R Automat - 180kW / 245HP (297Nm)"},{"model":"legacy_(_5th)__","value":"1218732","text":"2.0 - 110kW / 150HP (196Nm)"},{"model":"legacy_(_5th)__","value":"1218738","text":"2.0 CVT - 110kW / 150HP (196Nm)"},{"model":"legacy_(_5th)__","value":"1218726","text":"2.0D - 110kW / 150HP (350Nm)"},{"model":"legacy_(_5th)__","value":"1218744","text":"2.0GT - 221kW / 301HP (400Nm)"},{"model":"legacy_(_5th)__","value":"1218747","text":"2.5 - 123kW / 167HP (230Nm)"},{"model":"legacy_(_5th)__","value":"1218750","text":"2.5 - 127kW / 173HP (230Nm)"},{"model":"legacy_(_5th)__","value":"1218756","text":"2.5GT - 198kW / 269HP (350Nm)"},{"model":"legacy_(_5th)__","value":"1218757","text":"2.5GT - 210kW / 286HP (350Nm)"},{"model":"legacy_(_5th)__","value":"1218768","text":"3.6 CVT - 191kW / 260HP (350Nm)"},{"model":"legacy_(_6th)__","value":"1218773","text":"2.0GT - 221kW / 301HP (400Nm)"},{"model":"legacy_(_6th)__","value":"1218776","text":"3.6 CVT - 191kW / 260HP (350Nm)"},{"model":"levorg___","value":"1218781","text":"1.6 DIT CVT - 125kW / 170HP (250Nm)"},{"model":"levorg___","value":"1218784","text":"2.0 GT-S CVT - 197kW / 268HP (350Nm)"},{"model":"levorg___","value":"1218786","text":"2.0 GT-S DIT CVT - 221kW / 301HP (400Nm)"},{"model":"liberty_(_4th)__","value":"1218815","text":"2.0 - 101kW / 137HP (187Nm)"},{"model":"liberty_(_4th)__","value":"1218816","text":"2.0 - 110kW / 150HP (196Nm)"},{"model":"liberty_(_4th)__","value":"1218811","text":"2.0 Automat - 101kW / 137HP (187Nm)"},{"model":"liberty_(_4th)__","value":"1218812","text":"2.0 Automat - 110kW / 150HP (196Nm)"},{"model":"liberty_(_4th)__","value":"1218808","text":"2.0D - 110kW / 150HP (350Nm)"},{"model":"liberty_(_4th)__","value":"1218831","text":"2.0GT - 190kW / 258HP (320Nm)"},{"model":"liberty_(_4th)__","value":"1218828","text":"2.0GT - 210kW / 286HP (343Nm)"},{"model":"liberty_(_4th)__","value":"1218819","text":"2.0GT Automat - 190kW / 258HP (320Nm)"},{"model":"liberty_(_4th)__","value":"1218822","text":"2.0GT Automat - 210kW / 286HP (343Nm)"},{"model":"liberty_(_4th)__","value":"1218843","text":"2.0R - 121kW / 165HP (187Nm)"},{"model":"liberty_(_4th)__","value":"1218837","text":"2.0R Automat - 121kW / 165HP (187Nm)"},{"model":"liberty_(_4th)__","value":"1218854","text":"2.5 - 121kW / 165HP (226Nm)"},{"model":"liberty_(_4th)__","value":"1218855","text":"2.5 - 127kW / 173HP (227Nm)"},{"model":"liberty_(_4th)__","value":"1218849","text":"2.5 Automat - 121kW / 165HP (226Nm)"},{"model":"liberty_(_4th)__","value":"1218850","text":"2.5 Automat - 127kW / 173HP (227Nm)"},{"model":"liberty_(_4th)__","value":"1218859","text":"2.5GT - 186kW / 253HP (330Nm)"},{"model":"liberty_(_4th)__","value":"1218861","text":"3.0R - 180kW / 245HP (297Nm)"},{"model":"liberty_(_4th)__","value":"1218871","text":"3.0R Automat - 180kW / 245HP (297Nm)"},{"model":"liberty_(_5th)__","value":"1218887","text":"2.0 - 110kW / 150HP (196Nm)"},{"model":"liberty_(_5th)__","value":"1218893","text":"2.0 CVT - 110kW / 150HP (196Nm)"},{"model":"liberty_(_5th)__","value":"1218881","text":"2.0D - 110kW / 150HP (350Nm)"},{"model":"liberty_(_5th)__","value":"1218899","text":"2.0GT - 221kW / 301HP (400Nm)"},{"model":"liberty_(_5th)__","value":"1218902","text":"2.5 - 123kW / 167HP (230Nm)"},{"model":"liberty_(_5th)__","value":"1218905","text":"2.5 - 127kW / 173HP (230Nm)"},{"model":"liberty_(_5th)__","value":"1218911","text":"2.5GT - 198kW / 269HP (350Nm)"},{"model":"liberty_(_5th)__","value":"1218912","text":"2.5GT - 210kW / 286HP (350Nm)"},{"model":"liberty_(_6th)__","value":"1218923","text":"2.0GT - 221kW / 301HP (400Nm)"},{"model":"liberty_(_6th)__","value":"1218926","text":"3.6 CVT - 191kW / 260HP (350Nm)"},{"model":"liberty_(_3rd)__","value":"1218792","text":"2.0 - 92kW / 125HP (184Nm)"},{"model":"liberty_(_3rd)__","value":"1218789","text":"2.0 Automat - 92kW / 125HP (184Nm)"},{"model":"liberty_(_3rd)__","value":"1218798","text":"2.0GT - 190kW / 258HP (320Nm)"},{"model":"liberty_(_3rd)__","value":"1218795","text":"2.0GT Automat - 190kW / 258HP (320Nm)"},{"model":"liberty_(_3rd)__","value":"1218801","text":"3.0R Automat - 154kW / 209HP (282Nm)"},{"model":"outback_(_2nd)__","value":"1218931","text":"3.0 Automat - 154kW / 209HP (282Nm)"},{"model":"outback_(_3rd)__","value":"1218934","text":"2.0D - 110kW / 150HP (350Nm)"},{"model":"outback_(_3rd)__","value":"1218941","text":"2.5 - 121kW / 165HP (226Nm)"},{"model":"outback_(_3rd)__","value":"1218946","text":"2.5 - 129kW / 175HP (229Nm)"},{"model":"outback_(_3rd)__","value":"1218937","text":"2.5 Automat - 129kW / 175HP (229Nm)"},{"model":"outback_(_3rd)__","value":"1218953","text":"2.5GT - 186kW / 253HP (330Nm)"},{"model":"outback_(_3rd)__","value":"1218962","text":"2.5XT - 179kW / 243HP (327Nm)"},{"model":"outback_(_3rd)__","value":"1218957","text":"2.5XT Automat - 179kW / 243HP (327Nm)"},{"model":"outback_(_3rd)__","value":"1218967","text":"3.0 - 162kW / 220HP (0Nm)"},{"model":"outback_(_3rd)__","value":"1218968","text":"3.0R Automat - 180kW / 245HP (297Nm)"},{"model":"outback_(_4th)__","value":"1218978","text":"2.0D - 110kW / 150HP (350Nm)"},{"model":"outback_(_4th)__","value":"1218986","text":"2.0D CVT - 110kW / 150HP (350Nm)"},{"model":"outback_(_4th)__","value":"1219001","text":"2.5 - 123kW / 167HP (235Nm)"},{"model":"outback_(_4th)__","value":"1219005","text":"2.5 - 127kW / 173HP (235Nm)"},{"model":"outback_(_4th)__","value":"1218994","text":"2.5 Automat - 123kW / 167HP (235Nm)"},{"model":"outback_(_4th)__","value":"1218998","text":"2.5 Automat - 127kW / 173HP (235Nm)"},{"model":"outback_(_4th)__","value":"1219008","text":"2.5 CVT - 123kW / 167HP (235Nm)"},{"model":"outback_(_4th)__","value":"1219012","text":"2.5 CVT - 127kW / 173HP (235Nm)"},{"model":"outback_(_4th)__","value":"1219015","text":"3.6 Automat - 191kW / 260HP (335Nm)"},{"model":"outback_(_5th)__","value":"1219021","text":"2.0D - 110kW / 150HP (350Nm)"},{"model":"outback_(_5th)__","value":"1219029","text":"2.0D CVT - 110kW / 150HP (350Nm)"},{"model":"traviq___","value":"1219037","text":"1.8 Ecotec - 92kW / 125HP (170Nm)"},{"model":"traviq___","value":"1219039","text":"2.2 Ecotec - 108kW / 147HP (203Nm)"},{"model":"trezia___","value":"1219052","text":"1.33 VVT-i - 73kW / 98HP (125Nm)"},{"model":"trezia___","value":"1219044","text":"1.4 D-4D - 66kW / 90HP (205Nm)"},{"model":"trezia___","value":"1219056","text":"1.5 VVT-i CVT - 81kW / 110HP (141Nm)"},{"model":"tribeca___","value":"1219060","text":"3.6 Automat - 191kW / 260HP (350Nm)"},{"model":"wrx___","value":"1219066","text":"2.0 - 197kW / 268HP (350Nm)"},{"model":"wrx_s4___","value":"1219071","text":"2.0 - 221kW / 301HP (400Nm)"},{"model":"wrx_sti___","value":"1219076","text":"2.0 - 227kW / 309HP (422Nm)"},{"model":"wrx_sti___","value":"1219088","text":"2.5 - 221kW / 301HP (407Nm)"},{"model":"wrx_sti spec c___","value":"1219094","text":"2.0 - 227kW / 309HP (430Nm)"},{"model":"xv___","value":"1219106","text":"1.6 - 84kW / 114HP (150Nm)"},{"model":"xv___","value":"1219113","text":"1.6 CVT - 84kW / 114HP (150Nm)"},{"model":"xv___","value":"1219120","text":"2.0 - 110kW / 150HP (196Nm)"},{"model":"xv___","value":"1219127","text":"2.0 CVT - 110kW / 150HP (196Nm)"},{"model":"xv___","value":"1219096","text":"2.0D - 108kW / 147HP (350Nm)"},{"model":"xv___","value":"1219100","text":"2.0D - 110kW / 150HP (350Nm)"}]