[{"model":"alto_(_7th)_ha25_","value":"1219134","text":"0.7i 12v - 40kW / 54HP (63Nm)"},{"model":"alto_(_8th)_ha25_","value":"1219140","text":"0.7i 12v - 37kW / 50HP (63Nm)"},{"model":"carry___","value":"1219144","text":"0.7i 12v - 37kW / 50HP (0Nm)"},{"model":"ciaz___","value":"1219155","text":"1.5 16v VVT - 77kW / 105HP (130Nm)"},{"model":"ciaz___","value":"1219149","text":"1.5 16v VVT Automat - 77kW / 105HP (130Nm)"},{"model":"ertiga_(_2nd)_nc_","value":"1219167","text":"1.5 16v VVT - 77kW / 105HP (130Nm)"},{"model":"ertiga_(_2nd)_nc_","value":"1219161","text":"1.5 16v VVT Automat - 77kW / 105HP (130Nm)"},{"model":"forenza___","value":"1219173","text":"2.0 TDCI - 89kW / 121HP (0Nm)"},{"model":"fun___","value":"1219174","text":"1.0  8v FlexPower - 51kW / 69HP (0Nm)"},{"model":"grand_vitara_( 1st)__","value":"1219175","text":"2.0 HDi 16v - 80kW / 109HP (270Nm)"},{"model":"grand_vitara_(_1st)__","value":"1219178","text":"2.0 HDi 16v XL-7 - 80kW / 109HP (270Nm)"},{"model":"grand_vitara_(_1st)__","value":"1219181","text":"2.0 HDi 8v - 80kW / 109HP (250Nm)"},{"model":"grand_vitara_(_1st)__","value":"1219185","text":"2.0 VEP 8v - 64kW / 87HP (216Nm)"},{"model":"grand_vitara_( 2nd)_jt_","value":"1219206","text":"1.6 16v VVT - 78kW / 106HP (145Nm)"},{"model":"grand_vitara_(_2nd)_jt_","value":"1219203","text":"1.6 16v VVT - 88kW / 120HP (156Nm)"},{"model":"grand_vitara_(_2nd)_jt_","value":"1219188","text":"1.9 DDiS - 95kW / 129HP (300Nm)"},{"model":"grand_vitara_(_2nd)_jt_","value":"1219217","text":"2.0 16v - 103kW / 140HP (183Nm)"},{"model":"grand_vitara_(_2nd)_jt_","value":"1219222","text":"2.4 VVT - 122kW / 166HP (225Nm)"},{"model":"grand_vitara_(_2nd)_jt_","value":"1219221","text":"2.4 VVT - 124kW / 169HP (227Nm)"},{"model":"grand_vitara_(_2nd)_jt_","value":"1219238","text":"3.2 V6 Automat - 171kW / 233HP (289Nm)"},{"model":"ignis___","value":"1219249","text":"1.2 VVT Hybrid - 66kW / 90HP (120Nm)"},{"model":"ignis___","value":"1219253","text":"1.3 16v - 46kW / 63HP (0Nm)"},{"model":"ignis___","value":"1219248","text":"1.3 DDiS - 51kW / 69HP (102Nm)"},{"model":"ignis___","value":"1219254","text":"1.3 VVT - 68kW / 92HP (0Nm)"},{"model":"ignis___","value":"1219255","text":"1.5 16v - 81kW / 110HP (0Nm)"},{"model":"ignis___","value":"1219256","text":"1.5 VVT - 73kW / 99HP (0Nm)"},{"model":"jimny___","value":"1219283","text":"1.3 16v VVT - 62kW / 84HP (0Nm)"},{"model":"jimny___","value":"1219281","text":"1.5 DDIS - 48kW / 65HP (0Nm)"},{"model":"jimny___","value":"1219282","text":"1.5 DDIS - 63kW / 86HP (0Nm)"},{"model":"jimny_(_4th)_jb64w_","value":"1219263","text":"1.5 16v VVT - 75kW / 102HP (130Nm)"},{"model":"jimny_(_4th)_jb64w_","value":"1219257","text":"1.5 16v VVT Automat - 75kW / 102HP (130Nm)"},{"model":"jimny_(_4th)_jb74w_","value":"1219275","text":"1.5 16v VVT - 75kW / 102HP (130Nm)"},{"model":"jimny_(_4th)_jb74w_","value":"1219269","text":"1.5 16v VVT Automat - 75kW / 102HP (130Nm)"},{"model":"kizashi___","value":"1219286","text":"2.4 VVT - 132kW / 180HP (0Nm)"},{"model":"kizashi___","value":"1219285","text":"2.4 VVT - 136kW / 185HP (0Nm)"},{"model":"reno___","value":"1219287","text":"2.0 TDCI - 89kW / 121HP (0Nm)"},{"model":"s-cross___","value":"1219294","text":"1.6 16v - 88kW / 120HP (156Nm)"},{"model":"s-cross___","value":"1219288","text":"1.6 16v DDiS - 88kW / 120HP (320Nm)"},{"model":"splash___","value":"1219297","text":"1.2 16v - 63kW / 86HP (0Nm)"},{"model":"splash___","value":"1219298","text":"1.2 16v - 69kW / 94HP (0Nm)"},{"model":"splash___","value":"1219299","text":"1.2 16v VVT - 63kW / 85HP (114Nm)"},{"model":"splash___","value":"1219306","text":"1.2 VVT - 69kW / 94HP (118Nm)"},{"model":"splash___","value":"1219296","text":"1.3 DDiS - 55kW / 75HP (0Nm)"},{"model":"swift__a2l_","value":"1219307","text":"1.0 12v Boosterjet - 82kW / 112HP (170Nm)"},{"model":"swift__a2l_","value":"1219311","text":"1.2 16v Dualjet - 66kW / 90HP (120Nm)"},{"model":"swift__a2l_","value":"1219315","text":"1.2 16v SHSV Hybrid - 66kW / 90HP (120Nm)"},{"model":"swift__azg_","value":"1219319","text":"1.3 DDiS - 55kW / 75HP (190Nm)"},{"model":"swift__mz_","value":"1219327","text":"1.3 DDiS - 51kW / 69HP (170Nm)"},{"model":"swift__mz_","value":"1219331","text":"1.3 DDiS - 55kW / 75HP (190Nm)"},{"model":"swift__zc_","value":"1219334","text":"1.2 DVVT - 69kW / 94HP (118Nm)"},{"model":"swift__zc_","value":"1219337","text":"1.2 VVT - 69kW / 94HP (118Nm)"},{"model":"swift__zc_","value":"1219347","text":"1.3 16v - 68kW / 92HP (116Nm)"},{"model":"swift__zc_","value":"1219353","text":"1.4 16v VVT - 70kW / 95HP (114Nm)"},{"model":"swift__zc_","value":"1219358","text":"1.5 - 75kW / 102HP (133Nm)"},{"model":"swift_sport__zc31s_","value":"1219364","text":"1.6 16v VVT - 92kW / 125HP (148Nm)"},{"model":"swift_sport__zc32s_","value":"1219370","text":"1.6 16v VVT - 100kW / 136HP (160Nm)"},{"model":"swift_sport__zc32s_","value":"1219387","text":"1.6 16v VVT CVT - 100kW / 136HP (160Nm)"},{"model":"swift_sport__zc33s_","value":"1219403","text":"1.4 16v Boosterjet - 103kW / 140HP (230Nm)"},{"model":"swift_sport__zc33s_","value":"1219399","text":"1.4 16v Boosterjet Automat - 103kW / 140HP (230Nm)"},{"model":"sx4___","value":"1219409","text":"1.5 VVT - 73kW / 99HP (0Nm)"},{"model":"sx4___","value":"1219410","text":"1.5 VVT - 82kW / 112HP (0Nm)"},{"model":"sx4___","value":"1219411","text":"1.6 16v VVT - 88kW / 120HP (156Nm)"},{"model":"sx4___","value":"1219414","text":"1.6 VVT - 79kW / 107HP (0Nm)"},{"model":"sx4___","value":"1219415","text":"1.6 VVT - 88kW / 120HP (0Nm)"},{"model":"sx4___","value":"1219407","text":"1.9 DdiS - 88kW / 120HP (0Nm)"},{"model":"sx4___","value":"1219408","text":"2.0 DDIs - 99kW / 135HP (0Nm)"},{"model":"sx4___","value":"1219417","text":"2.0 VVT - 105kW / 143HP (0Nm)"},{"model":"vitara___","value":"1219430","text":"1.4 16v Boosterjet - 103kW / 140HP (220Nm)"},{"model":"vitara___","value":"1219424","text":"1.4 16v Boosterjet Automat - 103kW / 140HP (220Nm)"},{"model":"vitara___","value":"1219436","text":"1.6 16v - 88kW / 120HP (156Nm)"},{"model":"vitara___","value":"1219442","text":"1.6 16v Automat - 88kW / 120HP (156Nm)"},{"model":"vitara___","value":"1219418","text":"1.6 16v DDiS - 88kW / 120HP (320Nm)"},{"model":"wagon_r___","value":"1219448","text":"1.3 DDiS - 51kW / 69HP (0Nm)"},{"model":"wagon_r___","value":"1219449","text":"660 Turbo - 47kW / 64HP (0Nm)"},{"model":"xl7___","value":"1219450","text":"3.6 V6 24v - 188kW / 256HP (0Nm)"}]