[{"model":"4runner__grn280_","value":"1219506","text":"4.0 V6 VVT-i - 183kW / 249HP (382Nm)"},{"model":"allion__zrt260_","value":"1219509","text":"1.5 VVT-i - 81kW / 110HP (141Nm)"},{"model":"allion__zrt260_","value":"1219515","text":"1.8 VVT-i - 101kW / 137HP (174Nm)"},{"model":"alphard__ggh20_","value":"1219516","text":"3.5 V6 VVT-i - 202kW / 275HP (340Nm)"},{"model":"alphard__ggh30_","value":"1219524","text":"3.5 V6 VVT-i - 221kW / 301HP (362Nm)"},{"model":"aurion__gsv40_","value":"1219526","text":"3.5 V6 VVT-i - 200kW / 272HP (336Nm)"},{"model":"auris_e210__","value":"1219530","text":"2.0 VVT-iE 16v Hybrid E-CVT - 135kW / 184HP (190Nm)"},{"model":"auris__ade150_","value":"1219532","text":"2.0 16v D-4D - 93kW / 126HP (300Nm)"},{"model":"auris__ade150_","value":"1219535","text":"2.0 16v D-4D Dpf - 93kW / 126HP (300Nm)"},{"model":"auris__ade157_","value":"1219539","text":"2.2 16v D-CAT - 130kW / 177HP (400Nm)"},{"model":"auris_e210_mzea12_","value":"1219528","text":"2.0 VVT-iE 16v CVT - 125kW / 170HP (210Nm)"},{"model":"auris__nde150_","value":"1219545","text":"1.4 8v D-4D - 66kW / 90HP (205Nm)"},{"model":"auris__nde180_","value":"1219555","text":"1.4 8v D-4D - 66kW / 90HP (205Nm)"},{"model":"auris__wwe185_","value":"1219567","text":"1.6 16v D-4D - 82kW / 112HP (270Nm)"},{"model":"auris__zre151_","value":"1219571","text":"1.6 16v VVT-i - 90kW / 122HP (154Nm)"},{"model":"auris_hybrid__zwe186_","value":"1219577","text":"1.8 16v VVT-i Hybrid - 100kW / 136HP (207Nm)"},{"model":"avalon_xx50_axxa5x_","value":"1219584","text":"2.5 VVT-iE - 154kW / 209HP (250Nm)"},{"model":"avalon_xx50_axxh5x_","value":"1219587","text":"2.5 VVT-iE Hybrid 16v E-CVT - 131kW / 178HP (221Nm)"},{"model":"avalon__ggh30_","value":"1219590","text":"3.5 V6 VVT-i - 221kW / 301HP (362Nm)"},{"model":"avensis__adt25_","value":"1219591","text":"2.0 16v VVT-i - 108kW / 147HP (190Nm)"},{"model":"avensis__adt250_","value":"1219597","text":"2.0 16v D-4D - 93kW / 126HP (300Nm)"},{"model":"avensis__adt251_","value":"1219600","text":"2.2 16v D-4D - 110kW / 150HP (310Nm)"},{"model":"avensis__adt251_","value":"1219604","text":"2.2 16v D-CAT - 130kW / 177HP (400Nm)"},{"model":"avensis__adt270_","value":"1219611","text":"2.0 16v D-4D - 91kW / 124HP (300Nm)"},{"model":"avensis__adt270_","value":"1219608","text":"2.0 16v D-4D - 93kW / 126HP (300Nm)"},{"model":"avensis__adt271_","value":"1219617","text":"2.2 16v D-4D - 110kW / 150HP (340Nm)"},{"model":"avensis__adt271_","value":"1219625","text":"2.2 16v D-CAT - 130kW / 177HP (400Nm)"},{"model":"avensis__azt250_","value":"1219633","text":"2.0 16v VVT-i - 108kW / 147HP (190Nm)"},{"model":"avensis__cdt250_","value":"1219639","text":"2.0 16v VVT-i - 108kW / 147HP (190Nm)"},{"model":"avensis__wwt270_","value":"1219645","text":"1.6 16v D-4D - 82kW / 112HP (270Nm)"},{"model":"avensis__wwt271_","value":"1219649","text":"2.0 16v D-4D - 105kW / 143HP (320Nm)"},{"model":"avensis__zrt271_","value":"1219653","text":"1.8 16v Valvematic - 108kW / 147HP (180Nm)"},{"model":"avensis__zzt25_","value":"1219662","text":"2.0 16v VVT-i - 108kW / 147HP (190Nm)"},{"model":"avensis_verso__acm20_","value":"1219668","text":"2.0 16v VVT-i - 110kW / 150HP (192Nm)"},{"model":"aygo__ab40_","value":"1219675","text":"1.0 VVT-i - 50kW / 68HP (95Nm)"},{"model":"aygo__kgb10_","value":"1219681","text":"1.0 VVT-i - 50kW / 68HP (95Nm)"},{"model":"aygo__kgb40_","value":"1219682","text":"1.0 VVT-i - 50kW / 68HP (95Nm)"},{"model":"aygo__wnb10_","value":"1219684","text":"1.4 D-4D - 40kW / 54HP (130Nm)"},{"model":"blade__aze150_","value":"1219685","text":"2.4 VVT-i - 123kW / 167HP (225Nm)"},{"model":"c-hr_zyx10_maxa10_","value":"1219714","text":"2.0 VVT-iE 16v CVT - 125kW / 170HP (210Nm)"},{"model":"c-hr_zyx10_maxh10_","value":"1219716","text":"2.0 VVT-iE Hybrid 16v E-CVT - 135kW / 184HP (202Nm)"},{"model":"camry_xv70__","value":"1219697","text":"2.5 VVT-iE Hybrid 16v E-CVT - 131kW / 178HP (221Nm)"},{"model":"camry__acv40_","value":"1219701","text":"2.4 VVT-i - 117kW / 159HP (224Nm)"},{"model":"camry__acv40_","value":"1219700","text":"2.4 VVT-i - 124kW / 169HP (226Nm)"},{"model":"camry_xv70_axva70_","value":"1219686","text":"2.5 VVT-iE 16v CVT - 154kW / 209HP (250Nm)"},{"model":"camry_xv70_axva7x_","value":"1219689","text":"2.5 VVT-iE 16V CVT - 152kW / 207HP (243Nm)"},{"model":"camry_xv70_axvh7x_","value":"1219693","text":"2.5 VVT-iE Hybrid 16v E-CVT - 131kW / 178HP (221Nm)"},{"model":"camry__gsv70_","value":"1219707","text":"3.5 V6 VVT-i - 224kW / 305HP (362Nm)"},{"model":"camry__xv40_","value":"1219709","text":"2.5 16v VVT-i - 130kW / 177HP (236Nm)"},{"model":"camry__xv50_","value":"1219711","text":"2.5 16v VVT-i - 130kW / 177HP (236Nm)"},{"model":"commuter__kdh200_","value":"1219718","text":"2.5 D-4D - 75kW / 102HP (0Nm)"},{"model":"corolla__ade150_","value":"1219723","text":"2.0 16v D-4D - 93kW / 126HP (300Nm)"},{"model":"corolla__ade150_","value":"1219726","text":"2.0 16v D-4D Dpf - 93kW / 126HP (300Nm)"},{"model":"corolla_e210_mzea12_","value":"1219719","text":"2.0 VVT-iE 16v CVT - 125kW / 170HP (210Nm)"},{"model":"corolla_e210_mzeh12_","value":"1219721","text":"2.0 VVT-iE Hybrid 16v E-CVT - 135kW / 184HP (202Nm)"},{"model":"corolla__nde120_","value":"1219729","text":"1.4 D - 66kW / 90HP (205Nm)"},{"model":"corolla__nde150_","value":"1219730","text":"1.4 D-4D - 66kW / 90HP (190Nm)"},{"model":"corolla__nze120_","value":"1219731","text":"1.3 16v VVT-i - 63kW / 86HP (121Nm)"},{"model":"corolla__nze120_","value":"1219732","text":"1.3 16v VVT-i - 63kW / 86HP (122Nm)"},{"model":"corolla__nze120_","value":"1219733","text":"1.3 16v VVT-i - 63kW / 86HP (123Nm)"},{"model":"corolla__nze120_","value":"1219734","text":"1.3 16v VVT-i - 63kW / 86HP (124Nm)"},{"model":"corolla__nze120_","value":"1219735","text":"1.3 16v VVT-i - 63kW / 86HP (125Nm)"},{"model":"corolla__nze120_","value":"1219736","text":"1.3 16v VVT-i - 63kW / 86HP (126Nm)"},{"model":"corolla__nze120_","value":"1219737","text":"1.3 16v VVT-i - 63kW / 86HP (127Nm)"},{"model":"corolla__zre142_","value":"1219738","text":"1.8 16v VVT-i - 101kW / 137HP (174Nm)"},{"model":"corolla__zre143_","value":"1219745","text":"2.0 16v FlexFuel - 113kW / 154HP (203Nm)"},{"model":"corolla__zre151_","value":"1219750","text":"1.6 16v VVT-i - 90kW / 122HP (154Nm)"},{"model":"corolla__zre17_e160","value":"1219756","text":"1.6 16v VVT-i - 90kW / 122HP (154Nm)"},{"model":"corolla_altis__zze141_","value":"1219762","text":"1.6 VVT-i - 81kW / 110HP (150Nm)"},{"model":"corolla_rumion__e150_","value":"1219763","text":"1.5 16v VVT-i Automat - 81kW / 110HP (141Nm)"},{"model":"corolla_verso__aur10_","value":"1219772","text":"2.0 D-4D - 93kW / 126HP (300Nm)"},{"model":"corolla_verso__aur10_","value":"1219773","text":"2.2 D-4D - 136kW / 185HP (340Nm)"},{"model":"corolla_verso__aur10_","value":"1219774","text":"2.2 D-CAT - 130kW / 177HP (400Nm)"},{"model":"corolla_verso__znr11_","value":"1219775","text":"1.8 VVT-i - 95kW / 129HP (171Nm)"},{"model":"crown_s220_azsh2x_","value":"1219776","text":"2.5 VVT-iE Hybrid 16v E-CVT - 135kW / 184HP (221Nm)"},{"model":"estima__acr50_","value":"1219779","text":"2.4 VVT-i - 125kW / 170HP (224Nm)"},{"model":"etios__ngk15_","value":"1219780","text":"1.5 16v VVT-i Flex - 71kW / 97HP (136Nm)"},{"model":"fj_cruiser__gsj15_","value":"1219783","text":"4.0 V6 VVT-i - 178kW / 242HP (377Nm)"},{"model":"fortuner__an150_","value":"1219792","text":"2.4 16v D-4D - 110kW / 150HP (343Nm)"},{"model":"fortuner__an150_","value":"1219788","text":"2.4 16v D-4D Automat - 110kW / 150HP (400Nm)"},{"model":"fortuner__an160_","value":"1219800","text":"2.4 16v D-4D - 110kW / 150HP (343Nm)"},{"model":"fortuner__an160_","value":"1219796","text":"2.4 16v D-4D Automat - 110kW / 150HP (400Nm)"},{"model":"fortuner__gun156_","value":"1219807","text":"2.8 16v D-4D - 132kW / 180HP (420Nm)"},{"model":"fortuner__gun156_","value":"1219804","text":"2.8 16v D-4D Automat - 132kW / 180HP (450Nm)"},{"model":"fortuner__kun60_","value":"1219810","text":"3.0 D-4D - 121kW / 165HP (343Nm)"},{"model":"fortuner__tgn60_","value":"1219812","text":"2.7 VVT-i - 118kW / 161HP (0Nm)"},{"model":"fortuner__tgn60_","value":"1219811","text":"2.7 VVT-i - 119kW / 162HP (244Nm)"},{"model":"gt86__zn6_","value":"1219827","text":"2.0 D-4S - 147kW / 200HP (205Nm)"},{"model":"gt86__zn6_","value":"1219813","text":"2.0 D-4S Automat - 147kW / 200HP (205Nm)"},{"model":"harrier__acu3_","value":"1219842","text":"2.4 VVT-i - 124kW / 169HP (226Nm)"},{"model":"harrier_xu80_axuh70_","value":"1219841","text":"2.5 VVT-iE Hybrid - 131kW / 178HP (221Nm)"},{"model":"hiace__gdh200_","value":"1219848","text":"2.8 16v D-4D Automat - 132kW / 180HP (450Nm)"},{"model":"hiace__h200_","value":"1219850","text":"2.0 VVT-i - 100kW / 136HP (182Nm)"},{"model":"hiace__kdh223_","value":"1219861","text":"2.5 D-4D - 75kW / 102HP (260Nm)"},{"model":"hiace__kdh223_","value":"1219862","text":"3.0 D-4D - 80kW / 109HP (286Nm)"},{"model":"hiace__trh2_","value":"1219863","text":"2.0 VVT-i - 100kW / 136HP (182Nm)"},{"model":"hiace__trh221_","value":"1219874","text":"2.7 VVT-i - 118kW / 160HP (243Nm)"},{"model":"hiace__trh222_","value":"1219875","text":"2.7 VVT-i - 118kW / 160HP (243Nm)"},{"model":"hiace__trh223_","value":"1219876","text":"2.7 VVT-i - 118kW / 160HP (243Nm)"},{"model":"hiace__trh224_","value":"1219889","text":"2.7 VVT-i - 118kW / 160HP (243Nm)"},{"model":"highlander__asu4_","value":"1219892","text":"2.7 VVTi - 136kW / 185HP (247Nm)"},{"model":"highlander_xu70_axuh70_","value":"1219890","text":"2.5 VVT-iE Hybrid - 139kW / 189HP (237Nm)"},{"model":"highlander__gsu50_","value":"1219898","text":"3.5 V6 VVT-i - 220kW / 299HP (362Nm)"},{"model":"highlander__gsu55_","value":"1219900","text":"3.5 V6 VVT-i - 220kW / 299HP (362Nm)"},{"model":"hilux___","value":"1220084","text":"3.0 16v D-4D - 126kW / 171HP (343Nm)"},{"model":"hilux__ggn15_","value":"1219902","text":"4.0 V6 VVT-i - 175kW / 238HP (376Nm)"},{"model":"hilux__ggn25_","value":"1219905","text":"4.0 V6 VVT-i - 175kW / 238HP (376Nm)"},{"model":"hilux__ggn25_","value":"1219913","text":"4.0 V6 VVT-i TRD - 225kW / 306HP (453Nm)"},{"model":"hilux__gun122_","value":"1219922","text":"2.4 16v D-4D - 110kW / 150HP (343Nm)"},{"model":"hilux__gun122_","value":"1219916","text":"2.4 16v D-4D Automat - 110kW / 150HP (400Nm)"},{"model":"hilux__gun125_","value":"1219934","text":"2.4 16v D-4D - 110kW / 150HP (343Nm)"},{"model":"hilux__gun125_","value":"1219928","text":"2.4 16v D-4D Automat - 110kW / 150HP (400Nm)"},{"model":"hilux__gun125_","value":"1219952","text":"2.8 16v D-4D - 130kW / 177HP (420Nm)"},{"model":"hilux__gun125_","value":"1219940","text":"2.8 16v D-4D Automat - 130kW / 177HP (420Nm)"},{"model":"hilux__gun126_","value":"1219964","text":"2.8 16v D-4D Automat - 130kW / 177HP (420Nm)"},{"model":"hilux__gun135_","value":"1219976","text":"2.4 16v D-4D - 110kW / 150HP (343Nm)"},{"model":"hilux__gun135_","value":"1219970","text":"2.4 16v D-4D Automat - 110kW / 150HP (400Nm)"},{"model":"hilux__gun135_","value":"1219994","text":"2.8 16v D-4D - 130kW / 177HP (420Nm)"},{"model":"hilux__gun135_","value":"1219982","text":"2.8 16v D-4D Automat - 130kW / 177HP (420Nm)"},{"model":"hilux__kun10_","value":"1220006","text":"2.5 16v D-4D - 75kW / 102HP (200Nm)"},{"model":"hilux__kun15_","value":"1220008","text":"2.5 16v D-4D - 75kW / 102HP (200Nm)"},{"model":"hilux__kun15_","value":"1220010","text":"2.5 16v D-4D - 88kW / 120HP (325Nm)"},{"model":"hilux__kun15_","value":"1220015","text":"2.5 16v D-4D - 106kW / 144HP (343Nm)"},{"model":"hilux__kun16_","value":"1220023","text":"3.0 16v D-4D - 126kW / 171HP (343Nm)"},{"model":"hilux__kun25_","value":"1220035","text":"2.5 16v D-4D - 75kW / 102HP (260Nm)"},{"model":"hilux__kun25_","value":"1220037","text":"2.5 16v D-4D - 88kW / 120HP (325Nm)"},{"model":"hilux__kun25_","value":"1220042","text":"2.5 16v D-4D - 106kW / 144HP (343Nm)"},{"model":"hilux__kun26_","value":"1220050","text":"3.0 16v D-4D - 126kW / 171HP (343Nm)"},{"model":"hilux__kun26_","value":"1220062","text":"3.0 16v D-4D Dpf - 126kW / 171HP (343Nm)"},{"model":"hilux__kun26_","value":"1220063","text":"3.0 16v D-4D Dpf - 126kW / 171HP (360Nm)"},{"model":"hilux__tgn121_","value":"1220070","text":"2.7 16v VVT-i - 122kW / 166HP (246Nm)"},{"model":"hilux__tgn15_","value":"1220071","text":"2.0 16v VVT-i - 100kW / 136HP (182Nm)"},{"model":"hilux__tgn16_","value":"1220074","text":"2.7 16v VVT-i - 118kW / 160HP (241Nm)"},{"model":"hilux__tgn26_","value":"1220077","text":"2.7 16v VVT-i - 118kW / 160HP (241Nm)"},{"model":"innova__an140_","value":"1220089","text":"2.4 16v D-4D - 110kW / 150HP (343Nm)"},{"model":"innova__an140_","value":"1220085","text":"2.4 16v D-4D Automat - 110kW / 150HP (400Nm)"},{"model":"innova__an140_","value":"1220093","text":"2.8 16v D-4D - 130kW / 177HP (361Nm)"},{"model":"iq__kgj10_","value":"1220096","text":"1.0 12v VVT-i - 50kW / 68HP (91Nm)"},{"model":"iq__ngj10_","value":"1220098","text":"1.33 16v VVT-i - 72kW / 98HP (123Nm)"},{"model":"iq__ngj10_","value":"1220106","text":"1.33 16v VVT-i CVT - 72kW / 98HP (123Nm)"},{"model":"iq__nuj10_","value":"1220114","text":"1.4 8v D-4D - 66kW / 90HP (190Nm)"},{"model":"kluger__asu4_","value":"1220118","text":"2.7 VVTi - 136kW / 185HP (247Nm)"},{"model":"kluger_xu70_axuh70_","value":"1220116","text":"2.5 VVT-iE Hybrid - 139kW / 189HP (237Nm)"},{"model":"land_cruiser__grj71_","value":"1220124","text":"4.0 V6 VVT-i - 167kW / 227HP (360Nm)"},{"model":"land_cruiser__grj76_","value":"1220129","text":"4.0 V6 VVT-i - 167kW / 227HP (360Nm)"},{"model":"land_cruiser__grj79_","value":"1220131","text":"4.0 V6 VVT-i - 167kW / 227HP (360Nm)"},{"model":"land_cruiser__urj200_","value":"1220134","text":"5.7 V8 VVT-i - 284kW / 386HP (544Nm)"},{"model":"land_cruiser__uzj200_","value":"1220139","text":"4.7 V8 VVT-i - 215kW / 292HP (430Nm)"},{"model":"land_cruiser__vdj200_","value":"1220149","text":"4.5 V8 D-4D - 200kW / 272HP (650Nm)"},{"model":"land_cruiser__vdj200_","value":"1220143","text":"4.5 V8 D-4D - 210kW / 286HP (650Nm)"},{"model":"land_cruiser__vdj70_","value":"1220152","text":"4.5 V8 D-4D - 151kW / 205HP (430Nm)"},{"model":"land_cruiser prado__gdj150_","value":"1220159","text":"2.8 16v D-4D - 130kW / 177HP (420Nm)"},{"model":"land_cruiser prado__gdj151_","value":"1220163","text":"2.8 16v D-4D - 130kW / 177HP (420Nm)"},{"model":"land_cruiser prado__ggj120_","value":"1220167","text":"4.0 V6 VVT-i - 202kW / 275HP (381Nm)"},{"model":"land_cruiser prado__grj150_","value":"1220171","text":"4.0 V6 VVT-i - 207kW / 282HP (387Nm)"},{"model":"land_cruiser prado__kdj120_","value":"1220176","text":"3.0 16v D-4D - 120kW / 163HP (343Nm)"},{"model":"land_cruiser_prado__kdj120_","value":"1220178","text":"3.0 16v D-4D - 122kW / 166HP (343Nm)"},{"model":"land_cruiser prado__kdj121_","value":"1220182","text":"3.0 16v D-4D - 120kW / 163HP (343Nm)"},{"model":"land_cruiser prado__kdj125_","value":"1220184","text":"3.0 16v D-4D - 120kW / 163HP (343Nm)"},{"model":"land_cruiser prado__kdj150_","value":"1220186","text":"3.0 16v D-4D - 140kW / 190HP (420Nm)"},{"model":"land_cruiser prado__kdj155_","value":"1220191","text":"3.0 16v D-4D - 140kW / 190HP (420Nm)"},{"model":"land_cruiser prado__trj150_","value":"1220196","text":"2.7 16v VVT-i - 119kW / 162HP (246Nm)"},{"model":"levin_e210_mzea12_","value":"1220201","text":"2.0 VVT-iE 16v CVT - 125kW / 170HP (210Nm)"},{"model":"levin_e210_mzeh12_","value":"1220203","text":"2.0 VVT-iE Hybrid 16v E-CVT - 135kW / 184HP (202Nm)"},{"model":"mark_x__grx12_","value":"1220205","text":"2.5 V6 Dual VVT-i - 145kW / 197HP (0Nm)"},{"model":"mark_x__grx13_","value":"1220206","text":"2.5 V6 Dual VVT-i - 142kW / 193HP (236Nm)"},{"model":"matrix__zre142_","value":"1220207","text":"1.8 VVT-i - 97kW / 132HP (173Nm)"},{"model":"premio__zrt260_","value":"1220208","text":"1.8 VVT-i - 97kW / 132HP (173Nm)"},{"model":"prius__nhw20_","value":"1220209","text":"1.5 16v VVT-i Hybrid - 53kW / 72HP (115Nm)"},{"model":"prius__zvw30_","value":"1220216","text":"1.8 16v VVT-i Hybrid - 100kW / 136HP (207Nm)"},{"model":"proace_(_2nd)__","value":"1220248","text":"1.5 D4D - 55kW / 75HP (230Nm)"},{"model":"proace_(_2nd)__","value":"1220249","text":"1.5 D4D - 74kW / 100HP (250Nm)"},{"model":"proace_(_2nd)__","value":"1220252","text":"1.5 D4D - 96kW / 130HP (300Nm)"},{"model":"proace_(_1st)_mdxxxx_","value":"1220222","text":"1.6D 90 - 66kW / 90HP (180Nm)"},{"model":"proace_(_1st)_mdxxxx_","value":"1220230","text":"2.0D 128 - 94kW / 128HP (320Nm)"},{"model":"proace_(_1st)_mdxxxx_","value":"1220238","text":"2.0D 163 - 120kW / 163HP (340Nm)"},{"model":"proace_(_1st)_mdxxxx_","value":"1220234","text":"2.0D 163 Automat - 120kW / 163HP (340Nm)"},{"model":"proace_(_2nd)_mdz2xx_","value":"1220242","text":"1.6D 115 - 85kW / 116HP (300Nm)"},{"model":"proace_(_2nd)_mdz9xx_","value":"1220244","text":"1.6D 95 - 70kW / 95HP (210Nm)"},{"model":"proace_(_2nd)_mdzxxx_","value":"1220246","text":"2.0D 120 - 90kW / 122HP (340Nm)"},{"model":"proace_city___","value":"1220255","text":"1.5 D-4D - 55kW / 75HP (230Nm)"},{"model":"proace_city___","value":"1220254","text":"1.5 D-4D - 75kW / 102HP (250Nm)"},{"model":"proace_city___","value":"1220256","text":"1.5 D-4D - 96kW / 131HP (300Nm)"},{"model":"proace_city___","value":"1220257","text":"1.5 D-4D Automat - 96kW / 131HP (300Nm)"},{"model":"proace_verso_( 2nd)_mpy2xx_","value":"1220258","text":"1.6D 115 - 85kW / 116HP (300Nm)"},{"model":"proace_verso_( 2nd)_mpy4xx_","value":"1220260","text":"2.0D 150 - 110kW / 150HP (370Nm)"},{"model":"proace_verso_( 2nd)_mpy6xx_","value":"1220262","text":"2.0D 180 Automat - 130kW / 177HP (400Nm)"},{"model":"proace_verso_( 2nd)_mpyxxx_","value":"1220264","text":"2.0D 120 - 90kW / 122HP (340Nm)"},{"model":"quantum__kdh200_","value":"1220271","text":"2.5 D-4D - 75kW / 102HP (260Nm)"},{"model":"quantum_(_5th)_trh200_","value":"1220266","text":"2.7L TR - 118kW / 160HP (243Nm)"},{"model":"ractis__nlp115_","value":"1220277","text":"1.4 D-4D - 66kW / 90HP (205Nm)"},{"model":"rav4__aca30_","value":"1220289","text":"2.0 VVT-i - 112kW / 152HP (194Nm)"},{"model":"rav4__aca33_","value":"1220294","text":"2.4 VVT-i - 125kW / 170HP (224Nm)"},{"model":"rav4__ala30_","value":"1220295","text":"2.2 D-4D - 100kW / 136HP (310Nm)"},{"model":"rav4__ala30_","value":"1220297","text":"2.2 D-4D Dpf - 100kW / 136HP (310Nm)"},{"model":"rav4__ala30_","value":"1220296","text":"2.2 D-4D Dpf - 130kW / 177HP (400Nm)"},{"model":"rav4__ala35_","value":"1220308","text":"2.2 D-4D Dpf - 110kW / 150HP (340Nm)"},{"model":"rav4__ala40_","value":"1220309","text":"2.0 D-4D - 91kW / 124HP (310Nm)"},{"model":"rav4__ala49_","value":"1220311","text":"2.2 D-4D Dpf - 110kW / 150HP (340Nm)"},{"model":"rav4_xa50_axaa5x_","value":"1220279","text":"2.5 VVT-iE 16V CVT - 152kW / 207HP (243Nm)"},{"model":"rav4_xa50_axal5x_","value":"1220282","text":"2.5 VVT-iE Hybrid 16v E-CVT - 131kW / 178HP (221Nm)"},{"model":"rav4_xa50_axal5x_","value":"1220285","text":"2.5 VVT-iE Hybrid 16V E-CVT AWD-i - 163kW / 222HP (279Nm)"},{"model":"rav4_xa50_axap5x_","value":"1220288","text":"2.5 VVT-iE Plug-in Hybrid - 130kW / 177HP (228Nm)"},{"model":"rav4__xa50_","value":"1220312","text":"2.0 16v CVT - 125kW / 170HP (210Nm)"},{"model":"reiz__grx13_","value":"1220315","text":"2.5 V6 Dual VVT-i - 142kW / 193HP (236Nm)"},{"model":"sequoia__usk6_","value":"1220316","text":"5.7 V8 VVT-i - 284kW / 387HP (0Nm)"},{"model":"sienna__gsl30_","value":"1220317","text":"3.5 V6 VVT-i - 200kW / 272HP (336Nm)"},{"model":"sienna__gsl30_","value":"1220323","text":"3.5 V6 VVT-i - 221kW / 301HP (362Nm)"},{"model":"sienna__gsl33_","value":"1220325","text":"3.5 V6 VVT-i - 221kW / 301HP (362Nm)"},{"model":"sienna__gsl35_","value":"1220327","text":"3.5 V6 VVT-i - 221kW / 301HP (362Nm)"},{"model":"supra_(_5th)_a90_","value":"1220329","text":"2.0 Turbo Automat - 145kW / 197HP (320Nm)"},{"model":"supra_(_5th)_a90_","value":"1220330","text":"2.0 Turbo Automat - 190kW / 258HP (400Nm)"},{"model":"supra_(_5th)_a90_","value":"1220333","text":"3.0 Turbo Automat - 250kW / 340HP (500Nm)"},{"model":"tacoma__grn225_","value":"1220335","text":"4.0 V6 VVT-i - 176kW / 239HP (361Nm)"},{"model":"tacoma__grn245_","value":"1220346","text":"4.0 V6 VVT-i - 176kW / 239HP (361Nm)"},{"model":"tacoma__grn250_","value":"1220357","text":"4.0 V6 VVT-i - 176kW / 239HP (361Nm)"},{"model":"tacoma__grn265_","value":"1220368","text":"4.0 V6 VVT-i - 176kW / 239HP (361Nm)"},{"model":"tacoma__grn270_","value":"1220379","text":"4.0 V6 VVT-i - 176kW / 239HP (361Nm)"},{"model":"tacoma__grn305_","value":"1220390","text":"3.5 24v V6 VVT-i - 207kW / 282HP (360Nm)"},{"model":"tacoma__grn310_","value":"1220393","text":"3.5 24v V6 VVT-i - 207kW / 282HP (360Nm)"},{"model":"tacoma__grn325_","value":"1220396","text":"3.5 24v V6 VVT-i - 207kW / 282HP (360Nm)"},{"model":"tacoma__grn330_","value":"1220399","text":"3.5 24v V6 VVT-i - 207kW / 282HP (360Nm)"},{"model":"tundra__usk50_","value":"1220402","text":"5.7 V8 VVT-i - 284kW / 386HP (327Nm)"},{"model":"urban_cruiser__nlp110_","value":"1220403","text":"1.4 D-4D - 66kW / 90HP (205Nm)"},{"model":"urban_cruiser__nlp115_","value":"1220405","text":"1.4 D-4D - 66kW / 90HP (205Nm)"},{"model":"venza_xu80_axuh70_","value":"1220417","text":"2.5 VVT-iE Hybrid - 131kW / 178HP (221Nm)"},{"model":"verso__aur20_","value":"1220419","text":"2.0 D-4D - 93kW / 127HP (0Nm)"},{"model":"verso__aur20_","value":"1220418","text":"2.0 D-4D - 93kW / 126HP (310Nm)"},{"model":"verso__aur21_","value":"1220420","text":"2.2 D-CAT - 130kW / 177HP (400Nm)"},{"model":"verso_s__nlp121_","value":"1220421","text":"1.4 D-4D - 66kW / 90HP (205Nm)"},{"model":"vios__ncp93_","value":"1220423","text":"1.5 16v VVT-i Automat - 81kW / 110HP (141Nm)"},{"model":"vitz__ksp90_","value":"1220430","text":"1.0 VVT-i - 50kW / 68HP (95Nm)"},{"model":"vitz__ncp15_","value":"1220431","text":"1.5 VVT-i - 81kW / 110HP (141Nm)"},{"model":"vitz__scp90_","value":"1220432","text":"1.3 VVT-i - 64kW / 87HP (116Nm)"},{"model":"vitz_rs__ncp91_","value":"1220433","text":"1.5 16v VVT-i - 81kW / 110HP (141Nm)"},{"model":"wish__ane10_","value":"1220454","text":"2.0 VVT-i - 114kW / 155HP (0Nm)"},{"model":"wish_ae10_zne10g_","value":"1220438","text":"1.8 VVT-i - 89kW / 121HP (165Nm)"},{"model":"wish_ae10_zne14g_","value":"1220446","text":"1.8 VVT-i - 89kW / 121HP (165Nm)"},{"model":"yaris__ksp90_","value":"1220455","text":"1.0 VVT-i - 50kW / 68HP (95Nm)"},{"model":"yaris__ncp93_","value":"1220456","text":"1.5 16v VVT-i Automat - 81kW / 110HP (141Nm)"},{"model":"yaris__nlp10_","value":"1220462","text":"1.4 D-4D - 55kW / 75HP (195Nm)"},{"model":"yaris__nlp130_","value":"1220463","text":"1.4 D-4D Dpf - 66kW / 90HP (205Nm)"},{"model":"yaris__nlp90_","value":"1220467","text":"1.4 D-4D - 66kW / 90HP (205Nm)"},{"model":"yaris__nsp90_","value":"1220468","text":"1.33 VVT-i - 73kW / 99HP (125Nm)"},{"model":"yaris__scp90_","value":"1220469","text":"1.3 VVT-i - 64kW / 87HP (116Nm)"},{"model":"yaris__xp130_","value":"1220470","text":"1.4 D-4D - 66kW / 90HP (205Nm)"},{"model":"yaris_verso__nlp20_","value":"1220476","text":"1.4 D-4D - 55kW / 75HP (195Nm)"},{"model":"yaris_verso__nlp22_","value":"1220477","text":"1.4 D-4D - 55kW / 75HP (195Nm)"}]