[{"model":"c30___","value":"1238530","text":"1.6 16v D DRIVe - 80kW / 109HP (240Nm)"},{"model":"c30___","value":"1238542","text":"1.6 8v D2 - 85kW / 116HP (270Nm)"},{"model":"c30___","value":"1238545","text":"2.0 16v D - 100kW / 136HP (320Nm)"},{"model":"c30___","value":"1238550","text":"2.0 20v D3 - 110kW / 150HP (350Nm)"},{"model":"c30___","value":"1238558","text":"2.0 20v D4 - 130kW / 177HP (400Nm)"},{"model":"c30___","value":"1238567","text":"2.4 20v D5 - 120kW / 163HP (340Nm)"},{"model":"c30___","value":"1238570","text":"2.4 20v D5 - 132kW / 180HP (350Nm)"},{"model":"c30___","value":"1238566","text":"2.4 20v D5 - 132kW / 180HP (400Nm)"},{"model":"c30___","value":"1238580","text":"2.5 20v T5 - 162kW / 220HP (320Nm)"},{"model":"c30___","value":"1238582","text":"2.5 20v T5 - 169kW / 230HP (320Nm)"},{"model":"c70_(_1st)__","value":"1238589","text":"2.0 20v T - 120kW / 163HP (230Nm)"},{"model":"c70_(_1st)__","value":"1238592","text":"2.0 20v T5 - 165kW / 224HP (310Nm)"},{"model":"c70_(_1st)__","value":"1238594","text":"2.3 20v T5 - 176kW / 239HP (330Nm)"},{"model":"c70_(_1st)__","value":"1238597","text":"2.3 20v T5 - 180kW / 245HP (330Nm)"},{"model":"c70_(_1st)__","value":"1238603","text":"2.4 20v - 125kW / 170HP (206Nm)"},{"model":"c70_(_1st)__","value":"1238605","text":"2.4 20v T - 142kW / 193HP (270Nm)"},{"model":"c70_(_1st)__","value":"1238610","text":"2.4 20v T5 - 147kW / 200HP (285Nm)"},{"model":"c70_(_1st)__","value":"1238615","text":"2.5 20v T - 142kW / 193HP (270Nm)"},{"model":"c70_(_2nd)__","value":"1238616","text":"2.0 16v D - 100kW / 136HP (320Nm)"},{"model":"c70_(_2nd)__","value":"1238619","text":"2.0 20v D - 130kW / 177HP (400Nm)"},{"model":"c70_(_2nd)__","value":"1238627","text":"2.0 20v D3 - 110kW / 150HP (350Nm)"},{"model":"c70_(_2nd)__","value":"1238635","text":"2.4 20v D5 - 120kW / 163HP (340Nm)"},{"model":"c70_(_2nd)__","value":"1238638","text":"2.4 20v D5 - 132kW / 180HP (350Nm)"},{"model":"c70_(_2nd)__","value":"1238636","text":"2.4 20v D5 - 132kW / 180HP (400Nm)"},{"model":"c70_(_2nd)__","value":"1238649","text":"2.5 20v T5 - 162kW / 220HP (320Nm)"},{"model":"c70_(_2nd)__","value":"1238650","text":"2.5 20v T5 - 169kW / 230HP (320Nm)"},{"model":"s40_(_1st)__","value":"1238660","text":"1.9 8v D - 75kW / 102HP (215Nm)"},{"model":"s40_(_1st)__","value":"1238658","text":"1.9 8v D - 85kW / 116HP (265Nm)"},{"model":"s40_(_2nd)__","value":"1238666","text":"1.6 8v D2 - 85kW / 116HP (270Nm)"},{"model":"s40_(_2nd)__","value":"1238668","text":"2.0 16v D - 100kW / 136HP (320Nm)"},{"model":"s40_(_2nd)__","value":"1238675","text":"2.0 20v D3 - 110kW / 150HP (350Nm)"},{"model":"s40_(_2nd)__","value":"1238681","text":"2.0 20v D4 - 130kW / 177HP (400Nm)"},{"model":"s40_(_2nd)__","value":"1238697","text":"2.4 20v - 103kW / 140HP (220Nm)"},{"model":"s40_(_2nd)__","value":"1238700","text":"2.4 20v - 125kW / 170HP (230Nm)"},{"model":"s40_(_2nd)__","value":"1238687","text":"2.4 20v D5 - 132kW / 180HP (350Nm)"},{"model":"s40_(_2nd)__","value":"1238688","text":"2.4 20v D5 - 132kW / 180HP (400Nm)"},{"model":"s40_(_2nd)__","value":"1238705","text":"2.5 20v T5 - 162kW / 220HP (320Nm)"},{"model":"s40_(_2nd)__","value":"1238711","text":"2.5 20v T5 - 169kW / 230HP (320Nm)"},{"model":"s60_(_1st)__","value":"1238735","text":"2.0 20v T - 132kW / 180HP (240Nm)"},{"model":"s60_(_1st)__","value":"1238745","text":"2.3 20v T - 147kW / 200HP (285Nm)"},{"model":"s60_(_1st)__","value":"1238749","text":"2.3 20v T5 - 184kW / 250HP (330Nm)"},{"model":"s60_(_1st)__","value":"1238755","text":"2.4 20v - 103kW / 140HP (220Nm)"},{"model":"s60_(_1st)__","value":"1238756","text":"2.4 20v - 125kW / 170HP (206Nm)"},{"model":"s60_(_1st)__","value":"1238759","text":"2.4 20v - 125kW / 170HP (230Nm)"},{"model":"s60_(_1st)__","value":"1238721","text":"2.4 20v D - 93kW / 126HP (300Nm)"},{"model":"s60_(_1st)__","value":"1238723","text":"2.4 20v D - 120kW / 163HP (340Nm)"},{"model":"s60_(_1st)__","value":"1238730","text":"2.4 20v D5 - 136kW / 185HP (400Nm)"},{"model":"s60_(_1st)__","value":"1238780","text":"2.4 20v T - 147kW / 200HP (285Nm)"},{"model":"s60_(_1st)__","value":"1238784","text":"2.4 20v T5 - 191kW / 260HP (350Nm)"},{"model":"s60_(_1st)__","value":"1238790","text":"2.5 20v R - 300kW / 408HP (400Nm)"},{"model":"s60_(_1st)__","value":"1238795","text":"2.5 20v T - 154kW / 209HP (320Nm)"},{"model":"s60_(_2nd)__","value":"1238878","text":"1.6 16v T3 - 110kW / 150HP (240Nm)"},{"model":"s60_(_2nd)__","value":"1238884","text":"1.6 16v T4 - 132kW / 180HP (240Nm)"},{"model":"s60_(_2nd)__","value":"1238890","text":"1.6 16v T4F - 132kW / 180HP (240Nm)"},{"model":"s60_(_2nd)__","value":"1238803","text":"1.6 8v D2 - 85kW / 116HP (270Nm)"},{"model":"s60_(_2nd)__","value":"1238808","text":"2.0 16v D3 - 110kW / 150HP (320Nm)"},{"model":"s60_(_2nd)__","value":"1238816","text":"2.0 16v D4 - 110kW / 150HP (350Nm)"},{"model":"s60_(_2nd)__","value":"1238821","text":"2.0 16v D4 - 140kW / 190HP (400Nm)"},{"model":"s60_(_2nd)__","value":"1238830","text":"2.0 16v D5 - 165kW / 224HP (470Nm)"},{"model":"s60_(_2nd)__","value":"1238896","text":"2.0 16v T3 - 112kW / 152HP (250Nm)"},{"model":"s60_(_2nd)__","value":"1238904","text":"2.0 16v T4 - 140kW / 190HP (300Nm)"},{"model":"s60_(_2nd)__","value":"1238912","text":"2.0 16v T5 - 180kW / 245HP (350Nm)"},{"model":"s60_(_2nd)__","value":"1238918","text":"2.0 16v T6 - 222kW / 302HP (400Nm)"},{"model":"s60_(_2nd)__","value":"1238838","text":"2.0 20v D3 - 100kW / 136HP (350Nm)"},{"model":"s60_(_2nd)__","value":"1238846","text":"2.4 20v D - 158kW / 215HP (420Nm)"},{"model":"s60_(_2nd)__","value":"1238856","text":"2.4 20v D4 - 140kW / 190HP (420Nm)"},{"model":"s60_(_2nd)__","value":"1238864","text":"2.4 20v D5 - 151kW / 205HP (420Nm)"},{"model":"s60_(_2nd)__","value":"1238866","text":"2.4 20v D5 - 158kW / 215HP (440Nm)"},{"model":"s60_(_2nd)__","value":"1238930","text":"2.5 20v T5 - 184kW / 250HP (360Nm)"},{"model":"s60_(_2nd)__","value":"1238931","text":"2.5 20v T5 - 187kW / 254HP (360Nm)"},{"model":"s60_(_2nd)__","value":"1238936","text":"3.0 24v T6 - 224kW / 305HP (440Nm)"},{"model":"s60_cross country___","value":"1238950","text":"2.0 16v D3 - 110kW / 150HP (350Nm)"},{"model":"s60_cross_country___","value":"1238956","text":"2.0 16v D4 - 140kW / 190HP (400Nm)"},{"model":"s60_cross_country___","value":"1238964","text":"2.0 16v T5 - 180kW / 245HP (350Nm)"},{"model":"s70___","value":"1238970","text":"2.0 20v T - 165kW / 224HP (310Nm)"},{"model":"s70___","value":"1238975","text":"2.3 20v T - 147kW / 200HP (285Nm)"},{"model":"s70___","value":"1238973","text":"2.3 20v T - 176kW / 239HP (330Nm)"},{"model":"s70___","value":"1238984","text":"2.4 20v - 103kW / 140HP (220Nm)"},{"model":"s70___","value":"1238983","text":"2.4 20v - 125kW / 170HP (206Nm)"},{"model":"s70___","value":"1238987","text":"2.4 20v T - 142kW / 193HP (270Nm)"},{"model":"s70___","value":"1238989","text":"2.5 20v T - 142kW / 193HP (270Nm)"},{"model":"s80_(_1st)__","value":"1239002","text":"2.0 20v T - 120kW / 163HP (230Nm)"},{"model":"s80_(_1st)__","value":"1239004","text":"2.0 20v T - 132kW / 180HP (240Nm)"},{"model":"s80_(_1st)__","value":"1239011","text":"2.0 20v T5 - 165kW / 224HP (310Nm)"},{"model":"s80_(_1st)__","value":"1239013","text":"2.3 20v T - 147kW / 200HP (285Nm)"},{"model":"s80_(_1st)__","value":"1239020","text":"2.4 20v - 103kW / 140HP (220Nm)"},{"model":"s80_(_1st)__","value":"1239019","text":"2.4 20v - 125kW / 170HP (206Nm)"},{"model":"s80_(_1st)__","value":"1238990","text":"2.4 20v D - 96kW / 131HP (280Nm)"},{"model":"s80_(_1st)__","value":"1238996","text":"2.4 20v D5 - 120kW / 163HP (340Nm)"},{"model":"s80_(_1st)__","value":"1239037","text":"2.4 20v T - 147kW / 200HP (285Nm)"},{"model":"s80_(_1st)__","value":"1239041","text":"2.5 20v T - 154kW / 209HP (320Nm)"},{"model":"s80_(_1st)__","value":"1239045","text":"2.8 24v T6 - 200kW / 272HP (380Nm)"},{"model":"s80_(_1st)__","value":"1239049","text":"2.9 24v - 144kW / 196HP (280Nm)"},{"model":"s80_(_1st)__","value":"1239055","text":"2.9 24v T6 - 200kW / 272HP (380Nm)"},{"model":"s80_(_1st)__","value":"1239060","text":"3.0 24v - 134kW / 182HP (270Nm)"},{"model":"s80_(_2nd)__","value":"1239061","text":"1.6 16v D DRIVe - 80kW / 109HP (240Nm)"},{"model":"s80_(_2nd)__","value":"1239135","text":"1.6 16v T4 - 132kW / 180HP (240Nm)"},{"model":"s80_(_2nd)__","value":"1239142","text":"1.6 16v T4F - 132kW / 180HP (240Nm)"},{"model":"s80_(_2nd)__","value":"1239067","text":"1.6 8v D2 - 85kW / 116HP (270Nm)"},{"model":"s80_(_2nd)__","value":"1239073","text":"2.0 16v D - 100kW / 136HP (320Nm)"},{"model":"s80_(_2nd)__","value":"1239079","text":"2.0 16v D2 - 85kW / 116HP (280Nm)"},{"model":"s80_(_2nd)__","value":"1239077","text":"2.0 16v D2 - 88kW / 120HP (280Nm)"},{"model":"s80_(_2nd)__","value":"1239081","text":"2.0 16v D4 - 110kW / 150HP (350Nm)"},{"model":"s80_(_2nd)__","value":"1239145","text":"2.0 16v T5 - 180kW / 245HP (350Nm)"},{"model":"s80_(_2nd)__","value":"1239089","text":"2.0 20v D - 100kW / 136HP (350Nm)"},{"model":"s80_(_2nd)__","value":"1239093","text":"2.0 20v D3 - 100kW / 136HP (350Nm)"},{"model":"s80_(_2nd)__","value":"1239095","text":"2.4 20v D - 120kW / 163HP (340Nm)"},{"model":"s80_(_2nd)__","value":"1239098","text":"2.4 20v D - 129kW / 175HP (420Nm)"},{"model":"s80_(_2nd)__","value":"1239103","text":"2.4 20v D5 - 136kW / 185HP (400Nm)"},{"model":"s80_(_2nd)__","value":"1239106","text":"2.4 20v D5 - 151kW / 205HP (420Nm)"},{"model":"s80_(_2nd)__","value":"1239113","text":"2.4 20v D5 - 158kW / 215HP (420Nm)"},{"model":"s80_(_2nd)__","value":"1239115","text":"2.4 20v D5 - 158kW / 215HP (440Nm)"},{"model":"s80_(_2nd)__","value":"1239153","text":"2.5 20v FT Flexifuel - 147kW / 200HP (300Nm)"},{"model":"s80_(_2nd)__","value":"1239155","text":"2.5 20v FT Flexifuel - 170kW / 231HP (340Nm)"},{"model":"s80_(_2nd)__","value":"1239160","text":"2.5 20v T - 147kW / 200HP (300Nm)"},{"model":"s80_(_2nd)__","value":"1239164","text":"2.5 20v T - 170kW / 231HP (340Nm)"},{"model":"s80_(_2nd)__","value":"1239167","text":"2.5 20v T5 - 187kW / 254HP (360Nm)"},{"model":"s80_(_2nd)__","value":"1239172","text":"3.0 24v T6 - 224kW / 305HP (440Nm)"},{"model":"s80_(_2nd)__","value":"1239186","text":"3.2 24v - 175kW / 238HP (320Nm)"},{"model":"s80_(_2nd)__","value":"1239191","text":"4.4 V8 32v - 232kW / 316HP (440Nm)"},{"model":"s90_(_2nd)__","value":"1239196","text":"2.0 16v D3 - 110kW / 150HP (320Nm)"},{"model":"s90_(_2nd)__","value":"1239200","text":"2.0 16v D4 - 140kW / 190HP (400Nm)"},{"model":"s90_(_2nd)__","value":"1239204","text":"2.0 16v D5 - 173kW / 235HP (480Nm)"},{"model":"s90_(_2nd)__","value":"1239208","text":"2.0 16v T5 - 187kW / 254HP (350Nm)"},{"model":"s90_(_2nd)__","value":"1239212","text":"2.0 16v T8 Twin Engine - 235kW / 320HP (400Nm)"},{"model":"s90l___","value":"1239216","text":"2.0 16v T5 - 187kW / 254HP (350Nm)"},{"model":"v40_(_1st)__","value":"1239230","text":"1.9 16v T - 127kW / 173HP (240Nm)"},{"model":"v40_(_1st)__","value":"1239221","text":"1.9 8v D - 75kW / 102HP (215Nm)"},{"model":"v40_(_1st)__","value":"1239220","text":"1.9 8v D - 85kW / 116HP (265Nm)"},{"model":"v40_(_2nd)__","value":"1239271","text":"1.5 16v T2 - 90kW / 122HP (220Nm)"},{"model":"v40_(_2nd)__","value":"1239277","text":"1.5 16v T3 - 112kW / 152HP (250Nm)"},{"model":"v40_(_2nd)__","value":"1239283","text":"1.6 16v T2 - 88kW / 120HP (240Nm)"},{"model":"v40_(_2nd)__","value":"1239287","text":"1.6 16v T3 - 110kW / 150HP (240Nm)"},{"model":"v40_(_2nd)__","value":"1239291","text":"1.6 16v T4 - 132kW / 180HP (240Nm)"},{"model":"v40_(_2nd)__","value":"1239233","text":"1.6 8v D2 - 85kW / 116HP (270Nm)"},{"model":"v40_(_2nd)__","value":"1239237","text":"2.0 16v D2 - 88kW / 120HP (280Nm)"},{"model":"v40_(_2nd)__","value":"1239245","text":"2.0 16v D3 - 110kW / 150HP (320Nm)"},{"model":"v40_(_2nd)__","value":"1239249","text":"2.0 16v D4 - 140kW / 190HP (400Nm)"},{"model":"v40_(_2nd)__","value":"1239295","text":"2.0 16v T3 - 112kW / 152HP (250Nm)"},{"model":"v40_(_2nd)__","value":"1239301","text":"2.0 16v T4 - 140kW / 190HP (300Nm)"},{"model":"v40_(_2nd)__","value":"1239307","text":"2.0 16v T5 - 180kW / 245HP (350Nm)"},{"model":"v40_(_2nd)__","value":"1239257","text":"2.0 20v D3 - 110kW / 150HP (350Nm)"},{"model":"v40_(_2nd)__","value":"1239265","text":"2.0 20v D4 - 130kW / 177HP (400Nm)"},{"model":"v40_(_2nd)__","value":"1239315","text":"2.4 20v T4 - 125kW / 170HP (230Nm)"},{"model":"v40_(_2nd)__","value":"1239320","text":"2.5 20v T5 - 187kW / 254HP (360Nm)"},{"model":"v40___","value":"1239322","text":"1.6 EcoBoost - 88kW / 120HP (240Nm)"},{"model":"v40___","value":"1239323","text":"1.6 EcoBoost - 110kW / 150HP (240Nm)"},{"model":"v40___","value":"1239324","text":"1.6 EcoBoost - 132kW / 180HP (240Nm)"},{"model":"v40_cross country___","value":"1239380","text":"1.5 16v T3 - 112kW / 152HP (250Nm)"},{"model":"v40_cross_country___","value":"1239386","text":"1.6 16v T4 - 132kW / 180HP (240Nm)"},{"model":"v40_cross_country___","value":"1239328","text":"1.6 8v D2 - 85kW / 116HP (270Nm)"},{"model":"v40_cross_country___","value":"1239332","text":"2.0 16v D2 - 88kW / 120HP (280Nm)"},{"model":"v40_cross_country___","value":"1239340","text":"2.0 16v D3 - 110kW / 150HP (320Nm)"},{"model":"v40_cross_country___","value":"1239344","text":"2.0 16v D4 - 140kW / 190HP (400Nm)"},{"model":"v40_cross_country___","value":"1239389","text":"2.0 16v T3 - 112kW / 152HP (250Nm)"},{"model":"v40_cross_country___","value":"1239395","text":"2.0 16v T4 - 140kW / 190HP (300Nm)"},{"model":"v40_cross_country___","value":"1239401","text":"2.0 16v T5 - 180kW / 245HP (350Nm)"},{"model":"v40_cross_country___","value":"1239352","text":"2.0 20v D3 - 110kW / 150HP (350Nm)"},{"model":"v40_cross_country___","value":"1239358","text":"2.0 20v D4 - 130kW / 177HP (400Nm)"},{"model":"v40_cross_country___","value":"1239409","text":"2.5 20v T5 - 183kW / 249HP (360Nm)"},{"model":"v50___","value":"1239412","text":"1.6 16v D DRIVe - 80kW / 109HP (240Nm)"},{"model":"v50___","value":"1239426","text":"1.6 8v D2 - 85kW / 116HP (270Nm)"},{"model":"v50___","value":"1239428","text":"2.0 16v D - 100kW / 136HP (320Nm)"},{"model":"v50___","value":"1239435","text":"2.0 20v D - 96kW / 131HP (320Nm)"},{"model":"v50___","value":"1239439","text":"2.0 20v D3 - 110kW / 150HP (350Nm)"},{"model":"v50___","value":"1239445","text":"2.0 20v D4 - 130kW / 177HP (400Nm)"},{"model":"v50___","value":"1239461","text":"2.4 20v - 103kW / 140HP (220Nm)"},{"model":"v50___","value":"1239464","text":"2.4 20v - 125kW / 170HP (230Nm)"},{"model":"v50___","value":"1239452","text":"2.4 20v D5 - 120kW / 163HP (340Nm)"},{"model":"v50___","value":"1239451","text":"2.4 20v D5 - 132kW / 180HP (400Nm)"},{"model":"v50___","value":"1239469","text":"2.5 20v T5 - 162kW / 220HP (320Nm)"},{"model":"v50___","value":"1239473","text":"2.5 20v T5 - 169kW / 230HP (320Nm)"},{"model":"v60_(_1st)__","value":"1239577","text":"1.5 16v T2 - 90kW / 122HP (220Nm)"},{"model":"v60_(_1st)__","value":"1239583","text":"1.5 16v T3 - 112kW / 152HP (250Nm)"},{"model":"v60_(_1st)__","value":"1239589","text":"1.6 16v T3 - 110kW / 150HP (240Nm)"},{"model":"v60_(_1st)__","value":"1239595","text":"1.6 16v T4 - 132kW / 180HP (240Nm)"},{"model":"v60_(_1st)__","value":"1239601","text":"1.6 16v T4F - 132kW / 180HP (240Nm)"},{"model":"v60_(_1st)__","value":"1239479","text":"1.6 8v D2 - 85kW / 116HP (270Nm)"},{"model":"v60_(_1st)__","value":"1239483","text":"2.0 16v D3 - 110kW / 150HP (320Nm)"},{"model":"v60_(_1st)__","value":"1239493","text":"2.0 16v D4 - 133kW / 181HP (400Nm)"},{"model":"v60_(_1st)__","value":"1239497","text":"2.0 16v D4 - 140kW / 190HP (400Nm)"},{"model":"v60_(_1st)__","value":"1239505","text":"2.0 16v D5 - 165kW / 224HP (470Nm)"},{"model":"v60_(_1st)__","value":"1239606","text":"2.0 16v T - 149kW / 203HP (300Nm)"},{"model":"v60_(_1st)__","value":"1239608","text":"2.0 16v T4 - 140kW / 190HP (300Nm)"},{"model":"v60_(_1st)__","value":"1239614","text":"2.0 16v T5 - 177kW / 241HP (320Nm)"},{"model":"v60_(_1st)__","value":"1239619","text":"2.0 16v T5 - 180kW / 245HP (350Nm)"},{"model":"v60_(_1st)__","value":"1239627","text":"2.0 16v T6 - 225kW / 306HP (400Nm)"},{"model":"v60_(_1st)__","value":"1239515","text":"2.0 20v D3 - 100kW / 136HP (350Nm)"},{"model":"v60_(_1st)__","value":"1239511","text":"2.0 20v D3 - 120kW / 163HP (400Nm)"},{"model":"v60_(_1st)__","value":"1239523","text":"2.0 20v D4 - 120kW / 163HP (400Nm)"},{"model":"v60_(_1st)__","value":"1239533","text":"2.4 20v D4 - 120kW / 163HP (420Nm)"},{"model":"v60_(_1st)__","value":"1239536","text":"2.4 20v D4 - 133kW / 181HP (120Nm)"},{"model":"v60_(_1st)__","value":"1239545","text":"2.4 20v D4 - 140kW / 190HP (420Nm)"},{"model":"v60_(_1st)__","value":"1239553","text":"2.4 20v D5 - 151kW / 205HP (420Nm)"},{"model":"v60_(_1st)__","value":"1239557","text":"2.4 20v D5 - 158kW / 215HP (420Nm)"},{"model":"v60_(_1st)__","value":"1239556","text":"2.4 20v D5 - 158kW / 215HP (440Nm)"},{"model":"v60_(_1st)__","value":"1239637","text":"2.5 20v T5 - 187kW / 254HP (360Nm)"},{"model":"v60_(_1st)__","value":"1239642","text":"3.0 24v T6 - 224kW / 305HP (440Nm)"},{"model":"v60_(_2nd)__","value":"1239652","text":"2.0 16v D2 - 85kW / 116HP (280Nm)"},{"model":"v60_(_2nd)__","value":"1239658","text":"2.0 16v T3 - 112kW / 152HP (250Nm)"},{"model":"v60_cross country___","value":"1239664","text":"2.0 16v D3 - 110kW / 150HP (350Nm)"},{"model":"v60_cross_country___","value":"1239668","text":"2.0 16v D4 - 140kW / 190HP (400Nm)"},{"model":"v60_cross_country___","value":"1239674","text":"2.0 16v D5 - 165kW / 224HP (470Nm)"},{"model":"v60_cross_country___","value":"1239684","text":"2.0 16v T5 - 180kW / 245HP (350Nm)"},{"model":"v60_cross_country___","value":"1239678","text":"2.4 20v D4 - 140kW / 190HP (420Nm)"},{"model":"v70_(_2nd)__","value":"1239705","text":"2.0 20v T - 132kW / 180HP (240Nm)"},{"model":"v70_(_2nd)__","value":"1239713","text":"2.3 20v T - 147kW / 200HP (285Nm)"},{"model":"v70_(_2nd)__","value":"1239718","text":"2.3 20v T5 - 176kW / 239HP (330Nm)"},{"model":"v70_(_2nd)__","value":"1239719","text":"2.3 20v T5 - 184kW / 250HP (330Nm)"},{"model":"v70_(_2nd)__","value":"1239723","text":"2.4 20v - 103kW / 140HP (220Nm)"},{"model":"v70_(_2nd)__","value":"1239724","text":"2.4 20v - 125kW / 170HP (206Nm)"},{"model":"v70_(_2nd)__","value":"1239729","text":"2.4 20v - 125kW / 170HP (230Nm)"},{"model":"v70_(_2nd)__","value":"1239695","text":"2.4 20v D - 90kW / 122HP (300Nm)"},{"model":"v70_(_2nd)__","value":"1239694","text":"2.4 20v D - 93kW / 126HP (300Nm)"},{"model":"v70_(_2nd)__","value":"1239688","text":"2.4 20v D - 120kW / 163HP (340Nm)"},{"model":"v70_(_2nd)__","value":"1239701","text":"2.4 20v D5 - 136kW / 185HP (400Nm)"},{"model":"v70_(_2nd)__","value":"1239743","text":"2.4 20v T - 147kW / 200HP (285Nm)"},{"model":"v70_(_2nd)__","value":"1239747","text":"2.4 20v T5 - 191kW / 260HP (350Nm)"},{"model":"v70_(_2nd)__","value":"1239751","text":"2.5 20v R - 221kW / 301HP (400Nm)"},{"model":"v70_(_2nd)__","value":"1239756","text":"2.5 20v T - 154kW / 209HP (320Nm)"},{"model":"v70_(_3rd)__","value":"1239762","text":"1.6 16v D DRIVe - 80kW / 109HP (240Nm)"},{"model":"v70_(_3rd)__","value":"1239859","text":"1.6 16v T4 - 132kW / 180HP (240Nm)"},{"model":"v70_(_3rd)__","value":"1239865","text":"1.6 16v T4F - 132kW / 180HP (240Nm)"},{"model":"v70_(_3rd)__","value":"1239766","text":"1.6 8v D2 - 85kW / 116HP (270Nm)"},{"model":"v70_(_3rd)__","value":"1239771","text":"2.0 16v D - 100kW / 136HP (320Nm)"},{"model":"v70_(_3rd)__","value":"1239775","text":"2.0 16v D - 100kW / 136HP (340Nm)"},{"model":"v70_(_3rd)__","value":"1239783","text":"2.0 16v D2 - 85kW / 116HP (280Nm)"},{"model":"v70_(_3rd)__","value":"1239787","text":"2.0 16v D3 - 110kW / 150HP (320Nm)"},{"model":"v70_(_3rd)__","value":"1239791","text":"2.0 16v D4 - 133kW / 181HP (400Nm)"},{"model":"v70_(_3rd)__","value":"1239870","text":"2.0 16v T4 - 140kW / 190HP (300Nm)"},{"model":"v70_(_3rd)__","value":"1239874","text":"2.0 16v T5 - 180kW / 245HP (350Nm)"},{"model":"v70_(_3rd)__","value":"1239799","text":"2.0 20v D3 - 100kW / 136HP (350Nm)"},{"model":"v70_(_3rd)__","value":"1239807","text":"2.4 20v D - 120kW / 163HP (340Nm)"},{"model":"v70_(_3rd)__","value":"1239809","text":"2.4 20v D - 129kW / 175HP (420Nm)"},{"model":"v70_(_3rd)__","value":"1239814","text":"2.4 20v D - 158kW / 215HP (440Nm)"},{"model":"v70_(_3rd)__","value":"1239822","text":"2.4 20v D4 - 120kW / 163HP (420Nm)"},{"model":"v70_(_3rd)__","value":"1239824","text":"2.4 20v D4 - 133kW / 181HP (120Nm)"},{"model":"v70_(_3rd)__","value":"1239838","text":"2.4 20v D5 - 136kW / 185HP (400Nm)"},{"model":"v70_(_3rd)__","value":"1239840","text":"2.4 20v D5 - 151kW / 205HP (420Nm)"},{"model":"v70_(_3rd)__","value":"1239845","text":"2.4 20v D5 - 158kW / 215HP (420Nm)"},{"model":"v70_(_3rd)__","value":"1239849","text":"2.4 20v D5 - 158kW / 215HP (440Nm)"},{"model":"v70_(_3rd)__","value":"1239882","text":"2.5 20v FT Flexifuel - 147kW / 200HP (300Nm)"},{"model":"v70_(_3rd)__","value":"1239884","text":"2.5 20v FT Flexifuel - 170kW / 231HP (340Nm)"},{"model":"v70_(_3rd)__","value":"1239888","text":"2.5 20v T - 147kW / 200HP (300Nm)"},{"model":"v70_(_3rd)__","value":"1239890","text":"2.5 20v T - 170kW / 231HP (340Nm)"},{"model":"v70_(_3rd)__","value":"1239896","text":"3.0 24v T6 - 224kW / 305HP (440Nm)"},{"model":"v70_(_3rd)__","value":"1239908","text":"3.2 24v - 175kW / 238HP (320Nm)"},{"model":"v90_(_2nd)__","value":"1239912","text":"2.0 16v D3 - 110kW / 150HP (320Nm)"},{"model":"v90_(_2nd)__","value":"1239913","text":"2.0 16v D3 - 110kW / 150HP (350Nm)"},{"model":"v90_(_2nd)__","value":"1239920","text":"2.0 16v D4 - 140kW / 190HP (400Nm)"},{"model":"v90_(_2nd)__","value":"1239924","text":"2.0 16v D5 - 173kW / 235HP (480Nm)"},{"model":"v90_(_2nd)__","value":"1239928","text":"2.0 16v T5 - 187kW / 254HP (350Nm)"},{"model":"v90_(_2nd)__","value":"1239932","text":"2.0 16v T8 Twin Engine - 235kW / 320HP (400Nm)"},{"model":"v90_cross country___","value":"1239936","text":"2.0 16v D4 - 140kW / 190HP (400Nm)"},{"model":"v90_cross_country___","value":"1239938","text":"2.0 16v D5 - 173kW / 235HP (480Nm)"},{"model":"v90_cross_country___","value":"1239940","text":"2.0 16v T5 - 187kW / 254HP (350Nm)"},{"model":"xc60_(_1st)__","value":"1239942","text":"2.0 16v D4 - 133kW / 181HP (400Nm)"},{"model":"xc60_(_1st)__","value":"1240048","text":"2.0 16v T - 149kW / 203HP (300Nm)"},{"model":"xc60_(_1st)__","value":"1240050","text":"2.0 16v T5 - 177kW / 241HP (320Nm)"},{"model":"xc60_(_1st)__","value":"1240053","text":"2.0 16v T5 - 180kW / 245HP (350Nm)"},{"model":"xc60_(_1st)__","value":"1240057","text":"2.0 16v T5 - 200kW / 272HP (350Nm)"},{"model":"xc60_(_1st)__","value":"1240067","text":"2.0 16v T6 - 225kW / 306HP (400Nm)"},{"model":"xc60_(_1st)__","value":"1239950","text":"2.0 20v D3 - 100kW / 136HP (350Nm)"},{"model":"xc60_(_1st)__","value":"1239954","text":"2.0 20v D3 DRIVe - 120kW / 163HP (400Nm)"},{"model":"xc60_(_1st)__","value":"1239968","text":"2.4 20v D - 120kW / 163HP (340Nm)"},{"model":"xc60_(_1st)__","value":"1239970","text":"2.4 20v D - 120kW / 163HP (420Nm)"},{"model":"xc60_(_1st)__","value":"1239977","text":"2.4 20v D DRIVe - 129kW / 175HP (420Nm)"},{"model":"xc60_(_1st)__","value":"1239981","text":"2.4 20v D3 - 120kW / 163HP (420Nm)"},{"model":"xc60_(_1st)__","value":"1239993","text":"2.4 20v D4 - 133kW / 181HP (120Nm)"},{"model":"xc60_(_1st)__","value":"1240001","text":"2.4 20v D5 - 136kW / 185HP (400Nm)"},{"model":"xc60_(_1st)__","value":"1240030","text":"2.4 20v D5 - 140kW / 190HP (440Nm)"},{"model":"xc60_(_1st)__","value":"1240006","text":"2.4 20v D5 - 151kW / 205HP (420Nm)"},{"model":"xc60_(_1st)__","value":"1240011","text":"2.4 20v D5 - 158kW / 215HP (420Nm)"},{"model":"xc60_(_1st)__","value":"1240012","text":"2.4 20v D5 - 158kW / 215HP (440Nm)"},{"model":"xc60_(_1st)__","value":"1240034","text":"2.4 20v D5 - 162kW / 220HP (440Nm)"},{"model":"xc60_(_1st)__","value":"1240024","text":"2.4 20v D5 - 169kW / 230HP (440Nm)"},{"model":"xc60_(_1st)__","value":"1240077","text":"2.5 20v T5 - 187kW / 254HP (360Nm)"},{"model":"xc60_(_1st)__","value":"1240078","text":"3.0 24v T6 - 224kW / 305HP (440Nm)"},{"model":"xc60_(_1st)__","value":"1240092","text":"3.2 24v - 175kW / 238HP (320Nm)"},{"model":"xc60_(_2nd)__","value":"1240094","text":"2.0 16v D3 - 110kW / 150HP (350Nm)"},{"model":"xc60_(_2nd)__","value":"1240096","text":"2.0 16v D4 - 140kW / 190HP (350Nm)"},{"model":"xc60_(_2nd)__","value":"1240098","text":"2.0 16v D5 - 173kW / 235HP (350Nm)"},{"model":"xc60_(_2nd)__","value":"1240100","text":"2.0 16v T5 - 187kW / 254HP (350Nm)"},{"model":"xc60_(_2nd)__","value":"1240102","text":"2.0 16v T8 Twin Engine - 235kW / 320HP (400Nm)"},{"model":"xc70_(_2nd)__","value":"1240110","text":"2.3 20v T - 147kW / 200HP (285Nm)"},{"model":"xc70_(_2nd)__","value":"1240109","text":"2.3 20v T - 160kW / 218HP (330Nm)"},{"model":"xc70_(_2nd)__","value":"1240106","text":"2.4 20v D5 - 136kW / 185HP (400Nm)"},{"model":"xc70_(_3rd)__","value":"1240118","text":"2.0 16v D4 - 133kW / 181HP (400Nm)"},{"model":"xc70_(_3rd)__","value":"1240206","text":"2.0 16v T5 - 180kW / 245HP (350Nm)"},{"model":"xc70_(_3rd)__","value":"1240211","text":"2.0 16v T5 - 187kW / 254HP (360Nm)"},{"model":"xc70_(_3rd)__","value":"1240126","text":"2.0 20v D3 DRIVe - 120kW / 163HP (400Nm)"},{"model":"xc70_(_3rd)__","value":"1240140","text":"2.4 20v D - 120kW / 163HP (340Nm)"},{"model":"xc70_(_3rd)__","value":"1240143","text":"2.4 20v D - 120kW / 163HP (420Nm)"},{"model":"xc70_(_3rd)__","value":"1240149","text":"2.4 20v D DRIVe - 129kW / 175HP (420Nm)"},{"model":"xc70_(_3rd)__","value":"1240153","text":"2.4 20v D3 - 120kW / 163HP (420Nm)"},{"model":"xc70_(_3rd)__","value":"1240165","text":"2.4 20v D4 - 133kW / 181HP (420Nm)"},{"model":"xc70_(_3rd)__","value":"1240173","text":"2.4 20v D5 - 136kW / 185HP (400Nm)"},{"model":"xc70_(_3rd)__","value":"1240176","text":"2.4 20v D5 - 151kW / 205HP (420Nm)"},{"model":"xc70_(_3rd)__","value":"1240180","text":"2.4 20v D5 - 158kW / 215HP (420Nm)"},{"model":"xc70_(_3rd)__","value":"1240182","text":"2.4 20v D5 - 158kW / 215HP (440Nm)"},{"model":"xc70_(_3rd)__","value":"1240199","text":"2.4 20v D5 - 162kW / 220HP (440Nm)"},{"model":"xc70_(_3rd)__","value":"1240216","text":"3.0 24v T6 - 224kW / 305HP (440Nm)"},{"model":"xc70_(_3rd)__","value":"1240228","text":"3.2 24v - 175kW / 238HP (320Nm)"},{"model":"xc90_(_1st)__","value":"1240232","text":"2.4 20v D3 - 120kW / 163HP (340Nm)"},{"model":"xc90_(_1st)__","value":"1240240","text":"2.4 20v D5 - 120kW / 163HP (340Nm)"},{"model":"xc90_(_1st)__","value":"1240238","text":"2.4 20v D5 - 136kW / 185HP (400Nm)"},{"model":"xc90_(_1st)__","value":"1240249","text":"2.4 20v D5 - 147kW / 200HP (420Nm)"},{"model":"xc90_(_1st)__","value":"1240262","text":"2.5 20v T - 154kW / 209HP (320Nm)"},{"model":"xc90_(_1st)__","value":"1240273","text":"2.5 20v T5 - 147kW / 200HP (300Nm)"},{"model":"xc90_(_1st)__","value":"1240278","text":"2.9 24v T6 - 200kW / 272HP (380Nm)"},{"model":"xc90_(_1st)__","value":"1240282","text":"3.2 24v - 175kW / 238HP (320Nm)"},{"model":"xc90_(_1st)__","value":"1240286","text":"3.2 24v - 180kW / 245HP (320Nm)"},{"model":"xc90_(_1st)__","value":"1240293","text":"4.4 V8 32v - 232kW / 316HP (440Nm)"},{"model":"xc90_(_2nd)__","value":"1240301","text":"2.0 16v D4 - 140kW / 190HP (400Nm)"},{"model":"xc90_(_2nd)__","value":"1240300","text":"2.0 16v D4 - 140kW / 190HP (420Nm)"},{"model":"xc90_(_2nd)__","value":"1240312","text":"2.0 16v D5 - 165kW / 224HP (470Nm)"},{"model":"xc90_(_2nd)__","value":"1240314","text":"2.0 16v D5 - 173kW / 235HP (480Nm)"},{"model":"xc90_(_2nd)__","value":"1240320","text":"2.0 16v T5 - 187kW / 254HP (351Nm)"},{"model":"xc90_(_2nd)__","value":"1240326","text":"2.0 16v T8 Twin Engine - 235kW / 320HP (400Nm)"}]