[{"mark":"abarth","value":"124_spider___","text":"124 Spider (2016+)"},{"mark":"abarth","value":"500___","text":"500 (2008+)"},{"mark":"abarth","value":"500_assetto corse___","text":"500 Assetto Corse (2009+)"},{"mark":"abarth","value":"500_custom___","text":"500 Custom (2013+)"},{"mark":"abarth","value":"500_esseesse___","text":"500 Esseesse (2008+)"},{"mark":"abarth","value":"500c___","text":"500C (2010+)"},{"mark":"abarth","value":"595_competizione___","text":"595 Competizione (2012+)"},{"mark":"abarth","value":"595c_turismo___","text":"595C Turismo (2013+)"},{"mark":"abarth","value":"695_tributo ferrari___","text":"695 Tributo Ferrari (2010+)"},{"mark":"abarth","value":"grande_punto___","text":"Grande Punto (2007+)"},{"mark":"abarth","value":"grande_punto esseesse___","text":"Grande Punto Esseesse (2007+)"},{"mark":"abarth","value":"punto_evo___","text":"Punto Evo (2010+)"},{"mark":"abarth","value":"punto_evo esseesse___","text":"Punto Evo Esseesse (2010+)"}]