[{"mark":"acura","value":"csx___","text":"CSX (2006+)"},{"mark":"acura","value":"csx_type-s___","text":"CSX Type-S (2007+)"},{"mark":"acura","value":"ilx___","text":"ILX (2013+)"},{"mark":"acura","value":"mdx___","text":"Mdx (2003+)"},{"mark":"acura","value":"mdx__yd_","text":"Mdx (YD) (2007+)"},{"mark":"acura","value":"rdx___","text":"Rdx (2007+)"},{"mark":"acura","value":"rdx__tb_","text":"Rdx (TB) (2006+)"},{"mark":"acura","value":"rl___","text":"RL (2005+)"},{"mark":"acura","value":"rl__kb_","text":"RL (KB) (2005+)"},{"mark":"acura","value":"rlx___","text":"RLX (2014+)"},{"mark":"acura","value":"tl_type-s___","text":"TL Type-S (2007+)"},{"mark":"acura","value":"tsx___","text":"Tsx (2004+)"},{"mark":"acura","value":"tsx__cl_","text":"Tsx (CL) (2004+)"},{"mark":"acura","value":"zdx___","text":"ZDX (2010+)"}]