[{"mark":"alfa romeo","value":"145_(_2nd)__","text":"145 (1997+)"},{"mark":"alfa romeo","value":"146_(_2nd)__","text":"146 (1997+)"},{"mark":"alfa romeo","value":"147___","text":"147 (2001+)"},{"mark":"alfa romeo","value":"156_(_1st)__","text":"156 (1997+)"},{"mark":"alfa romeo","value":"156_(_2nd)__","text":"156 (2002+)"},{"mark":"alfa romeo","value":"159___","text":"159 (2005+)"},{"mark":"alfa romeo","value":"166_(_1st)__","text":"166 (1998+)"},{"mark":"alfa romeo","value":"166_(_2nd)__","text":"166 (2003+)"},{"mark":"alfa romeo","value":"4c___","text":"4C (2013+)"},{"mark":"alfa romeo","value":"4c_spider___","text":"4C Spider (2013+)"},{"mark":"alfa romeo","value":"8c___","text":"8C (2006+)"},{"mark":"alfa romeo","value":"brera___","text":"Brera (2005+)"},{"mark":"alfa romeo","value":"giulia___","text":"Giulia (2016+)"},{"mark":"alfa romeo","value":"giulia__(952)_","text":"Giulia ((952)) (2016+)"},{"mark":"alfa romeo","value":"giulia_q4___","text":"Giulia Q4 (2017+)"},{"mark":"alfa romeo","value":"giulia_q4__(952)_","text":"Giulia Q4 ((952)) (2016+)"},{"mark":"alfa romeo","value":"giulia_quadrifoglio verde___","text":"Giulia Quadrifoglio Verde (2016+)"},{"mark":"alfa romeo","value":"giulietta___","text":"Giulietta (2010+)"},{"mark":"alfa romeo","value":"gt___","text":"GT (2003+)"},{"mark":"alfa romeo","value":"gtv___","text":"GTV (1997+)"},{"mark":"alfa romeo","value":"mito___","text":"Mito (2008+)"},{"mark":"alfa romeo","value":"mito_quadrifoglio verde___","text":"Mito Quadrifoglio Verde (2010+)"},{"mark":"alfa romeo","value":"spider___","text":"Spider (1998+)"},{"mark":"alfa romeo","value":"stelvio___","text":"Stelvio (2017+)"},{"mark":"alfa romeo","value":"stelvio_q4___","text":"Stelvio Q4 (2017+)"},{"mark":"alfa romeo","value":"stelvio_q4__(949)_","text":"Stelvio Q4 ((949)) (2016+)"},{"mark":"alfa romeo","value":"stelvio_quadrifoglio verde___","text":"Stelvio Quadrifoglio Verde (2017+)"}]