[{"mark":"aston martin","value":"cygnet___","text":"Cygnet (2011+)"},{"mark":"aston martin","value":"db9___","text":"DB9 (2003+)"},{"mark":"aston martin","value":"db9_volante___","text":"DB9 Volante (2004+)"},{"mark":"aston martin","value":"dbs___","text":"DBS (2007+)"},{"mark":"aston martin","value":"rapide___","text":"Rapide (2010+)"},{"mark":"aston martin","value":"v12_vantage___","text":"V12 Vantage (2009+)"},{"mark":"aston martin","value":"v12_vantage roadster___","text":"V12 Vantage Roadster (2012+)"},{"mark":"aston martin","value":"v12_vantage s___","text":"V12 Vantage S (2013+)"},{"mark":"aston martin","value":"v12_vantage s roadster___","text":"V12 Vantage S Roadster (2014+)"},{"mark":"aston martin","value":"v12_zagato___","text":"V12 Zagato (2012+)"},{"mark":"aston martin","value":"v8_vantage___","text":"V8 Vantage (2005+)"},{"mark":"aston martin","value":"v8_vantage roadster___","text":"V8 Vantage Roadster (2006+)"},{"mark":"aston martin","value":"v8_vantage s___","text":"V8 Vantage S (2011+)"},{"mark":"aston martin","value":"v8_vantage s roadster___","text":"V8 Vantage S Roadster (2011+)"},{"mark":"aston martin","value":"vanquish_(_2nd)__","text":"Vanquish (2013+)"}]