[{"mark":"audi","value":"a1___8x","text":"A1 (8X) (2010+)"},{"mark":"audi","value":"a1___gb","text":"A1 (GB) (2018+)"},{"mark":"audi","value":"a1_quattro___8x","text":"A1 Quattro (8X) (2012+)"},{"mark":"audi","value":"a1_sportback___8x","text":"A1 Sportback (8X) (2012+)"},{"mark":"audi","value":"a2___8z0","text":"A2 (8Z0) (1999+)"},{"mark":"audi","value":"a3___8l","text":"A3 (8L) (1996+)"},{"mark":"audi","value":"a3___8p","text":"A3 (8P) (2003+)"},{"mark":"audi","value":"a3___8v","text":"A3 (8V) (2012+)"},{"mark":"audi","value":"a3_cabriolet___8v","text":"A3 Cabriolet (8V) (2018+)"},{"mark":"audi","value":"a3_sedan___8v","text":"A3 Sedan (8V) (2012+)"},{"mark":"audi","value":"a3_sportback___8pa","text":"A3 Sportback (8PA) (2004+)"},{"mark":"audi","value":"a3_sportback___8v","text":"A3 Sportback (8V) (2012+)"},{"mark":"audi","value":"a4__b5_8d","text":"A4 (B5) (1997+)"},{"mark":"audi","value":"a4__b6_8e","text":"A4 (B6) (2000+)"},{"mark":"audi","value":"a4__b7_8e","text":"A4 (B7) (2004+)"},{"mark":"audi","value":"a4__b8_","text":"A4 (B8) (2008+)"},{"mark":"audi","value":"a4__b8_8k","text":"A4 (B8) (2007+)"},{"mark":"audi","value":"a4__b9_8w","text":"A4 (B9) (2013+)"},{"mark":"audi","value":"a4_allroad__b9_8w","text":"A4 Allroad (B9) (2018+)"},{"mark":"audi","value":"a5___","text":"A5 (2016+)"},{"mark":"audi","value":"a5___8t3","text":"A5 (8T3) (2007+)"},{"mark":"audi","value":"a5__f5_8t3","text":"A5 (F5) (2018+)"},{"mark":"audi","value":"a5_cabriolet___8f7","text":"A5 Cabriolet (8F7) (2009+)"},{"mark":"audi","value":"a5_cabriolet__f5_8f7","text":"A5 Cabriolet (F5) (2018+)"},{"mark":"audi","value":"a5_sportback___8ta","text":"A5 Sportback (8TA) (2009+)"},{"mark":"audi","value":"a5_sportback__f5_8ta","text":"A5 Sportback (F5) (2018+)"},{"mark":"audi","value":"a6___c7","text":"A6 (C7) (2010+)"},{"mark":"audi","value":"a6__c5_4b","text":"A6 (C5) (1998+)"},{"mark":"audi","value":"a6__c6_4f","text":"A6 (C6) (2004+)"},{"mark":"audi","value":"a6__c7_4g","text":"A6 (C7) (2010+)"},{"mark":"audi","value":"a6__c8_4k","text":"A6 (C8) (2018+)"},{"mark":"audi","value":"a6_allroad__c5_4b","text":"A6 Allroad (C5) (2000+)"},{"mark":"audi","value":"a6_allroad__c6_4f","text":"A6 Allroad (C6) (2006+)"},{"mark":"audi","value":"a6_allroad__c7_4g","text":"A6 Allroad (C7) (2012+)"},{"mark":"audi","value":"a7__c7_4g","text":"A7 (C7) (2010+)"},{"mark":"audi","value":"a7__c8_4k","text":"A7 (C8) (2018+)"},{"mark":"audi","value":"a7_sportback__c8_4k8","text":"A7 Sportback (C8) (2018+)"},{"mark":"audi","value":"a8__d2_4d","text":"A8 (D2) (1997+)"},{"mark":"audi","value":"a8__d3_4e","text":"A8 (D3) (2002+)"},{"mark":"audi","value":"a8__d4_","text":"A8 (D4) (2011+)"},{"mark":"audi","value":"a8__d4_4h","text":"A8 (D4) (2010+)"},{"mark":"audi","value":"a8__d5_","text":"A8 (D5) (2018+)"},{"mark":"audi","value":"q2___","text":"Q2 (2016+)"},{"mark":"audi","value":"q3___8u","text":"Q3 (8U) (2011+)"},{"mark":"audi","value":"q3__f3_8u","text":"Q3 (F3) (2018+)"},{"mark":"audi","value":"q3_rs___8u","text":"Q3 RS (8U) (2013+)"},{"mark":"audi","value":"q3_rs performance___8u","text":"Q3 RS Performance (8U) (2016+)"},{"mark":"audi","value":"q5___8rb","text":"Q5 (8RB) (2008+)"},{"mark":"audi","value":"q5__fy_80a","text":"Q5 (FY) (2018+)"},{"mark":"audi","value":"q7___4l","text":"Q7 (4L) (2005+)"},{"mark":"audi","value":"q7___4lb","text":"Q7 (4LB) (2013+)"},{"mark":"audi","value":"q7___4m","text":"Q7 (4M) (2011+)"},{"mark":"audi","value":"q8___","text":"Q8 (2018+)"},{"mark":"audi","value":"r8___42","text":"R8 (42) (2007+)"},{"mark":"audi","value":"r8___4s","text":"R8 (4S) (2015+)"},{"mark":"audi","value":"rs3_sportback___8pa","text":"RS3 Sportback (8PA) (2011+)"},{"mark":"audi","value":"rs3_sportback___8va","text":"RS3 Sportback (8VA) (2015+)"},{"mark":"audi","value":"rs3_sportback__8v_","text":"RS3 Sportback (8V) (2017+)"},{"mark":"audi","value":"rs4__b9_8w","text":"RS4 (B9) (2018+)"},{"mark":"audi","value":"rs4_avant__b5_8d5","text":"RS4 Avant (B5) (2000+)"},{"mark":"audi","value":"rs4_avant__b7_8ed","text":"RS4 Avant (B7) (2006+)"},{"mark":"audi","value":"rs4_avant__b8_8k5","text":"RS4 Avant (B8) (2012+)"},{"mark":"audi","value":"rs4_cabriolet__b7_8he","text":"RS4 Cabriolet (B7) (2006+)"},{"mark":"audi","value":"rs4_sedan__b7_8ec","text":"RS4 Sedan (B7) (2006+)"},{"mark":"audi","value":"rs5__f5_8w6","text":"RS5 (F5) (2018+)"},{"mark":"audi","value":"rs5_cabriolet___8f7","text":"RS5 Cabriolet (8F7) (2012+)"},{"mark":"audi","value":"rs5_coupe___8t3","text":"RS5 Coupe (8T3) (2010+)"},{"mark":"audi","value":"rs6_avant__c5_4b4","text":"RS6 Avant (C5) (2002+)"},{"mark":"audi","value":"rs6_avant__c5_4b6","text":"RS6 Avant (C5) (2002+)"},{"mark":"audi","value":"rs6_avant__c6_4f5","text":"RS6 Avant (C6) (2008+)"},{"mark":"audi","value":"rs6_avant__c7_4g","text":"RS6 Avant (C7) (2013+)"},{"mark":"audi","value":"rs6_avant__c8_5g","text":"RS6 Avant (C8) (2019+)"},{"mark":"audi","value":"rs6_avant performance__c7_4g","text":"RS6 Avant Performance (C7) (2015+)"},{"mark":"audi","value":"rs6_sedan__c6_4f2","text":"RS6 Sedan (C6) (2008+)"},{"mark":"audi","value":"rs7_sportback__c7_4g","text":"RS7 Sportback (C7) (2013+)"},{"mark":"audi","value":"rs7_sportback performance__c7_4g","text":"RS7 Sportback Performance (C7) (2015+)"},{"mark":"audi","value":"s1___8x","text":"S1 (8X) (2014+)"},{"mark":"audi","value":"s1_sportback___8x","text":"S1 Sportback (8X) (2014+)"},{"mark":"audi","value":"s3___8l","text":"S3 (8L) (1998+)"},{"mark":"audi","value":"s3___8p","text":"S3 (8P) (2006+)"},{"mark":"audi","value":"s3___8v","text":"S3 (8V) (2013+)"},{"mark":"audi","value":"s4__b5_8d","text":"S4 (B5) (1997+)"},{"mark":"audi","value":"s4__b6_8e","text":"S4 (B6) (2002+)"},{"mark":"audi","value":"s4__b7_8e","text":"S4 (B7) (2004+)"},{"mark":"audi","value":"s4__b8_8k2","text":"S4 (B8) (2008+)"},{"mark":"audi","value":"s4__b9_8w","text":"S4 (B9) (2018+)"},{"mark":"audi","value":"s4_avant__b5_8d5","text":"S4 Avant (B5) (1997+)"},{"mark":"audi","value":"s4_avant__b6_8e5","text":"S4 Avant (B6) (2002+)"},{"mark":"audi","value":"s4_avant__b7_8e","text":"S4 Avant (B7) (2004+)"},{"mark":"audi","value":"s4_avant__b8_8k5","text":"S4 Avant (B8) (2008+)"},{"mark":"audi","value":"s4_cabriolet__b6_8h5","text":"S4 Cabriolet (B6) (2004+)"},{"mark":"audi","value":"s4_cabriolet__b7_8h","text":"S4 Cabriolet (B7) (2004+)"},{"mark":"audi","value":"s5___8f7","text":"S5 (8F7) (2009+)"},{"mark":"audi","value":"s5___8t3","text":"S5 (8T3) (2007+)"},{"mark":"audi","value":"s5___8ta","text":"S5 (8TA) (2010+)"},{"mark":"audi","value":"s5__f5_8w6","text":"S5 (F5) (2018+)"},{"mark":"audi","value":"s6__c5_4b","text":"S6 (C5) (1999+)"},{"mark":"audi","value":"s6__c6_4f","text":"S6 (C6) (2006+)"},{"mark":"audi","value":"s6__c7_4g","text":"S6 (C7) (2012+)"},{"mark":"audi","value":"s7__c7_4g","text":"S7 (C7) (2012+)"},{"mark":"audi","value":"s8__d2_4d","text":"S8 (D2) (1999+)"},{"mark":"audi","value":"s8__d3_4e","text":"S8 (D3) (2006+)"},{"mark":"audi","value":"s8__d4_4h","text":"S8 (D4) (2012+)"},{"mark":"audi","value":"sq5___8rb","text":"SQ5 (8RB) (2012+)"},{"mark":"audi","value":"sq5__fy_","text":"SQ5 (FY) (2018+)"},{"mark":"audi","value":"sq7___","text":"SQ7 (2016+)"},{"mark":"audi","value":"sq8___","text":"SQ8 (2018+)"},{"mark":"audi","value":"tt_coupe___8j3","text":"TT Coupe (8J3) (2006+)"},{"mark":"audi","value":"tt_coupe___8n3","text":"TT Coupe (8N3) (1998+)"},{"mark":"audi","value":"tt_coupe___8s","text":"TT Coupe (8S) (2014+)"},{"mark":"audi","value":"tt_roadster___8j9","text":"TT Roadster (8J9) (2006+)"},{"mark":"audi","value":"tt_roadster___8n9","text":"TT Roadster (8N9) (1999+)"},{"mark":"audi","value":"tt_roadster___8s","text":"TT Roadster (8S) (2015+)"},{"mark":"audi","value":"tt_rs coupe___8j3","text":"TT RS Coupe (8J3) (2009+)"},{"mark":"audi","value":"tt_rs coupe__fv_8s","text":"TT RS Coupe (FV) (2016+)"},{"mark":"audi","value":"tt_rs coupe plus___8j3","text":"TT RS Coupe Plus (8J3) (2012+)"},{"mark":"audi","value":"tt_rs roadster___8j9","text":"TT RS Roadster (8J9) (2009+)"},{"mark":"audi","value":"tt_rs roadster__fv_8s","text":"TT RS Roadster (FV) (2016+)"},{"mark":"audi","value":"tts_coupe___8j3","text":"TTS Coupe (8J3) (2008+)"},{"mark":"audi","value":"tts_coupe___8s","text":"TTS Coupe (8S) (2014+)"},{"mark":"audi","value":"tts_roadster___8j9","text":"TTS Roadster (8J9) (2008+)"},{"mark":"audi","value":"tts_roadster___8s","text":"TTS Roadster (8S) (2015+)"}]