[{"mark":"bentley","value":"arnage_(_1st)__","text":"Arnage (2002+)"},{"mark":"bentley","value":"arnage_(_2nd)__","text":"Arnage (2004+)"},{"mark":"bentley","value":"arnage_drophead coupe___","text":"Arnage Drophead Coupe (2005+)"},{"mark":"bentley","value":"azure_(_2nd)__","text":"Azure (2006+)"},{"mark":"bentley","value":"bentayga___","text":"Bentayga (2018+)"},{"mark":"bentley","value":"brooklands___","text":"Brooklands (2008+)"},{"mark":"bentley","value":"continental_(_1st)__","text":"Continental (2003+)"},{"mark":"bentley","value":"continental_(_2nd)__","text":"Continental (2012+)"},{"mark":"bentley","value":"continental_flying spur_( 1st)__","text":"Continental Flying Spur (2005+)"},{"mark":"bentley","value":"continental_flying spur_( 2nd)__","text":"Continental Flying Spur (2014+)"},{"mark":"bentley","value":"continental_gt_( 2nd)__","text":"Continental Gt (2011+)"},{"mark":"bentley","value":"continental_gt_( 3rd)__","text":"Continental Gt (2018+)"},{"mark":"bentley","value":"mulsanne___","text":"Mulsanne (2010+)"}]