[{"mark":"bmw","value":"1-series__e81_","text":"1-Series (E81) (2007+)"},{"mark":"bmw","value":"1-series__e82_","text":"1-Series (E82) (2007+)"},{"mark":"bmw","value":"1-series__e87_","text":"1-Series (E87) (2004+)"},{"mark":"bmw","value":"1-series__e87n_","text":"1-Series (E87N) (2007+)"},{"mark":"bmw","value":"1-series__e88_","text":"1-Series (E88) (2008+)"},{"mark":"bmw","value":"1-series__f20_","text":"1-Series (F20) (2011+)"},{"mark":"bmw","value":"1-series__f21_","text":"1-Series (F21) (2012+)"},{"mark":"bmw","value":"1-series__f52_","text":"1-Series (F52) (2015+)"},{"mark":"bmw","value":"2-series__f22_","text":"2-Series (F22) (2014+)"},{"mark":"bmw","value":"2-series__f23_","text":"2-Series (F23) (2015+)"},{"mark":"bmw","value":"2-series__f45_","text":"2-Series (F45) (2014+)"},{"mark":"bmw","value":"2-series__f46_","text":"2-Series (F46) (2015+)"},{"mark":"bmw","value":"2-series_grand coup?__f44_","text":"2-Series Grand Coup? (F44) (2020+)"},{"mark":"bmw","value":"3-series__e36_","text":"3-Series (E36) (1994+)"},{"mark":"bmw","value":"3-series__e46_","text":"3-Series (E46) (1998+)"},{"mark":"bmw","value":"3-series__e90_","text":"3-Series (E90) (2001+)"},{"mark":"bmw","value":"3-series__e91_","text":"3-Series (E91) (2005+)"},{"mark":"bmw","value":"3-series__e92_","text":"3-Series (E92) (2005+)"},{"mark":"bmw","value":"3-series__e93_","text":"3-Series (E93) (2007+)"},{"mark":"bmw","value":"3-series__f30_","text":"3-Series (F30) (2012+)"},{"mark":"bmw","value":"3-series__f31_","text":"3-Series (F31) (2012+)"},{"mark":"bmw","value":"3-series__f35_","text":"3-Series (F35) (2012+)"},{"mark":"bmw","value":"3-series__g20_","text":"3-Series (G20) (2019+)"},{"mark":"bmw","value":"3-series_gt__f34_","text":"3-Series GT (F34) (2013+)"},{"mark":"bmw","value":"4-series__f32_","text":"4-Series (F32) (2013+)"},{"mark":"bmw","value":"4-series__f33_","text":"4-Series (F33) (2013+)"},{"mark":"bmw","value":"4-series_cabrio__f33_","text":"4-Series Cabrio (F33) (2016+)"},{"mark":"bmw","value":"4-series_gran coupe__f36_","text":"4-Series Gran Coupe (F36) (2014+)"},{"mark":"bmw","value":"5-series__e39_","text":"5-Series (E39) (1995+)"},{"mark":"bmw","value":"5-series__e60_","text":"5-Series (E60) (2003+)"},{"mark":"bmw","value":"5-series__e61_","text":"5-Series (E61) (2004+)"},{"mark":"bmw","value":"5-series__f10_","text":"5-Series (F10) (2010+)"},{"mark":"bmw","value":"5-series__f11_","text":"5-Series (F11) (2010+)"},{"mark":"bmw","value":"5-series__g30_","text":"5-Series (G30) (2015+)"},{"mark":"bmw","value":"5-series__g31_","text":"5-Series (G31) (2015+)"},{"mark":"bmw","value":"5-series__g38_","text":"5-Series (G38) (2017+)"},{"mark":"bmw","value":"5-series_gt__f07_","text":"5-Series GT (F07) (2009+)"},{"mark":"bmw","value":"6-series__e63_","text":"6-Series (E63) (2003+)"},{"mark":"bmw","value":"6-series__e64_","text":"6-Series (E64) (2004+)"},{"mark":"bmw","value":"6-series__f06_","text":"6-Series (F06) (2011+)"},{"mark":"bmw","value":"6-series__f12_","text":"6-Series (F12) (2011+)"},{"mark":"bmw","value":"6-series__f13_","text":"6-Series (F13) (2011+)"},{"mark":"bmw","value":"6-series_gran coupe__f14_","text":"6-Series Gran Coupe (F14) (2012+)"},{"mark":"bmw","value":"6-series_gran turismo__g32_","text":"6-Series Gran Turismo (G32) (2016+)"},{"mark":"bmw","value":"6-series_gt__g32_","text":"6-Series GT (G32) (2017+)"},{"mark":"bmw","value":"7-series__e38_","text":"7-Series (E38) (1994+)"},{"mark":"bmw","value":"7-series__e65_","text":"7-Series (E65) (2001+)"},{"mark":"bmw","value":"7-series__e66_","text":"7-Series (E66) (2001+)"},{"mark":"bmw","value":"7-series__f01_","text":"7-Series (F01) (2008+)"},{"mark":"bmw","value":"7-series__f02_","text":"7-Series (F02) (2008+)"},{"mark":"bmw","value":"7-series__g11_","text":"7-Series (G11) (2016+)"},{"mark":"bmw","value":"7-series__g12_","text":"7-Series (G12) (2016+)"},{"mark":"bmw","value":"8-series__g14_","text":"8-Series (G14) (2018+)"},{"mark":"bmw","value":"8-series__g15_","text":"8-Series (G15) (2018+)"},{"mark":"bmw","value":"8-series__g16_","text":"8-Series (G16) (2018+)"},{"mark":"bmw","value":"i8___","text":"I8 (2014+)"},{"mark":"bmw","value":"m1-series__e82_","text":"M1-Series (E82) (2011+)"},{"mark":"bmw","value":"m1-series__f20_","text":"M1-Series (F20) (2012+)"},{"mark":"bmw","value":"m1-series__f21_","text":"M1-Series (F21) (2012+)"},{"mark":"bmw","value":"m2-series__f87_","text":"M2-Series (F87) (2015+)"},{"mark":"bmw","value":"m2-series__f87_lci_","text":"M2-Series (F87 LCI) (2016+)"},{"mark":"bmw","value":"m3-series__e36_","text":"M3-Series (E36) (1995+)"},{"mark":"bmw","value":"m3-series__e46_","text":"M3-Series (E46) (2000+)"},{"mark":"bmw","value":"m3-series__e90_","text":"M3-Series (E90) (2007+)"},{"mark":"bmw","value":"m3-series__e92_","text":"M3-Series (E92) (2007+)"},{"mark":"bmw","value":"m3-series__e93_","text":"M3-Series (E93) (2008+)"},{"mark":"bmw","value":"m3-series__f80_","text":"M3-Series (F80) (2014+)"},{"mark":"bmw","value":"m4-series__f82_","text":"M4-Series (F82) (2014+)"},{"mark":"bmw","value":"m4-series__f83_","text":"M4-Series (F83) (2014+)"},{"mark":"bmw","value":"m5-series__e39_","text":"M5-Series (E39) (1998+)"},{"mark":"bmw","value":"m5-series__e60_","text":"M5-Series (E60) (2004+)"},{"mark":"bmw","value":"m5-series__e61_","text":"M5-Series (E61) (2007+)"},{"mark":"bmw","value":"m5-series__f10_","text":"M5-Series (F10) (2011+)"},{"mark":"bmw","value":"m5-series__f90_","text":"M5-Series (F90) (2017+)"},{"mark":"bmw","value":"m6-series__e63_","text":"M6-Series (E63) (2004+)"},{"mark":"bmw","value":"m6-series__e64_","text":"M6-Series (E64) (2006+)"},{"mark":"bmw","value":"m6-series__f12_","text":"M6-Series (F12) (2012+)"},{"mark":"bmw","value":"m6-series__f13_","text":"M6-Series (F13) (2013+)"},{"mark":"bmw","value":"m6-series_gran coupe__f14_","text":"M6-Series Gran Coupe (F14) (2013+)"},{"mark":"bmw","value":"x1__e84_","text":"X1 (E84) (2009+)"},{"mark":"bmw","value":"x1__f48_","text":"X1 (F48) (2015+)"},{"mark":"bmw","value":"x1__f49_","text":"X1 (F49) (2018+)"},{"mark":"bmw","value":"x2__f39_","text":"X2 (F39) (2016+)"},{"mark":"bmw","value":"x3__e83_","text":"X3 (E83) (2003+)"},{"mark":"bmw","value":"x3__f25_","text":"X3 (F25) (2010+)"},{"mark":"bmw","value":"x3__g01_","text":"X3 (G01) (2016+)"},{"mark":"bmw","value":"x3__g08_","text":"X3 (G08) (2017+)"},{"mark":"bmw","value":"x3_m__f97_","text":"X3 M (F97) (2019+)"},{"mark":"bmw","value":"x4__f26_","text":"X4 (F26) (2014+)"},{"mark":"bmw","value":"x4__g02_","text":"X4 (G02) (2018+)"},{"mark":"bmw","value":"x4_m__f98_","text":"X4 M (F98) (2019+)"},{"mark":"bmw","value":"x5__e53_","text":"X5 (E53) (2000+)"},{"mark":"bmw","value":"x5__e70_","text":"X5 (E70) (2006+)"},{"mark":"bmw","value":"x5__f15_","text":"X5 (F15) (2013+)"},{"mark":"bmw","value":"x5__g05_","text":"X5 (G05) (2018+)"},{"mark":"bmw","value":"x5_m__e70_","text":"X5 M (E70) (2009+)"},{"mark":"bmw","value":"x5_m__f15_","text":"X5 M (F15) (2015+)"},{"mark":"bmw","value":"x6__e71_","text":"X6 (E71) (2009+)"},{"mark":"bmw","value":"x6__f16_","text":"X6 (F16) (2014+)"},{"mark":"bmw","value":"x6__g06_","text":"X6 (G06) (2019+)"},{"mark":"bmw","value":"x6_m__e71_","text":"X6 M (E71) (2009+)"},{"mark":"bmw","value":"x6_m__f16_","text":"X6 M (F16) (2015+)"},{"mark":"bmw","value":"x7__g07_","text":"X7 (G07) (2018+)"},{"mark":"bmw","value":"z3__e36_","text":"Z3 (E36) (1995+)"},{"mark":"bmw","value":"z3_m__e36_","text":"Z3 M (E36) (1997+)"},{"mark":"bmw","value":"z4__e85_","text":"Z4 (E85) (2002+)"},{"mark":"bmw","value":"z4__e86_","text":"Z4 (E86) (2006+)"},{"mark":"bmw","value":"z4__e89_","text":"Z4 (E89) (2009+)"},{"mark":"bmw","value":"z4__g29_","text":"Z4 (G29) (2019+)"},{"mark":"bmw","value":"z4_m__e85_","text":"Z4 M (E85) (2005+)"},{"mark":"bmw","value":"z4_m__e86_","text":"Z4 M (E86) (2005+)"}]