[{"mark":"cadillac","value":"ats___","text":"ATS (2016+)"},{"mark":"cadillac","value":"bls___","text":"BLS (2006+)"},{"mark":"cadillac","value":"ct6___","text":"CT6 (2016+)"},{"mark":"cadillac","value":"cts___","text":"CTS (2005+)"},{"mark":"cadillac","value":"cts-v___","text":"CTS-V (2007+)"},{"mark":"cadillac","value":"dts___","text":"DTS (2007+)"},{"mark":"cadillac","value":"escalade_(_4th)__","text":"Escalade (2015+)"},{"mark":"cadillac","value":"escalade___","text":"Escalade (2007+)"},{"mark":"cadillac","value":"escalade_esv___","text":"Escalade ESV (2015+)"},{"mark":"cadillac","value":"srx___","text":"SRX (2007+)"},{"mark":"cadillac","value":"sts___","text":"Sts (2007+)"},{"mark":"cadillac","value":"xlr___","text":"XLR (2007+)"},{"mark":"cadillac","value":"xt5___","text":"Xt5 (2017+)"},{"mark":"cadillac","value":"xt6___","text":"XT6 (2019+)"},{"mark":"cadillac","value":"xts___","text":"XTS (2016+)"}]