[{"mark":"chevrolet","value":"agile___","text":"Agile (2008+)"},{"mark":"chevrolet","value":"astra___","text":"Astra (1998+)"},{"mark":"chevrolet","value":"aveo__t250_","text":"Aveo (T250) (2008+)"},{"mark":"chevrolet","value":"aveo__t300_","text":"Aveo (T300) (2011+)"},{"mark":"chevrolet","value":"beat___","text":"Beat (2016+)"},{"mark":"chevrolet","value":"beat__m300_","text":"Beat (M300) (2010+)"},{"mark":"chevrolet","value":"blazer___","text":"Blazer (2019+)"},{"mark":"chevrolet","value":"camaro___","text":"Camaro (2010+)"},{"mark":"chevrolet","value":"camaro_ss___","text":"Camaro SS (2010+)"},{"mark":"chevrolet","value":"camaro_zl1___","text":"Camaro ZL1 (2012+)"},{"mark":"chevrolet","value":"captiva_(_1st)__","text":"Captiva (2006+)"},{"mark":"chevrolet","value":"captiva_(_2nd)__","text":"Captiva (2011+)"},{"mark":"chevrolet","value":"captiva_(_3rd)__","text":"Captiva (2013+)"},{"mark":"chevrolet","value":"celta___","text":"Celta (2000+)"},{"mark":"chevrolet","value":"classic___","text":"Classic (1998+)"},{"mark":"chevrolet","value":"cobalt___","text":"Cobalt (2013+)"},{"mark":"chevrolet","value":"colorado_(_3rd)__","text":"Colorado (2016+)"},{"mark":"chevrolet","value":"colorado___","text":"Colorado (2016+)"},{"mark":"chevrolet","value":"corsa___","text":"Corsa (1998+)"},{"mark":"chevrolet","value":"corvette___","text":"Corvette (2006+)"},{"mark":"chevrolet","value":"cruze_(_1st)__","text":"Cruze (2009+)"},{"mark":"chevrolet","value":"cruze_(_2nd)__","text":"Cruze (2012+)"},{"mark":"chevrolet","value":"epica__v250_","text":"Epica (V250) (2006+)"},{"mark":"chevrolet","value":"equinox_(_3rd)__","text":"Equinox (2017+)"},{"mark":"chevrolet","value":"equinox_(_2nd)__","text":"Equinox (2010+)"},{"mark":"chevrolet","value":"estate__j200_","text":"Estate (J200) (2005+)"},{"mark":"chevrolet","value":"express___","text":"Express (2006+)"},{"mark":"chevrolet","value":"impala___","text":"Impala (2006+)"},{"mark":"chevrolet","value":"kalos___","text":"Kalos (2008+)"},{"mark":"chevrolet","value":"lacetti__j200_","text":"Lacetti (J200) (2005+)"},{"mark":"chevrolet","value":"malibu___","text":"Malibu (2004+)"},{"mark":"chevrolet","value":"meriva___","text":"Meriva (2002+)"},{"mark":"chevrolet","value":"montana___","text":"Montana (2004+)"},{"mark":"chevrolet","value":"monte_carlo___","text":"Monte Carlo (2006+)"},{"mark":"chevrolet","value":"montecarlo___","text":"Montecarlo (2007+)"},{"mark":"chevrolet","value":"nubira__j200_","text":"Nubira (J200) (2005+)"},{"mark":"chevrolet","value":"onix_(_1st)__","text":"Onix (2016+)"},{"mark":"chevrolet","value":"optra__j200_","text":"Optra (J200) (2005+)"},{"mark":"chevrolet","value":"orlando__j309_","text":"Orlando (J309) (2011+)"},{"mark":"chevrolet","value":"prisma___","text":"Prisma (2003+)"},{"mark":"chevrolet","value":"prisma_(_1st)__","text":"Prisma (2016+)"},{"mark":"chevrolet","value":"s10___","text":"S10 (2007+)"},{"mark":"chevrolet","value":"silverado___","text":"Silverado (2001+)"},{"mark":"chevrolet","value":"silverado_1500___","text":"Silverado 1500 (2015+)"},{"mark":"chevrolet","value":"sonic__t300_","text":"Sonic (T300) (2011+)"},{"mark":"chevrolet","value":"spark__m300_","text":"Spark (M300) (2010+)"},{"mark":"chevrolet","value":"spark_(_4th)_m400_","text":"Spark (M400) (2016+)"},{"mark":"chevrolet","value":"spark_gt__m300_","text":"Spark Gt (M300) (2010+)"},{"mark":"chevrolet","value":"spin___","text":"Spin (2014+)"},{"mark":"chevrolet","value":"ss___","text":"SS (2014+)"},{"mark":"chevrolet","value":"suburban___","text":"Suburban (2007+)"},{"mark":"chevrolet","value":"tacuma__u100_","text":"Tacuma (U100) (2004+)"},{"mark":"chevrolet","value":"tahoe___","text":"Tahoe (2007+)"},{"mark":"chevrolet","value":"tornado__a_","text":"Tornado (A) (2004+)"},{"mark":"chevrolet","value":"tosca__v250_","text":"Tosca (V250) (2006+)"},{"mark":"chevrolet","value":"tracker___","text":"Tracker (2004+)"},{"mark":"chevrolet","value":"trailblazer___","text":"Trailblazer (2007+)"},{"mark":"chevrolet","value":"trailblazer_ss___","text":"Trailblazer SS (2007+)"},{"mark":"chevrolet","value":"trax___","text":"Trax (2013+)"},{"mark":"chevrolet","value":"uplander___","text":"Uplander (2007+)"},{"mark":"chevrolet","value":"vectra___","text":"Vectra (1998+)"},{"mark":"chevrolet","value":"vectra_gt-x___","text":"Vectra Gt-X (2003+)"},{"mark":"chevrolet","value":"zafira___","text":"Zafira (2001+)"}]