[{"mark":"chrysler","value":"200___","text":"200 (2015+)"},{"mark":"chrysler","value":"200c___","text":"200C (2011+)"},{"mark":"chrysler","value":"300c___","text":"300C (2004+)"},{"mark":"chrysler","value":"crossfire___","text":"Crossfire (2003+)"},{"mark":"chrysler","value":"pacifica___","text":"Pacifica (2016+)"},{"mark":"chrysler","value":"pt_cruiser___","text":"Pt Cruiser (2000+)"},{"mark":"chrysler","value":"sebring___","text":"Sebring (2001+)"},{"mark":"chrysler","value":"town_& country___","text":"Town & Country (2012+)"},{"mark":"chrysler","value":"voyager_(_4th)__","text":"Voyager (2000+)"},{"mark":"chrysler","value":"voyager_(_5th)__","text":"Voyager (2008+)"}]