[{"mark":"citroen","value":"berlingo_(_1st)__","text":"Berlingo (2000+)"},{"mark":"citroen","value":"berlingo_(_2nd)__","text":"Berlingo (2008+)"},{"mark":"citroen","value":"berlingo_(_3rd)__","text":"Berlingo (2018+)"},{"mark":"citroen","value":"berlingo___","text":"Berlingo (2016+)"},{"mark":"citroen","value":"c-crosser___","text":"C-Crosser (2007+)"},{"mark":"citroen","value":"c-elysee_(_2nd)__","text":"C-Elysee (2016+)"},{"mark":"citroen","value":"c-elysee___","text":"C-Elysee (2016+)"},{"mark":"citroen","value":"c1_(_2nd)__","text":"C1 (2014+)"},{"mark":"citroen","value":"c1___","text":"C1 (2005+)"},{"mark":"citroen","value":"c2___","text":"C2 (2003+)"},{"mark":"citroen","value":"c3_(_2nd)__","text":"C3 (2009+)"},{"mark":"citroen","value":"c3_(_3rd)__","text":"C3 (2015+)"},{"mark":"citroen","value":"c3_(_1st)__","text":"C3 (2002+)"},{"mark":"citroen","value":"c3_aircross___","text":"C3 Aircross (2017+)"},{"mark":"citroen","value":"c3_picasso___","text":"C3 Picasso (2009+)"},{"mark":"citroen","value":"c3_pluriel_( 1st)__","text":"C3 Pluriel (2002+)"},{"mark":"citroen","value":"c3_pluriel___","text":"C3 Pluriel (2002+)"},{"mark":"citroen","value":"c3-xr___","text":"C3-XR (2019+)"},{"mark":"citroen","value":"c4___","text":"C4 (2014+)"},{"mark":"citroen","value":"c4__b5_","text":"C4 (B5) (2004+)"},{"mark":"citroen","value":"c4__b71_","text":"C4 (B71) (2009+)"},{"mark":"citroen","value":"c4_aircross___","text":"C4 Aircross (2012+)"},{"mark":"citroen","value":"c4_cactus_( 2nd)__","text":"C4 Cactus (2018+)"},{"mark":"citroen","value":"c4_cactus___","text":"C4 Cactus (2014+)"},{"mark":"citroen","value":"c4_coupe___","text":"C4 Coupe (2004+)"},{"mark":"citroen","value":"c4_grand picasso___","text":"C4 Grand Picasso (2010+)"},{"mark":"citroen","value":"c4_grand picasso__b58_","text":"C4 Grand Picasso (B58) (2006+)"},{"mark":"citroen","value":"c4_grand picasso__b78_","text":"C4 Grand Picasso (B78) (2013+)"},{"mark":"citroen","value":"c4_picasso___","text":"C4 Picasso (2015+)"},{"mark":"citroen","value":"c4_picasso__b58_","text":"C4 Picasso (B58) (2007+)"},{"mark":"citroen","value":"c4_picasso__b78_","text":"C4 Picasso (B78) (2013+)"},{"mark":"citroen","value":"c4_spacetourer___","text":"C4 SpaceTourer (2015+)"},{"mark":"citroen","value":"c5__x3_","text":"C5 (X3) (2001+)"},{"mark":"citroen","value":"c5__x7_","text":"C5 (X7) (2004+)"},{"mark":"citroen","value":"c5_aircross___","text":"C5 Aircross (2018+)"},{"mark":"citroen","value":"c5_tourer__x7_","text":"C5 Tourer (X7) (2015+)"},{"mark":"citroen","value":"c6___","text":"C6 (2005+)"},{"mark":"citroen","value":"c8___","text":"C8 (2002+)"},{"mark":"citroen","value":"ds3__a55_","text":"DS3 (A55) (2010+)"},{"mark":"citroen","value":"ds3__a56_","text":"DS3 (A56) (2013+)"},{"mark":"citroen","value":"ds3_crossback___","text":"DS3 Crossback (2018+)"},{"mark":"citroen","value":"ds4___","text":"DS4 (2014+)"},{"mark":"citroen","value":"ds4__b75_","text":"DS4 (B75) (2011+)"},{"mark":"citroen","value":"ds5__b81_","text":"DS5 (B81) (2011+)"},{"mark":"citroen","value":"ds7_crossback___","text":"DS7 Crossback (2018+)"},{"mark":"citroen","value":"evasion___","text":"Evasion (1998+)"},{"mark":"citroen","value":"grand_c4 spacetourer___","text":"Grand C4 Spacetourer (2018+)"},{"mark":"citroen","value":"jumper__u5_","text":"Jumper (U5) (2002+)"},{"mark":"citroen","value":"jumper__u9_","text":"Jumper (U9) (2008+)"},{"mark":"citroen","value":"jumper_(_2nd)_u9_","text":"Jumper (U9) (2011+)"},{"mark":"citroen","value":"jumpy_(_1st)__","text":"Jumpy (1999+)"},{"mark":"citroen","value":"jumpy_(_2nd)__","text":"Jumpy (2007+)"},{"mark":"citroen","value":"jumpy_atlante___","text":"Jumpy Atlante (2018+)"},{"mark":"citroen","value":"nemo___","text":"Nemo (2008+)"},{"mark":"citroen","value":"relay___","text":"Relay (2011+)"},{"mark":"citroen","value":"saxo___","text":"Saxo (2000+)"},{"mark":"citroen","value":"spacetourer___","text":"Spacetourer (2018+)"},{"mark":"citroen","value":"xantia___","text":"Xantia (1999+)"},{"mark":"citroen","value":"xsara___","text":"XSara (1999+)"},{"mark":"citroen","value":"xsara_picasso___","text":"XSara Picasso (2004+)"}]