[{"mark":"dacia","value":"dokker___","text":"Dokker (2018+)"},{"mark":"dacia","value":"dokker_mpv___","text":"Dokker MPV (2013+)"},{"mark":"dacia","value":"dokker_stepway___","text":"Dokker Stepway (2015+)"},{"mark":"dacia","value":"duster___","text":"Duster (2010+)"},{"mark":"dacia","value":"lodgy___","text":"Lodgy (2018+)"},{"mark":"dacia","value":"lodgy_mpv___","text":"Lodgy MPV (2012+)"},{"mark":"dacia","value":"lodgy_stepway___","text":"Lodgy Stepway (2015+)"},{"mark":"dacia","value":"logan___","text":"Logan (2004+)"},{"mark":"dacia","value":"logan_mcv___","text":"Logan Mcv (2006+)"},{"mark":"dacia","value":"sandero___","text":"Sandero (2008+)"},{"mark":"dacia","value":"sandero_stepway___","text":"Sandero Stepway (2009+)"},{"mark":"dacia","value":"solenza___","text":"Solenza (2003+)"}]