[{"mark":"daewoo","value":"epica__v250_","text":"Epica (V250) (2006+)"},{"mark":"daewoo","value":"gentra__t200_","text":"Gentra (T200) (2008+)"},{"mark":"daewoo","value":"gentra__t300_","text":"Gentra (T300) (2014+)"},{"mark":"daewoo","value":"lacetti__j200_","text":"Lacetti (J200) (2005+)"},{"mark":"daewoo","value":"matiz_creative__m300_","text":"Matiz Creative (M300) (2010+)"},{"mark":"daewoo","value":"nubira__j200_","text":"Nubira (J200) (2005+)"},{"mark":"daewoo","value":"tosca__v250_","text":"Tosca (V250) (2006+)"},{"mark":"daewoo","value":"winstorm___","text":"Winstorm (2006+)"}]