[{"mark":"dodge","value":"avenger___","text":"Avenger (2006+)"},{"mark":"dodge","value":"caliber___","text":"Caliber (2006+)"},{"mark":"dodge","value":"caravan___","text":"Caravan (2012+)"},{"mark":"dodge","value":"challenger_(_3rd)__","text":"Challenger (2008+)"},{"mark":"dodge","value":"charger___","text":"Charger (2011+)"},{"mark":"dodge","value":"dart___","text":"Dart (2012+)"},{"mark":"dodge","value":"dart__pf_","text":"Dart (PF) (2012+)"},{"mark":"dodge","value":"grand_caravan___","text":"Grand Caravan (2015+)"},{"mark":"dodge","value":"journey___","text":"Journey (2006+)"},{"mark":"dodge","value":"magnum___","text":"Magnum (2011+)"},{"mark":"dodge","value":"neon___","text":"Neon (2003+)"},{"mark":"dodge","value":"nitro___","text":"Nitro (2006+)"},{"mark":"dodge","value":"ram_1500_( 3rd)__","text":"RAM 1500 (2003+)"},{"mark":"dodge","value":"ram_1500_( 4th)__","text":"RAM 1500 (2009+)"},{"mark":"dodge","value":"ram_2500_( 3rd)__","text":"RAM 2500 (2002+)"},{"mark":"dodge","value":"ram_2500_( 4th)__","text":"RAM 2500 (2013+)"},{"mark":"dodge","value":"ram_3500_( 3rd)__","text":"RAM 3500 (2002+)"},{"mark":"dodge","value":"ram_3500_( 4th)__","text":"RAM 3500 (2013+)"},{"mark":"dodge","value":"ram_4000_( 4th)__","text":"RAM 4000 (2015+)"},{"mark":"dodge","value":"ram_chassis cab_( 3rd)__","text":"RAM Chassis Cab (2007+)"},{"mark":"dodge","value":"ram_chassis cab_( 4th)__","text":"RAM Chassis Cab (2013+)"},{"mark":"dodge","value":"ram_h100___","text":"Ram H100 (2016+)"},{"mark":"dodge","value":"ram_promaster city___","text":"Ram Promaster City (2015+)"},{"mark":"dodge","value":"stratus___","text":"Stratus (2001+)"},{"mark":"dodge","value":"viper_(_3rd)__","text":"Viper (2013+)"},{"mark":"dodge","value":"viper_(_2nd)_zb_","text":"Viper (ZB) (2008+)"}]