[{"mark":"ferrari","value":"360_modena___","text":"360 Modena (1999+)"},{"mark":"ferrari","value":"458_italia___","text":"458 Italia (2010+)"},{"mark":"ferrari","value":"488_gtb___","text":"488 GTB (2015+)"},{"mark":"ferrari","value":"488_spider___","text":"488 Spider (2015+)"},{"mark":"ferrari","value":"575_maranello___","text":"575 Maranello (2001+)"},{"mark":"ferrari","value":"599_fiorano___","text":"599 Fiorano (2006+)"},{"mark":"ferrari","value":"599_gto___","text":"599 GTO (2010+)"},{"mark":"ferrari","value":"612_scaglietti___","text":"612 Scaglietti (2004+)"},{"mark":"ferrari","value":"812_superfast___","text":"812 Superfast (2017+)"},{"mark":"ferrari","value":"california___","text":"California (2009+)"},{"mark":"ferrari","value":"california_t___","text":"California T (2015+)"},{"mark":"ferrari","value":"enzo___","text":"Enzo (2004+)"},{"mark":"ferrari","value":"f12_berlinetta___","text":"F12 Berlinetta (2012+)"},{"mark":"ferrari","value":"f430___","text":"F430 (2004+)"},{"mark":"ferrari","value":"ff___","text":"FF (2011+)"},{"mark":"ferrari","value":"p4/5_by pininfarina___","text":"P4/5 By Pininfarina (2006+)"},{"mark":"ferrari","value":"sa_aperta___","text":"SA Aperta (2011+)"}]