[{"mark":"fiat","value":"124_spider___","text":"124 Spider (2016+)"},{"mark":"fiat","value":"500___","text":"500 (2007+)"},{"mark":"fiat","value":"500c___","text":"500C (2009+)"},{"mark":"fiat","value":"500l___","text":"500L (2012+)"},{"mark":"fiat","value":"500x___","text":"500X (2014+)"},{"mark":"fiat","value":"aegea___","text":"Aegea (2015+)"},{"mark":"fiat","value":"albea___","text":"Albea (2002+)"},{"mark":"fiat","value":"argo__(x6h)_(358)","text":"Argo ((X6H)) (2016+)"},{"mark":"fiat","value":"bravo_(_1st)__","text":"Bravo (1998+)"},{"mark":"fiat","value":"bravo_(_2nd)__","text":"Bravo (2007+)"},{"mark":"fiat","value":"coupe___","text":"Coupe (1999+)"},{"mark":"fiat","value":"croma_(_2nd)__","text":"Croma (2005+)"},{"mark":"fiat","value":"cronos__(x6s)_(358s)","text":"Cronos ((X6S)) (2018+)"},{"mark":"fiat","value":"doblo_(_1st)__","text":"Doblo (2001+)"},{"mark":"fiat","value":"doblo_(_2nd)__","text":"Doblo (2010+)"},{"mark":"fiat","value":"ducato___","text":"Ducato (2002+)"},{"mark":"fiat","value":"ducato_(_3rd)__","text":"Ducato (2011+)"},{"mark":"fiat","value":"fiorino_(_3rd)__","text":"Fiorino (2001+)"},{"mark":"fiat","value":"fiorino_(_4th)__","text":"Fiorino (2008+)"},{"mark":"fiat","value":"freemont___","text":"Freemont (2011+)"},{"mark":"fiat","value":"fullback___","text":"Fullback (2016+)"},{"mark":"fiat","value":"grande_punto__199_","text":"Grande Punto (199) (2005+)"},{"mark":"fiat","value":"idea___","text":"Idea (2004+)"},{"mark":"fiat","value":"linea___","text":"Linea (2007+)"},{"mark":"fiat","value":"marea___","text":"Marea (1998+)"},{"mark":"fiat","value":"mille___","text":"Mille (2005+)"},{"mark":"fiat","value":"mobi___","text":"Mobi (2016+)"},{"mark":"fiat","value":"multipla_(_1st)__","text":"Multipla (1999+)"},{"mark":"fiat","value":"multipla_(_2nd)__","text":"Multipla (2003+)"},{"mark":"fiat","value":"ottimo___","text":"Ottimo (2012+)"},{"mark":"fiat","value":"palio_(_4th)__","text":"Palio (2009+)"},{"mark":"fiat","value":"palio_(_2nd)__","text":"Palio (0+)"},{"mark":"fiat","value":"palio_(_3rd)__","text":"Palio (0+)"},{"mark":"fiat","value":"panda_(_2nd)__","text":"Panda (2003+)"},{"mark":"fiat","value":"panda_(_3rd)__","text":"Panda (2012+)"},{"mark":"fiat","value":"punto_(_2nd)_188_","text":"Punto (188) (1999+)"},{"mark":"fiat","value":"punto_(_3rd)_199_","text":"Punto (199) (2011+)"},{"mark":"fiat","value":"punto_evo__199_","text":"Punto Evo (199) (2009+)"},{"mark":"fiat","value":"qubo___","text":"Qubo (2008+)"},{"mark":"fiat","value":"scudo_(_2nd)__","text":"Scudo (2007+)"},{"mark":"fiat","value":"scudo_(_1st)__","text":"Scudo (2004+)"},{"mark":"fiat","value":"sedici___","text":"Sedici (2006+)"},{"mark":"fiat","value":"seicento___","text":"Seicento (1998+)"},{"mark":"fiat","value":"siena___","text":"Siena (1998+)"},{"mark":"fiat","value":"stilo___","text":"Stilo (2001+)"},{"mark":"fiat","value":"strada_(_3rd)__","text":"Strada (1999+)"},{"mark":"fiat","value":"strada_(_4th)__","text":"Strada (2009+)"},{"mark":"fiat","value":"talento___","text":"Talento (2015+)"},{"mark":"fiat","value":"tipo___","text":"Tipo (2014+)"},{"mark":"fiat","value":"toro___","text":"Toro (2015+)"},{"mark":"fiat","value":"ulysse_(_1st)__","text":"Ulysse (1999+)"},{"mark":"fiat","value":"ulysse_(_2nd)__","text":"Ulysse (2002+)"},{"mark":"fiat","value":"uno___","text":"Uno (2001+)"},{"mark":"fiat","value":"uno___(327)","text":"Uno ((327)) (2016+)"},{"mark":"fiat","value":"viaggio___","text":"Viaggio (2012+)"}]