[{"mark":"ford","value":"b-max__jk_","text":"B-Max (JK) (2012+)"},{"mark":"ford","value":"bantam___","text":"Bantam (2002+)"},{"mark":"ford","value":"c-max__dm2_","text":"C-Max (DM2) (2007+)"},{"mark":"ford","value":"c-max__dxa_","text":"C-Max (DXA) (2010+)"},{"mark":"ford","value":"contour___","text":"Contour (1996+)"},{"mark":"ford","value":"cougar__ec_","text":"Cougar (EC) (1998+)"},{"mark":"ford","value":"courier___","text":"Courier (1992+)"},{"mark":"ford","value":"crown_victoria___","text":"Crown Victoria (1998+)"},{"mark":"ford","value":"e-series___","text":"E-Series (1994+)"},{"mark":"ford","value":"ecosport___","text":"Ecosport (2003+)"},{"mark":"ford","value":"ecosport__bua_","text":"Ecosport (BUA) (2012+)"},{"mark":"ford","value":"ecosport__jk8_","text":"Ecosport (JK8) (2012+)"},{"mark":"ford","value":"edge___","text":"Edge (2007+)"},{"mark":"ford","value":"endeavour___","text":"Endeavour (2007+)"},{"mark":"ford","value":"escape_(_4th)__","text":"Escape (2020+)"},{"mark":"ford","value":"escape___","text":"Escape (2000+)"},{"mark":"ford","value":"escort___","text":"Escort (1995+)"},{"mark":"ford","value":"escort_rs 2000___","text":"Escort RS 2000 (1996+)"},{"mark":"ford","value":"everest___","text":"Everest (2007+)"},{"mark":"ford","value":"excursion___","text":"Excursion (2000+)"},{"mark":"ford","value":"expedition___","text":"Expedition (1999+)"},{"mark":"ford","value":"explorer___","text":"Explorer (1995+)"},{"mark":"ford","value":"f-150_(12th)__","text":"F-150 (2009+)"},{"mark":"ford","value":"f-150_(13th)__","text":"F-150 (2015+)"},{"mark":"ford","value":"f-150_(10th)__","text":"F-150 (1997+)"},{"mark":"ford","value":"f-150_(11th)__","text":"F-150 (2004+)"},{"mark":"ford","value":"f-150_(13th)_p552_","text":"F-150 (P552) (2017+)"},{"mark":"ford","value":"f-250_super duty_( 1st)__","text":"F-250 Super Duty (1998+)"},{"mark":"ford","value":"f-250_super duty_( 2nd)__","text":"F-250 Super Duty (2008+)"},{"mark":"ford","value":"f-250_super duty_( 3rd)__","text":"F-250 Super Duty (2011+)"},{"mark":"ford","value":"f-250_super duty_( 4th)__","text":"F-250 Super Duty (2017+)"},{"mark":"ford","value":"f-350_super duty_( 2nd)__","text":"F-350 Super Duty (2008+)"},{"mark":"ford","value":"f-350_super duty_( 3rd)__","text":"F-350 Super Duty (2011+)"},{"mark":"ford","value":"f-350_super duty_( 4th)__","text":"F-350 Super Duty (2017+)"},{"mark":"ford","value":"f-350_super duty_( 1st)__","text":"F-350 Super Duty (1998+)"},{"mark":"ford","value":"f-450_super duty_( 1st)__","text":"F-450 Super Duty (1998+)"},{"mark":"ford","value":"f-450_super duty_( 2nd)__","text":"F-450 Super Duty (2008+)"},{"mark":"ford","value":"f-450_super duty_( 3rd)__","text":"F-450 Super Duty (2011+)"},{"mark":"ford","value":"f-450_super duty_( 4th)__","text":"F-450 Super Duty (2017+)"},{"mark":"ford","value":"f-550_super duty_( 2nd)__","text":"F-550 Super Duty (2008+)"},{"mark":"ford","value":"f-550_super duty_( 3rd)__","text":"F-550 Super Duty (2011+)"},{"mark":"ford","value":"f-550_super duty_( 4th)__","text":"F-550 Super Duty (2017+)"},{"mark":"ford","value":"f-550_super duty_( 1st)__","text":"F-550 Super Duty (1998+)"},{"mark":"ford","value":"fiesta_(_7th)__","text":"Fiesta (2017+)"},{"mark":"ford","value":"fiesta_(_2nd)__","text":"Fiesta (1999+)"},{"mark":"ford","value":"fiesta_(_3rd)__","text":"Fiesta (2004+)"},{"mark":"ford","value":"fiesta_(_4th)__","text":"Fiesta (1995+)"},{"mark":"ford","value":"fiesta_(_5th)__","text":"Fiesta (2002+)"},{"mark":"ford","value":"fiesta_(_6th)__","text":"Fiesta (2008+)"},{"mark":"ford","value":"fiesta_st_( 7th)__","text":"Fiesta ST (2018+)"},{"mark":"ford","value":"fiesta_st___","text":"Fiesta ST (2004+)"},{"mark":"ford","value":"figo__b517_","text":"Figo (B517) (2010+)"},{"mark":"ford","value":"figo__b562_","text":"Figo (B562) (2015+)"},{"mark":"ford","value":"figo_aspire__b562_","text":"Figo Aspire (B562) (2015+)"},{"mark":"ford","value":"five_hundred___","text":"Five Hundred (2005+)"},{"mark":"ford","value":"focus_(_2nd)__","text":"Focus (2004+)"},{"mark":"ford","value":"focus_(_3rd)__","text":"Focus (2009+)"},{"mark":"ford","value":"focus_(_4th)__","text":"Focus (2018+)"},{"mark":"ford","value":"focus_(_1st)__","text":"Focus (1998+)"},{"mark":"ford","value":"focus_c-max__dm2_","text":"Focus C-Max (DM2) (2003+)"},{"mark":"ford","value":"focus_rs_( 1st)__","text":"Focus RS (2002+)"},{"mark":"ford","value":"focus_rs_( 2nd)__","text":"Focus RS (2008+)"},{"mark":"ford","value":"focus_rs_( 3rd)__","text":"Focus RS (2016+)"},{"mark":"ford","value":"focus_st_( 2nd)__","text":"Focus ST (2005+)"},{"mark":"ford","value":"focus_st_( 3rd)__","text":"Focus ST (2012+)"},{"mark":"ford","value":"focus_st_( 1st)__","text":"Focus ST (2002+)"},{"mark":"ford","value":"freestyle___","text":"Freestyle (2005+)"},{"mark":"ford","value":"fusion___","text":"Fusion (2002+)"},{"mark":"ford","value":"fusion_usa___","text":"Fusion USA (2005+)"},{"mark":"ford","value":"galaxy_(_1st)__","text":"Galaxy (1995+)"},{"mark":"ford","value":"galaxy_(_2nd)__","text":"Galaxy (2006+)"},{"mark":"ford","value":"galaxy_(_3rd)__","text":"Galaxy (2015+)"},{"mark":"ford","value":"ka___","text":"Ka (2007+)"},{"mark":"ford","value":"ka_(_1st)_rb_","text":"Ka (RB) (1996+)"},{"mark":"ford","value":"ka_(_2nd)_ru8_","text":"Ka (RU8) (2008+)"},{"mark":"ford","value":"ka_sport_( 1st)_rb_","text":"Ka Sport (RB) (2001+)"},{"mark":"ford","value":"ka_sport_( 2nd)_rb_","text":"Ka Sport (RB) (2009+)"},{"mark":"ford","value":"kuga_(_1st)__","text":"Kuga (2008+)"},{"mark":"ford","value":"kuga_(_2nd)__","text":"Kuga (2012+)"},{"mark":"ford","value":"kuga_(_3rd)__","text":"Kuga (2019+)"},{"mark":"ford","value":"maverick___","text":"Maverick (2001+)"},{"mark":"ford","value":"mondeo_(_2nd)__","text":"Mondeo (1996+)"},{"mark":"ford","value":"mondeo_(_3rd)__","text":"Mondeo (2000+)"},{"mark":"ford","value":"mondeo_(_4th)__","text":"Mondeo (2007+)"},{"mark":"ford","value":"mondeo_(_5th)__","text":"Mondeo (2014+)"},{"mark":"ford","value":"mondeo_st___","text":"Mondeo St (1999+)"},{"mark":"ford","value":"mustang__s197_","text":"Mustang (S197) (2004+)"},{"mark":"ford","value":"mustang__s550_","text":"Mustang (S550) (2015+)"},{"mark":"ford","value":"mustang_boss 302__s197_","text":"Mustang Boss 302 (S197) (2012+)"},{"mark":"ford","value":"mustang_convertible__s197_","text":"Mustang Convertible (S197) (2004+)"},{"mark":"ford","value":"mustang_convertible__s550_","text":"Mustang Convertible (S550) (2015+)"},{"mark":"ford","value":"mustang_gt__s550_","text":"Mustang GT (S550) (2015+)"},{"mark":"ford","value":"mustang_gt convertible__s550_","text":"Mustang GT Convertible (S550) (2015+)"},{"mark":"ford","value":"mustang_shelby gt__s197_","text":"Mustang Shelby GT (S197) (2007+)"},{"mark":"ford","value":"mustang_shelby gt convertible__s197_","text":"Mustang Shelby GT Convertible (S197) (2007+)"},{"mark":"ford","value":"mustang_shelby gt500 __s197_","text":"Mustang Shelby GT500  (S197) (2007+)"},{"mark":"ford","value":"mustang_shelby gt500 convertible__s197_","text":"Mustang Shelby GT500 Convertible (S197) (2007+)"},{"mark":"ford","value":"mustang_shelby gt500kr__s197_","text":"Mustang Shelby GT500kr (S197) (2007+)"},{"mark":"ford","value":"puma___","text":"Puma (1997+)"},{"mark":"ford","value":"puma_st___","text":"Puma St (1999+)"},{"mark":"ford","value":"ranger___","text":"Ranger (1997+)"},{"mark":"ford","value":"ranger_t6___","text":"Ranger T6 (2011+)"},{"mark":"ford","value":"s-max_(_1st)__","text":"S-Max (2006+)"},{"mark":"ford","value":"s-max_(_2nd)__","text":"S-Max (2015+)"},{"mark":"ford","value":"taurus_(_6th)__","text":"Taurus (2010+)"},{"mark":"ford","value":"taurus_sho___","text":"Taurus SHO (2010+)"},{"mark":"ford","value":"territory___","text":"Territory (2011+)"},{"mark":"ford","value":"thunderbird___","text":"Thunderbird (1995+)"},{"mark":"ford","value":"tourneo_connect___","text":"Tourneo Connect (2002+)"},{"mark":"ford","value":"tourneo_courier___","text":"Tourneo Courier (2014+)"},{"mark":"ford","value":"tourneo_custom___","text":"Tourneo Custom (2013+)"},{"mark":"ford","value":"transit___","text":"Transit (1994+)"},{"mark":"ford","value":"transit__ft_","text":"Transit (FT) (2014+)"},{"mark":"ford","value":"transit__fy_","text":"Transit (FY) (2000+)"},{"mark":"ford","value":"transit__tt9_","text":"Transit (TT9) (2006+)"},{"mark":"ford","value":"transit__ttf_","text":"Transit (TTF) (2012+)"},{"mark":"ford","value":"transit_connect___","text":"Transit Connect (2002+)"},{"mark":"ford","value":"transit_courier___","text":"Transit Courier (2014+)"},{"mark":"ford","value":"transit_custom___","text":"Transit Custom (2013+)"},{"mark":"ford","value":"windstar___","text":"Windstar (1999+)"}]