[{"mark":"honda","value":"accord___","text":"Accord (2013+)"},{"mark":"honda","value":"accord__cl_","text":"Accord (CL) (2006+)"},{"mark":"honda","value":"accord__cn_","text":"Accord (CN) (2004+)"},{"mark":"honda","value":"accord__cp_","text":"Accord (CP) (2007+)"},{"mark":"honda","value":"accord__cs_","text":"Accord (CS) (2007+)"},{"mark":"honda","value":"accord__cu_","text":"Accord (CU) (2008+)"},{"mark":"honda","value":"accord__cw_","text":"Accord (CW) (2008+)"},{"mark":"honda","value":"accord_tourer__cn_","text":"Accord Tourer (CN) (2004+)"},{"mark":"honda","value":"accord_tourer__cw_","text":"Accord Tourer (CW) (2008+)"},{"mark":"honda","value":"accord_type-s__cl_","text":"Accord Type-S (CL) (2002+)"},{"mark":"honda","value":"accord_type-s__cu_","text":"Accord Type-S (CU) (2009+)"},{"mark":"honda","value":"accord_type-s__cw_","text":"Accord Type-S (CW) (2009+)"},{"mark":"honda","value":"city__gd_","text":"City (GD) (2002+)"},{"mark":"honda","value":"city__gm_","text":"City (GM) (2009+)"},{"mark":"honda","value":"city__mn_","text":"City (MN) (2003+)"},{"mark":"honda","value":"civic__ep_","text":"Civic (EP) (2001+)"},{"mark":"honda","value":"civic__fa_","text":"Civic (FA) (2006+)"},{"mark":"honda","value":"civic__fb_","text":"Civic (FB) (2012+)"},{"mark":"honda","value":"civic__fd_","text":"Civic (FD) (2006+)"},{"mark":"honda","value":"civic__fd2_","text":"Civic (FD2) (2005+)"},{"mark":"honda","value":"civic__fg_","text":"Civic (FG) (2006+)"},{"mark":"honda","value":"civic__fk_","text":"Civic (FK) (2005+)"},{"mark":"honda","value":"civic__fn_","text":"Civic (FN) (2005+)"},{"mark":"honda","value":"civic_ima__fd_","text":"Civic IMA (FD) (2006+)"},{"mark":"honda","value":"civic_si__fa_","text":"Civic Si (FA) (2006+)"},{"mark":"honda","value":"civic_si__fg_","text":"Civic Si (FG) (2006+)"},{"mark":"honda","value":"civic_type-r__fd_","text":"Civic Type-R (FD) (2007+)"},{"mark":"honda","value":"civic_type-r__fk_","text":"Civic Type-R (FK) (2015+)"},{"mark":"honda","value":"civic_type-r__fn_","text":"Civic Type-R (FN) (2007+)"},{"mark":"honda","value":"cr-v__rd_","text":"CR-V (RD) (2002+)"},{"mark":"honda","value":"cr-v__re_","text":"CR-V (RE) (2006+)"},{"mark":"honda","value":"cr-v__rw_","text":"CR-V (RW) (2015+)"},{"mark":"honda","value":"cr-z__zf_","text":"CR-Z (ZF) (2013+)"},{"mark":"honda","value":"crider___","text":"Crider (2013+)"},{"mark":"honda","value":"element__yh_","text":"Element (YH) (2003+)"},{"mark":"honda","value":"fit__gd_","text":"Fit (GD) (2003+)"},{"mark":"honda","value":"fit__ge_","text":"Fit (GE) (2007+)"},{"mark":"honda","value":"fr-v__be_","text":"FR-V (BE) (2007+)"},{"mark":"honda","value":"fr-v__br_","text":"FR-V (BR) (2005+)"},{"mark":"honda","value":"freed__gb_","text":"Freed (GB) (2009+)"},{"mark":"honda","value":"hr-v__ru_","text":"HR-V (RU) (2015+)"},{"mark":"honda","value":"insight__ze_","text":"Insight (ZE) (2009+)"},{"mark":"honda","value":"integra_type-s__dc_","text":"Integra Type-S (DC) (2005+)"},{"mark":"honda","value":"jazz__gd_","text":"Jazz (GD) (2002+)"},{"mark":"honda","value":"odyssey__rb_","text":"Odyssey (RB) (2003+)"},{"mark":"honda","value":"odyssey__rl_","text":"Odyssey (RL) (2005+)"},{"mark":"honda","value":"pilot__yf_","text":"Pilot (YF) (2009+)"},{"mark":"honda","value":"ridgeline__yk_","text":"Ridgeline (YK) (2006+)"},{"mark":"honda","value":"s2000__ap_","text":"S2000 (AP) (2006+)"}]