[{"mark":"hyundai","value":"accent_(_5th)_hc_","text":"Accent (HC) (2017+)"},{"mark":"hyundai","value":"accent_(_2nd)_lc_","text":"Accent (LC) (1999+)"},{"mark":"hyundai","value":"accent_(_3rd)_mc_","text":"Accent (MC) (2006+)"},{"mark":"hyundai","value":"accent_(_4th)_rb_","text":"Accent (RB) (2011+)"},{"mark":"hyundai","value":"accent_(_1st)_x3_","text":"Accent (X3) (1996+)"},{"mark":"hyundai","value":"aura___","text":"Aura (2019+)"},{"mark":"hyundai","value":"avante_(_3rd)_hd_","text":"Avante (HD) (2006+)"},{"mark":"hyundai","value":"avante_(_4th)_md_","text":"Avante (MD) (2010+)"},{"mark":"hyundai","value":"avante_(_2nd)_xd_","text":"Avante (XD) (2000+)"},{"mark":"hyundai","value":"azera_(_2nd)_hg_","text":"Azera (HG) (2012+)"},{"mark":"hyundai","value":"azera_(_1st)_tg_","text":"Azera (TG) (2007+)"},{"mark":"hyundai","value":"click_(_1st)_tb_","text":"Click (TB) (2002+)"},{"mark":"hyundai","value":"coupe_(_2nd)_gk_","text":"Coupe (GK) (2002+)"},{"mark":"hyundai","value":"creta___","text":"Creta (2015+)"},{"mark":"hyundai","value":"elantra_(_5th)_ad_","text":"Elantra (AD) (2014+)"},{"mark":"hyundai","value":"elantra_(_6th)_ad_","text":"Elantra (AD) (2016+)"},{"mark":"hyundai","value":"elantra_(_4th)_hd_","text":"Elantra (HD) (2006+)"},{"mark":"hyundai","value":"elantra_(_2nd)_j2_","text":"Elantra (J2) (1999+)"},{"mark":"hyundai","value":"elantra_(_5th)_md_","text":"Elantra (MD) (2011+)"},{"mark":"hyundai","value":"elantra_(_3rd)_xd_","text":"Elantra (XD) (2001+)"},{"mark":"hyundai","value":"elantra_touring___","text":"Elantra Touring (2009+)"},{"mark":"hyundai","value":"galloper_(_2nd)__","text":"Galloper (1998+)"},{"mark":"hyundai","value":"genesis__bk_","text":"Genesis (BK) (2010+)"},{"mark":"hyundai","value":"genesis_coupe__bk_","text":"Genesis Coupe (BK) (2009+)"},{"mark":"hyundai","value":"getz__tb_","text":"Getz (TB) (2002+)"},{"mark":"hyundai","value":"grand_starex___","text":"Grand Starex (2016+)"},{"mark":"hyundai","value":"grand_starex__tq_","text":"Grand Starex (TQ) (2007+)"},{"mark":"hyundai","value":"grandeur___","text":"Grandeur (2016+)"},{"mark":"hyundai","value":"grandeur_(_5th)_hg_","text":"Grandeur (HG) (2011+)"},{"mark":"hyundai","value":"grandeur_(_4th)_tg_","text":"Grandeur (TG) (2007+)"},{"mark":"hyundai","value":"h-1_(_1st)_a1_","text":"H-1 (A1) (2003+)"},{"mark":"hyundai","value":"h-1_(_2nd)_tq_","text":"H-1 (TQ) (2008+)"},{"mark":"hyundai","value":"h-100___","text":"H-100 (2009+)"},{"mark":"hyundai","value":"h-200__a1_","text":"H-200 (A1) (2000+)"},{"mark":"hyundai","value":"h1___","text":"H1 (2016+)"},{"mark":"hyundai","value":"h300___","text":"H300 (2016+)"},{"mark":"hyundai","value":"hb20___","text":"Hb20 (2012+)"},{"mark":"hyundai","value":"huiyi___","text":"Huiyi (2016+)"},{"mark":"hyundai","value":"i10_(_2nd)_ia_","text":"I10 (IA) (2014+)"},{"mark":"hyundai","value":"i10_(_3rd)_la_","text":"I10 (LA) (2019+)"},{"mark":"hyundai","value":"i10_(_1st)_pa_","text":"I10 (PA) (2008+)"},{"mark":"hyundai","value":"i20_(_2nd)_gb_","text":"I20 (GB) (2014+)"},{"mark":"hyundai","value":"i20_(_1st)_pb_","text":"I20 (PB) (2009+)"},{"mark":"hyundai","value":"i30_(_1st)_fd_","text":"I30 (FD) (2007+)"},{"mark":"hyundai","value":"i30_(_2nd)_gd_","text":"I30 (GD) (2012+)"},{"mark":"hyundai","value":"i30_n__pd_","text":"I30 N (PD) (2017+)"},{"mark":"hyundai","value":"i40__vf_","text":"I40 (VF) (2011+)"},{"mark":"hyundai","value":"i800___","text":"I800 (2016+)"},{"mark":"hyundai","value":"i800_(_2nd)_tq_","text":"I800 (TQ) (2008+)"},{"mark":"hyundai","value":"iload__tq_","text":"Iload (TQ) (2007+)"},{"mark":"hyundai","value":"ix20__jc_","text":"Ix20 (JC) (2010+)"},{"mark":"hyundai","value":"ix35___","text":"Ix35 (2010+)"},{"mark":"hyundai","value":"ix55__en_","text":"Ix55 (EN) (2009+)"},{"mark":"hyundai","value":"kona___","text":"Kona (2017+)"},{"mark":"hyundai","value":"matrix__fc_","text":"Matrix (FC) (2001+)"},{"mark":"hyundai","value":"santa_fe_( 2nd)_cm_","text":"Santa Fe (CM) (2006+)"},{"mark":"hyundai","value":"santa_fe_( 3rd)_dm_","text":"Santa Fe (DM) (2012+)"},{"mark":"hyundai","value":"santa_fe_( 1st)_sm_","text":"Santa Fe (SM) (2000+)"},{"mark":"hyundai","value":"solaris__rb_","text":"Solaris (RB) (2016+)"},{"mark":"hyundai","value":"sonata_(_4th)_ef_","text":"Sonata (EF) (1998+)"},{"mark":"hyundai","value":"sonata_(_7th)_lf_","text":"Sonata (LF) (2015+)"},{"mark":"hyundai","value":"sonata__lf_","text":"Sonata (LF) (2014+)"},{"mark":"hyundai","value":"sonata_(_5th)_nf_","text":"Sonata (NF) (2006+)"},{"mark":"hyundai","value":"sonata_(_6th)_yf_","text":"Sonata (YF) (2009+)"},{"mark":"hyundai","value":"sonica_(_3rd)_ef_","text":"Sonica (EF) (2001+)"},{"mark":"hyundai","value":"sonica_(_4th)_nf_","text":"Sonica (NF) (2006+)"},{"mark":"hyundai","value":"starex__a1_","text":"Starex (A1) (2000+)"},{"mark":"hyundai","value":"starex__tq_","text":"Starex (TQ) (2016+)"},{"mark":"hyundai","value":"starex_royale___","text":"Starex Royale (2016+)"},{"mark":"hyundai","value":"tb___","text":"TB (2002+)"},{"mark":"hyundai","value":"terracan___","text":"Terracan (2001+)"},{"mark":"hyundai","value":"tiburon_(_2nd)_gk_","text":"Tiburon (GK) (2003+)"},{"mark":"hyundai","value":"tiburon_(_1st)_rd_","text":"Tiburon (RD) (1997+)"},{"mark":"hyundai","value":"trajet__xg_","text":"Trajet (XG) (1999+)"},{"mark":"hyundai","value":"tucson_(_1st)_jm_","text":"Tucson (JM) (2004+)"},{"mark":"hyundai","value":"tucson_(_2nd)_lm_","text":"Tucson (LM) (2011+)"},{"mark":"hyundai","value":"tucson_(_3rd)_tl_","text":"Tucson (TL) (2015+)"},{"mark":"hyundai","value":"tucson_ix_( 2nd)_lm_","text":"Tucson Ix (LM) (2009+)"},{"mark":"hyundai","value":"tuscani_(_2nd)_gk_","text":"Tuscani (GK) (2001+)"},{"mark":"hyundai","value":"veloster__fs_","text":"Veloster (FS) (2011+)"},{"mark":"hyundai","value":"veracruz___","text":"Veracruz (2006+)"},{"mark":"hyundai","value":"verna_(_5th)_hc_","text":"Verna (HC) (2017+)"},{"mark":"hyundai","value":"verna_(_2nd)_lc_","text":"Verna (LC) (2002+)"},{"mark":"hyundai","value":"verna_(_3rd)_mc_","text":"Verna (MC) (2005+)"}]