[{"mark":"infiniti","value":"ex__j50_","text":"EX (J50) (2008+)"},{"mark":"infiniti","value":"fx__s50_","text":"FX (S50) (2010+)"},{"mark":"infiniti","value":"fx__s51_","text":"FX (S51) (2009+)"},{"mark":"infiniti","value":"g25__v36_","text":"G25 (V36) (2011+)"},{"mark":"infiniti","value":"g35__v36_","text":"G35 (V36) (2007+)"},{"mark":"infiniti","value":"g37__v36_","text":"G37 (V36) (2009+)"},{"mark":"infiniti","value":"m30__y51_","text":"M30 (Y51) (2010+)"},{"mark":"infiniti","value":"m35h__y51_","text":"M35h (Y51) (2011+)"},{"mark":"infiniti","value":"m37__y51_","text":"M37 (Y51) (2010+)"},{"mark":"infiniti","value":"m56__y51_","text":"M56 (Y51) (2011+)"},{"mark":"infiniti","value":"q30___","text":"Q30 (2016+)"},{"mark":"infiniti","value":"q50__v37_","text":"Q50 (V37) (2014+)"},{"mark":"infiniti","value":"q60__cv37_","text":"Q60 (CV37) (2017+)"},{"mark":"infiniti","value":"q60__v37_","text":"Q60 (V37) (2016+)"},{"mark":"infiniti","value":"q70__y51_","text":"Q70 (Y51) (2014+)"},{"mark":"infiniti","value":"qx30___","text":"QX30 (2016+)"},{"mark":"infiniti","value":"qx50__j50_","text":"QX50 (J50) (2014+)"},{"mark":"infiniti","value":"qx56__z62_","text":"QX56 (Z62) (2011+)"},{"mark":"infiniti","value":"qx60___","text":"QX60 (2013+)"},{"mark":"infiniti","value":"qx60__l50_","text":"QX60 (L50) (2014+)"},{"mark":"infiniti","value":"qx70__s51_","text":"QX70 (S51) (2014+)"},{"mark":"infiniti","value":"qx80__y62_","text":"QX80 (Y62) (2014+)"}]