[{"mark":"jaguar","value":"c-x16___","text":"C-X16 (2011+)"},{"mark":"jaguar","value":"e-pace__x540_","text":"E-Pace (X540) (2018+)"},{"mark":"jaguar","value":"f-pace__x761_","text":"F-Pace (X761) (2016+)"},{"mark":"jaguar","value":"f-type__x152_","text":"F-Type (X152) (2013+)"},{"mark":"jaguar","value":"s-type_(_1st)__","text":"S-Type (2001+)"},{"mark":"jaguar","value":"s-type_(_2nd)__","text":"S-Type (2002+)"},{"mark":"jaguar","value":"s-type_(_3rd)__","text":"S-Type (2004+)"},{"mark":"jaguar","value":"x-type__x400_","text":"X-Type (X400) (2001+)"},{"mark":"jaguar","value":"xe___","text":"XE (2015+)"},{"mark":"jaguar","value":"xe__x760_","text":"XE (X760) (2018+)"},{"mark":"jaguar","value":"xf_(_1st)__","text":"XF (2008+)"},{"mark":"jaguar","value":"xf_(_2nd)__","text":"XF (2016+)"},{"mark":"jaguar","value":"xf__x250_","text":"XF (X250) (2010+)"},{"mark":"jaguar","value":"xf_(_2nd)_x260_","text":"XF (X260) (2018+)"},{"mark":"jaguar","value":"xfr_(_1st)__","text":"XFR (2009+)"},{"mark":"jaguar","value":"xj__x350_","text":"XJ (X350) (2003+)"},{"mark":"jaguar","value":"xj__x351_","text":"XJ (X351) (2009+)"},{"mark":"jaguar","value":"xj__x358_","text":"XJ (X358) (2007+)"},{"mark":"jaguar","value":"xk__x100_","text":"XK (X100) (2002+)"},{"mark":"jaguar","value":"xk__x150_","text":"XK (X150) (2006+)"}]