[{"mark":"jeep","value":"cherokee__kj_","text":"Cherokee (KJ) (2001+)"},{"mark":"jeep","value":"cherokee__kk_","text":"Cherokee (KK) (2008+)"},{"mark":"jeep","value":"cherokee__kl_","text":"Cherokee (KL) (2014+)"},{"mark":"jeep","value":"commander__xk_","text":"Commander (XK) (0+)"},{"mark":"jeep","value":"compass__mk49_","text":"Compass (MK49) (2006+)"},{"mark":"jeep","value":"compass__mp552_","text":"Compass (MP552) (2016+)"},{"mark":"jeep","value":"grand_cherokee_( 2nd)_wj_","text":"Grand Cherokee (WJ) (0+)"},{"mark":"jeep","value":"grand_cherokee_( 3rd)_wk_","text":"Grand Cherokee (WK) (2006+)"},{"mark":"jeep","value":"grand_cherokee_( 4th)_wk2_","text":"Grand Cherokee (WK2) (2011+)"},{"mark":"jeep","value":"grand_commander__(k8)_","text":"Grand Commander ((K8)) (2018+)"},{"mark":"jeep","value":"liberty__kj_","text":"Liberty (KJ) (0+)"},{"mark":"jeep","value":"patriot___","text":"Patriot (2006+)"},{"mark":"jeep","value":"renegade___","text":"Renegade (2014+)"},{"mark":"jeep","value":"renegade__bu_","text":"Renegade (BU) (2014+)"},{"mark":"jeep","value":"renegade__kl_","text":"Renegade (KL) (2014+)"},{"mark":"jeep","value":"wrangler___","text":"Wrangler (0+)"},{"mark":"jeep","value":"wrangler__(jl)_","text":"Wrangler ((JL)) (2018+)"}]