[{"mark":"kia","value":"bongo_(_4th)__","text":"Bongo (2002+)"},{"mark":"kia","value":"borrego___","text":"Borrego (2010+)"},{"mark":"kia","value":"cadenza___","text":"Cadenza (2013+)"},{"mark":"kia","value":"carens_(_2nd)__","text":"Carens (2002+)"},{"mark":"kia","value":"carens_(_3rd)__","text":"Carens (2006+)"},{"mark":"kia","value":"carnival_(_1st)__","text":"Carnival (2002+)"},{"mark":"kia","value":"carnival_(_2nd)__","text":"Carnival (2005+)"},{"mark":"kia","value":"ceed_(_3rd)_cd_","text":"Ceed (CD) (2018+)"},{"mark":"kia","value":"ceed_(_1st)_ed_","text":"Ceed (ED) (2006+)"},{"mark":"kia","value":"ceed_(_2nd)_jd_","text":"Ceed (JD) (2012+)"},{"mark":"kia","value":"cerato___","text":"Cerato (2002+)"},{"mark":"kia","value":"forte___","text":"Forte (2009+)"},{"mark":"kia","value":"k7___","text":"K7 (2013+)"},{"mark":"kia","value":"magentis_(_1st)__","text":"Magentis (2005+)"},{"mark":"kia","value":"magentis_(_2nd)__","text":"Magentis (2008+)"},{"mark":"kia","value":"mohave___","text":"Mohave (2010+)"},{"mark":"kia","value":"morning___","text":"Morning (2007+)"},{"mark":"kia","value":"opirus___","text":"Opirus (2003+)"},{"mark":"kia","value":"optima___","text":"Optima (2005+)"},{"mark":"kia","value":"optima__jf_","text":"Optima (JF) (2015+)"},{"mark":"kia","value":"optima__tf_","text":"Optima (TF) (2012+)"},{"mark":"kia","value":"picanto___","text":"Picanto (2007+)"},{"mark":"kia","value":"picanto_(_3rd)_ja_","text":"Picanto (JA) (2017+)"},{"mark":"kia","value":"pride___","text":"Pride (2008+)"},{"mark":"kia","value":"proceed___","text":"Proceed (2016+)"},{"mark":"kia","value":"rio_(_3rd)__","text":"Rio (2011+)"},{"mark":"kia","value":"rio_(_2nd)_jb_","text":"Rio (JB) (2005+)"},{"mark":"kia","value":"rio_(_3rd)_ub_","text":"Rio (UB) (2016+)"},{"mark":"kia","value":"sedona_(_2nd)__","text":"Sedona (2002+)"},{"mark":"kia","value":"sorento_(_1st)__","text":"Sorento (2002+)"},{"mark":"kia","value":"sorento_(_2nd)__","text":"Sorento (2009+)"},{"mark":"kia","value":"sorento_(_2nd)_um_","text":"Sorento (UM) (2015+)"},{"mark":"kia","value":"soul___","text":"Soul (2004+)"},{"mark":"kia","value":"soul__ps_","text":"Soul (PS) (2016+)"},{"mark":"kia","value":"sportage_(_2nd)__","text":"Sportage (2004+)"},{"mark":"kia","value":"sportage_(_3rd)__","text":"Sportage (2010+)"},{"mark":"kia","value":"sportage_(_4th)__","text":"Sportage (2015+)"},{"mark":"kia","value":"sportage_(_4th)_ql_","text":"Sportage (QL) (2015+)"},{"mark":"kia","value":"sportage_(_3rd)_sl_","text":"Sportage (SL) (2010+)"},{"mark":"kia","value":"stinger___","text":"Stinger (2016+)"},{"mark":"kia","value":"stonic___","text":"Stonic (2017+)"},{"mark":"kia","value":"venga___","text":"Venga (2009+)"}]