[{"mark":"lancia","value":"delta_(_3rd)__","text":"Delta (0+)"},{"mark":"lancia","value":"k___","text":"K (0+)"},{"mark":"lancia","value":"lybra___","text":"Lybra (0+)"},{"mark":"lancia","value":"musa___","text":"Musa (0+)"},{"mark":"lancia","value":"new_ypsilon___","text":"New Ypsilon (2011+)"},{"mark":"lancia","value":"phedra_(_1st)__","text":"Phedra (0+)"},{"mark":"lancia","value":"phedra_(_2nd)__","text":"Phedra (0+)"},{"mark":"lancia","value":"thema___","text":"Thema (2011+)"},{"mark":"lancia","value":"thesis___","text":"Thesis (0+)"},{"mark":"lancia","value":"voyager___","text":"Voyager (2011+)"},{"mark":"lancia","value":"y___","text":"Y (0+)"},{"mark":"lancia","value":"ypsilon_(_2nd)__","text":"Ypsilon (2011+)"},{"mark":"lancia","value":"ypsilon___","text":"Ypsilon (0+)"},{"mark":"lancia","value":"z___","text":"Z (0+)"}]