[{"mark":"land rover","value":"defender___","text":"Defender (2002+)"},{"mark":"land rover","value":"discovery___","text":"Discovery (0+)"},{"mark":"land rover","value":"discovery__l462_","text":"Discovery (L462) (2017+)"},{"mark":"land rover","value":"discovery_sport___","text":"Discovery Sport (2015+)"},{"mark":"land rover","value":"discovery_sport__l550_","text":"Discovery Sport (L550) (2018+)"},{"mark":"land rover","value":"freelander_(_1st)__","text":"Freelander (0+)"},{"mark":"land rover","value":"freelander_(_2nd)__","text":"Freelander (2006+)"},{"mark":"land rover","value":"range_rover_( 3rd)_l322_","text":"Range Rover (L322) (2002+)"},{"mark":"land rover","value":"range_rover_( 4th)_l405_","text":"Range Rover (L405) (2013+)"},{"mark":"land rover","value":"range_rover evoque_( 1st)_l538_","text":"Range Rover Evoque (L538) (2011+)"},{"mark":"land rover","value":"range_rover evoque_( 2nd)_l551_","text":"Range Rover Evoque (L551) (2018+)"},{"mark":"land rover","value":"range_rover sport___","text":"Range Rover Sport (0+)"},{"mark":"land rover","value":"range_rover sport__l494_","text":"Range Rover Sport (L494) (2013+)"},{"mark":"land rover","value":"range_rover velar__l560_","text":"Range Rover Velar (L560) (2017+)"}]