[{"mark":"lexus","value":"es_xz10_axza10_","text":"ES (AXZA10) (2018+)"},{"mark":"lexus","value":"es_xz10_axzh10_","text":"ES (AXZH10) (2018+)"},{"mark":"lexus","value":"es__gsv40_","text":"ES (GSV40) (2006+)"},{"mark":"lexus","value":"es__xv70_","text":"ES (XV70) (2018+)"},{"mark":"lexus","value":"gs__grl12_","text":"GS (GRL12) (2015+)"},{"mark":"lexus","value":"gs__grl16_","text":"GS (GRL16) (2015+)"},{"mark":"lexus","value":"gs__grs190_","text":"GS (GRS190) (2005+)"},{"mark":"lexus","value":"gs__grs191_","text":"GS (GRS191) (2007+)"},{"mark":"lexus","value":"gs__grs196_","text":"GS (GRS196) (2008+)"},{"mark":"lexus","value":"gs__gws191_","text":"GS (GWS191) (2006+)"},{"mark":"lexus","value":"gx__urj150_","text":"GX (URJ150) (2009+)"},{"mark":"lexus","value":"is__ale20_","text":"IS (ALE20) (2005+)"},{"mark":"lexus","value":"is__gse20_","text":"IS (GSE20) (2005+)"},{"mark":"lexus","value":"is__gse21_","text":"IS (GSE21) (2005+)"},{"mark":"lexus","value":"is__gse31_","text":"IS (GSE31) (2013+)"},{"mark":"lexus","value":"is__use20_","text":"IS (USE20) (2007+)"},{"mark":"lexus","value":"is__xe30_","text":"IS (XE30) (2018+)"},{"mark":"lexus","value":"ls__ucf30_","text":"LS (UCF30) (2001+)"},{"mark":"lexus","value":"ls__usf40_","text":"LS (USF40) (2006+)"},{"mark":"lexus","value":"ls__usf41_","text":"LS (USF41) (2006+)"},{"mark":"lexus","value":"ls__usf45_","text":"LS (USF45) (2008+)"},{"mark":"lexus","value":"ls__usf46_","text":"LS (USF46) (2008+)"},{"mark":"lexus","value":"ls__xf50_","text":"LS (XF50) (2017+)"},{"mark":"lexus","value":"lx__urj201_","text":"LX (URJ201) (2007+)"},{"mark":"lexus","value":"nx__agz10_","text":"NX (AGZ10) (2014+)"},{"mark":"lexus","value":"nx__agz15_","text":"NX (AGZ15) (2014+)"},{"mark":"lexus","value":"rc__gsc10_","text":"RC (GSC10) (2018+)"},{"mark":"lexus","value":"rx__ggl20_","text":"RX (GGL20) (2015+)"},{"mark":"lexus","value":"rx__ggl25_","text":"RX (GGL25) (2015+)"},{"mark":"lexus","value":"rx__gsu35_","text":"RX (GSU35) (2006+)"},{"mark":"lexus","value":"rx__gyl1_- al10_","text":"RX (GYL1 - AL10) (2008+)"},{"mark":"lexus","value":"rx__gyl10_","text":"RX (GYL10) (2008+)"},{"mark":"lexus","value":"rx__gyl15_","text":"RX (GYL15) (2008+)"},{"mark":"lexus","value":"ux_za10_mzaa10_","text":"Ux (MZAA10) (2018+)"},{"mark":"lexus","value":"ux_za10_mzah1x_","text":"Ux (MZAH1x) (2018+)"}]