[{"mark":"maserati","value":"coupe_(4200 gt)___","text":"Coupe (4200 GT) (2002+)"},{"mark":"maserati","value":"ghibli___","text":"Ghibli (2013+)"},{"mark":"maserati","value":"grancabrio___","text":"Grancabrio (2010+)"},{"mark":"maserati","value":"gransport___","text":"Gransport (2004+)"},{"mark":"maserati","value":"granturismo___","text":"Granturismo (2007+)"},{"mark":"maserati","value":"levante__m161_","text":"Levante (M161) (2016+)"},{"mark":"maserati","value":"quattroporte_(_5th)__","text":"Quattroporte (2004+)"},{"mark":"maserati","value":"quattroporte_(_6th)__","text":"Quattroporte (2013+)"},{"mark":"maserati","value":"spyder_(4200 gt)___","text":"Spyder (4200 GT) (2001+)"}]