[{"mark":"mazda","value":"2__de_","text":"2 (DE) (2007+)"},{"mark":"mazda","value":"2__dj_","text":"2 (DJ) (2015+)"},{"mark":"mazda","value":"2__dy_","text":"2 (DY) (2003+)"},{"mark":"mazda","value":"3__bk_","text":"3 (BK) (2003+)"},{"mark":"mazda","value":"3__bl_","text":"3 (BL) (2009+)"},{"mark":"mazda","value":"3__bm_","text":"3 (BM) (2013+)"},{"mark":"mazda","value":"5__cr_","text":"5 (CR) (2005+)"},{"mark":"mazda","value":"5__cw_","text":"5 (CW) (2010+)"},{"mark":"mazda","value":"6__gg_","text":"6 (GG) (2002+)"},{"mark":"mazda","value":"6__gh_","text":"6 (GH) (2008+)"},{"mark":"mazda","value":"6__gj_","text":"6 (GJ) (2013+)"},{"mark":"mazda","value":"atenza___","text":"Atenza (2014+)"},{"mark":"mazda","value":"axela___","text":"Axela (2004+)"},{"mark":"mazda","value":"bongo___","text":"Bongo (2001+)"},{"mark":"mazda","value":"bt-50__j97m_","text":"Bt-50 (J97M) (2006+)"},{"mark":"mazda","value":"bt2500___","text":"Bt2500 (2001+)"},{"mark":"mazda","value":"cx-3___","text":"CX-3 (2015+)"},{"mark":"mazda","value":"cx-5__ke_","text":"CX-5 (KE) (2012+)"},{"mark":"mazda","value":"cx-5__kf_","text":"CX-5 (KF) (2017+)"},{"mark":"mazda","value":"cx-7___","text":"CX-7 (2005+)"},{"mark":"mazda","value":"cx-9_(_1st)__","text":"CX-9 (2007+)"},{"mark":"mazda","value":"cx-9_(_2nd)__","text":"CX-9 (2016+)"},{"mark":"mazda","value":"demio__de_","text":"Demio (DE) (0+)"},{"mark":"mazda","value":"demio__dy_","text":"Demio (DY) (0+)"},{"mark":"mazda","value":"mx-5__nc_","text":"MX-5 (NC) (2006+)"},{"mark":"mazda","value":"mx-5__nd_","text":"MX-5 (ND) (2016+)"},{"mark":"mazda","value":"mx-5__nd2_","text":"MX-5 (ND2) (2019+)"},{"mark":"mazda","value":"protege___","text":"Protege (2001+)"},{"mark":"mazda","value":"rx-8___","text":"RX-8 (2003+)"},{"mark":"mazda","value":"tribute__j14_","text":"Tribute (J14) (2005+)"}]