[{"mark":"mercedes-benz","value":"a-class__w168_","text":"A-Class (W168) (1998+)"},{"mark":"mercedes-benz","value":"a-class__w169_","text":"A-Class (W169) (2004+)"},{"mark":"mercedes-benz","value":"a-class__w176_","text":"A-Class (W176) (2012+)"},{"mark":"mercedes-benz","value":"a-class__w177_","text":"A-Class (W177) (2018+)"},{"mark":"mercedes-benz","value":"a45_amg__w176_","text":"A45 AMG (W176) (2013+)"},{"mark":"mercedes-benz","value":"a45_amg__w177_","text":"A45 AMG (W177) (2019+)"},{"mark":"mercedes-benz","value":"b-class__w245_","text":"B-Class (W245) (2005+)"},{"mark":"mercedes-benz","value":"b-class__w246_","text":"B-Class (W246) (2012+)"},{"mark":"mercedes-benz","value":"c-class__s205_","text":"C-Class (S205) (2015+)"},{"mark":"mercedes-benz","value":"c-class__w202_","text":"C-Class (W202) (1997+)"},{"mark":"mercedes-benz","value":"c-class__w203_","text":"C-Class (W203) (2000+)"},{"mark":"mercedes-benz","value":"c-class__w204_","text":"C-Class (W204) (2007+)"},{"mark":"mercedes-benz","value":"c-class__w205_","text":"C-Class (W205) (2014+)"},{"mark":"mercedes-benz","value":"c-class_cabriolet__a205_","text":"C-Class Cabriolet (A205) (2015+)"},{"mark":"mercedes-benz","value":"c-class_clc__cl203_","text":"C-Class CLC (CL203) (2008+)"},{"mark":"mercedes-benz","value":"c-class_coupe__c204_","text":"C-Class Coupe (C204) (2011+)"},{"mark":"mercedes-benz","value":"c-class_coupe__c205_","text":"C-Class Coupe (C205) (2015+)"},{"mark":"mercedes-benz","value":"c-class_sportcoupe__cl203_","text":"C-Class Sportcoupe (CL203) (2000+)"},{"mark":"mercedes-benz","value":"c-class_t-model__s202_","text":"C-Class T-Model (S202) (1997+)"},{"mark":"mercedes-benz","value":"c-class_t-model__s203_","text":"C-Class T-Model (S203) (2001+)"},{"mark":"mercedes-benz","value":"c-class_t-model__s204_","text":"C-Class T-Model (S204) (2007+)"},{"mark":"mercedes-benz","value":"c-class_t-model__s205_","text":"C-Class T-Model (S205) (2014+)"},{"mark":"mercedes-benz","value":"c30_amg__cl203_","text":"C30 AMG (CL203) (2000+)"},{"mark":"mercedes-benz","value":"c30_amg__s203_","text":"C30 AMG (S203) (2001+)"},{"mark":"mercedes-benz","value":"c30_amg__w203_","text":"C30 AMG (W203) (2000+)"},{"mark":"mercedes-benz","value":"c32_amg__cl203_","text":"C32 AMG (CL203) (2000+)"},{"mark":"mercedes-benz","value":"c32_amg__s203_","text":"C32 AMG (S203) (2001+)"},{"mark":"mercedes-benz","value":"c32_amg__w203_","text":"C32 AMG (W203) (2000+)"},{"mark":"mercedes-benz","value":"c43_amg__a205_","text":"C43 AMG (A205) (2018+)"},{"mark":"mercedes-benz","value":"c43_amg__c205_","text":"C43 AMG (C205) (2018+)"},{"mark":"mercedes-benz","value":"c43_amg__s205_","text":"C43 AMG (S205) (2018+)"},{"mark":"mercedes-benz","value":"c43_amg__w202_","text":"C43 AMG (W202) (1997+)"},{"mark":"mercedes-benz","value":"c43_amg__w205_","text":"C43 AMG (W205) (2018+)"},{"mark":"mercedes-benz","value":"c55_amg__s203_","text":"C55 AMG (S203) (2005+)"},{"mark":"mercedes-benz","value":"c55_amg__w203_","text":"C55 AMG (W203) (2005+)"},{"mark":"mercedes-benz","value":"c63_amg__a205_","text":"C63 AMG (A205) (2016+)"},{"mark":"mercedes-benz","value":"c63_amg__c204_","text":"C63 AMG (C204) (2011+)"},{"mark":"mercedes-benz","value":"c63_amg__c205_","text":"C63 AMG (C205) (2015+)"},{"mark":"mercedes-benz","value":"c63_amg__s204_","text":"C63 AMG (S204) (2007+)"},{"mark":"mercedes-benz","value":"c63_amg__s205_","text":"C63 AMG (S205) (2015+)"},{"mark":"mercedes-benz","value":"c63_amg__w204_","text":"C63 AMG (W204) (2007+)"},{"mark":"mercedes-benz","value":"c63_amg__w205_","text":"C63 AMG (W205) (2015+)"},{"mark":"mercedes-benz","value":"citan__w415_","text":"Citan (W415) (2012+)"},{"mark":"mercedes-benz","value":"cl-class__c215_","text":"CL-Class (C215) (1999+)"},{"mark":"mercedes-benz","value":"cl-class__c216_","text":"CL-Class (C216) (2006+)"},{"mark":"mercedes-benz","value":"cl55_amg__c215_","text":"CL55 AMG (C215) (2000+)"},{"mark":"mercedes-benz","value":"cl63_amg__c216_","text":"CL63 AMG (C216) (2007+)"},{"mark":"mercedes-benz","value":"cl65_amg__c215_","text":"CL65 AMG (C215) (2003+)"},{"mark":"mercedes-benz","value":"cl65_amg__c216_","text":"CL65 AMG (C216) (2007+)"},{"mark":"mercedes-benz","value":"cla-class__c117_","text":"CLA-Class (C117) (2013+)"},{"mark":"mercedes-benz","value":"cla-class__c118_","text":"CLA-Class (C118) (2019+)"},{"mark":"mercedes-benz","value":"cla-class_shooting brake__c117_","text":"CLA-Class Shooting Brake (C117) (2015+)"},{"mark":"mercedes-benz","value":"cla45_amg__c117_","text":"CLA45 AMG (C117) (2013+)"},{"mark":"mercedes-benz","value":"clk-class__c208_","text":"CLK-Class (C208) (1997+)"},{"mark":"mercedes-benz","value":"clk-class__c209_","text":"CLK-Class (C209) (2002+)"},{"mark":"mercedes-benz","value":"clk-class_cabrio__a208_","text":"CLK-Class Cabrio (A208) (1998+)"},{"mark":"mercedes-benz","value":"clk-class_cabrio__a209_","text":"CLK-Class Cabrio (A209) (2002+)"},{"mark":"mercedes-benz","value":"clk55_amg__a208_","text":"CLK55 AMG (A208) (1998+)"},{"mark":"mercedes-benz","value":"clk55_amg__a209_","text":"CLK55 AMG (A209) (2003+)"},{"mark":"mercedes-benz","value":"clk55_amg__c208_","text":"CLK55 AMG (C208) (1997+)"},{"mark":"mercedes-benz","value":"clk55_amg__c209_","text":"CLK55 AMG (C209) (2003+)"},{"mark":"mercedes-benz","value":"clk63_amg__a209_","text":"CLK63 AMG (A209) (2003+)"},{"mark":"mercedes-benz","value":"clk63_amg__c209_","text":"CLK63 AMG (C209) (2003+)"},{"mark":"mercedes-benz","value":"clk65_amg__c209_","text":"CLK65 AMG (C209) (2007+)"},{"mark":"mercedes-benz","value":"cls-class__c218_","text":"CLS-Class (C218) (2010+)"},{"mark":"mercedes-benz","value":"cls-class__c219_","text":"CLS-Class (C219) (2004+)"},{"mark":"mercedes-benz","value":"cls-class__c257_","text":"CLS-Class (C257) (2018+)"},{"mark":"mercedes-benz","value":"cls-class_shooting brake__x218_","text":"CLS-Class Shooting Brake (X218) (2012+)"},{"mark":"mercedes-benz","value":"cls53_amg__c257_","text":"CLS53 AMG (C257) (2018+)"},{"mark":"mercedes-benz","value":"cls55_amg__c219_","text":"CLS55 AMG (C219) (2004+)"},{"mark":"mercedes-benz","value":"cls63_amg__c218_","text":"CLS63 AMG (C218) (2011+)"},{"mark":"mercedes-benz","value":"cls63_amg__c219_","text":"CLS63 AMG (C219) (2006+)"},{"mark":"mercedes-benz","value":"cls63_amg__x218_","text":"CLS63 AMG (X218) (2012+)"},{"mark":"mercedes-benz","value":"e-class__w210_","text":"E-Class (W210) (1995+)"},{"mark":"mercedes-benz","value":"e-class__w211_","text":"E-Class (W211) (2002+)"},{"mark":"mercedes-benz","value":"e-class__w212_","text":"E-Class (W212) (2008+)"},{"mark":"mercedes-benz","value":"e-class__w213_","text":"E-Class (W213) (2016+)"},{"mark":"mercedes-benz","value":"e-class_all terrain___","text":"E-Class All Terrain (2018+)"},{"mark":"mercedes-benz","value":"e-class_cabriolet__a207_","text":"E-Class Cabriolet (A207) (2009+)"},{"mark":"mercedes-benz","value":"e-class_coupe__c207_","text":"E-Class Coupe (C207) (2009+)"},{"mark":"mercedes-benz","value":"e-class_coupe__c238_","text":"E-Class Coupe (C238) (2017+)"},{"mark":"mercedes-benz","value":"e-class_t-model__s210_","text":"E-Class T-Model (S210) (1996+)"},{"mark":"mercedes-benz","value":"e-class_t-model__s211_","text":"E-Class T-Model (S211) (2002+)"},{"mark":"mercedes-benz","value":"e-class_t-model__s212_","text":"E-Class T-Model (S212) (2009+)"},{"mark":"mercedes-benz","value":"e-class_t-model__s213_","text":"E-Class T-Model (S213) (2018+)"},{"mark":"mercedes-benz","value":"e43_amg__c238_","text":"E43 AMG (C238) (2018+)"},{"mark":"mercedes-benz","value":"e43_amg__w213_","text":"E43 AMG (W213) (2016+)"},{"mark":"mercedes-benz","value":"e50_amg__s210_","text":"E50 AMG (S210) (1998+)"},{"mark":"mercedes-benz","value":"e53_amg__c238_","text":"E53 AMG (C238) (2018+)"},{"mark":"mercedes-benz","value":"e53_amg__w213_","text":"E53 AMG (W213) (2018+)"},{"mark":"mercedes-benz","value":"e55_amg__s210_","text":"E55 AMG (S210) (1997+)"},{"mark":"mercedes-benz","value":"e55_amg__s211_","text":"E55 AMG (S211) (2002+)"},{"mark":"mercedes-benz","value":"e55_amg__w210_","text":"E55 AMG (W210) (1997+)"},{"mark":"mercedes-benz","value":"e55_amg__w211_","text":"E55 AMG (W211) (2002+)"},{"mark":"mercedes-benz","value":"e63_amg__s211_","text":"E63 AMG (S211) (2006+)"},{"mark":"mercedes-benz","value":"e63_amg__s212_","text":"E63 AMG (S212) (2009+)"},{"mark":"mercedes-benz","value":"e63_amg__w211_","text":"E63 AMG (W211) (2006+)"},{"mark":"mercedes-benz","value":"e63_amg__w212_","text":"E63 AMG (W212) (2009+)"},{"mark":"mercedes-benz","value":"g_amg 6x6__w463_","text":"G AMG 6x6 (W463) (2013+)"},{"mark":"mercedes-benz","value":"g-class__w461_","text":"G-Class (W461) (2003+)"},{"mark":"mercedes-benz","value":"g-class__w463_","text":"G-Class (W463) (2000+)"},{"mark":"mercedes-benz","value":"g-class_4x4 squared__w463_","text":"G-Class 4x4 Squared (W463) (2015+)"},{"mark":"mercedes-benz","value":"g-class_professional__w463_","text":"G-Class Professional (W463) (2016+)"},{"mark":"mercedes-benz","value":"g55_amg__w463_","text":"G55 AMG (W463) (1999+)"},{"mark":"mercedes-benz","value":"g63_amg__w463_","text":"G63 AMG (W463) (2012+)"},{"mark":"mercedes-benz","value":"g65_amg__w463_","text":"G65 AMG (W463) (2012+)"},{"mark":"mercedes-benz","value":"gl-class__x164_","text":"GL-Class (X164) (2006+)"},{"mark":"mercedes-benz","value":"gl-class__x166_","text":"GL-Class (X166) (2012+)"},{"mark":"mercedes-benz","value":"gl63_amg__x166_","text":"GL63 AMG (X166) (2012+)"},{"mark":"mercedes-benz","value":"gla-class__x156_","text":"GLA-Class (X156) (2013+)"},{"mark":"mercedes-benz","value":"gla45_amg__x156_","text":"GLA45 AMG (X156) (2014+)"},{"mark":"mercedes-benz","value":"glc-class__x253_","text":"GLC-Class (X253) (2015+)"},{"mark":"mercedes-benz","value":"glc-class_coupe__c253_","text":"GLC-Class Coupe (C253) (2015+)"},{"mark":"mercedes-benz","value":"glc43_amg__c253_","text":"GLC43 AMG (C253) (2015+)"},{"mark":"mercedes-benz","value":"glc43_amg__x253_","text":"GLC43 AMG (X253) (2015+)"},{"mark":"mercedes-benz","value":"gle-class__v167_","text":"GLE-Class (V167) (2018+)"},{"mark":"mercedes-benz","value":"gle-class__w166_","text":"GLE-Class (W166) (2015+)"},{"mark":"mercedes-benz","value":"gle-class_coupe__c292_","text":"GLE-Class Coupe (C292) (2015+)"},{"mark":"mercedes-benz","value":"gle43_amg__c292_","text":"GLE43 AMG (C292) (2015+)"},{"mark":"mercedes-benz","value":"gle43_amg__w166_","text":"GLE43 AMG (W166) (2015+)"},{"mark":"mercedes-benz","value":"gle63_amg__c292_","text":"GLE63 AMG (C292) (2015+)"},{"mark":"mercedes-benz","value":"gle63_amg__w166_","text":"GLE63 AMG (W166) (2015+)"},{"mark":"mercedes-benz","value":"glk-class__x204_","text":"GLK-Class (X204) (2008+)"},{"mark":"mercedes-benz","value":"gls-class__x166_","text":"GLS-Class (X166) (2016+)"},{"mark":"mercedes-benz","value":"gls63_amg__x166_","text":"GLS63 AMG (X166) (2016+)"},{"mark":"mercedes-benz","value":"gt_amg__c190_","text":"GT AMG (C190) (2015+)"},{"mark":"mercedes-benz","value":"gt43_amg coup? 4__x290_","text":"GT43 AMG Coup? 4 (X290) (2018+)"},{"mark":"mercedes-benz","value":"gt53_amg coup? 4__x290_","text":"GT53 AMG Coup? 4 (X290) (2018+)"},{"mark":"mercedes-benz","value":"ml-class__w163_","text":"ML-Class (W163) (1997+)"},{"mark":"mercedes-benz","value":"ml-class__w164_","text":"ML-Class (W164) (2005+)"},{"mark":"mercedes-benz","value":"ml-class__w166_","text":"ML-Class (W166) (2011+)"},{"mark":"mercedes-benz","value":"ml55_amg __w163_","text":"ML55 AMG  (W163) (1997+)"},{"mark":"mercedes-benz","value":"ml63_amg__w164_","text":"ML63 AMG (W164) (2005+)"},{"mark":"mercedes-benz","value":"ml63_amg__w166_","text":"ML63 AMG (W166) (2011+)"},{"mark":"mercedes-benz","value":"r-class__v251_","text":"R-Class (V251) (2005+)"},{"mark":"mercedes-benz","value":"r-class__w251_","text":"R-Class (W251) (2005+)"},{"mark":"mercedes-benz","value":"r63_amg__v251_","text":"R63 AMG (V251) (2006+)"},{"mark":"mercedes-benz","value":"r63_amg__w251_","text":"R63 AMG (W251) (2006+)"},{"mark":"mercedes-benz","value":"s-class__c217_","text":"S-Class (C217) (2018+)"},{"mark":"mercedes-benz","value":"s-class__v220_","text":"S-Class (V220) (1998+)"},{"mark":"mercedes-benz","value":"s-class__v221_","text":"S-Class (V221) (2006+)"},{"mark":"mercedes-benz","value":"s-class__v222_","text":"S-Class (V222) (2013+)"},{"mark":"mercedes-benz","value":"s-class__w220_","text":"S-Class (W220) (1998+)"},{"mark":"mercedes-benz","value":"s-class__w221_","text":"S-Class (W221) (2006+)"},{"mark":"mercedes-benz","value":"s-class__w222_","text":"S-Class (W222) (2013+)"},{"mark":"mercedes-benz","value":"s-class_cabriolet__a217_","text":"S-Class Cabriolet (A217) (2015+)"},{"mark":"mercedes-benz","value":"s-class_coupe__c217_","text":"S-Class Coupe (C217) (2014+)"},{"mark":"mercedes-benz","value":"s-class_maybach__x222_","text":"S-Class Maybach (X222) (2015+)"},{"mark":"mercedes-benz","value":"s55_amg__v220_","text":"S55 AMG (V220) (2002+)"},{"mark":"mercedes-benz","value":"s55_amg__w220_","text":"S55 AMG (W220) (1998+)"},{"mark":"mercedes-benz","value":"s63_amg__a217_","text":"S63 AMG (A217) (2015+)"},{"mark":"mercedes-benz","value":"s63_amg__c217_","text":"S63 AMG (C217) (2014+)"},{"mark":"mercedes-benz","value":"s63_amg__v221_","text":"S63 AMG (V221) (2006+)"},{"mark":"mercedes-benz","value":"s63_amg__v222_","text":"S63 AMG (V222) (2013+)"},{"mark":"mercedes-benz","value":"s63_amg__w221_","text":"S63 AMG (W221) (2006+)"},{"mark":"mercedes-benz","value":"s63_amg__w222_","text":"S63 AMG (W222) (2013+)"},{"mark":"mercedes-benz","value":"s65_amg__a217_","text":"S65 AMG (A217) (2015+)"},{"mark":"mercedes-benz","value":"s65_amg__c217_","text":"S65 AMG (C217) (2014+)"},{"mark":"mercedes-benz","value":"s65_amg__v220_","text":"S65 AMG (V220) (2002+)"},{"mark":"mercedes-benz","value":"s65_amg__v221_","text":"S65 AMG (V221) (2006+)"},{"mark":"mercedes-benz","value":"s65_amg__v222_","text":"S65 AMG (V222) (2013+)"},{"mark":"mercedes-benz","value":"s65_amg__w220_","text":"S65 AMG (W220) (2002+)"},{"mark":"mercedes-benz","value":"s65_amg__w221_","text":"S65 AMG (W221) (2006+)"},{"mark":"mercedes-benz","value":"s65_amg__w222_","text":"S65 AMG (W222) (2013+)"},{"mark":"mercedes-benz","value":"sl-class__r129_","text":"SL-Class (R129) (1998+)"},{"mark":"mercedes-benz","value":"sl-class__r230_","text":"SL-Class (R230) (2001+)"},{"mark":"mercedes-benz","value":"sl-class__r231_","text":"SL-Class (R231) (2012+)"},{"mark":"mercedes-benz","value":"sl55_amg__r129_","text":"SL55 AMG (R129) (1998+)"},{"mark":"mercedes-benz","value":"sl55_amg__r230_","text":"SL55 AMG (R230) (2001+)"},{"mark":"mercedes-benz","value":"sl63_amg__r230_","text":"SL63 AMG (R230) (2008+)"},{"mark":"mercedes-benz","value":"sl63_amg__r231_","text":"SL63 AMG (R231) (2012+)"},{"mark":"mercedes-benz","value":"sl65_amg__r230_","text":"SL65 AMG (R230) (2001+)"},{"mark":"mercedes-benz","value":"sl65_amg__r231_","text":"SL65 AMG (R231) (2012+)"},{"mark":"mercedes-benz","value":"slc-class__r172_","text":"SLC-Class (R172) (2016+)"},{"mark":"mercedes-benz","value":"slc43_amg__r172_","text":"SLC43 AMG (R172) (2016+)"},{"mark":"mercedes-benz","value":"slk-class__r170_","text":"SLK-Class (R170) (1996+)"},{"mark":"mercedes-benz","value":"slk-class__r171_","text":"SLK-Class (R171) (2004+)"},{"mark":"mercedes-benz","value":"slk-class__r172_","text":"SLK-Class (R172) (2011+)"},{"mark":"mercedes-benz","value":"slk32_amg__r170_","text":"SLK32 AMG (R170) (2000+)"},{"mark":"mercedes-benz","value":"slk55_amg__r171_","text":"SLK55 AMG (R171) (2004+)"},{"mark":"mercedes-benz","value":"slr_mclaren__c199_","text":"SLR McLaren (C199) (2003+)"},{"mark":"mercedes-benz","value":"sls_amg_ _c197_","text":"SLS AMG (C197) (2010+)"},{"mark":"mercedes-benz","value":"sls_amg_ _r197_","text":"SLS AMG (R197) (2010+)"},{"mark":"mercedes-benz","value":"sprinter__w902_","text":"Sprinter (W902) (2000+)"},{"mark":"mercedes-benz","value":"sprinter__w903__","text":"Sprinter (W903 ) (2000+)"},{"mark":"mercedes-benz","value":"sprinter__w904__","text":"Sprinter (W904 ) (2000+)"},{"mark":"mercedes-benz","value":"sprinter__w905_","text":"Sprinter (W905) (2000+)"},{"mark":"mercedes-benz","value":"sprinter__w906_","text":"Sprinter (W906) (2006+)"},{"mark":"mercedes-benz","value":"sprinter__w907_","text":"Sprinter (W907) (2018+)"},{"mark":"mercedes-benz","value":"sprinter__w910_","text":"Sprinter (W910) (2018+)"},{"mark":"mercedes-benz","value":"v-class__w447_","text":"V-Class (W447) (2014+)"},{"mark":"mercedes-benz","value":"v-class__w638_","text":"V-Class (W638) (1996+)"},{"mark":"mercedes-benz","value":"vaneo__w414_","text":"Vaneo (W414) (2002+)"},{"mark":"mercedes-benz","value":"viano__w639_","text":"Viano (W639) (2003+)"},{"mark":"mercedes-benz","value":"vito__w447_","text":"Vito (W447) (2014+)"},{"mark":"mercedes-benz","value":"vito__w638_","text":"Vito (W638) (1996+)"},{"mark":"mercedes-benz","value":"vito__w639_","text":"Vito (W639) (2003+)"},{"mark":"mercedes-benz","value":"x-class__470_","text":"X-Class (470) (2017+)"}]