[{"mark":"mini","value":"clubman_jcw__f54_","text":"Clubman JCW (F54) (2016+)"},{"mark":"mini","value":"clubman_jcw all4__f54_","text":"Clubman JCW ALL4 (F54) (2019+)"},{"mark":"mini","value":"cooper__f55_","text":"Cooper (F55) (2014+)"},{"mark":"mini","value":"cooper__f56_","text":"Cooper (F56) (2014+)"},{"mark":"mini","value":"cooper__f57_","text":"Cooper (F57) (2016+)"},{"mark":"mini","value":"cooper__r50_","text":"Cooper (R50) (2001+)"},{"mark":"mini","value":"cooper__r52_","text":"Cooper (R52) (2004+)"},{"mark":"mini","value":"cooper__r56_","text":"Cooper (R56) (2006+)"},{"mark":"mini","value":"cooper__r57_","text":"Cooper (R57) (2009+)"},{"mark":"mini","value":"cooper__r58_","text":"Cooper (R58) (2011+)"},{"mark":"mini","value":"cooper__r59_","text":"Cooper (R59) (2012+)"},{"mark":"mini","value":"cooper_clubman__f54_","text":"Cooper Clubman (F54) (2015+)"},{"mark":"mini","value":"cooper_clubman__r57_","text":"Cooper Clubman (R57) (2007+)"},{"mark":"mini","value":"cooper_clubman all4__f54_","text":"Cooper Clubman ALL4 (F54) (2017+)"},{"mark":"mini","value":"cooper_countryman__f60_","text":"Cooper Countryman (F60) (2017+)"},{"mark":"mini","value":"cooper_countryman__r60_","text":"Cooper Countryman (R60) (2010+)"},{"mark":"mini","value":"cooper_countryman all4__f60_","text":"Cooper Countryman ALL4 (F60) (2017+)"},{"mark":"mini","value":"cooper_countryman all4__r60_","text":"Cooper Countryman ALL4 (R60) (2013+)"},{"mark":"mini","value":"cooper_d__f55_","text":"Cooper D (F55) (2014+)"},{"mark":"mini","value":"cooper_d__f56_","text":"Cooper D (F56) (2014+)"},{"mark":"mini","value":"cooper_d__f57_","text":"Cooper D (F57) (2016+)"},{"mark":"mini","value":"cooper_d__r56_","text":"Cooper D (R56) (2007+)"},{"mark":"mini","value":"cooper_d__r57_","text":"Cooper D (R57) (2010+)"},{"mark":"mini","value":"cooper_d cabrio__f57_","text":"Cooper D Cabrio (F57) (2017+)"},{"mark":"mini","value":"cooper_d clubman__f54_","text":"Cooper D Clubman (F54) (2015+)"},{"mark":"mini","value":"cooper_d clubman__r57_","text":"Cooper D Clubman (R57) (2007+)"},{"mark":"mini","value":"cooper_d countryman__f60_","text":"Cooper D Countryman (F60) (2016+)"},{"mark":"mini","value":"cooper_d countryman__r60_","text":"Cooper D Countryman (R60) (2010+)"},{"mark":"mini","value":"cooper_d countryman all4__f60_","text":"Cooper D Countryman ALL4 (F60) (2016+)"},{"mark":"mini","value":"cooper_d countryman all4__r60_","text":"Cooper D Countryman ALL4 (R60) (2010+)"},{"mark":"mini","value":"cooper_d paceman__r61_","text":"Cooper D Paceman (R61) (2013+)"},{"mark":"mini","value":"cooper_d paceman all4__r61_","text":"Cooper D Paceman ALL4 (R61) (2013+)"},{"mark":"mini","value":"cooper_jcw__f56_","text":"Cooper JCW (F56) (2015+)"},{"mark":"mini","value":"cooper_jcw__f57_","text":"Cooper JCW (F57) (2016+)"},{"mark":"mini","value":"cooper_paceman__r61_","text":"Cooper Paceman (R61) (2013+)"},{"mark":"mini","value":"cooper_paceman all4__r61_","text":"Cooper Paceman ALL4 (R61) (2013+)"},{"mark":"mini","value":"cooper_s__f55_","text":"Cooper S (F55) (2014+)"},{"mark":"mini","value":"cooper_s__f56_","text":"Cooper S (F56) (2014+)"},{"mark":"mini","value":"cooper_s__f57_","text":"Cooper S (F57) (2016+)"},{"mark":"mini","value":"cooper_s__r50_","text":"Cooper S (R50) (2006+)"},{"mark":"mini","value":"cooper_s__r52_","text":"Cooper S (R52) (2004+)"},{"mark":"mini","value":"cooper_s__r53_","text":"Cooper S (R53) (2002+)"},{"mark":"mini","value":"cooper_s__r56_","text":"Cooper S (R56) (2006+)"},{"mark":"mini","value":"cooper_s__r57_","text":"Cooper S (R57) (2009+)"},{"mark":"mini","value":"cooper_s__r58_","text":"Cooper S (R58) (2011+)"},{"mark":"mini","value":"cooper_s__r59_","text":"Cooper S (R59) (2012+)"},{"mark":"mini","value":"cooper_s clubman__f54_","text":"Cooper S Clubman (F54) (2015+)"},{"mark":"mini","value":"cooper_s clubman__r57_","text":"Cooper S Clubman (R57) (2007+)"},{"mark":"mini","value":"cooper_s clubman all4__f54_","text":"Cooper S Clubman ALL4 (F54) (2016+)"},{"mark":"mini","value":"cooper_s clubman jcw__r57_","text":"Cooper S Clubman JCW (R57) (2008+)"},{"mark":"mini","value":"cooper_s countryman__f60_","text":"Cooper S Countryman (F60) (2017+)"},{"mark":"mini","value":"cooper_s countryman__r60_","text":"Cooper S Countryman (R60) (2010+)"},{"mark":"mini","value":"cooper_s countryman all4__f60_","text":"Cooper S Countryman ALL4 (F60) (2017+)"},{"mark":"mini","value":"cooper_s countryman all4__r60_","text":"Cooper S Countryman ALL4 (R60) (2010+)"},{"mark":"mini","value":"cooper_s countryman all4 jcw__r60_","text":"Cooper S Countryman ALL4 JCW (R60) (2012+)"},{"mark":"mini","value":"cooper_s e countryman all4__f60_","text":"Cooper S E Countryman ALL4 (F60) (2017+)"},{"mark":"mini","value":"cooper_s jcw__f55_","text":"Cooper S JCW (F55) (2018+)"},{"mark":"mini","value":"cooper_s jcw__r50_","text":"Cooper S JCW (R50) (2003+)"},{"mark":"mini","value":"cooper_s jcw__r52_","text":"Cooper S JCW (R52) (2005+)"},{"mark":"mini","value":"cooper_s jcw__r56_","text":"Cooper S JCW (R56) (2008+)"},{"mark":"mini","value":"cooper_s jcw__r57_","text":"Cooper S JCW (R57) (2009+)"},{"mark":"mini","value":"cooper_s jcw__r58_","text":"Cooper S JCW (R58) (2012+)"},{"mark":"mini","value":"cooper_s jcw__r59_","text":"Cooper S JCW (R59) (2012+)"},{"mark":"mini","value":"cooper_s jcw gp2__r56_","text":"Cooper S JCW GP2 (R56) (2011+)"},{"mark":"mini","value":"cooper_s paceman__r61_","text":"Cooper S Paceman (R61) (2013+)"},{"mark":"mini","value":"cooper_s paceman all4__r61_","text":"Cooper S Paceman ALL4 (R61) (2013+)"},{"mark":"mini","value":"cooper_s paceman all4 jcw__r61_","text":"Cooper S Paceman ALL4 JCW (R61) (2013+)"},{"mark":"mini","value":"cooper_sd__f55_","text":"Cooper SD (F55) (2013+)"},{"mark":"mini","value":"cooper_sd__f56_","text":"Cooper SD (F56) (2013+)"},{"mark":"mini","value":"cooper_sd__r56_","text":"Cooper SD (R56) (2011+)"},{"mark":"mini","value":"cooper_sd__r57_","text":"Cooper SD (R57) (2011+)"},{"mark":"mini","value":"cooper_sd__r58_","text":"Cooper SD (R58) (2011+)"},{"mark":"mini","value":"cooper_sd__r59_","text":"Cooper SD (R59) (2012+)"},{"mark":"mini","value":"cooper_sd cabrio__f57_","text":"Cooper SD Cabrio (F57) (2015+)"},{"mark":"mini","value":"cooper_sd clubman__f54_","text":"Cooper SD Clubman (F54) (2016+)"},{"mark":"mini","value":"cooper_sd clubman__f56_","text":"Cooper SD Clubman (F56) (2017+)"},{"mark":"mini","value":"cooper_sd clubman__r57_","text":"Cooper SD Clubman (R57) (2011+)"},{"mark":"mini","value":"cooper_sd clubman all4__f54_","text":"Cooper SD Clubman ALL4 (F54) (2016+)"},{"mark":"mini","value":"cooper_sd countryman__f60_","text":"Cooper SD Countryman (F60) (2017+)"},{"mark":"mini","value":"cooper_sd countryman__r60_","text":"Cooper SD Countryman (R60) (2011+)"},{"mark":"mini","value":"cooper_sd countryman all4__f60_","text":"Cooper SD Countryman ALL4 (F60) (2017+)"},{"mark":"mini","value":"cooper_sd countryman all4__r60_","text":"Cooper SD Countryman ALL4 (R60) (2011+)"},{"mark":"mini","value":"cooper_sd paceman__r61_","text":"Cooper SD Paceman (R61) (2013+)"},{"mark":"mini","value":"cooper_sd paceman all4__r61_","text":"Cooper SD Paceman ALL4 (R61) (2013+)"},{"mark":"mini","value":"countryman_all4 jcw__f60_","text":"Countryman ALL4 JCW (F60) (2017+)"},{"mark":"mini","value":"countryman_all4 jcw__r60_","text":"Countryman ALL4 JCW (R60) (2014+)"},{"mark":"mini","value":"first__r56_","text":"First (R56) (2009+)"},{"mark":"mini","value":"one__f55_","text":"One (F55) (2015+)"},{"mark":"mini","value":"one__f56_","text":"One (F56) (2014+)"},{"mark":"mini","value":"one__f57_","text":"One (F57) (2016+)"},{"mark":"mini","value":"one__r50_","text":"One (R50) (2001+)"},{"mark":"mini","value":"one__r52_","text":"One (R52) (2004+)"},{"mark":"mini","value":"one__r55_","text":"One (R55) (2007+)"},{"mark":"mini","value":"one__r56_","text":"One (R56) (2007+)"},{"mark":"mini","value":"one__r57_","text":"One (R57) (2010+)"},{"mark":"mini","value":"one_clubman__f54_","text":"One Clubman (F54) (2017+)"},{"mark":"mini","value":"one_clubman__r57_","text":"One Clubman (R57) (2009+)"},{"mark":"mini","value":"one_countryman__f60_","text":"One Countryman (F60) (2017+)"},{"mark":"mini","value":"one_countryman__r60_","text":"One Countryman (R60) (2010+)"},{"mark":"mini","value":"one_d__f55_","text":"One D (F55) (2015+)"},{"mark":"mini","value":"one_d__f56_","text":"One D (F56) (2014+)"},{"mark":"mini","value":"one_d__r56_","text":"One D (R56) (2009+)"},{"mark":"mini","value":"one_d clubman__f54_","text":"One D Clubman (F54) (2017+)"},{"mark":"mini","value":"one_d clubman__r57_","text":"One D Clubman (R57) (2010+)"},{"mark":"mini","value":"one_d countryman__f60_","text":"One D Countryman (F60) (2017+)"},{"mark":"mini","value":"one_d countryman__r60_","text":"One D Countryman (R60) (2010+)"},{"mark":"mini","value":"one_first__f55_","text":"One First (F55) (2015+)"},{"mark":"mini","value":"one_first__f56_","text":"One First (F56) (2014+)"},{"mark":"mini","value":"paceman_all4 jcw__r61_","text":"Paceman ALL4 JCW (R61) (2014+)"}]