[{"mark":"mitsubishi","value":"380___","text":"380 (2005+)"},{"mark":"mitsubishi","value":"adventure___","text":"Adventure (1998+)"},{"mark":"mitsubishi","value":"airtrek__cu_","text":"Airtrek (CU) (2001+)"},{"mark":"mitsubishi","value":"aspire__ea-ec_","text":"Aspire (EA-EC) (2000+)"},{"mark":"mitsubishi","value":"asx___","text":"Asx (2010+)"},{"mark":"mitsubishi","value":"carisma_(_2nd)_da_","text":"Carisma (DA) (2000+)"},{"mark":"mitsubishi","value":"challenger_(_2nd)__","text":"Challenger (2008+)"},{"mark":"mitsubishi","value":"chariot_grandis__n80-n90_","text":"Chariot Grandis (N80-N90) (1999+)"},{"mark":"mitsubishi","value":"colt_(_6th)_z30_","text":"Colt (Z30) (2004+)"},{"mark":"mitsubishi","value":"colt_plus__z20_","text":"Colt Plus (Z20) (2004+)"},{"mark":"mitsubishi","value":"delica_d5___","text":"Delica D5 (2010+)"},{"mark":"mitsubishi","value":"diamante_(_2nd)__","text":"Diamante (2001+)"},{"mark":"mitsubishi","value":"dignity_(_2nd)_y51_","text":"Dignity (Y51) (2012+)"},{"mark":"mitsubishi","value":"dion__cr_","text":"Dion (CR) (2000+)"},{"mark":"mitsubishi","value":"eclipse_(_2nd)__","text":"Eclipse (1999+)"},{"mark":"mitsubishi","value":"eclipse_(_3rd)__","text":"Eclipse (2000+)"},{"mark":"mitsubishi","value":"freeca___","text":"Freeca (2000+)"},{"mark":"mitsubishi","value":"fuzion___","text":"Fuzion (2005+)"},{"mark":"mitsubishi","value":"galant_(_8th)_ea-ec_","text":"Galant (EA-EC) (1999+)"},{"mark":"mitsubishi","value":"galant_fortis__cx-cy_","text":"Galant Fortis (CX-CY) (2007+)"},{"mark":"mitsubishi","value":"grandis__na_","text":"Grandis (NA) (2003+)"},{"mark":"mitsubishi","value":"grunder___","text":"Grunder (2006+)"},{"mark":"mitsubishi","value":"l200_(_5th)__","text":"L200 (2019+)"},{"mark":"mitsubishi","value":"l200___","text":"L200 (2008+)"},{"mark":"mitsubishi","value":"l200_(_3rd)__","text":"L200 (1999+)"},{"mark":"mitsubishi","value":"l200_(_4th)__","text":"L200 (2004+)"},{"mark":"mitsubishi","value":"lancer_(_7th)_cs_","text":"Lancer (CS) (2003+)"},{"mark":"mitsubishi","value":"lancer_(_8th)_cx-cy_","text":"Lancer (CX-CY) (2007+)"},{"mark":"mitsubishi","value":"lancer_evolution_( 4th)_cn9a_","text":"Lancer Evolution (CN9A) (1996+)"},{"mark":"mitsubishi","value":"lancer_evolution_( 5th)_cp9a_","text":"Lancer Evolution (CP9A) (1998+)"},{"mark":"mitsubishi","value":"lancer_evolution_( 6th)_cp9a_","text":"Lancer Evolution (CP9A) (1999+)"},{"mark":"mitsubishi","value":"lancer_evolution_( 8th)_ct9a_","text":"Lancer Evolution (CT9A) (2003+)"},{"mark":"mitsubishi","value":"lancer_evolution_( 9th)_ct9a_","text":"Lancer Evolution (CT9A) (2005+)"},{"mark":"mitsubishi","value":"lancer_evolution_( 7th)_ct9a_","text":"Lancer Evolution (CT9A) (2001+)"},{"mark":"mitsubishi","value":"lancer_evolution_( 8th)_ct9w_","text":"Lancer Evolution (CT9W) (2005+)"},{"mark":"mitsubishi","value":"lancer_evolution_(10th)_cz4a_","text":"Lancer Evolution (CZ4A) (2007+)"},{"mark":"mitsubishi","value":"legnum__ea-ec_","text":"Legnum (EA-EC) (1999+)"},{"mark":"mitsubishi","value":"montero___","text":"Montero (1999+)"},{"mark":"mitsubishi","value":"montero_sport___","text":"Montero Sport (2001+)"},{"mark":"mitsubishi","value":"nativa_(_2nd)__","text":"Nativa (2001+)"},{"mark":"mitsubishi","value":"nimbus_(_3rd)__","text":"Nimbus (2000+)"},{"mark":"mitsubishi","value":"outlander___","text":"Outlander (2013+)"},{"mark":"mitsubishi","value":"outlander_(_1st)_cu_","text":"Outlander (CU) (2003+)"},{"mark":"mitsubishi","value":"outlander_(_2nd)_cw_","text":"Outlander (CW) (2007+)"},{"mark":"mitsubishi","value":"outlander_(_3rd)_gf_","text":"Outlander (GF) (2012+)"},{"mark":"mitsubishi","value":"pajero__( 2nd)__","text":"Pajero  (1998+)"},{"mark":"mitsubishi","value":"pajero__( 3rd)__","text":"Pajero  (1999+)"},{"mark":"mitsubishi","value":"pajero__( 4th)__","text":"Pajero  (2006+)"},{"mark":"mitsubishi","value":"pajero_sport_( 4th)__","text":"Pajero Sport (2015+)"},{"mark":"mitsubishi","value":"pajero_tr4___","text":"Pajero TR4 (2009+)"},{"mark":"mitsubishi","value":"rvr_(_2nd)__","text":"RVR (1999+)"},{"mark":"mitsubishi","value":"shogun_sport_( 2nd)__","text":"Shogun Sport (2001+)"},{"mark":"mitsubishi","value":"space_runner___","text":"Space Runner (1999+)"},{"mark":"mitsubishi","value":"space_star___","text":"Space Star (1998+)"},{"mark":"mitsubishi","value":"triton___","text":"Triton (2018+)"},{"mark":"mitsubishi","value":"triton_(_3rd)__","text":"Triton (2001+)"},{"mark":"mitsubishi","value":"triton_(_4th)__","text":"Triton (2005+)"}]