[{"mark":"nissan","value":"350z__z33_","text":"350Z (Z33) (2003+)"},{"mark":"nissan","value":"370z__z34_","text":"370Z (Z34) (2009+)"},{"mark":"nissan","value":"almera__g11_","text":"Almera (G11) (2012+)"},{"mark":"nissan","value":"almera__n16_","text":"Almera (N16) (2000+)"},{"mark":"nissan","value":"almera_classic__n17_","text":"Almera Classic (N17) (2011+)"},{"mark":"nissan","value":"altima__l33_","text":"Altima (L33) (2016+)"},{"mark":"nissan","value":"altima_coup?__l33_","text":"Altima Coup? (L33) (2016+)"},{"mark":"nissan","value":"atleon___","text":"Atleon (2000+)"},{"mark":"nissan","value":"avenir__w11_","text":"Avenir (W11) (2003+)"},{"mark":"nissan","value":"cabstar__f24_","text":"Cabstar (F24) (2006+)"},{"mark":"nissan","value":"cabstar__nt400_","text":"Cabstar (NT400) (2013+)"},{"mark":"nissan","value":"cabstar_e__tlo_","text":"Cabstar E (TLO) (1999+)"},{"mark":"nissan","value":"cefiro__j31_","text":"Cefiro (J31) (2013+)"},{"mark":"nissan","value":"cube__z11_","text":"Cube (Z11) (2002+)"},{"mark":"nissan","value":"e-nv200___","text":"e-NV200 (2018+)"},{"mark":"nissan","value":"e-nv200_evalia___","text":"e-NV200 Evalia (2018+)"},{"mark":"nissan","value":"elgrand__e52_","text":"Elgrand (E52) (2014+)"},{"mark":"nissan","value":"evalia___","text":"Evalia (2009+)"},{"mark":"nissan","value":"fairlady_z__z33_","text":"Fairlady Z (Z33) (2003+)"},{"mark":"nissan","value":"fairlady_z__z34_","text":"Fairlady Z (Z34) (2009+)"},{"mark":"nissan","value":"frontier__d22_","text":"Frontier (D22) (2000+)"},{"mark":"nissan","value":"frontier__d23_","text":"Frontier (D23) (2013+)"},{"mark":"nissan","value":"frontier__d40_","text":"Frontier (D40) (2014+)"},{"mark":"nissan","value":"gt-r___","text":"GT-R (2008+)"},{"mark":"nissan","value":"interstar___","text":"Interstar (2002+)"},{"mark":"nissan","value":"juke__f15_","text":"Juke (F15) (2010+)"},{"mark":"nissan","value":"leaf__ze0_","text":"Leaf (ZE0) (2010+)"},{"mark":"nissan","value":"leaf__ze1_","text":"Leaf (ZE1) (2017+)"},{"mark":"nissan","value":"march___","text":"March (2016+)"},{"mark":"nissan","value":"maxima__a33_","text":"Maxima (A33) (2000+)"},{"mark":"nissan","value":"maxima__a34_","text":"Maxima (A34) (2003+)"},{"mark":"nissan","value":"maxima__a36_","text":"Maxima (A36) (2015+)"},{"mark":"nissan","value":"micra___k12_","text":"Micra  (K12) (2002+)"},{"mark":"nissan","value":"micra___k14_","text":"Micra  (K14) (2016+)"},{"mark":"nissan","value":"murano__z50_","text":"Murano (Z50) (2002+)"},{"mark":"nissan","value":"murano__z51_","text":"Murano (Z51) (2008+)"},{"mark":"nissan","value":"murano__z52_","text":"Murano (Z52) (2015+)"},{"mark":"nissan","value":"navara__d22_","text":"Navara (D22) (2000+)"},{"mark":"nissan","value":"navara__d23_","text":"Navara (D23) (2014+)"},{"mark":"nissan","value":"navara__d231_","text":"Navara (D231) (2015+)"},{"mark":"nissan","value":"navara__d40_","text":"Navara (D40) (2005+)"},{"mark":"nissan","value":"note___","text":"Note (2016+)"},{"mark":"nissan","value":"note__e11_","text":"Note (E11) (2006+)"},{"mark":"nissan","value":"note__e12_","text":"Note (E12) (2013+)"},{"mark":"nissan","value":"np300___","text":"Np300 (2001+)"},{"mark":"nissan","value":"nt500___","text":"Nt500 (2014+)"},{"mark":"nissan","value":"nv_passenger___","text":"NV Passenger (2014+)"},{"mark":"nissan","value":"nv1500___","text":"NV1500 (2014+)"},{"mark":"nissan","value":"nv200___","text":"Nv200 (2009+)"},{"mark":"nissan","value":"nv2500hd___","text":"NV2500HD (2014+)"},{"mark":"nissan","value":"nv300___","text":"Nv300 (2016+)"},{"mark":"nissan","value":"nv400___","text":"Nv400 (2010+)"},{"mark":"nissan","value":"pathfinder__r51_","text":"Pathfinder (R51) (2005+)"},{"mark":"nissan","value":"pathfinder__r52_","text":"Pathfinder (R52) (2013+)"},{"mark":"nissan","value":"patrol__y61_","text":"Patrol (Y61) (2002+)"},{"mark":"nissan","value":"patrol__y62_","text":"Patrol (Y62) (2010+)"},{"mark":"nissan","value":"presage___","text":"Presage (2000+)"},{"mark":"nissan","value":"primastar___","text":"Primastar (2001+)"},{"mark":"nissan","value":"primera__p12_","text":"Primera (P12) (0+)"},{"mark":"nissan","value":"pulsar__b17_","text":"Pulsar (B17) (2014+)"},{"mark":"nissan","value":"pulsar__c13_","text":"Pulsar (C13) (2015+)"},{"mark":"nissan","value":"qashqai___","text":"Qashqai (2010+)"},{"mark":"nissan","value":"qashqai__j10_","text":"Qashqai (J10) (2007+)"},{"mark":"nissan","value":"qashqai__j11_","text":"Qashqai (J11) (2013+)"},{"mark":"nissan","value":"quest__re52_","text":"Quest (RE52) (2015+)"},{"mark":"nissan","value":"rogue___","text":"Rogue (2016+)"},{"mark":"nissan","value":"rogue_sport___","text":"Rogue Sport (2017+)"},{"mark":"nissan","value":"sentra__b16_","text":"Sentra (B16) (2007+)"},{"mark":"nissan","value":"sentra__b17_","text":"Sentra (B17) (2017+)"},{"mark":"nissan","value":"serena__c26_","text":"Serena (C26) (2013+)"},{"mark":"nissan","value":"serena__c27_","text":"Serena (C27) (2016+)"},{"mark":"nissan","value":"sylphy__b17_","text":"Sylphy (B17) (2015+)"},{"mark":"nissan","value":"teana__j31_","text":"Teana (J31) (2004+)"},{"mark":"nissan","value":"teana__j32_","text":"Teana (J32) (2009+)"},{"mark":"nissan","value":"teana__l33_","text":"Teana (L33) (2013+)"},{"mark":"nissan","value":"terra__d23_","text":"Terra (D23) (2018+)"},{"mark":"nissan","value":"terrano__r20_","text":"Terrano (R20) (2000+)"},{"mark":"nissan","value":"tiida__c12_","text":"Tiida (C12) (2012+)"},{"mark":"nissan","value":"titan_xd__h61_","text":"Titan XD (H61) (2016+)"},{"mark":"nissan","value":"x-trail__t30_","text":"X-Trail (T30) (2001+)"},{"mark":"nissan","value":"x-trail__t31_","text":"X-Trail (T31) (2007+)"},{"mark":"nissan","value":"x-trail__t32_","text":"X-Trail (T32) (2013+)"}]