[{"mark":"opel","value":"adam___","text":"Adam (2012+)"},{"mark":"opel","value":"agila__a_","text":"Agila (A) (2000+)"},{"mark":"opel","value":"agila__b_","text":"Agila (B) (2007+)"},{"mark":"opel","value":"antara__a_","text":"Antara (A) (2006+)"},{"mark":"opel","value":"astra__f_","text":"Astra (F) (1997+)"},{"mark":"opel","value":"astra__g_","text":"Astra (G) (1998+)"},{"mark":"opel","value":"astra__h_","text":"Astra (H) (2004+)"},{"mark":"opel","value":"astra__j_","text":"Astra (J) (2009+)"},{"mark":"opel","value":"astra__k_","text":"Astra (K) (2015+)"},{"mark":"opel","value":"astra_gtc__j_","text":"Astra GTC (J) (2016+)"},{"mark":"opel","value":"cabrio___","text":"Cabrio (2013+)"},{"mark":"opel","value":"cascada___","text":"Cascada (2013+)"},{"mark":"opel","value":"combo__c_","text":"Combo (C) (2001+)"},{"mark":"opel","value":"combo__d_","text":"Combo (D) (2012+)"},{"mark":"opel","value":"combo__e_","text":"Combo (E) (2018+)"},{"mark":"opel","value":"combo_cargo___","text":"Combo Cargo (2019+)"},{"mark":"opel","value":"combo_life___","text":"Combo Life (2019+)"},{"mark":"opel","value":"corsa__b_","text":"Corsa (B) (1994+)"},{"mark":"opel","value":"corsa__c_","text":"Corsa (C) (2000+)"},{"mark":"opel","value":"corsa__d_","text":"Corsa (D) (2006+)"},{"mark":"opel","value":"corsa__e_","text":"Corsa (E) (2014+)"},{"mark":"opel","value":"corsa__f_","text":"Corsa (F) (2019+)"},{"mark":"opel","value":"crossland_x___","text":"Crossland X (2017+)"},{"mark":"opel","value":"frontera__b_","text":"Frontera (B) (1999+)"},{"mark":"opel","value":"grandland_x___","text":"Grandland X (2017+)"},{"mark":"opel","value":"gt___","text":"Gt (2007+)"},{"mark":"opel","value":"insignia___","text":"Insignia (2016+)"},{"mark":"opel","value":"insignia__35_","text":"Insignia (35) (2008+)"},{"mark":"opel","value":"insignia__68_","text":"Insignia (68) (2008+)"},{"mark":"opel","value":"insignia__69_","text":"Insignia (69) (2008+)"},{"mark":"opel","value":"insignia__b_","text":"Insignia (B) (2017+)"},{"mark":"opel","value":"insignia__z18_","text":"Insignia (Z18) (2018+)"},{"mark":"opel","value":"karl___","text":"Karl (2016+)"},{"mark":"opel","value":"meriva__a_","text":"Meriva (A) (2003+)"},{"mark":"opel","value":"meriva__b_","text":"Meriva (B) (2010+)"},{"mark":"opel","value":"mokka___","text":"Mokka (2012+)"},{"mark":"opel","value":"mokka_x__j3_","text":"Mokka X (J3) (2016+)"},{"mark":"opel","value":"movano__a_","text":"Movano (A) (2000+)"},{"mark":"opel","value":"movano__b_","text":"Movano (B) (2010+)"},{"mark":"opel","value":"movano_combi__b_","text":"Movano Combi (B) (2017+)"},{"mark":"opel","value":"omega__b_","text":"Omega (B) (1997+)"},{"mark":"opel","value":"signum___","text":"Signum (2002+)"},{"mark":"opel","value":"sintra___","text":"Sintra (1998+)"},{"mark":"opel","value":"speedster___","text":"Speedster (2001+)"},{"mark":"opel","value":"tigra__a_","text":"Tigra (A) (1994+)"},{"mark":"opel","value":"tigra_twintop__b_","text":"Tigra Twintop (B) (2005+)"},{"mark":"opel","value":"vectra__b_","text":"Vectra (B) (1995+)"},{"mark":"opel","value":"vectra__c_","text":"Vectra (C) (2002+)"},{"mark":"opel","value":"vita__b_","text":"Vita (B) (1994+)"},{"mark":"opel","value":"vita__c_","text":"Vita (C) (2000+)"},{"mark":"opel","value":"vivaro__a_","text":"Vivaro (A) (2001+)"},{"mark":"opel","value":"vivaro__b_","text":"Vivaro (B) (2014+)"},{"mark":"opel","value":"vivaro__c_","text":"Vivaro (C) (2019+)"},{"mark":"opel","value":"vivaro_combi__c_","text":"Vivaro Combi (C) (2019+)"},{"mark":"opel","value":"zafira__a_","text":"Zafira (A) (1999+)"},{"mark":"opel","value":"zafira__b_","text":"Zafira (B) (2005+)"},{"mark":"opel","value":"zafira__c_","text":"Zafira (C) (2011+)"},{"mark":"opel","value":"zafira_life___","text":"Zafira Life (2019+)"},{"mark":"opel","value":"zafira_tourer___","text":"Zafira Tourer (2011+)"}]