[{"mark":"peugeot","value":"1007__a08_","text":"1007 (A08) (2005+)"},{"mark":"peugeot","value":"106__s2_","text":"106 (S2) (1996+)"},{"mark":"peugeot","value":"107___","text":"107 (2005+)"},{"mark":"peugeot","value":"108__b3_","text":"108 (B3) (2014+)"},{"mark":"peugeot","value":"2008_(_1st)__","text":"2008 (2013+)"},{"mark":"peugeot","value":"2008_(_2nd)__","text":"2008 (2019+)"},{"mark":"peugeot","value":"2008__a94_","text":"2008 (A94) (2013+)"},{"mark":"peugeot","value":"206__t1_","text":"206 (T1) (1998+)"},{"mark":"peugeot","value":"206_plus__t3e_","text":"206 Plus (T3E) (2009+)"},{"mark":"peugeot","value":"207___","text":"207 (2006+)"},{"mark":"peugeot","value":"208_(_1st)__","text":"208 (2012+)"},{"mark":"peugeot","value":"208_(_2nd)__","text":"208 (2019+)"},{"mark":"peugeot","value":"3008_(_2nd)__","text":"3008 (2016+)"},{"mark":"peugeot","value":"3008__t8_","text":"3008 (T8) (2009+)"},{"mark":"peugeot","value":"301___","text":"301 (2012+)"},{"mark":"peugeot","value":"306___","text":"306 (1999+)"},{"mark":"peugeot","value":"307___","text":"307 (2000+)"},{"mark":"peugeot","value":"308___","text":"308 (2015+)"},{"mark":"peugeot","value":"308__t7_","text":"308 (T7) (2007+)"},{"mark":"peugeot","value":"308__t9_","text":"308 (T9) (2013+)"},{"mark":"peugeot","value":"4007___","text":"4007 (2007+)"},{"mark":"peugeot","value":"4008___","text":"4008 (2012+)"},{"mark":"peugeot","value":"406___","text":"406 (2000+)"},{"mark":"peugeot","value":"407___","text":"407 (2004+)"},{"mark":"peugeot","value":"407__d2_","text":"407 (D2) (2004+)"},{"mark":"peugeot","value":"5008_(_1st)_t8_","text":"5008 (T8) (2009+)"},{"mark":"peugeot","value":"5008_(_2nd)_t87_","text":"5008 (T87) (2017+)"},{"mark":"peugeot","value":"508_(_2nd)__","text":"508 (2018+)"},{"mark":"peugeot","value":"508__w2_","text":"508 (W2) (2009+)"},{"mark":"peugeot","value":"508_sw_( 2nd)__","text":"508 SW (2018+)"},{"mark":"peugeot","value":"607___","text":"607 (2000+)"},{"mark":"peugeot","value":"607__z9_","text":"607 (Z9) (2004+)"},{"mark":"peugeot","value":"806___","text":"806 (1999+)"},{"mark":"peugeot","value":"807___","text":"807 (2002+)"},{"mark":"peugeot","value":"bipper___","text":"Bipper (2005+)"},{"mark":"peugeot","value":"boxer_(_2nd)__","text":"Boxer (2011+)"},{"mark":"peugeot","value":"boxer___","text":"Boxer (2000+)"},{"mark":"peugeot","value":"expert_(_1st)__","text":"Expert (2000+)"},{"mark":"peugeot","value":"expert_(_2nd)__","text":"Expert (2007+)"},{"mark":"peugeot","value":"expert_(_3rd)__","text":"Expert (2018+)"},{"mark":"peugeot","value":"partner_(_1st)__","text":"Partner (1999+)"},{"mark":"peugeot","value":"partner_(_2nd)__","text":"Partner (2008+)"},{"mark":"peugeot","value":"partner_(_3rd)__","text":"Partner (2018+)"},{"mark":"peugeot","value":"ranch___","text":"Ranch (2000+)"},{"mark":"peugeot","value":"rcz__t75_","text":"Rcz (T75) (2010+)"},{"mark":"peugeot","value":"rifter___","text":"Rifter (2018+)"},{"mark":"peugeot","value":"traveller___","text":"Traveller (2018+)"}]