[{"mark":"porsche","value":"718_boxster__982_","text":"718 Boxster (982) (2016+)"},{"mark":"porsche","value":"718_boxster s__982_","text":"718 Boxster S (982) (2016+)"},{"mark":"porsche","value":"718_cayman__982c_","text":"718 Cayman (982C) (2016+)"},{"mark":"porsche","value":"718_cayman s__982c_","text":"718 Cayman S (982C) (2016+)"},{"mark":"porsche","value":"911_carrera__991.1_","text":"911 Carrera (991.1) (2011+)"},{"mark":"porsche","value":"911_carrera__991.2_","text":"911 Carrera (991.2) (2016+)"},{"mark":"porsche","value":"911_carrera__996_","text":"911 Carrera (996) (1997+)"},{"mark":"porsche","value":"911_carrera__997.1_","text":"911 Carrera (997.1) (2005+)"},{"mark":"porsche","value":"911_carrera__997.2_","text":"911 Carrera (997.2) (2009+)"},{"mark":"porsche","value":"911_carrera 4__991.1_","text":"911 Carrera 4 (991.1) (2012+)"},{"mark":"porsche","value":"911_carrera 4__991.2_","text":"911 Carrera 4 (991.2) (2016+)"},{"mark":"porsche","value":"911_carrera 4__993_","text":"911 Carrera 4 (993) (1995+)"},{"mark":"porsche","value":"911_carrera 4__996_","text":"911 Carrera 4 (996) (1998+)"},{"mark":"porsche","value":"911_carrera 4__997.1_","text":"911 Carrera 4 (997.1) (2005+)"},{"mark":"porsche","value":"911_carrera 4__997.2_","text":"911 Carrera 4 (997.2) (2009+)"},{"mark":"porsche","value":"911_carrera 4 cabriolet__991.1_","text":"911 Carrera 4 Cabriolet (991.1) (2012+)"},{"mark":"porsche","value":"911_carrera 4 cabriolet__991.2_","text":"911 Carrera 4 Cabriolet (991.2) (2016+)"},{"mark":"porsche","value":"911_carrera 4 cabriolet__996_","text":"911 Carrera 4 Cabriolet (996) (1998+)"},{"mark":"porsche","value":"911_carrera 4 cabriolet__997.1_","text":"911 Carrera 4 Cabriolet (997.1) (2005+)"},{"mark":"porsche","value":"911_carrera 4 cabriolet__997.2_","text":"911 Carrera 4 Cabriolet (997.2) (2009+)"},{"mark":"porsche","value":"911_carrera 4 gts__991.1_","text":"911 Carrera 4 GTs (991.1) (2012+)"},{"mark":"porsche","value":"911_carrera 4 gts cabriolet__991.1_","text":"911 Carrera 4 GTs Cabriolet (991.1) (2012+)"},{"mark":"porsche","value":"911_carrera 4s__991.1_","text":"911 Carrera 4S (991.1) (2012+)"},{"mark":"porsche","value":"911_carrera 4s__991.2_","text":"911 Carrera 4S (991.2) (2016+)"},{"mark":"porsche","value":"911_carrera 4s__996_","text":"911 Carrera 4S (996) (2001+)"},{"mark":"porsche","value":"911_carrera 4s__997.1_","text":"911 Carrera 4S (997.1) (2006+)"},{"mark":"porsche","value":"911_carrera 4s__997.2_","text":"911 Carrera 4S (997.2) (2009+)"},{"mark":"porsche","value":"911_carrera 4s cabriolet__991.1_","text":"911 Carrera 4S Cabriolet (991.1) (2012+)"},{"mark":"porsche","value":"911_carrera 4s cabriolet__991.2_","text":"911 Carrera 4S Cabriolet (991.2) (2016+)"},{"mark":"porsche","value":"911_carrera 4s cabriolet__996_","text":"911 Carrera 4S Cabriolet (996) (2003+)"},{"mark":"porsche","value":"911_carrera 4s cabriolet__997.1_","text":"911 Carrera 4S Cabriolet (997.1) (2006+)"},{"mark":"porsche","value":"911_carrera 4s cabriolet__997.2_","text":"911 Carrera 4S Cabriolet (997.2) (2009+)"},{"mark":"porsche","value":"911_carrera cabriolet__991.1_","text":"911 Carrera Cabriolet (991.1) (2012+)"},{"mark":"porsche","value":"911_carrera cabriolet__991.2_","text":"911 Carrera Cabriolet (991.2) (2016+)"},{"mark":"porsche","value":"911_carrera cabriolet__996_","text":"911 Carrera Cabriolet (996) (1998+)"},{"mark":"porsche","value":"911_carrera cabriolet__997.1_","text":"911 Carrera Cabriolet (997.1) (2005+)"},{"mark":"porsche","value":"911_carrera cabriolet__997.2_","text":"911 Carrera Cabriolet (997.2) (2009+)"},{"mark":"porsche","value":"911_carrera gts__991.1_","text":"911 Carrera GTs (991.1) (2012+)"},{"mark":"porsche","value":"911_carrera gts__997.2_","text":"911 Carrera GTs (997.2) (2010+)"},{"mark":"porsche","value":"911_carrera gts cabriolet__991.1_","text":"911 Carrera GTs Cabriolet (991.1) (2012+)"},{"mark":"porsche","value":"911_carrera gts cabriolet__997.2_","text":"911 Carrera GTs Cabriolet (997.2) (2010+)"},{"mark":"porsche","value":"911_carrera s__991.1_","text":"911 Carrera S (991.1) (2012+)"},{"mark":"porsche","value":"911_carrera s__991.2_","text":"911 Carrera S (991.2) (2016+)"},{"mark":"porsche","value":"911_carrera s__997.1_","text":"911 Carrera S (997.1) (2004+)"},{"mark":"porsche","value":"911_carrera s__997.2_","text":"911 Carrera S (997.2) (2009+)"},{"mark":"porsche","value":"911_carrera s cabriolet__991.1_","text":"911 Carrera S Cabriolet (991.1) (2012+)"},{"mark":"porsche","value":"911_carrera s cabriolet__991.2_","text":"911 Carrera S Cabriolet (991.2) (2016+)"},{"mark":"porsche","value":"911_carrera s cabriolet__997.1_","text":"911 Carrera S Cabriolet (997.1) (2005+)"},{"mark":"porsche","value":"911_carrera s cabriolet__997.2_","text":"911 Carrera S Cabriolet (997.2) (2009+)"},{"mark":"porsche","value":"911_carrera targa__996_","text":"911 Carrera Targa (996) (2002+)"},{"mark":"porsche","value":"911_carrera targa 4__991.1_","text":"911 Carrera Targa 4 (991.1) (2014+)"},{"mark":"porsche","value":"911_carrera targa 4__997.1_","text":"911 Carrera Targa 4 (997.1) (2006+)"},{"mark":"porsche","value":"911_carrera targa 4__997.2_","text":"911 Carrera Targa 4 (997.2) (2009+)"},{"mark":"porsche","value":"911_carrera targa 4s__991.1_","text":"911 Carrera Targa 4S (991.1) (2014+)"},{"mark":"porsche","value":"911_carrera targa 4s__991.2_","text":"911 Carrera Targa 4S (991.2) (2016+)"},{"mark":"porsche","value":"911_carrera targa 4s__997.1_","text":"911 Carrera Targa 4S (997.1) (2006+)"},{"mark":"porsche","value":"911_carrera targa 4s__997.2_","text":"911 Carrera Targa 4S (997.2) (2009+)"},{"mark":"porsche","value":"911_carrera targa cabriolet__996_","text":"911 Carrera Targa Cabriolet (996) (2002+)"},{"mark":"porsche","value":"911_gt2__993_","text":"911 GT2 (993) (1995+)"},{"mark":"porsche","value":"911_gt2__996_","text":"911 GT2 (996) (2001+)"},{"mark":"porsche","value":"911_gt2__997.1_","text":"911 GT2 (997.1) (2007+)"},{"mark":"porsche","value":"911_gt2 rs__997.2_","text":"911 GT2 RS (997.2) (2010+)"},{"mark":"porsche","value":"911_gt3 __991.1_","text":"911 GT3  (991.1) (2013+)"},{"mark":"porsche","value":"911_gt3 __996_","text":"911 GT3  (996) (2000+)"},{"mark":"porsche","value":"911_gt3 __997.1_","text":"911 GT3  (997.1) (2006+)"},{"mark":"porsche","value":"911_gt3 __997.2_","text":"911 GT3  (997.2) (2009+)"},{"mark":"porsche","value":"911_gt3 rs __991.2_","text":"911 GT3 RS  (991.2) (2016+)"},{"mark":"porsche","value":"911_gt3 rs __996_","text":"911 GT3 RS  (996) (2003+)"},{"mark":"porsche","value":"911_gt3 rs __997.2_","text":"911 GT3 RS  (997.2) (2010+)"},{"mark":"porsche","value":"911_speedster__997.1_","text":"911 Speedster (997.1) (2005+)"},{"mark":"porsche","value":"911_speedster cabriolet__997.2_","text":"911 Speedster Cabriolet (997.2) (2010+)"},{"mark":"porsche","value":"911_sport classic__997.2_","text":"911 Sport Classic (997.2) (2009+)"},{"mark":"porsche","value":"911_targa__993_","text":"911 Targa (993) (1995+)"},{"mark":"porsche","value":"911_targa 4__991.2_","text":"911 Targa 4 (991.2) (2016+)"},{"mark":"porsche","value":"911_targa 4__993_","text":"911 Targa 4 (993) (1995+)"},{"mark":"porsche","value":"911_targa 4 gts__991.1_","text":"911 Targa 4 GTS (991.1) (2014+)"},{"mark":"porsche","value":"911_turbo __991.1_","text":"911 Turbo  (991.1) (2013+)"},{"mark":"porsche","value":"911_turbo __991.2_","text":"911 Turbo  (991.2) (2016+)"},{"mark":"porsche","value":"911_turbo __993_","text":"911 Turbo  (993) (1995+)"},{"mark":"porsche","value":"911_turbo __997.1_","text":"911 Turbo  (997.1) (2006+)"},{"mark":"porsche","value":"911_turbo __997.2_","text":"911 Turbo  (997.2) (2009+)"},{"mark":"porsche","value":"911_turbo 4__996_","text":"911 Turbo 4 (996) (2001+)"},{"mark":"porsche","value":"911_turbo cabriolet__991.1_","text":"911 Turbo Cabriolet (991.1) (2013+)"},{"mark":"porsche","value":"911_turbo cabriolet__991.2_","text":"911 Turbo Cabriolet (991.2) (2016+)"},{"mark":"porsche","value":"911_turbo cabriolet__996_","text":"911 Turbo Cabriolet (996) (2004+)"},{"mark":"porsche","value":"911_turbo cabriolet__997.1_","text":"911 Turbo Cabriolet (997.1) (2007+)"},{"mark":"porsche","value":"911_turbo cabriolet__997.2_","text":"911 Turbo Cabriolet (997.2) (2009+)"},{"mark":"porsche","value":"911_turbo s__991.1_","text":"911 Turbo S (991.1) (2013+)"},{"mark":"porsche","value":"911_turbo s__991.2_","text":"911 Turbo S (991.2) (2016+)"},{"mark":"porsche","value":"911_turbo s__993_","text":"911 Turbo S (993) (1996+)"},{"mark":"porsche","value":"911_turbo s__996_","text":"911 Turbo S (996) (2004+)"},{"mark":"porsche","value":"911_turbo s__997.2_","text":"911 Turbo S (997.2) (2010+)"},{"mark":"porsche","value":"911_turbo s cabriolet__991.1_","text":"911 Turbo S Cabriolet (991.1) (2013+)"},{"mark":"porsche","value":"911_turbo s cabriolet__991.2_","text":"911 Turbo S Cabriolet (991.2) (2016+)"},{"mark":"porsche","value":"911_turbo s cabriolet__996_","text":"911 Turbo S Cabriolet (996) (2004+)"},{"mark":"porsche","value":"911_turbo s cabriolet__997.2_","text":"911 Turbo S Cabriolet (997.2) (2010+)"},{"mark":"porsche","value":"918_spyder___","text":"918 Spyder (2014+)"},{"mark":"porsche","value":"boxster__981_","text":"Boxster (981) (2012+)"},{"mark":"porsche","value":"boxster__986_","text":"Boxster (986) (1996+)"},{"mark":"porsche","value":"boxster__987_","text":"Boxster (987) (2004+)"},{"mark":"porsche","value":"boxster_black edition__981_","text":"Boxster Black Edition (981) (2015+)"},{"mark":"porsche","value":"boxster_gts__981_","text":"Boxster GTS (981) (2014+)"},{"mark":"porsche","value":"boxster_rs 60 spyder__987_","text":"Boxster RS 60 Spyder (987) (2007+)"},{"mark":"porsche","value":"boxster_s__981_","text":"Boxster S (981) (2012+)"},{"mark":"porsche","value":"boxster_s__986_","text":"Boxster S (986) (1999+)"},{"mark":"porsche","value":"boxster_s__987_","text":"Boxster S (987) (2004+)"},{"mark":"porsche","value":"boxster_s 550 spyder__986_","text":"Boxster S 550 Spyder (986) (2004+)"},{"mark":"porsche","value":"boxster_spyder__981_","text":"Boxster Spyder (981) (2015+)"},{"mark":"porsche","value":"boxster_spyder__987_","text":"Boxster Spyder (987) (2010+)"},{"mark":"porsche","value":"carrera_gt__980_","text":"Carrera GT (980) (2003+)"},{"mark":"porsche","value":"cayenne__92a_","text":"Cayenne (92A) (2010+)"},{"mark":"porsche","value":"cayenne__955_","text":"Cayenne (955) (2003+)"},{"mark":"porsche","value":"cayenne__957_","text":"Cayenne (957) (2007+)"},{"mark":"porsche","value":"cayenne__958_","text":"Cayenne (958) (2010+)"},{"mark":"porsche","value":"cayenne__po536_","text":"Cayenne (PO536) (2016+)"},{"mark":"porsche","value":"cayenne_diesel__957_","text":"Cayenne Diesel (957) (2009+)"},{"mark":"porsche","value":"cayenne_diesel__958_","text":"Cayenne Diesel (958) (2010+)"},{"mark":"porsche","value":"cayenne_e-hybrid__958_","text":"Cayenne E-Hybrid (958) (2014+)"},{"mark":"porsche","value":"cayenne_gts__957_","text":"Cayenne GTS (957) (2007+)"},{"mark":"porsche","value":"cayenne_gts__958_","text":"Cayenne GTS (958) (2012+)"},{"mark":"porsche","value":"cayenne_s__955_","text":"Cayenne S (955) (2002+)"},{"mark":"porsche","value":"cayenne_s__957_","text":"Cayenne S (957) (2007+)"},{"mark":"porsche","value":"cayenne_s__958_","text":"Cayenne S (958) (2010+)"},{"mark":"porsche","value":"cayenne_s__po536_","text":"Cayenne S (PO536) (2018+)"},{"mark":"porsche","value":"cayenne_s diesel__958_","text":"Cayenne S Diesel (958) (2013+)"},{"mark":"porsche","value":"cayenne_s hybrid__958_","text":"Cayenne S Hybrid (958) (2010+)"},{"mark":"porsche","value":"cayenne_turbo__955_","text":"Cayenne Turbo (955) (2002+)"},{"mark":"porsche","value":"cayenne_turbo__957_","text":"Cayenne Turbo (957) (2007+)"},{"mark":"porsche","value":"cayenne_turbo__958_","text":"Cayenne Turbo (958) (2010+)"},{"mark":"porsche","value":"cayenne_turbo s__955_","text":"Cayenne Turbo S (955) (2006+)"},{"mark":"porsche","value":"cayenne_turbo s__957_","text":"Cayenne Turbo S (957) (2007+)"},{"mark":"porsche","value":"cayenne_turbo s__958_","text":"Cayenne Turbo S (958) (2013+)"},{"mark":"porsche","value":"cayman__981c_","text":"Cayman (981C) (2013+)"},{"mark":"porsche","value":"cayman__987c_","text":"Cayman (987C) (2006+)"},{"mark":"porsche","value":"cayman_gt4__981c_","text":"Cayman GT4 (981C) (2015+)"},{"mark":"porsche","value":"cayman_gts__981c_","text":"Cayman GTS (981C) (2014+)"},{"mark":"porsche","value":"cayman_r__987c_","text":"Cayman R (987C) (2010+)"},{"mark":"porsche","value":"cayman_s__981c_","text":"Cayman S (981C) (2013+)"},{"mark":"porsche","value":"cayman_s__987c_","text":"Cayman S (987C) (2005+)"},{"mark":"porsche","value":"macan__95b_","text":"Macan (95B) (2014+)"},{"mark":"porsche","value":"macan_gts__95b_","text":"Macan GTS (95B) (2015+)"},{"mark":"porsche","value":"macan_s__95b_","text":"Macan S (95B) (2014+)"},{"mark":"porsche","value":"macan_s diesel__95b_","text":"Macan S Diesel (95B) (2014+)"},{"mark":"porsche","value":"macan_turbo__95b_","text":"Macan Turbo (95B) (2014+)"},{"mark":"porsche","value":"panamera__970_","text":"Panamera (970) (2010+)"},{"mark":"porsche","value":"panamera_4__970_","text":"Panamera 4 (970) (2010+)"},{"mark":"porsche","value":"panamera_4__971_","text":"Panamera 4 (971) (2018+)"},{"mark":"porsche","value":"panamera_4s__970_","text":"Panamera 4S (970) (2009+)"},{"mark":"porsche","value":"panamera_4s__971_","text":"Panamera 4S (971) (2018+)"},{"mark":"porsche","value":"panamera_4s diesel__971_","text":"Panamera 4S Diesel (971) (2016+)"},{"mark":"porsche","value":"panamera_diesel__970_","text":"Panamera Diesel (970) (2011+)"},{"mark":"porsche","value":"panamera_gts__970_","text":"Panamera GTS (970) (2012+)"},{"mark":"porsche","value":"panamera_gts__971_","text":"Panamera GTS (971) (2019+)"},{"mark":"porsche","value":"panamera_s__970_","text":"Panamera S (970) (2009+)"},{"mark":"porsche","value":"panamera_s e-hybrid__970_","text":"Panamera S E-Hybrid (970) (2013+)"},{"mark":"porsche","value":"panamera_s hybrid__970_","text":"Panamera S Hybrid (970) (2011+)"},{"mark":"porsche","value":"panamera_turbo__970_","text":"Panamera Turbo (970) (2009+)"},{"mark":"porsche","value":"panamera_turbo__971_","text":"Panamera Turbo (971) (2016+)"},{"mark":"porsche","value":"panamera_turbo s__970_","text":"Panamera Turbo S (970) (2011+)"},{"mark":"porsche","value":"panamera_turbo s__971_","text":"Panamera Turbo S (971) (2017+)"}]