[{"mark":"renault","value":"alaskan___","text":"Alaskan (2016+)"},{"mark":"renault","value":"avantime___","text":"Avantime (2002+)"},{"mark":"renault","value":"captur_(_2nd)__","text":"Captur (2019+)"},{"mark":"renault","value":"captur___","text":"Captur (2013+)"},{"mark":"renault","value":"clio_(_2nd)__","text":"Clio (2001+)"},{"mark":"renault","value":"clio_(_3rd)__","text":"Clio (2005+)"},{"mark":"renault","value":"clio_(_4th)__","text":"Clio (2012+)"},{"mark":"renault","value":"clio_(_5th)__","text":"Clio (2019+)"},{"mark":"renault","value":"clio_campus_( 2nd)__","text":"Clio Campus (2006+)"},{"mark":"renault","value":"clio_campus evolution_( 2nd)__","text":"Clio Campus Evolution (2009+)"},{"mark":"renault","value":"clio_gt_( 3rd)__","text":"Clio GT (2009+)"},{"mark":"renault","value":"clio_gt_( 4th)__","text":"Clio GT (2013+)"},{"mark":"renault","value":"clio_mio_( 2nd)__","text":"Clio Mio (2013+)"},{"mark":"renault","value":"clio_rs_( 2nd)__","text":"Clio RS (2003+)"},{"mark":"renault","value":"clio_rs_( 3rd)__","text":"Clio RS (2006+)"},{"mark":"renault","value":"clio_rs_( 4th)__","text":"Clio RS (2013+)"},{"mark":"renault","value":"duster___","text":"Duster (2010+)"},{"mark":"renault","value":"espace_(_3rd)__","text":"Espace (2000+)"},{"mark":"renault","value":"espace_(_4th)__","text":"Espace (2002+)"},{"mark":"renault","value":"espace_(_5th)__","text":"Espace (2015+)"},{"mark":"renault","value":"fluence_(_1st)__","text":"Fluence (2009+)"},{"mark":"renault","value":"fluence_(_2nd)__","text":"Fluence (2013+)"},{"mark":"renault","value":"fluence_gt_( 1st)__","text":"Fluence GT (2012+)"},{"mark":"renault","value":"grand_kangoo_( 2nd)__","text":"Grand Kangoo (2012+)"},{"mark":"renault","value":"grand_modus___","text":"Grand Modus (2008+)"},{"mark":"renault","value":"grand_scenic_( 2nd)__","text":"Grand Scenic (2004+)"},{"mark":"renault","value":"grand_scenic_( 3rd)__","text":"Grand Scenic (2009+)"},{"mark":"renault","value":"grand_scenic_( 4th)__","text":"Grand Scenic (2016+)"},{"mark":"renault","value":"grand_scenic___","text":"Grand Scenic (2009+)"},{"mark":"renault","value":"kadjar___","text":"Kadjar (2015+)"},{"mark":"renault","value":"kangoo_(_1st)__","text":"Kangoo (2000+)"},{"mark":"renault","value":"kangoo_(_2nd)__","text":"Kangoo (2008+)"},{"mark":"renault","value":"kangoo_be bop_( 2nd)__","text":"Kangoo be bop (2009+)"},{"mark":"renault","value":"kangoo_campus_( 1st)__","text":"Kangoo Campus (2008+)"},{"mark":"renault","value":"koleos_(_1st)__","text":"Koleos (2008+)"},{"mark":"renault","value":"koleos_(_2nd)__","text":"Koleos (2017+)"},{"mark":"renault","value":"kubistar___","text":"Kubistar (2002+)"},{"mark":"renault","value":"kwid___","text":"Kwid (2015+)"},{"mark":"renault","value":"laguna_(_2nd)__","text":"Laguna (2001+)"},{"mark":"renault","value":"laguna_(_3rd)__","text":"Laguna (2007+)"},{"mark":"renault","value":"logan___","text":"Logan (2004+)"},{"mark":"renault","value":"mascott___","text":"Mascott (2004+)"},{"mark":"renault","value":"master_(_2nd)__","text":"Master (2003+)"},{"mark":"renault","value":"master_(_3rd)__","text":"Master (2010+)"},{"mark":"renault","value":"megane_(_1st)__","text":"Megane (1999+)"},{"mark":"renault","value":"megane_(_2nd)__","text":"Megane (2002+)"},{"mark":"renault","value":"megane_(_3rd)__","text":"Megane (2008+)"},{"mark":"renault","value":"megane_(_4th)__","text":"Megane (2016+)"},{"mark":"renault","value":"megane_grand coup?_( 4th)__","text":"Megane Grand Coup? (2018+)"},{"mark":"renault","value":"megane_gt_( 3rd)__","text":"Megane GT (2012+)"},{"mark":"renault","value":"megane_gt_( 4th)__","text":"Megane GT (2016+)"},{"mark":"renault","value":"megane_rs_( 2nd)__","text":"Megane RS (2004+)"},{"mark":"renault","value":"megane_rs_( 3rd)__","text":"Megane RS (2009+)"},{"mark":"renault","value":"megane_sporter_( 4th)__","text":"Megane Sporter (2018+)"},{"mark":"renault","value":"modus___","text":"Modus (2005+)"},{"mark":"renault","value":"primastar___","text":"Primastar (2006+)"},{"mark":"renault","value":"pulse___","text":"Pulse (2012+)"},{"mark":"renault","value":"safrane___","text":"Safrane (2009+)"},{"mark":"renault","value":"sandero___","text":"Sandero (2008+)"},{"mark":"renault","value":"sandero_stepway___","text":"Sandero Stepway (2009+)"},{"mark":"renault","value":"scenic_(_1st)__","text":"Scenic (1999+)"},{"mark":"renault","value":"scenic_(_2nd)__","text":"Scenic (2003+)"},{"mark":"renault","value":"scenic_(_3rd)__","text":"Scenic (2009+)"},{"mark":"renault","value":"scenic_(_4th)__","text":"Scenic (2016+)"},{"mark":"renault","value":"scenic_x-mod_( 3rd)__","text":"Scenic X-Mod (2013+)"},{"mark":"renault","value":"symbol_(_2nd)__","text":"Symbol (2006+)"},{"mark":"renault","value":"symbol_(_3rd)__","text":"Symbol (2012+)"},{"mark":"renault","value":"talisman___","text":"Talisman (2015+)"},{"mark":"renault","value":"talisman_sporter___","text":"Talisman Sporter (2018+)"},{"mark":"renault","value":"thalia___","text":"Thalia (0+)"},{"mark":"renault","value":"trafic_(_2nd)__","text":"Trafic (2001+)"},{"mark":"renault","value":"trafic_(_3rd)__","text":"Trafic (2014+)"},{"mark":"renault","value":"twingo_(_2nd)__","text":"Twingo (2007+)"},{"mark":"renault","value":"twingo_(_3rd)__","text":"Twingo (2014+)"},{"mark":"renault","value":"vel_satis_( 1st)__","text":"Vel Satis (2002+)"},{"mark":"renault","value":"vel_satis_( 2nd)__","text":"Vel Satis (2005+)"},{"mark":"renault","value":"wind___","text":"Wind (2010+)"}]