[{"mark":"seat","value":"alhambra__710_","text":"Alhambra (710) (2010+)"},{"mark":"seat","value":"alhambra__711_","text":"Alhambra (711) (2015+)"},{"mark":"seat","value":"alhambra__7v8_","text":"Alhambra (7V8) (1998+)"},{"mark":"seat","value":"alhambra__7v9_","text":"Alhambra (7V9) (2000+)"},{"mark":"seat","value":"altea__5p1_","text":"Altea (5P1) (2004+)"},{"mark":"seat","value":"altea_freetrack__5p5_","text":"Altea Freetrack (5P5) (2007+)"},{"mark":"seat","value":"altea_xl__5p5_","text":"Altea XL (5P5) (2005+)"},{"mark":"seat","value":"arona___","text":"Arona (2017+)"},{"mark":"seat","value":"arosa__6h1_","text":"Arosa (6H1) (1997+)"},{"mark":"seat","value":"ateca__kh7_","text":"Ateca (KH7) (2016+)"},{"mark":"seat","value":"cordoba__6k2_","text":"Cordoba (6K2) (1995+)"},{"mark":"seat","value":"cordoba__6l2_","text":"Cordoba (6L2) (2001+)"},{"mark":"seat","value":"cordoba_cupra__6k2_","text":"Cordoba Cupra (6K2) (1999+)"},{"mark":"seat","value":"cordoba_vario__6k5_","text":"Cordoba Vario (6K5) (1997+)"},{"mark":"seat","value":"exeo__3r2_","text":"Exeo (3R2) (2008+)"},{"mark":"seat","value":"exeo_st__3r5_","text":"Exeo ST (3R5) (2008+)"},{"mark":"seat","value":"ibiza__6j_","text":"Ibiza (6J) (2007+)"},{"mark":"seat","value":"ibiza__6k1_","text":"Ibiza (6K1) (1996+)"},{"mark":"seat","value":"ibiza__6l1_","text":"Ibiza (6L1) (2000+)"},{"mark":"seat","value":"ibiza__6p_","text":"Ibiza (6P) (2014+)"},{"mark":"seat","value":"ibiza__kj_","text":"Ibiza (KJ) (2018+)"},{"mark":"seat","value":"ibiza_cupra__6k1_","text":"Ibiza Cupra (6K1) (1999+)"},{"mark":"seat","value":"ibiza_cupra r__6k1_","text":"Ibiza Cupra R (6K1) (2000+)"},{"mark":"seat","value":"ibiza_cupra r__6l1_","text":"Ibiza Cupra R (6L1) (2004+)"},{"mark":"seat","value":"ibiza_fr__6j_","text":"Ibiza FR (6J) (2009+)"},{"mark":"seat","value":"ibiza_fr__6l1_","text":"Ibiza FR (6L1) (2002+)"},{"mark":"seat","value":"ibiza_sc__6j_","text":"Ibiza SC (6J) (2007+)"},{"mark":"seat","value":"ibiza_sc__6p_","text":"Ibiza SC (6P) (2014+)"},{"mark":"seat","value":"ibiza_sc cupra __6j_","text":"Ibiza SC Cupra  (6J) (2009+)"},{"mark":"seat","value":"ibiza_st__6j8_","text":"Ibiza ST (6J8) (2008+)"},{"mark":"seat","value":"ibiza_st__6p8_","text":"Ibiza ST (6P8) (2014+)"},{"mark":"seat","value":"inca__6k9_","text":"Inca (6K9) (1996+)"},{"mark":"seat","value":"leon_(_4th) __","text":"Leon (2020+)"},{"mark":"seat","value":"leon__1m1_","text":"Leon (1M1) (1998+)"},{"mark":"seat","value":"leon__1p1_","text":"Leon (1P1) (2005+)"},{"mark":"seat","value":"leon__5f_","text":"Leon (5F) (2017+)"},{"mark":"seat","value":"leon__5f1_","text":"Leon (5F1) (2012+)"},{"mark":"seat","value":"leon_cupra__1m1_","text":"Leon Cupra (1M1) (2000+)"},{"mark":"seat","value":"leon_cupra__1p1_","text":"Leon Cupra (1P1) (2006+)"},{"mark":"seat","value":"leon_cupra__5f1_","text":"Leon Cupra (5F1) (2013+)"},{"mark":"seat","value":"leon_cupra r__1m1_","text":"Leon Cupra R (1M1) (2002+)"},{"mark":"seat","value":"leon_cupra r__1p1_","text":"Leon Cupra R (1P1) (2009+)"},{"mark":"seat","value":"leon_fr__1p1_","text":"Leon FR (1P1) (2006+)"},{"mark":"seat","value":"leon_sc_( 3rd) _5f5_","text":"Leon SC (5F5) (2016+)"},{"mark":"seat","value":"leon_sc__5f5_","text":"Leon SC (5F5) (2012+)"},{"mark":"seat","value":"leon_sc cupra__5f5_","text":"Leon SC Cupra (5F5) (2013+)"},{"mark":"seat","value":"leon_st_( 4th) __","text":"Leon ST (2020+)"},{"mark":"seat","value":"leon_st__5f8_","text":"Leon ST (5F8) (2012+)"},{"mark":"seat","value":"leon_st cupra__5f8_","text":"Leon ST Cupra (5F8) (2013+)"},{"mark":"seat","value":"mii__kf1_","text":"Mii (KF1) (2011+)"},{"mark":"seat","value":"tarraco___","text":"Tarraco (2018+)"},{"mark":"seat","value":"toledo__1m2_","text":"Toledo (1M2) (1998+)"},{"mark":"seat","value":"toledo__5p2_","text":"Toledo (5P2) (2004+)"},{"mark":"seat","value":"toledo__kg3_","text":"Toledo (KG3) (2012+)"}]