[{"mark":"skoda","value":"citigo__nf1_","text":"Citigo (NF1) (2011+)"},{"mark":"skoda","value":"citigo_g-tec__nf1_","text":"Citigo G-TEC (NF1) (2012+)"},{"mark":"skoda","value":"fabia__5j2_","text":"Fabia (5J2) (2006+)"},{"mark":"skoda","value":"fabia__6y2_","text":"Fabia (6Y2) (1999+)"},{"mark":"skoda","value":"fabia__6y3_","text":"Fabia (6Y3) (1999+)"},{"mark":"skoda","value":"fabia__nj3_","text":"Fabia (NJ3) (2012+)"},{"mark":"skoda","value":"fabia_combi__5j5_","text":"Fabia Combi (5J5) (2006+)"},{"mark":"skoda","value":"fabia_combi__6y5_","text":"Fabia Combi (6Y5) (1999+)"},{"mark":"skoda","value":"fabia_combi__nj5_","text":"Fabia Combi (NJ5) (2012+)"},{"mark":"skoda","value":"fabia_combi rs__5j5_","text":"Fabia Combi RS (5J5) (2009+)"},{"mark":"skoda","value":"fabia_rs__5j2_","text":"Fabia RS (5J2) (2009+)"},{"mark":"skoda","value":"fabia_rs__6y2_","text":"Fabia RS (6Y2) (2005+)"},{"mark":"skoda","value":"karoq___","text":"Karoq (2017+)"},{"mark":"skoda","value":"kodiaq__ns7_","text":"Kodiaq (NS7) (2017+)"},{"mark":"skoda","value":"octavia__1u2_","text":"Octavia (1U2) (1996+)"},{"mark":"skoda","value":"octavia__1z3_","text":"Octavia (1Z3) (2004+)"},{"mark":"skoda","value":"octavia__5e3_","text":"Octavia (5E3) (2012+)"},{"mark":"skoda","value":"octavia_combi__1u5_","text":"Octavia Combi (1U5) (1997+)"},{"mark":"skoda","value":"octavia_combi__1z5_","text":"Octavia Combi (1Z5) (2004+)"},{"mark":"skoda","value":"octavia_combi__5e5_","text":"Octavia Combi (5E5) (2012+)"},{"mark":"skoda","value":"octavia_combi rs__1u5_","text":"Octavia Combi RS (1U5) (2000+)"},{"mark":"skoda","value":"octavia_combi rs__1z5_","text":"Octavia Combi RS (1Z5) (2005+)"},{"mark":"skoda","value":"octavia_combi rs__5e5_","text":"Octavia Combi RS (5E5) (2013+)"},{"mark":"skoda","value":"octavia_rs__1u2_","text":"Octavia RS (1U2) (2000+)"},{"mark":"skoda","value":"octavia_rs__1z3_","text":"Octavia RS (1Z3) (2005+)"},{"mark":"skoda","value":"octavia_rs__5e3_","text":"Octavia RS (5E3) (2013+)"},{"mark":"skoda","value":"praktik__5j_","text":"Praktik (5J) (2007+)"},{"mark":"skoda","value":"rapid__nh3_","text":"Rapid (NH3) (2012+)"},{"mark":"skoda","value":"rapid_spaceback__nh1_","text":"Rapid Spaceback (NH1) (2012+)"},{"mark":"skoda","value":"roomster__5j_","text":"Roomster (5J) (2005+)"},{"mark":"skoda","value":"superb__3t4_","text":"Superb (3T4) (2007+)"},{"mark":"skoda","value":"superb__3u4_","text":"Superb (3U4) (2001+)"},{"mark":"skoda","value":"superb__3v3_","text":"Superb (3V3) (2015+)"},{"mark":"skoda","value":"superb_combi__3t5_","text":"Superb Combi (3T5) (2008+)"},{"mark":"skoda","value":"superb_combi__3v5_","text":"Superb Combi (3V5) (2015+)"},{"mark":"skoda","value":"yeti__5l_","text":"Yeti (5L) (2009+)"}]