[{"mark":"smart","value":"forfour__w453_","text":"Forfour (W453) (2014+)"},{"mark":"smart","value":"forfour__w454_","text":"Forfour (W454) (2004+)"},{"mark":"smart","value":"forfour_brabus__w453_","text":"Forfour Brabus (W453) (2016+)"},{"mark":"smart","value":"forfour_brabus__w454_","text":"Forfour Brabus (W454) (2005+)"},{"mark":"smart","value":"forfour_sportstyle__w454_","text":"Forfour Sportstyle (W454) (2004+)"},{"mark":"smart","value":"fortwo__w450_","text":"Fortwo (W450) (2003+)"},{"mark":"smart","value":"fortwo__w451_","text":"Fortwo (W451) (2007+)"},{"mark":"smart","value":"fortwo__w453_","text":"Fortwo (W453) (2014+)"},{"mark":"smart","value":"fortwo_brabus__w450_","text":"Fortwo Brabus (W450) (2003+)"},{"mark":"smart","value":"fortwo_brabus__w451_","text":"Fortwo Brabus (W451) (2007+)"},{"mark":"smart","value":"fortwo_brabus__w453_","text":"Fortwo Brabus (W453) (2016+)"},{"mark":"smart","value":"fortwo_brabus ultimate 125__w453_","text":"Fortwo Brabus Ultimate 125 (W453) (2017+)"},{"mark":"smart","value":"fortwo_city coupe__w450_","text":"Fortwo City Coupe (W450) (1998+)"},{"mark":"smart","value":"fortwo_crossblade __w450_","text":"Fortwo Crossblade  (W450) (2002+)"},{"mark":"smart","value":"roadster__w452_","text":"Roadster (W452) (2003+)"},{"mark":"smart","value":"roadster_brabus__w452_","text":"Roadster Brabus (W452) (2003+)"}]