[{"mark":"ssangyong","value":"actyon___","text":"Actyon (2006+)"},{"mark":"ssangyong","value":"actyon_sports___","text":"Actyon Sports (2006+)"},{"mark":"ssangyong","value":"korando_(_3rd)__","text":"Korando (2010+)"},{"mark":"ssangyong","value":"kyron___","text":"Kyron (2005+)"},{"mark":"ssangyong","value":"musso__q200_","text":"Musso (Q200) (2017+)"},{"mark":"ssangyong","value":"rexton___","text":"Rexton (2004+)"},{"mark":"ssangyong","value":"rodius___","text":"Rodius (2005+)"},{"mark":"ssangyong","value":"stavic___","text":"Stavic (2005+)"},{"mark":"ssangyong","value":"tivoli___","text":"Tivoli (2015+)"},{"mark":"ssangyong","value":"xlv___","text":"XLV (2016+)"}]