[{"mark":"subaru","value":"b9_tribeca___","text":"B9 Tribeca (2006+)"},{"mark":"subaru","value":"baja___","text":"Baja (2003+)"},{"mark":"subaru","value":"brz___","text":"BRZ (2012+)"},{"mark":"subaru","value":"crosstrek___","text":"Crosstrek (2015+)"},{"mark":"subaru","value":"forester_(_1st)_sf_","text":"Forester (SF) (1997+)"},{"mark":"subaru","value":"forester_(_2nd)_sg_","text":"Forester (SG) (2002+)"},{"mark":"subaru","value":"forester_(_3rd)_sh_","text":"Forester (SH) (2008+)"},{"mark":"subaru","value":"forester_(_4th)_sj_","text":"Forester (SJ) (2012+)"},{"mark":"subaru","value":"forester_s-edition_( 3rd)_sh_","text":"Forester S-Edition (SH) (2008+)"},{"mark":"subaru","value":"forester_sti_( 2nd)_sg_","text":"Forester STi (SG) (2004+)"},{"mark":"subaru","value":"forester_ts_( 4th)_sj_","text":"Forester tS (SJ) (2012+)"},{"mark":"subaru","value":"g3x_justy___","text":"G3X Justy (2003+)"},{"mark":"subaru","value":"impreza___","text":"Impreza (2001+)"},{"mark":"subaru","value":"impreza_s-gt___","text":"Impreza S-GT (2007+)"},{"mark":"subaru","value":"impreza_sti__(gd)_","text":"Impreza STi ((GD)) (2006+)"},{"mark":"subaru","value":"impreza_wrx___","text":"Impreza WRX (2001+)"},{"mark":"subaru","value":"impreza_wrx sti___","text":"Impreza WRX STi (2002+)"},{"mark":"subaru","value":"impreza_wrx sti__(gd)_","text":"Impreza WRX STi ((GD)) (2004+)"},{"mark":"subaru","value":"legacy_(_3rd)__","text":"Legacy (1999+)"},{"mark":"subaru","value":"legacy_(_4th)__","text":"Legacy (2003+)"},{"mark":"subaru","value":"legacy_(_5th)__","text":"Legacy (2009+)"},{"mark":"subaru","value":"legacy_(_6th)__","text":"Legacy (2014+)"},{"mark":"subaru","value":"levorg___","text":"Levorg (2016+)"},{"mark":"subaru","value":"liberty_(_4th)__","text":"Liberty (2003+)"},{"mark":"subaru","value":"liberty_(_5th)__","text":"Liberty (2009+)"},{"mark":"subaru","value":"liberty_(_6th)__","text":"Liberty (2014+)"},{"mark":"subaru","value":"liberty_(_3rd)__","text":"Liberty (1999+)"},{"mark":"subaru","value":"outback_(_2nd)__","text":"Outback (2000+)"},{"mark":"subaru","value":"outback_(_3rd)__","text":"Outback (2003+)"},{"mark":"subaru","value":"outback_(_4th)__","text":"Outback (2008+)"},{"mark":"subaru","value":"outback_(_5th)__","text":"Outback (2015+)"},{"mark":"subaru","value":"traviq___","text":"Traviq (2000+)"},{"mark":"subaru","value":"trezia___","text":"Trezia (2011+)"},{"mark":"subaru","value":"tribeca___","text":"Tribeca (2008+)"},{"mark":"subaru","value":"wrx___","text":"Wrx (2014+)"},{"mark":"subaru","value":"wrx_s4___","text":"WRX S4 (2014+)"},{"mark":"subaru","value":"wrx_sti___","text":"WRX STi (2007+)"},{"mark":"subaru","value":"wrx_sti spec c___","text":"WRX Sti Spec C (2011+)"},{"mark":"subaru","value":"xv___","text":"XV (2011+)"}]