[{"mark":"suzuki","value":"alto_(_7th)_ha25_","text":"Alto (HA25) (2009+)"},{"mark":"suzuki","value":"alto_(_8th)_ha25_","text":"Alto (HA25) (2014+)"},{"mark":"suzuki","value":"carry___","text":"Carry (2013+)"},{"mark":"suzuki","value":"ciaz___","text":"Ciaz (2018+)"},{"mark":"suzuki","value":"ertiga_(_2nd)_nc_","text":"Ertiga (NC) (2018+)"},{"mark":"suzuki","value":"forenza___","text":"Forenza (0+)"},{"mark":"suzuki","value":"fun___","text":"Fun (0+)"},{"mark":"suzuki","value":"grand_vitara_( 1st)__","text":"Grand Vitara (1998+)"},{"mark":"suzuki","value":"grand_vitara_( 2nd)_jt_","text":"Grand Vitara (JT) (2005+)"},{"mark":"suzuki","value":"ignis___","text":"Ignis (0+)"},{"mark":"suzuki","value":"jimny___","text":"Jimny (0+)"},{"mark":"suzuki","value":"jimny_(_4th)_jb64w_","text":"Jimny (JB64W) (2018+)"},{"mark":"suzuki","value":"jimny_(_4th)_jb74w_","text":"Jimny (JB74W) (2018+)"},{"mark":"suzuki","value":"kizashi___","text":"Kizashi (2009+)"},{"mark":"suzuki","value":"reno___","text":"Reno (0+)"},{"mark":"suzuki","value":"s-cross___","text":"S-Cross (2014+)"},{"mark":"suzuki","value":"splash___","text":"Splash (0+)"},{"mark":"suzuki","value":"swift__a2l_","text":"Swift (A2L) (2017+)"},{"mark":"suzuki","value":"swift__azg_","text":"Swift (AZG) (2010+)"},{"mark":"suzuki","value":"swift__mz_","text":"Swift (MZ) (2005+)"},{"mark":"suzuki","value":"swift__zc_","text":"Swift (ZC) (2005+)"},{"mark":"suzuki","value":"swift_sport__zc31s_","text":"Swift Sport (ZC31S) (2005+)"},{"mark":"suzuki","value":"swift_sport__zc32s_","text":"Swift Sport (ZC32S) (2012+)"},{"mark":"suzuki","value":"swift_sport__zc33s_","text":"Swift Sport (ZC33S) (2017+)"},{"mark":"suzuki","value":"sx4___","text":"SX4 (0+)"},{"mark":"suzuki","value":"vitara___","text":"Vitara (2015+)"},{"mark":"suzuki","value":"wagon_r___","text":"Wagon R (0+)"},{"mark":"suzuki","value":"xl7___","text":"Xl7 (2007+)"}]