[{"mark":"toyota","value":"4runner__grn280_","text":"4Runner (GRN280) (2015+)"},{"mark":"toyota","value":"allion__zrt260_","text":"Allion (ZRT260) (2007+)"},{"mark":"toyota","value":"alphard__ggh20_","text":"Alphard (GGH20) (2008+)"},{"mark":"toyota","value":"alphard__ggh30_","text":"Alphard (GGH30) (2017+)"},{"mark":"toyota","value":"aurion__gsv40_","text":"Aurion (GSV40) (2007+)"},{"mark":"toyota","value":"auris_e210__","text":"Auris (2019+)"},{"mark":"toyota","value":"auris__ade150_","text":"Auris (ADE150) (2007+)"},{"mark":"toyota","value":"auris__ade157_","text":"Auris (ADE157) (2006+)"},{"mark":"toyota","value":"auris_e210_mzea12_","text":"Auris (MZEA12) (2019+)"},{"mark":"toyota","value":"auris__nde150_","text":"Auris (NDE150) (2009+)"},{"mark":"toyota","value":"auris__nde180_","text":"Auris (NDE180) (2012+)"},{"mark":"toyota","value":"auris__wwe185_","text":"Auris (WWE185) (2015+)"},{"mark":"toyota","value":"auris__zre151_","text":"Auris (ZRE151) (2006+)"},{"mark":"toyota","value":"auris_hybrid__zwe186_","text":"Auris Hybrid (ZWE186) (2012+)"},{"mark":"toyota","value":"avalon_xx50_axxa5x_","text":"Avalon (AXXA5x) (2018+)"},{"mark":"toyota","value":"avalon_xx50_axxh5x_","text":"Avalon (AXXH5x) (2018+)"},{"mark":"toyota","value":"avalon__ggh30_","text":"Avalon (GGH30) (2018+)"},{"mark":"toyota","value":"avensis__adt25_","text":"Avensis (ADT25) (2003+)"},{"mark":"toyota","value":"avensis__adt250_","text":"Avensis (ADT250) (2006+)"},{"mark":"toyota","value":"avensis__adt251_","text":"Avensis (ADT251) (2005+)"},{"mark":"toyota","value":"avensis__adt270_","text":"Avensis (ADT270) (2008+)"},{"mark":"toyota","value":"avensis__adt271_","text":"Avensis (ADT271) (2008+)"},{"mark":"toyota","value":"avensis__azt250_","text":"Avensis (AZT250) (2003+)"},{"mark":"toyota","value":"avensis__cdt250_","text":"Avensis (CDT250) (2003+)"},{"mark":"toyota","value":"avensis__wwt270_","text":"Avensis (WWT270) (2015+)"},{"mark":"toyota","value":"avensis__wwt271_","text":"Avensis (WWT271) (2015+)"},{"mark":"toyota","value":"avensis__zrt271_","text":"Avensis (ZRT271) (2008+)"},{"mark":"toyota","value":"avensis__zzt25_","text":"Avensis (ZZT25) (2003+)"},{"mark":"toyota","value":"avensis_verso__acm20_","text":"Avensis Verso (ACM20) (2003+)"},{"mark":"toyota","value":"aygo__ab40_","text":"Aygo (AB40) (2014+)"},{"mark":"toyota","value":"aygo__kgb10_","text":"Aygo (KGB10) (2005+)"},{"mark":"toyota","value":"aygo__kgb40_","text":"Aygo (KGB40) (2014+)"},{"mark":"toyota","value":"aygo__wnb10_","text":"Aygo (WNB10) (2005+)"},{"mark":"toyota","value":"blade__aze150_","text":"Blade (AZE150) (2006+)"},{"mark":"toyota","value":"c-hr_zyx10_maxa10_","text":"C-Hr (MAXA10) (2019+)"},{"mark":"toyota","value":"c-hr_zyx10_maxh10_","text":"C-Hr (MAXH10) (2019+)"},{"mark":"toyota","value":"camry_xv70__","text":"Camry (2018+)"},{"mark":"toyota","value":"camry__acv40_","text":"Camry (ACV40) (2006+)"},{"mark":"toyota","value":"camry_xv70_axva70_","text":"Camry (AXVA70) (2018+)"},{"mark":"toyota","value":"camry_xv70_axva7x_","text":"Camry (AXVA7x) (2017+)"},{"mark":"toyota","value":"camry_xv70_axvh7x_","text":"Camry (AXVH7x) (2017+)"},{"mark":"toyota","value":"camry__gsv70_","text":"Camry (GSV70) (2017+)"},{"mark":"toyota","value":"camry__xv40_","text":"Camry (XV40) (2011+)"},{"mark":"toyota","value":"camry__xv50_","text":"Camry (XV50) (2013+)"},{"mark":"toyota","value":"commuter__kdh200_","text":"Commuter (KDH200) (2005+)"},{"mark":"toyota","value":"corolla__ade150_","text":"Corolla (ADE150) (2007+)"},{"mark":"toyota","value":"corolla_e210_mzea12_","text":"Corolla (MZEA12) (2019+)"},{"mark":"toyota","value":"corolla_e210_mzeh12_","text":"Corolla (MZEH12) (2019+)"},{"mark":"toyota","value":"corolla__nde120_","text":"Corolla (NDE120) (2004+)"},{"mark":"toyota","value":"corolla__nde150_","text":"Corolla (NDE150) (2006+)"},{"mark":"toyota","value":"corolla__nze120_","text":"Corolla (NZE120) (2000+)"},{"mark":"toyota","value":"corolla__zre142_","text":"Corolla (ZRE142) (2006+)"},{"mark":"toyota","value":"corolla__zre143_","text":"Corolla (ZRE143) (2010+)"},{"mark":"toyota","value":"corolla__zre151_","text":"Corolla (ZRE151) (2006+)"},{"mark":"toyota","value":"corolla__zre17_e160","text":"Corolla (ZRE17) (2012+)"},{"mark":"toyota","value":"corolla_altis__zze141_","text":"Corolla Altis (ZZE141) (2006+)"},{"mark":"toyota","value":"corolla_rumion__e150_","text":"Corolla Rumion (E150) (2007+)"},{"mark":"toyota","value":"corolla_verso__aur10_","text":"Corolla Verso (AUR10) (2005+)"},{"mark":"toyota","value":"corolla_verso__znr11_","text":"Corolla Verso (ZNR11) (2004+)"},{"mark":"toyota","value":"crown_s220_azsh2x_","text":"Crown (AZSH2x) (2018+)"},{"mark":"toyota","value":"estima__acr50_","text":"Estima (ACR50) (2006+)"},{"mark":"toyota","value":"etios__ngk15_","text":"Etios (NGK15) (2010+)"},{"mark":"toyota","value":"fj_cruiser__gsj15_","text":"FJ Cruiser (GSJ15) (2006+)"},{"mark":"toyota","value":"fortuner__an150_","text":"Fortuner (AN150) (2015+)"},{"mark":"toyota","value":"fortuner__an160_","text":"Fortuner (AN160) (2015+)"},{"mark":"toyota","value":"fortuner__gun156_","text":"Fortuner (GUN156) (2016+)"},{"mark":"toyota","value":"fortuner__kun60_","text":"Fortuner (KUN60) (2005+)"},{"mark":"toyota","value":"fortuner__tgn60_","text":"Fortuner (TGN60) (2005+)"},{"mark":"toyota","value":"gt86__zn6_","text":"GT86 (ZN6) (2012+)"},{"mark":"toyota","value":"harrier__acu3_","text":"Harrier (ACU3) (2003+)"},{"mark":"toyota","value":"harrier_xu80_axuh70_","text":"Harrier (AXUH70) (2020+)"},{"mark":"toyota","value":"hiace__gdh200_","text":"Hiace (GDH200) (2017+)"},{"mark":"toyota","value":"hiace__h200_","text":"Hiace (H200) (2008+)"},{"mark":"toyota","value":"hiace__kdh223_","text":"Hiace (KDH223) (2005+)"},{"mark":"toyota","value":"hiace__trh2_","text":"Hiace (TRH2) (2008+)"},{"mark":"toyota","value":"hiace__trh221_","text":"Hiace (TRH221) (2013+)"},{"mark":"toyota","value":"hiace__trh222_","text":"Hiace (TRH222) (2014+)"},{"mark":"toyota","value":"hiace__trh223_","text":"Hiace (TRH223) (2005+)"},{"mark":"toyota","value":"hiace__trh224_","text":"Hiace (TRH224) (2016+)"},{"mark":"toyota","value":"highlander__asu4_","text":"Highlander (ASU4) (2008+)"},{"mark":"toyota","value":"highlander_xu70_axuh70_","text":"Highlander (AXUH70) (2019+)"},{"mark":"toyota","value":"highlander__gsu50_","text":"Highlander (GSU50) (2017+)"},{"mark":"toyota","value":"highlander__gsu55_","text":"Highlander (GSU55) (2017+)"},{"mark":"toyota","value":"hilux___","text":"Hilux (2005+)"},{"mark":"toyota","value":"hilux__ggn15_","text":"Hilux (GGN15) (2005+)"},{"mark":"toyota","value":"hilux__ggn25_","text":"Hilux (GGN25) (2005+)"},{"mark":"toyota","value":"hilux__gun122_","text":"Hilux (GUN122) (2015+)"},{"mark":"toyota","value":"hilux__gun125_","text":"Hilux (GUN125) (2015+)"},{"mark":"toyota","value":"hilux__gun126_","text":"Hilux (GUN126) (2015+)"},{"mark":"toyota","value":"hilux__gun135_","text":"Hilux (GUN135) (2015+)"},{"mark":"toyota","value":"hilux__kun10_","text":"Hilux (KUN10) (2005+)"},{"mark":"toyota","value":"hilux__kun15_","text":"Hilux (KUN15) (2005+)"},{"mark":"toyota","value":"hilux__kun16_","text":"Hilux (KUN16) (2005+)"},{"mark":"toyota","value":"hilux__kun25_","text":"Hilux (KUN25) (2005+)"},{"mark":"toyota","value":"hilux__kun26_","text":"Hilux (KUN26) (2005+)"},{"mark":"toyota","value":"hilux__tgn121_","text":"Hilux (TGN121) (2016+)"},{"mark":"toyota","value":"hilux__tgn15_","text":"Hilux (TGN15) (2005+)"},{"mark":"toyota","value":"hilux__tgn16_","text":"Hilux (TGN16) (2005+)"},{"mark":"toyota","value":"hilux__tgn26_","text":"Hilux (TGN26) (2005+)"},{"mark":"toyota","value":"innova__an140_","text":"Innova (AN140) (2015+)"},{"mark":"toyota","value":"iq__kgj10_","text":"IQ (KGJ10) (2008+)"},{"mark":"toyota","value":"iq__ngj10_","text":"IQ (NGJ10) (2008+)"},{"mark":"toyota","value":"iq__nuj10_","text":"IQ (NUJ10) (2008+)"},{"mark":"toyota","value":"kluger__asu4_","text":"Kluger (ASU4) (2008+)"},{"mark":"toyota","value":"kluger_xu70_axuh70_","text":"Kluger (AXUH70) (2019+)"},{"mark":"toyota","value":"land_cruiser__grj71_","text":"Land Cruiser (GRJ71) (2009+)"},{"mark":"toyota","value":"land_cruiser__grj76_","text":"Land Cruiser (GRJ76) (2014+)"},{"mark":"toyota","value":"land_cruiser__grj79_","text":"Land Cruiser (GRJ79) (2014+)"},{"mark":"toyota","value":"land_cruiser__urj200_","text":"Land Cruiser (URJ200) (2011+)"},{"mark":"toyota","value":"land_cruiser__uzj200_","text":"Land Cruiser (UZJ200) (2007+)"},{"mark":"toyota","value":"land_cruiser__vdj200_","text":"Land Cruiser (VDJ200) (2007+)"},{"mark":"toyota","value":"land_cruiser__vdj70_","text":"Land Cruiser (VDJ70) (2007+)"},{"mark":"toyota","value":"land_cruiser prado__gdj150_","text":"Land Cruiser Prado (GDJ150) (2015+)"},{"mark":"toyota","value":"land_cruiser prado__gdj151_","text":"Land Cruiser Prado (GDJ151) (2015+)"},{"mark":"toyota","value":"land_cruiser prado__ggj120_","text":"Land Cruiser Prado (GGJ120) (2006+)"},{"mark":"toyota","value":"land_cruiser prado__grj150_","text":"Land Cruiser Prado (GRJ150) (2009+)"},{"mark":"toyota","value":"land_cruiser prado__kdj120_","text":"Land Cruiser Prado (KDJ120) (2005+)"},{"mark":"toyota","value":"land_cruiser prado__kdj121_","text":"Land Cruiser Prado (KDJ121) (2005+)"},{"mark":"toyota","value":"land_cruiser prado__kdj125_","text":"Land Cruiser Prado (KDJ125) (2005+)"},{"mark":"toyota","value":"land_cruiser prado__kdj150_","text":"Land Cruiser Prado (KDJ150) (2011+)"},{"mark":"toyota","value":"land_cruiser prado__kdj155_","text":"Land Cruiser Prado (KDJ155) (2011+)"},{"mark":"toyota","value":"land_cruiser prado__trj150_","text":"Land Cruiser Prado (TRJ150) (2010+)"},{"mark":"toyota","value":"levin_e210_mzea12_","text":"Levin (MZEA12) (2019+)"},{"mark":"toyota","value":"levin_e210_mzeh12_","text":"Levin (MZEH12) (2019+)"},{"mark":"toyota","value":"mark_x__grx12_","text":"Mark X (GRX12) (2005+)"},{"mark":"toyota","value":"mark_x__grx13_","text":"Mark X (GRX13) (2010+)"},{"mark":"toyota","value":"matrix__zre142_","text":"Matrix (ZRE142) (2009+)"},{"mark":"toyota","value":"premio__zrt260_","text":"Premio (ZRT260) (2007+)"},{"mark":"toyota","value":"prius__nhw20_","text":"Prius (NHW20) (2003+)"},{"mark":"toyota","value":"prius__zvw30_","text":"Prius (ZVW30) (2010+)"},{"mark":"toyota","value":"proace_(_2nd)__","text":"Proace (2019+)"},{"mark":"toyota","value":"proace_(_1st)_mdxxxx_","text":"Proace (MDXxxx) (2013+)"},{"mark":"toyota","value":"proace_(_2nd)_mdz2xx_","text":"Proace (MDZ2xx) (2016+)"},{"mark":"toyota","value":"proace_(_2nd)_mdz9xx_","text":"Proace (MDZ9xx) (2016+)"},{"mark":"toyota","value":"proace_(_2nd)_mdzxxx_","text":"Proace (MDZxxx) (2016+)"},{"mark":"toyota","value":"proace_city___","text":"Proace City (2020+)"},{"mark":"toyota","value":"proace_verso_( 2nd)_mpy2xx_","text":"Proace Verso (MPY2xx) (2016+)"},{"mark":"toyota","value":"proace_verso_( 2nd)_mpy4xx_","text":"Proace Verso (MPY4xx) (2016+)"},{"mark":"toyota","value":"proace_verso_( 2nd)_mpy6xx_","text":"Proace Verso (MPY6xx) (2016+)"},{"mark":"toyota","value":"proace_verso_( 2nd)_mpyxxx_","text":"Proace Verso (MPYxxx) (2016+)"},{"mark":"toyota","value":"quantum__kdh200_","text":"Quantum (KDH200) (2005+)"},{"mark":"toyota","value":"quantum_(_5th)_trh200_","text":"Quantum (TRH200) (2016+)"},{"mark":"toyota","value":"ractis__nlp115_","text":"Ractis (NLP115) (2009+)"},{"mark":"toyota","value":"rav4__aca30_","text":"RAV4 (ACA30) (2005+)"},{"mark":"toyota","value":"rav4__aca33_","text":"RAV4 (ACA33) (2007+)"},{"mark":"toyota","value":"rav4__ala30_","text":"RAV4 (ALA30) (2006+)"},{"mark":"toyota","value":"rav4__ala35_","text":"RAV4 (ALA35) (2010+)"},{"mark":"toyota","value":"rav4__ala40_","text":"RAV4 (ALA40) (2012+)"},{"mark":"toyota","value":"rav4__ala49_","text":"RAV4 (ALA49) (2015+)"},{"mark":"toyota","value":"rav4_xa50_axaa5x_","text":"RAV4 (AXAA5x) (2018+)"},{"mark":"toyota","value":"rav4_xa50_axal5x_","text":"RAV4 (AXAL5x) (2018+)"},{"mark":"toyota","value":"rav4_xa50_axap5x_","text":"RAV4 (AXAP5x) (2020+)"},{"mark":"toyota","value":"rav4__xa50_","text":"RAV4 (XA50) (2018+)"},{"mark":"toyota","value":"reiz__grx13_","text":"Reiz (GRX13) (2010+)"},{"mark":"toyota","value":"sequoia__usk6_","text":"Sequoia (USK6) (2008+)"},{"mark":"toyota","value":"sienna__gsl30_","text":"Sienna (GSL30) (2011+)"},{"mark":"toyota","value":"sienna__gsl33_","text":"Sienna (GSL33) (2017+)"},{"mark":"toyota","value":"sienna__gsl35_","text":"Sienna (GSL35) (2017+)"},{"mark":"toyota","value":"supra_(_5th)_a90_","text":"Supra (A90) (2019+)"},{"mark":"toyota","value":"tacoma__grn225_","text":"Tacoma (GRN225) (2005+)"},{"mark":"toyota","value":"tacoma__grn245_","text":"Tacoma (GRN245) (2005+)"},{"mark":"toyota","value":"tacoma__grn250_","text":"Tacoma (GRN250) (2005+)"},{"mark":"toyota","value":"tacoma__grn265_","text":"Tacoma (GRN265) (2005+)"},{"mark":"toyota","value":"tacoma__grn270_","text":"Tacoma (GRN270) (2005+)"},{"mark":"toyota","value":"tacoma__grn305_","text":"Tacoma (GRN305) (2016+)"},{"mark":"toyota","value":"tacoma__grn310_","text":"Tacoma (GRN310) (2016+)"},{"mark":"toyota","value":"tacoma__grn325_","text":"Tacoma (GRN325) (2016+)"},{"mark":"toyota","value":"tacoma__grn330_","text":"Tacoma (GRN330) (2016+)"},{"mark":"toyota","value":"tundra__usk50_","text":"Tundra (USK50) (2014+)"},{"mark":"toyota","value":"urban_cruiser__nlp110_","text":"Urban Cruiser (NLP110) (2009+)"},{"mark":"toyota","value":"urban_cruiser__nlp115_","text":"Urban Cruiser (NLP115) (2009+)"},{"mark":"toyota","value":"venza_xu80_axuh70_","text":"Venza (AXUH70) (2020+)"},{"mark":"toyota","value":"verso__aur20_","text":"Verso (AUR20) (2012+)"},{"mark":"toyota","value":"verso__aur21_","text":"Verso (AUR21) (2012+)"},{"mark":"toyota","value":"verso_s__nlp121_","text":"Verso S (NLP121) (2011+)"},{"mark":"toyota","value":"vios__ncp93_","text":"Vios (NCP93) (2007+)"},{"mark":"toyota","value":"vitz__ksp90_","text":"Vitz (KSP90) (2006+)"},{"mark":"toyota","value":"vitz__ncp15_","text":"Vitz (NCP15) (2003+)"},{"mark":"toyota","value":"vitz__scp90_","text":"Vitz (SCP90) (2006+)"},{"mark":"toyota","value":"vitz_rs__ncp91_","text":"Vitz RS (NCP91) (2007+)"},{"mark":"toyota","value":"wish__ane10_","text":"Wish (ANE10) (2004+)"},{"mark":"toyota","value":"wish_ae10_zne10g_","text":"Wish (ZNE10G) (2003+)"},{"mark":"toyota","value":"wish_ae10_zne14g_","text":"Wish (ZNE14G) (2003+)"},{"mark":"toyota","value":"yaris__ksp90_","text":"Yaris (KSP90) (2006+)"},{"mark":"toyota","value":"yaris__ncp93_","text":"Yaris (NCP93) (2006+)"},{"mark":"toyota","value":"yaris__nlp10_","text":"Yaris (NLP10) (1999+)"},{"mark":"toyota","value":"yaris__nlp130_","text":"Yaris (NLP130) (2011+)"},{"mark":"toyota","value":"yaris__nlp90_","text":"Yaris (NLP90) (2006+)"},{"mark":"toyota","value":"yaris__nsp90_","text":"Yaris (NSP90) (2008+)"},{"mark":"toyota","value":"yaris__scp90_","text":"Yaris (SCP90) (2006+)"},{"mark":"toyota","value":"yaris__xp130_","text":"Yaris (XP130) (2012+)"},{"mark":"toyota","value":"yaris_verso__nlp20_","text":"Yaris Verso (NLP20) (2001+)"},{"mark":"toyota","value":"yaris_verso__nlp22_","text":"Yaris Verso (NLP22) (2003+)"}]