[{"mark":"volkswagen","value":"amarok__2h_s1","text":"Amarok (2H) (2010+)"},{"mark":"volkswagen","value":"amarok__s6_s7","text":"Amarok (S6) (2016+)"},{"mark":"volkswagen","value":"arteon__3h7_","text":"Arteon (3H7) (2017+)"},{"mark":"volkswagen","value":"beetle__5c1_","text":"Beetle (5C1) (2011+)"},{"mark":"volkswagen","value":"beetle__5c2_","text":"Beetle (5C2) (2012+)"},{"mark":"volkswagen","value":"beetle_cabriolet__5c7_","text":"Beetle Cabriolet (5C7) (2013+)"},{"mark":"volkswagen","value":"beetle_cabriolet__5c8_","text":"Beetle Cabriolet (5C8) (2012+)"},{"mark":"volkswagen","value":"beetle_gsr__5c1_","text":"Beetle GSR (5C1) (2013+)"},{"mark":"volkswagen","value":"bora__1j2_","text":"Bora (1J2) (1998+)"},{"mark":"volkswagen","value":"bora__1k5_","text":"Bora (1K5) (2005+)"},{"mark":"volkswagen","value":"bora_variant__1j6_","text":"Bora Variant (1J6) (1999+)"},{"mark":"volkswagen","value":"caddy__2c_","text":"Caddy (2C) (2010+)"},{"mark":"volkswagen","value":"caddy__2k_","text":"Caddy (2K) (2003+)"},{"mark":"volkswagen","value":"caddy__9k_","text":"Caddy (9K) (1995+)"},{"mark":"volkswagen","value":"caddy__9u_","text":"Caddy (9U) (1997+)"},{"mark":"volkswagen","value":"caddy__sa_","text":"Caddy (SA) (2015+)"},{"mark":"volkswagen","value":"california___t4","text":"California (T4) (1998+)"},{"mark":"volkswagen","value":"california___t5","text":"California (T5) (2003+)"},{"mark":"volkswagen","value":"california___t6","text":"California (T6) (2015+)"},{"mark":"volkswagen","value":"caravelle___t4","text":"Caravelle (T4) (1998+)"},{"mark":"volkswagen","value":"caravelle___t5","text":"Caravelle (T5) (2003+)"},{"mark":"volkswagen","value":"caravelle___t6","text":"Caravelle (T6) (2015+)"},{"mark":"volkswagen","value":"cc__358_","text":"CC (358) (2012+)"},{"mark":"volkswagen","value":"crafter_(_1st)_2e_","text":"Crafter (2E) (2006+)"},{"mark":"volkswagen","value":"crafter_(_2nd)_sy_","text":"Crafter (SY) (2016+)"},{"mark":"volkswagen","value":"cross_lavida___","text":"Cross Lavida (2013+)"},{"mark":"volkswagen","value":"crossfox___","text":"Crossfox (2003+)"},{"mark":"volkswagen","value":"eos__1f7_","text":"Eos (1F7) (2006+)"},{"mark":"volkswagen","value":"eos__1f8_","text":"Eos (1F8) (2010+)"},{"mark":"volkswagen","value":"fox__5z_","text":"Fox (5Z) (2003+)"},{"mark":"volkswagen","value":"gol__ab9_g2","text":"Gol (AB9) (1997+)"},{"mark":"volkswagen","value":"gol__ab9_g3","text":"Gol (AB9) (1999+)"},{"mark":"volkswagen","value":"gol__ab9_g4","text":"Gol (AB9) (2005+)"},{"mark":"volkswagen","value":"gol__nf_g5","text":"Gol (NF) (2008+)"},{"mark":"volkswagen","value":"gol__nf_g6","text":"Gol (NF) (2012+)"},{"mark":"volkswagen","value":"gol__nf_g7","text":"Gol (NF) (2014+)"},{"mark":"volkswagen","value":"golf_(_8th)__","text":"Golf (2020+)"},{"mark":"volkswagen","value":"golf_(_3rd)_1h1_","text":"Golf (1H1) (1995+)"},{"mark":"volkswagen","value":"golf_(_4th)_1j_","text":"Golf (1J) (1997+)"},{"mark":"volkswagen","value":"golf_(_5th)_1k1_","text":"Golf (1K1) (2003+)"},{"mark":"volkswagen","value":"golf_(_7th)_5g1_","text":"Golf (5G1) (2012+)"},{"mark":"volkswagen","value":"golf_(_6th)_5k1_","text":"Golf (5K1) (2008+)"},{"mark":"volkswagen","value":"golf_(_7th)_bq1_","text":"Golf (BQ1) (2013+)"},{"mark":"volkswagen","value":"golf_alltrack__ba5_","text":"Golf Alltrack (BA5) (2014+)"},{"mark":"volkswagen","value":"golf_alltrack__bv5_","text":"Golf Alltrack (BV5) (2017+)"},{"mark":"volkswagen","value":"golf_cabrio_( 3rd)_1e_","text":"Golf Cabrio (1E) (1995+)"},{"mark":"volkswagen","value":"golf_cabrio_( 4th)_1e7_","text":"Golf Cabrio (1E7) (1998+)"},{"mark":"volkswagen","value":"golf_cabrio_( 6th)_517_","text":"Golf Cabrio (517) (2011+)"},{"mark":"volkswagen","value":"golf_plus__521_","text":"Golf Plus (521) (2008+)"},{"mark":"volkswagen","value":"golf_plus__5m1_","text":"Golf Plus (5M1) (2005+)"},{"mark":"volkswagen","value":"golf_sportsvan__am1_","text":"Golf Sportsvan (AM1) (2014+)"},{"mark":"volkswagen","value":"golf_variant_( 3rd)_1h5_","text":"Golf Variant (1H5) (1995+)"},{"mark":"volkswagen","value":"golf_variant_( 4th)_1j5_","text":"Golf Variant (1J5) (1996+)"},{"mark":"volkswagen","value":"golf_variant_( 5th)_1k5_","text":"Golf Variant (1K5) (2007+)"},{"mark":"volkswagen","value":"golf_variant_( 6th)_aj5_","text":"Golf Variant (AJ5) (2008+)"},{"mark":"volkswagen","value":"golf_variant_( 7th)_ba5_","text":"Golf Variant (BA5) (2012+)"},{"mark":"volkswagen","value":"golf_variant_( 7th)_bv5_","text":"Golf Variant (BV5) (2017+)"},{"mark":"volkswagen","value":"gran_lavida___","text":"Gran Lavida (2013+)"},{"mark":"volkswagen","value":"jetta___","text":"Jetta (2004+)"},{"mark":"volkswagen","value":"jetta__1b_162","text":"Jetta (1B) (2010+)"},{"mark":"volkswagen","value":"jetta__1b_163","text":"Jetta (1B) (2011+)"},{"mark":"volkswagen","value":"jetta__1h_","text":"Jetta (1H) (1995+)"},{"mark":"volkswagen","value":"jetta__1j5_","text":"Jetta (1J5) (1998+)"},{"mark":"volkswagen","value":"jetta__1k_","text":"Jetta (1K) (2005+)"},{"mark":"volkswagen","value":"kombi__7x_","text":"Kombi (7X) (2006+)"},{"mark":"volkswagen","value":"lavida___","text":"Lavida (2008+)"},{"mark":"volkswagen","value":"lt__2d_","text":"Lt (2D) (1999+)"},{"mark":"volkswagen","value":"lupo__6x1_","text":"Lupo (6X1) (1998+)"},{"mark":"volkswagen","value":"magotan___","text":"Magotan (2007+)"},{"mark":"volkswagen","value":"multivan___t4","text":"Multivan (T4) (1998+)"},{"mark":"volkswagen","value":"multivan___t5","text":"Multivan (T5) (2003+)"},{"mark":"volkswagen","value":"multivan___t6","text":"Multivan (T6) (2015+)"},{"mark":"volkswagen","value":"new_beetle__1c_","text":"New Beetle (1C) (1998+)"},{"mark":"volkswagen","value":"new_beetle__9c_","text":"New Beetle (9C) (1998+)"},{"mark":"volkswagen","value":"new_beetle cabriolet__1y_","text":"New Beetle Cabriolet (1Y) (2003+)"},{"mark":"volkswagen","value":"new_beetle rsi__1c_","text":"New Beetle RSI (1C) (2000+)"},{"mark":"volkswagen","value":"new_beetle rsi__9c_","text":"New Beetle RSI (9C) (2000+)"},{"mark":"volkswagen","value":"parati___","text":"Parati (2013+)"},{"mark":"volkswagen","value":"passat___b4","text":"Passat (B4) (1995+)"},{"mark":"volkswagen","value":"passat___b5","text":"Passat (B5) (1996+)"},{"mark":"volkswagen","value":"passat___b6","text":"Passat (B6) (2005+)"},{"mark":"volkswagen","value":"passat___b7","text":"Passat (B7) (2010+)"},{"mark":"volkswagen","value":"passat___b8","text":"Passat (B8) (2014+)"},{"mark":"volkswagen","value":"passat_alltrack___","text":"Passat Alltrack (2012+)"},{"mark":"volkswagen","value":"passat_alltrack___b8","text":"Passat Alltrack (B8) (2015+)"},{"mark":"volkswagen","value":"passat_cc___","text":"Passat CC (2008+)"},{"mark":"volkswagen","value":"passat_variant___b4","text":"Passat Variant (B4) (1995+)"},{"mark":"volkswagen","value":"passat_variant___b5","text":"Passat Variant (B5) (1996+)"},{"mark":"volkswagen","value":"passat_variant___b6","text":"Passat Variant (B6) (2005+)"},{"mark":"volkswagen","value":"passat_variant___b7","text":"Passat Variant (B7) (2010+)"},{"mark":"volkswagen","value":"passat_variant___b8","text":"Passat Variant (B8) (2014+)"},{"mark":"volkswagen","value":"phaeton__3d_","text":"Phaeton (3D) (2002+)"},{"mark":"volkswagen","value":"polo__6c1_","text":"Polo (6C1) (2014+)"},{"mark":"volkswagen","value":"polo__6n_","text":"Polo (6N) (1995+)"},{"mark":"volkswagen","value":"polo__6n2_","text":"Polo (6N2) (1999+)"},{"mark":"volkswagen","value":"polo__6r_","text":"Polo (6R) (2008+)"},{"mark":"volkswagen","value":"polo__9n1_","text":"Polo (9N1) (2001+)"},{"mark":"volkswagen","value":"polo__9n3_","text":"Polo (9N3) (2005+)"},{"mark":"volkswagen","value":"polo__9v4_","text":"Polo (9V4) (2003+)"},{"mark":"volkswagen","value":"polo__aw_","text":"Polo (AW) (2017+)"},{"mark":"volkswagen","value":"polo_classic__6v2_","text":"Polo Classic (6V2) (1999+)"},{"mark":"volkswagen","value":"polo_classic__9n2_","text":"Polo Classic (9N2) (2004+)"},{"mark":"volkswagen","value":"polo_classic__9n4_","text":"Polo Classic (9N4) (2003+)"},{"mark":"volkswagen","value":"polo_cross__6c1_","text":"Polo Cross (6C1) (2015+)"},{"mark":"volkswagen","value":"polo_cross__6r_","text":"Polo Cross (6R) (2009+)"},{"mark":"volkswagen","value":"polo_sedan__9n2_","text":"Polo Sedan (9N2) (2003+)"},{"mark":"volkswagen","value":"polo_variant__6v5_","text":"Polo Variant (6V5) (1997+)"},{"mark":"volkswagen","value":"polo_vivo __6s_","text":"Polo Vivo  (6S) (2010+)"},{"mark":"volkswagen","value":"polo_vivo classic__6s_","text":"Polo Vivo Classic (6S) (2014+)"},{"mark":"volkswagen","value":"rabbit__1k_","text":"Rabbit (1K) (2005+)"},{"mark":"volkswagen","value":"sagitar__1b_","text":"Sagitar (1B) (2010+)"},{"mark":"volkswagen","value":"sagitar__1k_","text":"Sagitar (1K) (2005+)"},{"mark":"volkswagen","value":"santana_3000___","text":"Santana 3000 (2004+)"},{"mark":"volkswagen","value":"saveiro___","text":"Saveiro (2013+)"},{"mark":"volkswagen","value":"saveiro__ab9_","text":"Saveiro (AB9) (2002+)"},{"mark":"volkswagen","value":"scirocco__137_","text":"Scirocco (137) (2008+)"},{"mark":"volkswagen","value":"scirocco__138_","text":"Scirocco (138) (2014+)"},{"mark":"volkswagen","value":"sharan__7m_","text":"Sharan (7M) (1997+)"},{"mark":"volkswagen","value":"sharan__7n_","text":"Sharan (7N) (2010+)"},{"mark":"volkswagen","value":"spacefox___","text":"Spacefox (2006+)"},{"mark":"volkswagen","value":"suran___","text":"Suran (2013+)"},{"mark":"volkswagen","value":"t-cross___","text":"T-Cross (2018+)"},{"mark":"volkswagen","value":"t-roc__a11_","text":"T-Roc (A11) (2017+)"},{"mark":"volkswagen","value":"tiguan__5n1_","text":"Tiguan (5N1) (2007+)"},{"mark":"volkswagen","value":"tiguan__5n2_","text":"Tiguan (5N2) (2010+)"},{"mark":"volkswagen","value":"tiguan__ad1_","text":"Tiguan (AD1) (2015+)"},{"mark":"volkswagen","value":"tiguan__bt1_","text":"Tiguan (BT1) (2016+)"},{"mark":"volkswagen","value":"touareg__7l_","text":"Touareg (7L) (2002+)"},{"mark":"volkswagen","value":"touareg__7p_","text":"Touareg (7P) (2010+)"},{"mark":"volkswagen","value":"touareg_(_3rd)_cr_","text":"Touareg (CR) (2018+)"},{"mark":"volkswagen","value":"touran__1t1_","text":"Touran (1T1) (2003+)"},{"mark":"volkswagen","value":"touran__1t2_","text":"Touran (1T2) (2006+)"},{"mark":"volkswagen","value":"touran__1t3_","text":"Touran (1T3) (2010+)"},{"mark":"volkswagen","value":"touran__5t1_","text":"Touran (5T1) (2015+)"},{"mark":"volkswagen","value":"transporter___t4","text":"Transporter (T4) (1998+)"},{"mark":"volkswagen","value":"transporter___t5","text":"Transporter (T5) (2003+)"},{"mark":"volkswagen","value":"transporter___t6","text":"Transporter (T6) (2015+)"},{"mark":"volkswagen","value":"up__121_","text":"Up (121) (2011+)"},{"mark":"volkswagen","value":"up__122_","text":"Up (122) (2015+)"},{"mark":"volkswagen","value":"vento__1b_","text":"Vento (1B) (2010+)"},{"mark":"volkswagen","value":"vento__1b_162","text":"Vento (1B) (2010+)"},{"mark":"volkswagen","value":"vento__1h2_","text":"Vento (1H2) (1995+)"},{"mark":"volkswagen","value":"vento__1k5_","text":"Vento (1K5) (2005+)"},{"mark":"volkswagen","value":"voyage___","text":"Voyage (2008+)"}]