[{"mark":"volvo","value":"c30___","text":"C30 (2006+)"},{"mark":"volvo","value":"c70_(_1st)__","text":"C70 (1998+)"},{"mark":"volvo","value":"c70_(_2nd)__","text":"C70 (2006+)"},{"mark":"volvo","value":"s40_(_1st)__","text":"S40 (2000+)"},{"mark":"volvo","value":"s40_(_2nd)__","text":"S40 (2003+)"},{"mark":"volvo","value":"s60_(_1st)__","text":"S60 (2000+)"},{"mark":"volvo","value":"s60_(_2nd)__","text":"S60 (2010+)"},{"mark":"volvo","value":"s60_cross country___","text":"S60 Cross Country (2015+)"},{"mark":"volvo","value":"s70___","text":"S70 (1998+)"},{"mark":"volvo","value":"s80_(_1st)__","text":"S80 (1998+)"},{"mark":"volvo","value":"s80_(_2nd)__","text":"S80 (2006+)"},{"mark":"volvo","value":"s90_(_2nd)__","text":"S90 (2016+)"},{"mark":"volvo","value":"s90l___","text":"S90L (2016+)"},{"mark":"volvo","value":"v40_(_1st)__","text":"V40 (2000+)"},{"mark":"volvo","value":"v40_(_2nd)__","text":"V40 (2012+)"},{"mark":"volvo","value":"v40___","text":"V40 (2014+)"},{"mark":"volvo","value":"v40_cross country___","text":"V40 Cross Country (2012+)"},{"mark":"volvo","value":"v50___","text":"V50 (2004+)"},{"mark":"volvo","value":"v60_(_1st)__","text":"V60 (2010+)"},{"mark":"volvo","value":"v60_(_2nd)__","text":"V60 (2015+)"},{"mark":"volvo","value":"v60_cross country___","text":"V60 Cross Country (2015+)"},{"mark":"volvo","value":"v70_(_2nd)__","text":"V70 (2000+)"},{"mark":"volvo","value":"v70_(_3rd)__","text":"V70 (2007+)"},{"mark":"volvo","value":"v90_(_2nd)__","text":"V90 (2016+)"},{"mark":"volvo","value":"v90_cross country___","text":"V90 Cross Country (2017+)"},{"mark":"volvo","value":"xc60_(_1st)__","text":"XC60 (2005+)"},{"mark":"volvo","value":"xc60_(_2nd)__","text":"XC60 (2017+)"},{"mark":"volvo","value":"xc70_(_2nd)__","text":"XC70 (2002+)"},{"mark":"volvo","value":"xc70_(_3rd)__","text":"XC70 (2007+)"},{"mark":"volvo","value":"xc90_(_1st)__","text":"XC90 (2002+)"},{"mark":"volvo","value":"xc90_(_2nd)__","text":"XC90 (2015+)"}]